architecture,seed,fault_id,channel,examples,target_samples,integration_steps,mean_abs_ig,normalized_xmv_ig,xmv_rank,mean_anomaly_score,mean_abs_convergence_delta
tcn,42,1,1,100,"620,680,740,800,860",32,0.004009853582829237,0.012291262857615948,6,5.937889099121094,0.010522824712097645
tcn,42,1,2,100,"620,680,740,800,860",32,0.0056631616316735744,0.017359089106321335,5,5.937889099121094,0.010522824712097645
tcn,42,1,3,100,"620,680,740,800,860",32,0.23222920298576355,0.7118439674377441,1,5.937889099121094,0.010522824712097645
tcn,42,1,4,100,"620,680,740,800,860",32,0.035936035215854645,0.11015345901250839,3,5.937889099121094,0.010522824712097645
tcn,42,1,5,100,"620,680,740,800,860",32,0.0,0.0,10,5.937889099121094,0.010522824712097645
tcn,42,1,6,100,"620,680,740,800,860",32,0.03913208842277527,0.11995021253824234,2,5.937889099121094,0.010522824712097645
tcn,42,1,7,100,"620,680,740,800,860",32,0.007208313327282667,0.022095387801527977,4,5.937889099121094,0.010522824712097645
tcn,42,1,8,100,"620,680,740,800,860",32,0.0015599799808114767,0.004781751427799463,7,5.937889099121094,0.010522824712097645
tcn,42,1,9,100,"620,680,740,800,860",32,0.0,0.0,10,5.937889099121094,0.010522824712097645
tcn,42,1,10,100,"620,680,740,800,860",32,0.0003846243198495358,0.0011789753334596753,8,5.937889099121094,0.010522824712097645
tcn,42,1,11,100,"620,680,740,800,860",32,0.00011284547508694232,0.00034590126597322524,9,5.937889099121094,0.010522824712097645
tcn,42,4,1,100,"620,680,740,800,860",32,0.0015408211620524526,0.08899315446615219,5,0.7256402969360352,0.0010938268387690187
tcn,42,4,2,100,"620,680,740,800,860",32,0.001633274368941784,0.0943329706788063,4,0.7256402969360352,0.0010938268387690187
tcn,42,4,3,100,"620,680,740,800,860",32,0.003539793659001589,0.20444773137569427,3,0.7256402969360352,0.0010938268387690187
tcn,42,4,4,100,"620,680,740,800,860",32,0.0012218593619763851,0.07057088613510132,6,0.7256402969360352,0.0010938268387690187
tcn,42,4,5,100,"620,680,740,800,860",32,0.0,0.0,10,0.7256402969360352,0.0010938268387690187
tcn,42,4,6,100,"620,680,740,800,860",32,0.003937115892767906,0.22739586234092712,2,0.7256402969360352,0.0010938268387690187
tcn,42,4,7,100,"620,680,740,800,860",32,0.0002824749390129,0.016314895823597908,7,0.7256402969360352,0.0010938268387690187
tcn,42,4,8,100,"620,680,740,800,860",32,0.00014216617273632437,0.008211086504161358,9,0.7256402969360352,0.0010938268387690187
tcn,42,4,9,100,"620,680,740,800,860",32,0.0,0.0,10,0.7256402969360352,0.0010938268387690187
tcn,42,4,10,100,"620,680,740,800,860",32,0.004872121848165989,0.2813989818096161,1,0.7256402969360352,0.0010938268387690187
tcn,42,4,11,100,"620,680,740,800,860",32,0.00014430138980969787,0.00833441037684679,8,0.7256402969360352,0.0010938268387690187
tcn,42,11,1,100,"620,680,740,800,860",32,0.0013148371363058686,0.05876924470067024,6,1.3078988790512085,0.0015059345168992877
tcn,42,11,2,100,"620,680,740,800,860",32,0.001481789629906416,0.06623151898384094,4,1.3078988790512085,0.0015059345168992877
tcn,42,11,3,100,"620,680,740,800,860",32,0.003339208895340562,0.14925254881381989,3,1.3078988790512085,0.0015059345168992877
tcn,42,11,4,100,"620,680,740,800,860",32,0.0013878027675673366,0.06203059107065201,5,1.3078988790512085,0.0015059345168992877
tcn,42,11,5,100,"620,680,740,800,860",32,0.0,0.0,10,1.3078988790512085,0.0015059345168992877
tcn,42,11,6,100,"620,680,740,800,860",32,0.01063936110585928,0.47554728388786316,1,1.3078988790512085,0.0015059345168992877
tcn,42,11,7,100,"620,680,740,800,860",32,0.0004391926049720496,0.019630583003163338,7,1.3078988790512085,0.0015059345168992877
tcn,42,11,8,100,"620,680,740,800,860",32,0.00011008709407178685,0.004920560400933027,9,1.3078988790512085,0.0015059345168992877
tcn,42,11,9,100,"620,680,740,800,860",32,0.0,0.0,10,1.3078988790512085,0.0015059345168992877
tcn,42,11,10,100,"620,680,740,800,860",32,0.0035304189659655094,0.15779906511306763,2,1.3078988790512085,0.0015059345168992877
tcn,42,11,11,100,"620,680,740,800,860",32,0.00013017974561080337,0.0058186412788927555,8,1.3078988790512085,0.0015059345168992877
tcn,42,19,1,100,"620,680,740,800,860",32,0.0015932529931887984,0.044463176280260086,7,1.0991051197052002,0.0022964884992688894
tcn,42,19,2,100,"620,680,740,800,860",32,0.0020391051657497883,0.05690564587712288,5,1.0991051197052002,0.0022964884992688894
tcn,42,19,3,100,"620,680,740,800,860",32,0.0027764670085161924,0.07748332619667053,4,1.0991051197052002,0.0022964884992688894
tcn,42,19,4,100,"620,680,740,800,860",32,0.001608017017133534,0.04487519711256027,6,1.0991051197052002,0.0022964884992688894
tcn,42,19,5,100,"620,680,740,800,860",32,0.0,0.0,10,1.0991051197052002,0.0022964884992688894
tcn,42,19,6,100,"620,680,740,800,860",32,0.004953606054186821,0.13824111223220825,3,1.0991051197052002,0.0022964884992688894
tcn,42,19,7,100,"620,680,740,800,860",32,0.015493210405111313,0.432371586561203,1,1.0991051197052002,0.0022964884992688894
tcn,42,19,8,100,"620,680,740,800,860",32,0.007116193883121014,0.19859279692173004,2,1.0991051197052002,0.0022964884992688894
tcn,42,19,9,100,"620,680,740,800,860",32,0.0,0.0,10,1.0991051197052002,0.0022964884992688894
tcn,42,19,10,100,"620,680,740,800,860",32,0.00010734602255979553,0.002995723159983754,9,1.0991051197052002,0.0022964884992688894
tcn,42,19,11,100,"620,680,740,800,860",32,0.00014589242346119136,0.004071444272994995,8,1.0991051197052002,0.0022964884992688894
tcn,42,23,1,100,"620,680,740,800,860",32,0.0015479502035304904,0.13049791753292084,3,0.6395661234855652,0.0008691733819432557
tcn,42,23,2,100,"620,680,740,800,860",32,0.001538313110359013,0.12968547642230988,4,0.6395661234855652,0.0008691733819432557
tcn,42,23,3,100,"620,680,740,800,860",32,0.003903369652107358,0.32906848192214966,1,0.6395661234855652,0.0008691733819432557
tcn,42,23,4,100,"620,680,740,800,860",32,0.0010403012856841087,0.0877012386918068,5,0.6395661234855652,0.0008691733819432557
tcn,42,23,5,100,"620,680,740,800,860",32,0.0,0.0,10,0.6395661234855652,0.0008691733819432557
tcn,42,23,6,100,"620,680,740,800,860",32,0.003178630955517292,0.26797032356262207,2,0.6395661234855652,0.0008691733819432557
tcn,42,23,7,100,"620,680,740,800,860",32,0.0002939218538813293,0.02477869763970375,6,0.6395661234855652,0.0008691733819432557
tcn,42,23,8,100,"620,680,740,800,860",32,0.00013108487473800778,0.011050938628613949,8,0.6395661234855652,0.0008691733819432557
tcn,42,23,9,100,"620,680,740,800,860",32,0.0,0.0,10,0.6395661234855652,0.0008691733819432557
tcn,42,23,10,100,"620,680,740,800,860",32,8.989512571133673e-05,0.007578491233289242,9,0.6395661234855652,0.0008691733819432557
tcn,42,23,11,100,"620,680,740,800,860",32,0.0001384104398312047,0.011668511666357517,7,0.6395661234855652,0.0008691733819432557
tcn,42,25,1,100,"620,680,740,800,860",32,0.0020578030962496996,0.04700075834989548,4,1.2477989196777344,0.0024662595242261887
tcn,42,25,2,100,"620,680,740,800,860",32,0.029927438125014305,0.6835504770278931,1,1.2477989196777344,0.0024662595242261887
tcn,42,25,3,100,"620,680,740,800,860",32,0.003287816420197487,0.07509458065032959,3,1.2477989196777344,0.0024662595242261887
tcn,42,25,4,100,"620,680,740,800,860",32,0.0010491679422557354,0.023963268846273422,5,1.2477989196777344,0.0024662595242261887
tcn,42,25,5,100,"620,680,740,800,860",32,0.0,0.0,10,1.2477989196777344,0.0024662595242261887
tcn,42,25,6,100,"620,680,740,800,860",32,0.006414428818970919,0.14650721848011017,2,1.2477989196777344,0.0024662595242261887
tcn,42,25,7,100,"620,680,740,800,860",32,0.0005622089374810457,0.012840998359024525,6,1.2477989196777344,0.0024662595242261887
tcn,42,25,8,100,"620,680,740,800,860",32,0.0002109443594235927,0.0048180241137743,7,1.2477989196777344,0.0024662595242261887
tcn,42,25,9,100,"620,680,740,800,860",32,0.0,0.0,10,1.2477989196777344,0.0024662595242261887
tcn,42,25,10,100,"620,680,740,800,860",32,0.00013340290752239525,0.003046957077458501,9,1.2477989196777344,0.0024662595242261887
tcn,42,25,11,100,"620,680,740,800,860",32,0.00013912792201153934,0.003177718026563525,8,1.2477989196777344,0.0024662595242261887
tcn,42,26,1,100,"620,680,740,800,860",32,0.0015457539120689034,0.0398377887904644,5,1.1703033447265625,0.0037526849191635847
tcn,42,26,2,100,"620,680,740,800,860",32,0.001664064242504537,0.04288693144917488,4,1.1703033447265625,0.0037526849191635847
tcn,42,26,3,100,"620,680,740,800,860",32,0.002975698094815016,0.07669088244438171,3,1.1703033447265625,0.0037526849191635847
tcn,42,26,4,100,"620,680,740,800,860",32,0.0243315938860178,0.6270835995674133,1,1.1703033447265625,0.0037526849191635847
tcn,42,26,5,100,"620,680,740,800,860",32,0.0,0.0,10,1.1703033447265625,0.0037526849191635847
tcn,42,26,6,100,"620,680,740,800,860",32,0.007639437913894653,0.19688665866851807,2,1.1703033447265625,0.0037526849191635847
tcn,42,26,7,100,"620,680,740,800,860",32,0.00029967629234306514,0.007723377551883459,6,1.1703033447265625,0.0037526849191635847
tcn,42,26,8,100,"620,680,740,800,860",32,0.00013192518963478506,0.0034000289160758257,8,1.1703033447265625,0.0037526849191635847
tcn,42,26,9,100,"620,680,740,800,860",32,0.0,0.0,10,1.1703033447265625,0.0037526849191635847
tcn,42,26,10,100,"620,680,740,800,860",32,7.885348895797506e-05,0.0020322436466813087,9,1.1703033447265625,0.0037526849191635847
tcn,42,26,11,100,"620,680,740,800,860",32,0.00013419378956314176,0.003458496183156967,7,1.1703033447265625,0.0037526849191635847
tcn,42,27,1,100,"620,680,740,800,860",32,0.0013916235184296966,0.10095342993736267,4,0.8119409084320068,0.0008932847995311022
tcn,42,27,2,100,"620,680,740,800,860",32,0.0014389539137482643,0.10438695549964905,3,0.8119409084320068,0.0008932847995311022
tcn,42,27,3,100,"620,680,740,800,860",32,0.003456583246588707,0.25075313448905945,2,0.8119409084320068,0.0008932847995311022
tcn,42,27,4,100,"620,680,740,800,860",32,0.0012762260157614946,0.09258207678794861,5,0.8119409084320068,0.0008932847995311022
tcn,42,27,5,100,"620,680,740,800,860",32,0.0,0.0,10,0.8119409084320068,0.0008932847995311022
tcn,42,27,6,100,"620,680,740,800,860",32,0.004845369607210159,0.3515007495880127,1,0.8119409084320068,0.0008932847995311022
tcn,42,27,7,100,"620,680,740,800,860",32,0.0002513204817660153,0.018231702968478203,7,0.8119409084320068,0.0008932847995311022
tcn,42,27,8,100,"620,680,740,800,860",32,0.00013409626262728125,0.00972783099859953,8,0.8119409084320068,0.0008932847995311022
tcn,42,27,9,100,"620,680,740,800,860",32,0.0,0.0,10,0.8119409084320068,0.0008932847995311022
tcn,42,27,10,100,"620,680,740,800,860",32,0.0008620090084150434,0.06253326684236526,6,0.8119409084320068,0.0008932847995311022
tcn,42,27,11,100,"620,680,740,800,860",32,0.0001286250480916351,0.00933092925697565,9,0.8119409084320068,0.0008932847995311022
tcn,43,1,1,100,"620,680,740,800,860",32,0.003222432918846607,0.011367352679371834,6,5.8260369300842285,0.007284396793693304
tcn,43,1,2,100,"620,680,740,800,860",32,0.005867904517799616,0.020699433982372284,5,5.8260369300842285,0.007284396793693304
tcn,43,1,3,100,"620,680,740,800,860",32,0.19446085393428802,0.6859739422798157,1,5.8260369300842285,0.007284396793693304
tcn,43,1,4,100,"620,680,740,800,860",32,0.020257271826267242,0.07145891338586807,3,5.8260369300842285,0.007284396793693304
tcn,43,1,5,100,"620,680,740,800,860",32,0.0,0.0,10,5.8260369300842285,0.007284396793693304
tcn,43,1,6,100,"620,680,740,800,860",32,0.04634356126189232,0.16348008811473846,2,5.8260369300842285,0.007284396793693304
tcn,43,1,7,100,"620,680,740,800,860",32,0.01116814836859703,0.03939640894532204,4,5.8260369300842285,0.007284396793693304
tcn,43,1,8,100,"620,680,740,800,860",32,0.001779167097993195,0.006276133470237255,7,5.8260369300842285,0.007284396793693304
tcn,43,1,9,100,"620,680,740,800,860",32,0.0,0.0,10,5.8260369300842285,0.007284396793693304
tcn,43,1,10,100,"620,680,740,800,860",32,0.0002712261921260506,0.0009567689266987145,8,5.8260369300842285,0.007284396793693304
tcn,43,1,11,100,"620,680,740,800,860",32,0.00011080828699050471,0.0003908838261850178,9,5.8260369300842285,0.007284396793693304
tcn,43,4,1,100,"620,680,740,800,860",32,0.0015552341938018799,0.09153122454881668,5,0.6915989518165588,0.000906215573195368
tcn,43,4,2,100,"620,680,740,800,860",32,0.0016456497833132744,0.09685251116752625,4,0.6915989518165588,0.000906215573195368
tcn,43,4,3,100,"620,680,740,800,860",32,0.0035785401705652475,0.21061018109321594,3,0.6915989518165588,0.000906215573195368
tcn,43,4,4,100,"620,680,740,800,860",32,0.0012104194611310959,0.07123761624097824,6,0.6915989518165588,0.000906215573195368
tcn,43,4,5,100,"620,680,740,800,860",32,0.0,0.0,10,0.6915989518165588,0.000906215573195368
tcn,43,4,6,100,"620,680,740,800,860",32,0.00458379415795207,0.26977306604385376,1,0.6915989518165588,0.000906215573195368
tcn,43,4,7,100,"620,680,740,800,860",32,0.00026864666142500937,0.01581083983182907,7,0.6915989518165588,0.000906215573195368
tcn,43,4,8,100,"620,680,740,800,860",32,0.00012414023512974381,0.007306107319891453,9,0.6915989518165588,0.000906215573195368
tcn,43,4,9,100,"620,680,740,800,860",32,0.0,0.0,10,0.6915989518165588,0.000906215573195368
tcn,43,4,10,100,"620,680,740,800,860",32,0.0038770134560763836,0.22817642986774445,2,0.6915989518165588,0.000906215573195368
tcn,43,4,11,100,"620,680,740,800,860",32,0.0001478591002523899,0.008702049031853676,8,0.6915989518165588,0.000906215573195368
tcn,43,11,1,100,"620,680,740,800,860",32,0.0013413360575214028,0.05480208247900009,6,1.2895398139953613,0.0013057485921308398
tcn,43,11,2,100,"620,680,740,800,860",32,0.0015722938114777207,0.06423817574977875,4,1.2895398139953613,0.0013057485921308398
tcn,43,11,3,100,"620,680,740,800,860",32,0.003128224750980735,0.12780781090259552,2,1.2895398139953613,0.0013057485921308398
tcn,43,11,4,100,"620,680,740,800,860",32,0.0013908403925597668,0.05682465061545372,5,1.2895398139953613,0.0013057485921308398
tcn,43,11,5,100,"620,680,740,800,860",32,0.0,0.0,10,1.2895398139953613,0.0013057485921308398
tcn,43,11,6,100,"620,680,740,800,860",32,0.013750332407653332,0.5617882609367371,1,1.2895398139953613,0.0013057485921308398
tcn,43,11,7,100,"620,680,740,800,860",32,0.0004573494370561093,0.01868562400341034,7,1.2895398139953613,0.0013057485921308398
tcn,43,11,8,100,"620,680,740,800,860",32,0.00010928136180154979,0.0044648367911577225,9,1.2895398139953613,0.0013057485921308398
tcn,43,11,9,100,"620,680,740,800,860",32,0.0,0.0,10,1.2895398139953613,0.0013057485921308398
tcn,43,11,10,100,"620,680,740,800,860",32,0.002586864633485675,0.10568982362747192,3,1.2895398139953613,0.0013057485921308398
tcn,43,11,11,100,"620,680,740,800,860",32,0.0001394838618580252,0.005698800086975098,8,1.2895398139953613,0.0013057485921308398
tcn,43,19,1,100,"620,680,740,800,860",32,0.0016397340223193169,0.05362239480018616,6,1.0136040449142456,0.0023991574998944998
tcn,43,19,2,100,"620,680,740,800,860",32,0.0018055472755804658,0.05904480069875717,5,1.0136040449142456,0.0023991574998944998
tcn,43,19,3,100,"620,680,740,800,860",32,0.0025312097277492285,0.08277533203363419,4,1.0136040449142456,0.0023991574998944998
tcn,43,19,4,100,"620,680,740,800,860",32,0.0015528572257608175,0.050781358033418655,7,1.0136040449142456,0.0023991574998944998
tcn,43,19,5,100,"620,680,740,800,860",32,0.0,0.0,10,1.0136040449142456,0.0023991574998944998
tcn,43,19,6,100,"620,680,740,800,860",32,0.005426849704235792,0.1774682253599167,3,1.0136040449142456,0.0023991574998944998
tcn,43,19,7,100,"620,680,740,800,860",32,0.01168806478381157,0.3822217583656311,1,1.0136040449142456,0.0023991574998944998
tcn,43,19,8,100,"620,680,740,800,860",32,0.005692123435437679,0.1861431747674942,2,1.0136040449142456,0.0023991574998944998
tcn,43,19,9,100,"620,680,740,800,860",32,0.0,0.0,10,1.0136040449142456,0.0023991574998944998
tcn,43,19,10,100,"620,680,740,800,860",32,9.056688577402383e-05,0.0029617079999297857,9,1.0136040449142456,0.0023991574998944998
tcn,43,19,11,100,"620,680,740,800,860",32,0.00015232060104608536,0.004981170874089003,8,1.0136040449142456,0.0023991574998944998
tcn,43,23,1,100,"620,680,740,800,860",32,0.0016541078221052885,0.12886197865009308,4,0.6421012878417969,0.0008084551664069295
tcn,43,23,2,100,"620,680,740,800,860",32,0.0016680796397849917,0.12995043396949768,3,0.6421012878417969,0.0008084551664069295
tcn,43,23,3,100,"620,680,740,800,860",32,0.0038419547490775585,0.2993044853210449,2,0.6421012878417969,0.0008084551664069295
tcn,43,23,4,100,"620,680,740,800,860",32,0.0010584720876067877,0.08245944231748581,5,0.6421012878417969,0.0008084551664069295
tcn,43,23,5,100,"620,680,740,800,860",32,0.0,0.0,10,0.6421012878417969,0.0008084551664069295
tcn,43,23,6,100,"620,680,740,800,860",32,0.00398625573143363,0.3105461299419403,1,0.6421012878417969,0.0008084551664069295
tcn,43,23,7,100,"620,680,740,800,860",32,0.0002744729572441429,0.02138260006904602,6,0.6421012878417969,0.0008084551664069295
tcn,43,23,8,100,"620,680,740,800,860",32,0.00012210746353957802,0.009512686170637608,8,0.6421012878417969,0.0008084551664069295
tcn,43,23,9,100,"620,680,740,800,860",32,0.0,0.0,10,0.6421012878417969,0.0008084551664069295
tcn,43,23,10,100,"620,680,740,800,860",32,9.461664012633264e-05,0.0073710354045033455,9,0.6421012878417969,0.0008084551664069295
tcn,43,23,11,100,"620,680,740,800,860",32,0.000136209957418032,0.010611330159008503,7,0.6421012878417969,0.0008084551664069295
tcn,43,25,1,100,"620,680,740,800,860",32,0.002050449838861823,0.049913812428712845,4,1.1728591918945312,0.0021938106510788202
tcn,43,25,2,100,"620,680,740,800,860",32,0.02683945558965206,0.6533491015434265,1,1.1728591918945312,0.0021938106510788202
tcn,43,25,3,100,"620,680,740,800,860",32,0.002910417737439275,0.07084789127111435,3,1.1728591918945312,0.0021938106510788202
tcn,43,25,4,100,"620,680,740,800,860",32,0.0009990765247493982,0.02432037889957428,5,1.1728591918945312,0.0021938106510788202
tcn,43,25,5,100,"620,680,740,800,860",32,0.0,0.0,10,1.1728591918945312,0.0021938106510788202
tcn,43,25,6,100,"620,680,740,800,860",32,0.0073274350725114346,0.17837072908878326,2,1.1728591918945312,0.0021938106510788202
tcn,43,25,7,100,"620,680,740,800,860",32,0.0005441399989649653,0.013245923444628716,6,1.1728591918945312,0.0021938106510788202
tcn,43,25,8,100,"620,680,740,800,860",32,0.00014695926802232862,0.0035774088464677334,8,1.1728591918945312,0.0021938106510788202
tcn,43,25,9,100,"620,680,740,800,860",32,0.0,0.0,10,1.1728591918945312,0.0021938106510788202
tcn,43,25,10,100,"620,680,740,800,860",32,0.00010086932161357254,0.0024554478004574776,9,1.1728591918945312,0.0021938106510788202
tcn,43,25,11,100,"620,680,740,800,860",32,0.00016100160428322852,0.003919239621609449,7,1.1728591918945312,0.0021938106510788202
tcn,43,26,1,100,"620,680,740,800,860",32,0.0016460191691294312,0.04285873845219612,5,1.1351574659347534,0.0027132804971188307
tcn,43,26,2,100,"620,680,740,800,860",32,0.001654788269661367,0.04308706894516945,4,1.1351574659347534,0.0027132804971188307
tcn,43,26,3,100,"620,680,740,800,860",32,0.0030632440466433764,0.07976017892360687,3,1.1351574659347534,0.0027132804971188307
tcn,43,26,4,100,"620,680,740,800,860",32,0.022797703742980957,0.5936023592948914,1,1.1351574659347534,0.0027132804971188307
tcn,43,26,5,100,"620,680,740,800,860",32,0.0,0.0,10,1.1351574659347534,0.0027132804971188307
tcn,43,26,6,100,"620,680,740,800,860",32,0.00857291929423809,0.2232200652360916,2,1.1351574659347534,0.0027132804971188307
tcn,43,26,7,100,"620,680,740,800,860",32,0.0003133710124529898,0.008159495890140533,6,1.1351574659347534,0.0027132804971188307
tcn,43,26,8,100,"620,680,740,800,860",32,0.00014652666868641973,0.003815233940258622,7,1.1351574659347534,0.0027132804971188307
tcn,43,26,9,100,"620,680,740,800,860",32,0.0,0.0,10,1.1351574659347534,0.0027132804971188307
tcn,43,26,10,100,"620,680,740,800,860",32,7.63871576054953e-05,0.001988954609259963,9,1.1351574659347534,0.0027132804971188307
tcn,43,26,11,100,"620,680,740,800,860",32,0.00013472491991706192,0.003507942194119096,8,1.1351574659347534,0.0027132804971188307
tcn,43,27,1,100,"620,680,740,800,860",32,0.0013557360507547855,0.09020160883665085,4,0.8109846115112305,0.0009359819232486188
tcn,43,27,2,100,"620,680,740,800,860",32,0.0014621842419728637,0.09728395938873291,3,0.8109846115112305,0.0009359819232486188
tcn,43,27,3,100,"620,680,740,800,860",32,0.003457864047959447,0.23006315529346466,2,0.8109846115112305,0.0009359819232486188
tcn,43,27,4,100,"620,680,740,800,860",32,0.0012404373846948147,0.08253040909767151,5,0.8109846115112305,0.0009359819232486188
tcn,43,27,5,100,"620,680,740,800,860",32,0.0,0.0,10,0.8109846115112305,0.0009359819232486188
tcn,43,27,6,100,"620,680,740,800,860",32,0.006221200805157423,0.41391709446907043,1,0.8109846115112305,0.0009359819232486188
tcn,43,27,7,100,"620,680,740,800,860",32,0.00025933104916475713,0.01725415326654911,7,0.8109846115112305,0.0009359819232486188
tcn,43,27,8,100,"620,680,740,800,860",32,0.00012211949797347188,0.00812501460313797,9,0.8109846115112305,0.0009359819232486188
tcn,43,27,9,100,"620,680,740,800,860",32,0.0,0.0,10,0.8109846115112305,0.0009359819232486188
tcn,43,27,10,100,"620,680,740,800,860",32,0.0007809145608916879,0.05195683240890503,6,0.8109846115112305,0.0009359819232486188
tcn,43,27,11,100,"620,680,740,800,860",32,0.00013027618115302175,0.008667705580592155,8,0.8109846115112305,0.0009359819232486188
tcn,44,1,1,100,"620,680,740,800,860",32,0.0033866707235574722,0.011128811165690422,6,6.354480266571045,0.007756559178233147
tcn,44,1,2,100,"620,680,740,800,860",32,0.004055771045386791,0.013327516615390778,5,6.354480266571045,0.007756559178233147
tcn,44,1,3,100,"620,680,740,800,860",32,0.2195654958486557,0.721505880355835,1,6.354480266571045,0.007756559178233147
tcn,44,1,4,100,"620,680,740,800,860",32,0.02832147292792797,0.09306612610816956,3,6.354480266571045,0.007756559178233147
tcn,44,1,5,100,"620,680,740,800,860",32,0.0,0.0,10,6.354480266571045,0.007756559178233147
tcn,44,1,6,100,"620,680,740,800,860",32,0.04265188053250313,0.14015673100948334,2,6.354480266571045,0.007756559178233147
tcn,44,1,7,100,"620,680,740,800,860",32,0.004801344126462936,0.01577751524746418,4,6.354480266571045,0.007756559178233147
tcn,44,1,8,100,"620,680,740,800,860",32,0.0011051996843889356,0.0036317550111562014,7,6.354480266571045,0.007756559178233147
tcn,44,1,9,100,"620,680,740,800,860",32,0.0,0.0,10,6.354480266571045,0.007756559178233147
tcn,44,1,10,100,"620,680,740,800,860",32,0.00033938093110919,0.001115226885303855,8,6.354480266571045,0.007756559178233147
tcn,44,1,11,100,"620,680,740,800,860",32,8.839411020744592e-05,0.00029046853887848556,9,6.354480266571045,0.007756559178233147
tcn,44,4,1,100,"620,680,740,800,860",32,0.00148629245813936,0.09350742399692535,4,0.6847767233848572,0.000824397022370249
tcn,44,4,2,100,"620,680,740,800,860",32,0.0014858716167509556,0.09348094463348389,5,0.6847767233848572,0.000824397022370249
tcn,44,4,3,100,"620,680,740,800,860",32,0.003686618758365512,0.2319370061159134,2,0.6847767233848572,0.000824397022370249
tcn,44,4,4,100,"620,680,740,800,860",32,0.00123622827231884,0.07777508348226547,6,0.6847767233848572,0.000824397022370249
tcn,44,4,5,100,"620,680,740,800,860",32,0.0,0.0,10,0.6847767233848572,0.000824397022370249
tcn,44,4,6,100,"620,680,740,800,860",32,0.00454882625490427,0.28618124127388,1,0.6847767233848572,0.000824397022370249
tcn,44,4,7,100,"620,680,740,800,860",32,0.0002518336405046284,0.01584366150200367,7,0.6847767233848572,0.000824397022370249
tcn,44,4,8,100,"620,680,740,800,860",32,0.00010474625742062926,0.006589923053979874,9,0.6847767233848572,0.000824397022370249
tcn,44,4,9,100,"620,680,740,800,860",32,0.0,0.0,10,0.6847767233848572,0.000824397022370249
tcn,44,4,10,100,"620,680,740,800,860",32,0.0029555473010987043,0.18594296276569366,3,0.6847767233848572,0.000824397022370249
tcn,44,4,11,100,"620,680,740,800,860",32,0.000138950053951703,0.008741793222725391,8,0.6847767233848572,0.000824397022370249
tcn,44,11,1,100,"620,680,740,800,860",32,0.0012971856631338596,0.056444812566041946,6,1.2854633331298828,0.001288239611312747
tcn,44,11,2,100,"620,680,740,800,860",32,0.0014616262633353472,0.06360016763210297,4,1.2854633331298828,0.001288239611312747
tcn,44,11,3,100,"620,680,740,800,860",32,0.0028499546460807323,0.12401089817285538,2,1.2854633331298828,0.001288239611312747
tcn,44,11,4,100,"620,680,740,800,860",32,0.0014291435945779085,0.06218673661351204,5,1.2854633331298828,0.001288239611312747
tcn,44,11,5,100,"620,680,740,800,860",32,0.0,0.0,10,1.2854633331298828,0.001288239611312747
tcn,44,11,6,100,"620,680,740,800,860",32,0.013233977369964123,0.5758538842201233,1,1.2854633331298828,0.001288239611312747
tcn,44,11,7,100,"620,680,740,800,860",32,0.00040032248944044113,0.017419347539544106,7,1.2854633331298828,0.001288239611312747
tcn,44,11,8,100,"620,680,740,800,860",32,9.213151497533545e-05,0.0040089450776577,9,1.2854633331298828,0.001288239611312747
tcn,44,11,9,100,"620,680,740,800,860",32,0.0,0.0,10,1.2854633331298828,0.001288239611312747
tcn,44,11,10,100,"620,680,740,800,860",32,0.0020886242855340242,0.09088291227817535,3,1.2854633331298828,0.001288239611312747
tcn,44,11,11,100,"620,680,740,800,860",32,0.00012851944484282285,0.005592303816229105,8,1.2854633331298828,0.001288239611312747
tcn,44,19,1,100,"620,680,740,800,860",32,0.0014524615835398436,0.04552978277206421,7,1.0235954523086548,0.0021415038499981165
tcn,44,19,2,100,"620,680,740,800,860",32,0.0018545564962550998,0.05813410505652428,5,1.0235954523086548,0.0021415038499981165
tcn,44,19,3,100,"620,680,740,800,860",32,0.0026848269626498222,0.08416029065847397,4,1.0235954523086548,0.0021415038499981165
tcn,44,19,4,100,"620,680,740,800,860",32,0.001631633611395955,0.05114622041583061,6,1.0235954523086548,0.0021415038499981165
tcn,44,19,5,100,"620,680,740,800,860",32,0.0,0.0,10,1.0235954523086548,0.0021415038499981165
tcn,44,19,6,100,"620,680,740,800,860",32,0.005802553612738848,0.18189051747322083,2,1.0235954523086548,0.0021415038499981165
tcn,44,19,7,100,"620,680,740,800,860",32,0.013258591294288635,0.41561219096183777,1,1.0235954523086548,0.0021415038499981165
tcn,44,19,8,100,"620,680,740,800,860",32,0.00498899444937706,0.15638817846775055,3,1.0235954523086548,0.0021415038499981165
tcn,44,19,9,100,"620,680,740,800,860",32,0.0,0.0,10,1.0235954523086548,0.0021415038499981165
tcn,44,19,10,100,"620,680,740,800,860",32,8.560771675547585e-05,0.0026835137978196144,9,1.0235954523086548,0.0021415038499981165
tcn,44,19,11,100,"620,680,740,800,860",32,0.00014212803216651082,0.004455235321074724,8,1.0235954523086548,0.0021415038499981165
tcn,44,23,1,100,"620,680,740,800,860",32,0.001554363640025258,0.12437216192483902,3,0.6397773623466492,0.0009197632898576558
tcn,44,23,2,100,"620,680,740,800,860",32,0.0015480343718081713,0.12386573106050491,4,0.6397773623466492,0.0009197632898576558
tcn,44,23,3,100,"620,680,740,800,860",32,0.003728003241121769,0.2982955873012543,2,0.6397773623466492,0.0009197632898576558
tcn,44,23,4,100,"620,680,740,800,860",32,0.0010511274449527264,0.08410579711198807,5,0.6397773623466492,0.0009197632898576558
tcn,44,23,5,100,"620,680,740,800,860",32,0.0,0.0,10,0.6397773623466492,0.0009197632898576558
tcn,44,23,6,100,"620,680,740,800,860",32,0.004040540661662817,0.32330322265625,1,0.6397773623466492,0.0009197632898576558
tcn,44,23,7,100,"620,680,740,800,860",32,0.00026184902526438236,0.020951809361577034,6,0.6397773623466492,0.0009197632898576558
tcn,44,23,8,100,"620,680,740,800,860",32,0.00010511810978641734,0.00841100886464119,8,0.6397773623466492,0.0009197632898576558
tcn,44,23,9,100,"620,680,740,800,860",32,0.0,0.0,10,0.6397773623466492,0.0009197632898576558
tcn,44,23,10,100,"620,680,740,800,860",32,6.714274059049785e-05,0.005372415762394667,9,0.6397773623466492,0.0009197632898576558
tcn,44,23,11,100,"620,680,740,800,860",32,0.00014150260540191084,0.011322308331727982,7,0.6397773623466492,0.0009197632898576558
tcn,44,25,1,100,"620,680,740,800,860",32,0.0018811789341270924,0.04293251037597656,4,1.2394969463348389,0.0028994809836149216
tcn,44,25,2,100,"620,680,740,800,860",32,0.029314596205949783,0.6690215468406677,1,1.2394969463348389,0.0028994809836149216
tcn,44,25,3,100,"620,680,740,800,860",32,0.00309078604914248,0.07053832709789276,3,1.2394969463348389,0.0028994809836149216
tcn,44,25,4,100,"620,680,740,800,860",32,0.000981143326498568,0.022391781210899353,5,1.2394969463348389,0.0028994809836149216
tcn,44,25,5,100,"620,680,740,800,860",32,0.0,0.0,10,1.2394969463348389,0.0028994809836149216
tcn,44,25,6,100,"620,680,740,800,860",32,0.007653676439076662,0.1746731996536255,2,1.2394969463348389,0.0028994809836149216
tcn,44,25,7,100,"620,680,740,800,860",32,0.0005396792548708618,0.012316630221903324,6,1.2394969463348389,0.0028994809836149216
tcn,44,25,8,100,"620,680,740,800,860",32,0.000129894950077869,0.0029644796159118414,8,1.2394969463348389,0.0028994809836149216
tcn,44,25,9,100,"620,680,740,800,860",32,0.0,0.0,10,1.2394969463348389,0.0028994809836149216
tcn,44,25,10,100,"620,680,740,800,860",32,8.474156493321061e-05,0.0019339830614626408,9,1.2394969463348389,0.0028994809836149216
tcn,44,25,11,100,"620,680,740,800,860",32,0.00014141839346848428,0.0032274690456688404,7,1.2394969463348389,0.0028994809836149216
tcn,44,26,1,100,"620,680,740,800,860",32,0.0014464468695223331,0.03866461664438248,5,1.1096315383911133,0.0034275734797120094
tcn,44,26,2,100,"620,680,740,800,860",32,0.0015261227963492274,0.04079441353678703,4,1.1096315383911133,0.0034275734797120094
tcn,44,26,3,100,"620,680,740,800,860",32,0.0029830709099769592,0.07973973453044891,3,1.1096315383911133,0.0034275734797120094
tcn,44,26,4,100,"620,680,740,800,860",32,0.021557297557592392,0.5762428641319275,1,1.1096315383911133,0.0034275734797120094
tcn,44,26,5,100,"620,680,740,800,860",32,0.0,0.0,10,1.1096315383911133,0.0034275734797120094
tcn,44,26,6,100,"620,680,740,800,860",32,0.009308764711022377,0.24883030354976654,2,1.1096315383911133,0.0034275734797120094
tcn,44,26,7,100,"620,680,740,800,860",32,0.0002810973965097219,0.007513945456594229,6,1.1096315383911133,0.0034275734797120094
tcn,44,26,8,100,"620,680,740,800,860",32,0.00012547826918307692,0.0033541289158165455,8,1.1096315383911133,0.0034275734797120094
tcn,44,26,9,100,"620,680,740,800,860",32,0.0,0.0,10,1.1096315383911133,0.0034275734797120094
tcn,44,26,10,100,"620,680,740,800,860",32,5.150365177541971e-05,0.0013767315540462732,9,1.1096315383911133,0.0034275734797120094
tcn,44,26,11,100,"620,680,740,800,860",32,0.0001303109311265871,0.003483309643343091,7,1.1096315383911133,0.0034275734797120094
tcn,44,27,1,100,"620,680,740,800,860",32,0.001369059202261269,0.09300842881202698,4,0.8075613975524902,0.0007923333323560655
tcn,44,27,2,100,"620,680,740,800,860",32,0.001436463207937777,0.09758758544921875,3,0.8075613975524902,0.0007923333323560655
tcn,44,27,3,100,"620,680,740,800,860",32,0.0032165481243282557,0.21851946413516998,2,0.8075613975524902,0.0007923333323560655
tcn,44,27,4,100,"620,680,740,800,860",32,0.001274187583476305,0.08656322956085205,5,0.8075613975524902,0.0007923333323560655
tcn,44,27,5,100,"620,680,740,800,860",32,0.0,0.0,10,0.8075613975524902,0.0007923333323560655
tcn,44,27,6,100,"620,680,740,800,860",32,0.006309581454843283,0.42864781618118286,1,0.8075613975524902,0.0007923333323560655
tcn,44,27,7,100,"620,680,740,800,860",32,0.00023565087758470327,0.01600918173789978,7,0.8075613975524902,0.0007923333323560655
tcn,44,27,8,100,"620,680,740,800,860",32,0.00010215047950623557,0.006939696613699198,9,0.8075613975524902,0.0007923333323560655
tcn,44,27,9,100,"620,680,740,800,860",32,0.0,0.0,10,0.8075613975524902,0.0007923333323560655
tcn,44,27,10,100,"620,680,740,800,860",32,0.0006485371850430965,0.04405903071165085,6,0.8075613975524902,0.0007923333323560655
tcn,44,27,11,100,"620,680,740,800,860",32,0.000127554900245741,0.008665571920573711,8,0.8075613975524902,0.0007923333323560655
tcn,45,1,1,100,"620,680,740,800,860",32,0.003388437209650874,0.010279824025928974,6,5.985212326049805,0.010744269005954266
tcn,45,1,2,100,"620,680,740,800,860",32,0.0041677518747746944,0.012644105590879917,5,5.985212326049805,0.010744269005954266
tcn,45,1,3,100,"620,680,740,800,860",32,0.23267865180969238,0.7058993577957153,1,5.985212326049805,0.010744269005954266
tcn,45,1,4,100,"620,680,740,800,860",32,0.021903207525610924,0.0664498433470726,3,5.985212326049805,0.010744269005954266
tcn,45,1,5,100,"620,680,740,800,860",32,0.0,0.0,10,5.985212326049805,0.010744269005954266
tcn,45,1,6,100,"620,680,740,800,860",32,0.056278862059116364,0.17073853313922882,2,5.985212326049805,0.010744269005954266
tcn,45,1,7,100,"620,680,740,800,860",32,0.009316232986748219,0.02826354093849659,4,5.985212326049805,0.010744269005954266
tcn,45,1,8,100,"620,680,740,800,860",32,0.001450725831091404,0.0044012051075696945,7,5.985212326049805,0.010744269005954266
tcn,45,1,9,100,"620,680,740,800,860",32,0.0,0.0,10,5.985212326049805,0.010744269005954266
tcn,45,1,10,100,"620,680,740,800,860",32,0.0003307885490357876,0.0010035446612164378,8,5.985212326049805,0.010744269005954266
tcn,45,1,11,100,"620,680,740,800,860",32,0.00010549751459620893,0.00032005785033106804,9,5.985212326049805,0.010744269005954266
tcn,45,4,1,100,"620,680,740,800,860",32,0.0015132180415093899,0.08063919842243195,5,0.7266690135002136,0.0008973467047326267
tcn,45,4,2,100,"620,680,740,800,860",32,0.001738875755108893,0.09266447275876999,4,0.7266690135002136,0.0008973467047326267
tcn,45,4,3,100,"620,680,740,800,860",32,0.004059615079313517,0.21633636951446533,3,0.7266690135002136,0.0008973467047326267
tcn,45,4,4,100,"620,680,740,800,860",32,0.0012567734811455011,0.06697329878807068,6,0.7266690135002136,0.0008973467047326267
tcn,45,4,5,100,"620,680,740,800,860",32,0.0,0.0,10,0.7266690135002136,0.0008973467047326267
tcn,45,4,6,100,"620,680,740,800,860",32,0.004913599230349064,0.26184508204460144,1,0.7266690135002136,0.0008973467047326267
tcn,45,4,7,100,"620,680,740,800,860",32,0.0002624072367325425,0.013983648270368576,7,0.7266690135002136,0.0008973467047326267
tcn,45,4,8,100,"620,680,740,800,860",32,0.00013222754932940006,0.007046389393508434,9,0.7266690135002136,0.0008973467047326267
tcn,45,4,9,100,"620,680,740,800,860",32,0.0,0.0,10,0.7266690135002136,0.0008973467047326267
tcn,45,4,10,100,"620,680,740,800,860",32,0.004744755104184151,0.2528474032878876,2,0.7266690135002136,0.0008973467047326267
tcn,45,4,11,100,"620,680,740,800,860",32,0.00014382025983650237,0.00766416359692812,8,0.7266690135002136,0.0008973467047326267
tcn,45,11,1,100,"620,680,740,800,860",32,0.0012765043647959828,0.05096776410937309,6,1.2933099269866943,0.0012169128749519587
tcn,45,11,2,100,"620,680,740,800,860",32,0.0015291679883375764,0.06105601787567139,4,1.2933099269866943,0.0012169128749519587
tcn,45,11,3,100,"620,680,740,800,860",32,0.003248451976105571,0.12970291078090668,2,1.2933099269866943,0.0012169128749519587
tcn,45,11,4,100,"620,680,740,800,860",32,0.001449172617867589,0.057861994951963425,5,1.2933099269866943,0.0012169128749519587
tcn,45,11,5,100,"620,680,740,800,860",32,0.0,0.0,10,1.2933099269866943,0.0012169128749519587
tcn,45,11,6,100,"620,680,740,800,860",32,0.013997374102473259,0.5588816404342651,1,1.2933099269866943,0.0012169128749519587
tcn,45,11,7,100,"620,680,740,800,860",32,0.00040791701758280396,0.016287149861454964,7,1.2933099269866943,0.0012169128749519587
tcn,45,11,8,100,"620,680,740,800,860",32,0.0001243660954060033,0.004965640604496002,9,1.2933099269866943,0.0012169128749519587
tcn,45,11,9,100,"620,680,740,800,860",32,0.0,0.0,10,1.2933099269866943,0.0012169128749519587
tcn,45,11,10,100,"620,680,740,800,860",32,0.0028704898431897163,0.11461178958415985,3,1.2933099269866943,0.0012169128749519587
tcn,45,11,11,100,"620,680,740,800,860",32,0.00014188600471243262,0.005665168631821871,8,1.2933099269866943,0.0012169128749519587
tcn,45,19,1,100,"620,680,740,800,860",32,0.0014191606314852834,0.04146614298224449,7,1.0495643615722656,0.002717463066801429
tcn,45,19,2,100,"620,680,740,800,860",32,0.0018691497389227152,0.05461427569389343,5,1.0495643615722656,0.002717463066801429
tcn,45,19,3,100,"620,680,740,800,860",32,0.0027775675989687443,0.0811571404337883,4,1.0495643615722656,0.002717463066801429
tcn,45,19,4,100,"620,680,740,800,860",32,0.001579197938553989,0.04614223912358284,6,1.0495643615722656,0.002717463066801429
tcn,45,19,5,100,"620,680,740,800,860",32,0.0,0.0,10,1.0495643615722656,0.002717463066801429
tcn,45,19,6,100,"620,680,740,800,860",32,0.0063324118964374065,0.18502536416053772,3,1.0495643615722656,0.002717463066801429
tcn,45,19,7,100,"620,680,740,800,860",32,0.0134888282045722,0.39412713050842285,1,1.0495643615722656,0.002717463066801429
tcn,45,19,8,100,"620,680,740,800,860",32,0.0065259067341685295,0.19067904353141785,2,1.0495643615722656,0.002717463066801429
tcn,45,19,9,100,"620,680,740,800,860",32,0.0,0.0,10,1.0495643615722656,0.002717463066801429
tcn,45,19,10,100,"620,680,740,800,860",32,8.95597695489414e-05,0.0026168273761868477,9,1.0495643615722656,0.002717463066801429
tcn,45,19,11,100,"620,680,740,800,860",32,0.00014278086018748581,0.004171882756054401,8,1.0495643615722656,0.002717463066801429
tcn,45,23,1,100,"620,680,740,800,860",32,0.0015096996212378144,0.11656386405229568,4,0.6413101553916931,0.000849625444971025
tcn,45,23,2,100,"620,680,740,800,860",32,0.0016463666688650846,0.12711592018604279,3,0.6413101553916931,0.000849625444971025
tcn,45,23,3,100,"620,680,740,800,860",32,0.003867100225761533,0.298578679561615,2,0.6413101553916931,0.000849625444971025
tcn,45,23,4,100,"620,680,740,800,860",32,0.001062256982550025,0.08201682567596436,5,0.6413101553916931,0.000849625444971025
tcn,45,23,5,100,"620,680,740,800,860",32,0.0,0.0,10,0.6413101553916931,0.000849625444971025
tcn,45,23,6,100,"620,680,740,800,860",32,0.004250629805028439,0.32819098234176636,1,0.6413101553916931,0.000849625444971025
tcn,45,23,7,100,"620,680,740,800,860",32,0.0002577114792075008,0.01989789493381977,6,0.6413101553916931,0.000849625444971025
tcn,45,23,8,100,"620,680,740,800,860",32,0.00013498120824806392,0.010421894490718842,8,0.6413101553916931,0.000849625444971025
tcn,45,23,9,100,"620,680,740,800,860",32,0.0,0.0,10,0.6413101553916931,0.000849625444971025
tcn,45,23,10,100,"620,680,740,800,860",32,8.647113281767815e-05,0.0066764336079359055,9,0.6413101553916931,0.000849625444971025
tcn,45,23,11,100,"620,680,740,800,860",32,0.00013647670857608318,0.010537362657487392,7,0.6413101553916931,0.000849625444971025
tcn,45,25,1,100,"620,680,740,800,860",32,0.0018434152007102966,0.040845055133104324,4,1.2224116325378418,0.002367358887568116
tcn,45,25,2,100,"620,680,740,800,860",32,0.030442966148257256,0.6745331287384033,1,1.2224116325378418,0.002367358887568116
tcn,45,25,3,100,"620,680,740,800,860",32,0.0034410315565764904,0.07624387741088867,3,1.2224116325378418,0.002367358887568116
tcn,45,25,4,100,"620,680,740,800,860",32,0.0009727313881739974,0.021553074941039085,5,1.2224116325378418,0.002367358887568116
tcn,45,25,5,100,"620,680,740,800,860",32,0.0,0.0,10,1.2224116325378418,0.002367358887568116
tcn,45,25,6,100,"620,680,740,800,860",32,0.007575199007987976,0.16784575581550598,2,1.2224116325378418,0.002367358887568116
tcn,45,25,7,100,"620,680,740,800,860",32,0.0004647417226806283,0.010297409258782864,6,1.2224116325378418,0.002367358887568116
tcn,45,25,8,100,"620,680,740,800,860",32,0.00012813736975658685,0.002839174820110202,8,1.2224116325378418,0.002367358887568116
tcn,45,25,9,100,"620,680,740,800,860",32,0.0,0.0,10,1.2224116325378418,0.002367358887568116
tcn,45,25,10,100,"620,680,740,800,860",32,0.00011658816947601736,0.0025832760147750378,9,1.2224116325378418,0.002367358887568116
tcn,45,25,11,100,"620,680,740,800,860",32,0.0001470966381020844,0.0032592604402452707,7,1.2224116325378418,0.002367358887568116
tcn,45,26,1,100,"620,680,740,800,860",32,0.0013461156049743295,0.033975373953580856,5,1.1343629360198975,0.002403602469712496
tcn,45,26,2,100,"620,680,740,800,860",32,0.0016269907355308533,0.0410645417869091,4,1.1343629360198975,0.002403602469712496
tcn,45,26,3,100,"620,680,740,800,860",32,0.003176411846652627,0.08017125725746155,3,1.1343629360198975,0.002403602469712496
tcn,45,26,4,100,"620,680,740,800,860",32,0.022817591205239296,0.5759060978889465,1,1.1343629360198975,0.002403602469712496
tcn,45,26,5,100,"620,680,740,800,860",32,0.0,0.0,10,1.1343629360198975,0.002403602469712496
tcn,45,26,6,100,"620,680,740,800,860",32,0.009986154735088348,0.25204622745513916,2,1.1343629360198975,0.002403602469712496
tcn,45,26,7,100,"620,680,740,800,860",32,0.0003133045684080571,0.007907670922577381,6,1.1343629360198975,0.002403602469712496
tcn,45,26,8,100,"620,680,740,800,860",32,0.0001504867395851761,0.0037982200738042593,7,1.1343629360198975,0.002403602469712496
tcn,45,26,9,100,"620,680,740,800,860",32,0.0,0.0,10,1.1343629360198975,0.002403602469712496
tcn,45,26,10,100,"620,680,740,800,860",32,6.961849430808797e-05,0.001757140620611608,9,1.1343629360198975,0.002403602469712496
tcn,45,26,11,100,"620,680,740,800,860",32,0.00013366025814320892,0.003373526968061924,8,1.1343629360198975,0.002403602469712496
tcn,45,27,1,100,"620,680,740,800,860",32,0.0013014916330575943,0.0833221897482872,4,0.8054777383804321,0.0007267360342666507
tcn,45,27,2,100,"620,680,740,800,860",32,0.0014879237860441208,0.09525767713785172,3,0.8054777383804321,0.0007267360342666507
tcn,45,27,3,100,"620,680,740,800,860",32,0.0034411922097206116,0.22030696272850037,2,0.8054777383804321,0.0007267360342666507
tcn,45,27,4,100,"620,680,740,800,860",32,0.0012944479240104556,0.08287124335765839,5,0.8054777383804321,0.0007267360342666507
tcn,45,27,5,100,"620,680,740,800,860",32,0.0,0.0,10,0.8054777383804321,0.0007267360342666507
tcn,45,27,6,100,"620,680,740,800,860",32,0.006864600349217653,0.4394753873348236,1,0.8054777383804321,0.0007267360342666507
tcn,45,27,7,100,"620,680,740,800,860",32,0.00023270312522072345,0.014897778630256653,7,0.8054777383804321,0.0007267360342666507
tcn,45,27,8,100,"620,680,740,800,860",32,0.00012730572780128568,0.00815018080174923,8,0.8054777383804321,0.0007267360342666507
tcn,45,27,9,100,"620,680,740,800,860",32,0.0,0.0,10,0.8054777383804321,0.0007267360342666507
tcn,45,27,10,100,"620,680,740,800,860",32,0.000745464931242168,0.04772506281733513,6,0.8054777383804321,0.0007267360342666507
tcn,45,27,11,100,"620,680,740,800,860",32,0.00012485901243053377,0.007993540726602077,9,0.8054777383804321,0.0007267360342666507
tcn,46,1,1,100,"620,680,740,800,860",32,0.004190088715404272,0.01182103343307972,6,6.312260627746582,0.010555891320109367
tcn,46,1,2,100,"620,680,740,800,860",32,0.005999016109853983,0.016924358904361725,5,6.312260627746582,0.010555891320109367
tcn,46,1,3,100,"620,680,740,800,860",32,0.25789874792099,0.7275811433792114,1,6.312260627746582,0.010555891320109367
tcn,46,1,4,100,"620,680,740,800,860",32,0.026046300306916237,0.07348154485225677,3,6.312260627746582,0.010555891320109367
tcn,46,1,5,100,"620,680,740,800,860",32,0.0,0.0,10,6.312260627746582,0.010555891320109367
tcn,46,1,6,100,"620,680,740,800,860",32,0.048755060881376266,0.13754725456237793,2,6.312260627746582,0.010555891320109367
tcn,46,1,7,100,"620,680,740,800,860",32,0.009838676080107689,0.027756767347455025,4,6.312260627746582,0.010555891320109367
tcn,46,1,8,100,"620,680,740,800,860",32,0.0011194513645023108,0.0031581842340528965,7,6.312260627746582,0.010555891320109367
tcn,46,1,9,100,"620,680,740,800,860",32,0.0,0.0,10,6.312260627746582,0.010555891320109367
tcn,46,1,10,100,"620,680,740,800,860",32,0.00048343819798901677,0.0013638706877827644,8,6.312260627746582,0.010555891320109367
tcn,46,1,11,100,"620,680,740,800,860",32,0.00012967214570380747,0.00036582964821718633,9,6.312260627746582,0.010555891320109367
tcn,46,4,1,100,"620,680,740,800,860",32,0.0015906936023384333,0.08074373751878738,5,0.7414147853851318,0.0011324739316478372
tcn,46,4,2,100,"620,680,740,800,860",32,0.0017405538819730282,0.08835066109895706,4,0.7414147853851318,0.0011324739316478372
tcn,46,4,3,100,"620,680,740,800,860",32,0.0037589375860989094,0.19080397486686707,3,0.7414147853851318,0.0011324739316478372
tcn,46,4,4,100,"620,680,740,800,860",32,0.0012193744769319892,0.061895549297332764,6,0.7414147853851318,0.0011324739316478372
tcn,46,4,5,100,"620,680,740,800,860",32,0.0,0.0,10,0.7414147853851318,0.0011324739316478372
tcn,46,4,6,100,"620,680,740,800,860",32,0.005100310780107975,0.2588922083377838,2,0.7414147853851318,0.0011324739316478372
tcn,46,4,7,100,"620,680,740,800,860",32,0.0002919358084909618,0.014818686060607433,7,0.7414147853851318,0.0011324739316478372
tcn,46,4,8,100,"620,680,740,800,860",32,0.0001234900119015947,0.006268362980335951,8,0.7414147853851318,0.0011324739316478372
tcn,46,4,9,100,"620,680,740,800,860",32,0.0,0.0,10,0.7414147853851318,0.0011324739316478372
tcn,46,4,10,100,"620,680,740,800,860",32,0.005754317622631788,0.29208964109420776,1,0.7414147853851318,0.0011324739316478372
tcn,46,4,11,100,"620,680,740,800,860",32,0.00012090651580365375,0.006137224845588207,9,0.7414147853851318,0.0011324739316478372
tcn,46,11,1,100,"620,680,740,800,860",32,0.0014176748227328062,0.06064713001251221,6,1.3054986000061035,0.0014432861935347319
tcn,46,11,2,100,"620,680,740,800,860",32,0.0014947112649679184,0.06394269317388535,4,1.3054986000061035,0.0014432861935347319
tcn,46,11,3,100,"620,680,740,800,860",32,0.003061872674152255,0.13098475337028503,3,1.3054986000061035,0.0014432861935347319
tcn,46,11,4,100,"620,680,740,800,860",32,0.0014577570836991072,0.06236182153224945,5,1.3054986000061035,0.0014432861935347319
tcn,46,11,5,100,"620,680,740,800,860",32,0.0,0.0,10,1.3054986000061035,0.0014432861935347319
tcn,46,11,6,100,"620,680,740,800,860",32,0.012005617842078209,0.5135918855667114,1,1.3054986000061035,0.0014432861935347319
tcn,46,11,7,100,"620,680,740,800,860",32,0.00042728884727694094,0.018279114738106728,7,1.3054986000061035,0.0014432861935347319
tcn,46,11,8,100,"620,680,740,800,860",32,0.00010762306192191318,0.004604038782417774,9,1.3054986000061035,0.0014432861935347319
tcn,46,11,9,100,"620,680,740,800,860",32,0.0,0.0,10,1.3054986000061035,0.0014432861935347319
tcn,46,11,10,100,"620,680,740,800,860",32,0.0032772314734756947,0.14019764959812164,2,1.3054986000061035,0.0014432861935347319
tcn,46,11,11,100,"620,680,740,800,860",32,0.00012601914932020009,0.005391010548919439,8,1.3054986000061035,0.0014432861935347319
tcn,46,19,1,100,"620,680,740,800,860",32,0.0015776936197653413,0.04936200752854347,6,1.0194501876831055,0.0026876938063651323
tcn,46,19,2,100,"620,680,740,800,860",32,0.001885852194391191,0.05900350585579872,5,1.0194501876831055,0.0026876938063651323
tcn,46,19,3,100,"620,680,740,800,860",32,0.002811393467709422,0.08796133100986481,4,1.0194501876831055,0.0026876938063651323
tcn,46,19,4,100,"620,680,740,800,860",32,0.0015333180781453848,0.04797361046075821,7,1.0194501876831055,0.0026876938063651323
tcn,46,19,5,100,"620,680,740,800,860",32,0.0,0.0,10,1.0194501876831055,0.0026876938063651323
tcn,46,19,6,100,"620,680,740,800,860",32,0.005496156867593527,0.1719607263803482,3,1.0194501876831055,0.0026876938063651323
tcn,46,19,7,100,"620,680,740,800,860",32,0.012538889423012733,0.39230987429618835,1,1.0194501876831055,0.0026876938063651323
tcn,46,19,8,100,"620,680,740,800,860",32,0.005841544363647699,0.18276701867580414,2,1.0194501876831055,0.0026876938063651323
tcn,46,19,9,100,"620,680,740,800,860",32,0.0,0.0,10,1.0194501876831055,0.0026876938063651323
tcn,46,19,10,100,"620,680,740,800,860",32,0.000131362714455463,0.004110004287213087,9,1.0194501876831055,0.0026876938063651323
tcn,46,19,11,100,"620,680,740,800,860",32,0.00014548645413015038,0.0045519000850617886,8,1.0194501876831055,0.0026876938063651323
tcn,46,23,1,100,"620,680,740,800,860",32,0.0017207256751134992,0.1300458461046219,3,0.6414847373962402,0.0008150915382429957
tcn,46,23,2,100,"620,680,740,800,860",32,0.0016209969762712717,0.12250874191522598,4,0.6414847373962402,0.0008150915382429957
tcn,46,23,3,100,"620,680,740,800,860",32,0.0041846237145364285,0.3162578344345093,1,0.6414847373962402,0.0008150915382429957
tcn,46,23,4,100,"620,680,740,800,860",32,0.0010592980543151498,0.08005768805742264,5,0.6414847373962402,0.0008150915382429957
tcn,46,23,5,100,"620,680,740,800,860",32,0.0,0.0,10,0.6414847373962402,0.0008150915382429957
tcn,46,23,6,100,"620,680,740,800,860",32,0.004035334102809429,0.30497509241104126,2,0.6414847373962402,0.0008150915382429957
tcn,46,23,7,100,"620,680,740,800,860",32,0.0002489534963387996,0.018814951181411743,6,0.6414847373962402,0.0008150915382429957
tcn,46,23,8,100,"620,680,740,800,860",32,0.00012468000932130963,0.00942283682525158,8,0.6414847373962402,0.0008150915382429957
tcn,46,23,9,100,"620,680,740,800,860",32,0.0,0.0,10,0.6414847373962402,0.0008150915382429957
tcn,46,23,10,100,"620,680,740,800,860",32,9.910612425301224e-05,0.0074900612235069275,9,0.6414847373962402,0.0008150915382429957
tcn,46,23,11,100,"620,680,740,800,860",32,0.00013796589337289333,0.010426933877170086,7,0.6414847373962402,0.0008150915382429957
tcn,46,25,1,100,"620,680,740,800,860",32,0.0020685477647930384,0.04944293946027756,4,1.1811093091964722,0.0025135325267910957
tcn,46,25,2,100,"620,680,740,800,860",32,0.02720845304429531,0.6503431797027588,1,1.1811093091964722,0.0025135325267910957
tcn,46,25,3,100,"620,680,740,800,860",32,0.0030082862358540297,0.07190480083227158,3,1.1811093091964722,0.0025135325267910957
tcn,46,25,4,100,"620,680,740,800,860",32,0.0009252716554328799,0.022116072475910187,5,1.1811093091964722,0.0025135325267910957
tcn,46,25,5,100,"620,680,740,800,860",32,0.0,0.0,10,1.1811093091964722,0.0025135325267910957
tcn,46,25,6,100,"620,680,740,800,860",32,0.007626157253980637,0.18228229880332947,2,1.1811093091964722,0.0025135325267910957
tcn,46,25,7,100,"620,680,740,800,860",32,0.000532686011865735,0.012732393108308315,6,1.1811093091964722,0.0025135325267910957
tcn,46,25,8,100,"620,680,740,800,860",32,0.00016967300325632095,0.004055566154420376,7,1.1811093091964722,0.0025135325267910957
tcn,46,25,9,100,"620,680,740,800,860",32,0.0,0.0,10,1.1811093091964722,0.0025135325267910957
tcn,46,25,10,100,"620,680,740,800,860",32,0.00015864292799960822,0.0037919224705547094,8,1.1811093091964722,0.0025135325267910957
tcn,46,25,11,100,"620,680,740,800,860",32,0.00013935437891632318,0.0033308828715234995,9,1.1811093091964722,0.0025135325267910957
tcn,46,26,1,100,"620,680,740,800,860",32,0.0015861557330936193,0.04109099507331848,5,1.1342530250549316,0.0029402964282780886
tcn,46,26,2,100,"620,680,740,800,860",32,0.0016551377484574914,0.04287804290652275,4,1.1342530250549316,0.0029402964282780886
tcn,46,26,3,100,"620,680,740,800,860",32,0.003452000906690955,0.08942762762308121,3,1.1342530250549316,0.0029402964282780886
tcn,46,26,4,100,"620,680,740,800,860",32,0.02272665873169899,0.5887574553489685,1,1.1342530250549316,0.0029402964282780886
tcn,46,26,5,100,"620,680,740,800,860",32,0.0,0.0,10,1.1342530250549316,0.0029402964282780886
tcn,46,26,6,100,"620,680,740,800,860",32,0.008547674864530563,0.2214362919330597,2,1.1342530250549316,0.0029402964282780886
tcn,46,26,7,100,"620,680,740,800,860",32,0.000294794823275879,0.007636962924152613,6,1.1342530250549316,0.0029402964282780886
tcn,46,26,8,100,"620,680,740,800,860",32,0.00012000787683064118,0.003108927281573415,8,1.1342530250549316,0.0029402964282780886
tcn,46,26,9,100,"620,680,740,800,860",32,0.0,0.0,10,1.1342530250549316,0.0029402964282780886
tcn,46,26,10,100,"620,680,740,800,860",32,8.144425373757258e-05,0.0021098970901221037,9,1.1342530250549316,0.0029402964282780886
tcn,46,26,11,100,"620,680,740,800,860",32,0.00013718041009269655,0.0035537993535399437,7,1.1342530250549316,0.0029402964282780886
tcn,46,27,1,100,"620,680,740,800,860",32,0.0014237349387258291,0.09671986848115921,3,0.8106957674026489,0.0009141123737208545
tcn,46,27,2,100,"620,680,740,800,860",32,0.0013696813257411122,0.09304779767990112,4,0.8106957674026489,0.0009141123737208545
tcn,46,27,3,100,"620,680,740,800,860",32,0.0037827889900654554,0.2569796144962311,2,0.8106957674026489,0.0009141123737208545
tcn,46,27,4,100,"620,680,740,800,860",32,0.0012611823622137308,0.08567703515291214,5,0.8106957674026489,0.0009141123737208545
tcn,46,27,5,100,"620,680,740,800,860",32,0.0,0.0,10,0.8106957674026489,0.0009141123737208545
tcn,46,27,6,100,"620,680,740,800,860",32,0.005540239624679089,0.37637007236480713,1,0.8106957674026489,0.0009141123737208545
tcn,46,27,7,100,"620,680,740,800,860",32,0.0002248854871140793,0.015277348458766937,7,0.8106957674026489,0.0009141123737208545
tcn,46,27,8,100,"620,680,740,800,860",32,0.00012603025243151933,0.008561726659536362,9,0.8106957674026489,0.0009141123737208545
tcn,46,27,9,100,"620,680,740,800,860",32,0.0,0.0,10,0.8106957674026489,0.0009141123737208545
tcn,46,27,10,100,"620,680,740,800,860",32,0.0008594896062277257,0.05838848277926445,6,0.8106957674026489,0.0009141123737208545
tcn,46,27,11,100,"620,680,740,800,860",32,0.00013215884973760694,0.00897806603461504,8,0.8106957674026489,0.0009141123737208545
transformer,42,1,1,100,"620,680,740,800,860",32,0.002213675994426012,0.030865635722875595,6,7.002756118774414,0.0026784995570778847
transformer,42,1,2,100,"620,680,740,800,860",32,0.0032010050490498543,0.04463212192058563,5,7.002756118774414,0.0026784995570778847
transformer,42,1,3,100,"620,680,740,800,860",32,0.031197382137179375,0.4349900484085083,1,7.002756118774414,0.0026784995570778847
transformer,42,1,4,100,"620,680,740,800,860",32,0.019667482003569603,0.2742268443107605,2,7.002756118774414,0.0026784995570778847
transformer,42,1,5,100,"620,680,740,800,860",32,0.0,0.0,10,7.002756118774414,0.0026784995570778847
transformer,42,1,6,100,"620,680,740,800,860",32,0.01070351805537939,0.14924085140228271,3,7.002756118774414,0.0026784995570778847
transformer,42,1,7,100,"620,680,740,800,860",32,0.0035437096375972033,0.04941050708293915,4,7.002756118774414,0.0026784995570778847
transformer,42,1,8,100,"620,680,740,800,860",32,0.0009446979966014624,0.013172074221074581,7,7.002756118774414,0.0026784995570778847
transformer,42,1,9,100,"620,680,740,800,860",32,0.0,0.0,10,7.002756118774414,0.0026784995570778847
transformer,42,1,10,100,"620,680,740,800,860",32,0.00020724322530440986,0.0028896252624690533,8,7.002756118774414,0.0026784995570778847
transformer,42,1,11,100,"620,680,740,800,860",32,4.1042163502424955e-05,0.0005722574423998594,9,7.002756118774414,0.0026784995570778847
transformer,42,4,1,100,"620,680,740,800,860",32,0.0019731654319912195,0.1272791028022766,4,0.6795092821121216,0.0019875881262123585
transformer,42,4,2,100,"620,680,740,800,860",32,0.0029162836726754904,0.1881149858236313,2,0.6795092821121216,0.0019875881262123585
transformer,42,4,3,100,"620,680,740,800,860",32,0.0014097646344453096,0.09093692153692245,6,0.6795092821121216,0.0019875881262123585
transformer,42,4,4,100,"620,680,740,800,860",32,0.001852372894063592,0.11948738247156143,5,0.6795092821121216,0.0019875881262123585
transformer,42,4,5,100,"620,680,740,800,860",32,0.0,0.0,10,0.6795092821121216,0.0019875881262123585
transformer,42,4,6,100,"620,680,740,800,860",32,0.0022918167524039745,0.1478337198495865,3,0.6795092821121216,0.0019875881262123585
transformer,42,4,7,100,"620,680,740,800,860",32,0.00048420202801935375,0.031233470886945724,7,0.6795092821121216,0.0019875881262123585
transformer,42,4,8,100,"620,680,740,800,860",32,0.00021354244381655008,0.013774563558399677,8,0.6795092821121216,0.0019875881262123585
transformer,42,4,9,100,"620,680,740,800,860",32,0.0,0.0,10,0.6795092821121216,0.0019875881262123585
transformer,42,4,10,100,"620,680,740,800,860",32,0.004227098543196917,0.27266913652420044,1,0.6795092821121216,0.0019875881262123585
transformer,42,4,11,100,"620,680,740,800,860",32,0.00013441800547298044,0.00867063831537962,9,0.6795092821121216,0.0019875881262123585
transformer,42,11,1,100,"620,680,740,800,860",32,0.001873405184596777,0.10021058470010757,5,1.2637450695037842,0.0015976339345797896
transformer,42,11,2,100,"620,680,740,800,860",32,0.002894022036343813,0.1548045426607132,2,1.2637450695037842,0.0015976339345797896
transformer,42,11,3,100,"620,680,740,800,860",32,0.001209174282848835,0.06468011438846588,6,1.2637450695037842,0.0015976339345797896
transformer,42,11,4,100,"620,680,740,800,860",32,0.0022394307889044285,0.11978971213102341,4,1.2637450695037842,0.0015976339345797896
transformer,42,11,5,100,"620,680,740,800,860",32,0.0,0.0,10,1.2637450695037842,0.0015976339345797896
transformer,42,11,6,100,"620,680,740,800,860",32,0.006782506126910448,0.36280399560928345,1,1.2637450695037842,0.0015976339345797896
transformer,42,11,7,100,"620,680,740,800,860",32,0.000667304324451834,0.035694871097803116,7,1.2637450695037842,0.0015976339345797896
transformer,42,11,8,100,"620,680,740,800,860",32,0.00020672328537330031,0.011057864874601364,8,1.2637450695037842,0.0015976339345797896
transformer,42,11,9,100,"620,680,740,800,860",32,0.0,0.0,10,1.2637450695037842,0.0015976339345797896
transformer,42,11,10,100,"620,680,740,800,860",32,0.0026917667128145695,0.14398567378520966,3,1.2637450695037842,0.0015976339345797896
transformer,42,11,11,100,"620,680,740,800,860",32,0.00013035170559305698,0.006972661707550287,9,1.2637450695037842,0.0015976339345797896
transformer,42,19,1,100,"620,680,740,800,860",32,0.0019193676998838782,0.06348297744989395,6,0.9317318797111511,0.004407856147736311
transformer,42,19,2,100,"620,680,740,800,860",32,0.0029721709433943033,0.0983043909072876,3,0.9317318797111511,0.004407856147736311
transformer,42,19,3,100,"620,680,740,800,860",32,0.0011221716413274407,0.03711576387286186,7,0.9317318797111511,0.004407856147736311
transformer,42,19,4,100,"620,680,740,800,860",32,0.0022296439856290817,0.07374534755945206,5,0.9317318797111511,0.004407856147736311
transformer,42,19,5,100,"620,680,740,800,860",32,0.0,0.0,10,0.9317318797111511,0.004407856147736311
transformer,42,19,6,100,"620,680,740,800,860",32,0.00270729698240757,0.08954370021820068,4,0.9317318797111511,0.004407856147736311
transformer,42,19,7,100,"620,680,740,800,860",32,0.011582749895751476,0.3830988109111786,1,0.9317318797111511,0.004407856147736311
transformer,42,19,8,100,"620,680,740,800,860",32,0.007471449673175812,0.2471177875995636,2,0.9317318797111511,0.004407856147736311
transformer,42,19,9,100,"620,680,740,800,860",32,0.0,0.0,10,0.9317318797111511,0.004407856147736311
transformer,42,19,10,100,"620,680,740,800,860",32,0.00010312032827641815,0.0034106990788131952,9,0.9317318797111511,0.004407856147736311
transformer,42,19,11,100,"620,680,740,800,860",32,0.00012639572378247976,0.004180531483143568,8,0.9317318797111511,0.004407856147736311
transformer,42,23,1,100,"620,680,740,800,860",32,0.0021099508740007877,0.19517512619495392,2,0.6084953546524048,0.0013536314945667982
transformer,42,23,2,100,"620,680,740,800,860",32,0.0026473437901586294,0.2448851615190506,1,0.6084953546524048,0.0013536314945667982
transformer,42,23,3,100,"620,680,740,800,860",32,0.0015739079099148512,0.14558996260166168,5,0.6084953546524048,0.0013536314945667982
transformer,42,23,4,100,"620,680,740,800,860",32,0.001606768579222262,0.14862965047359467,4,0.6084953546524048,0.0013536314945667982
transformer,42,23,5,100,"620,680,740,800,860",32,0.0,0.0,10,0.6084953546524048,0.0013536314945667982
transformer,42,23,6,100,"620,680,740,800,860",32,0.0020960457623004913,0.19388887286186218,3,0.6084953546524048,0.0013536314945667982
transformer,42,23,7,100,"620,680,740,800,860",32,0.0003766064182855189,0.03483692556619644,6,0.6084953546524048,0.0013536314945667982
transformer,42,23,8,100,"620,680,740,800,860",32,0.00018630881095305085,0.01723397709429264,7,0.6084953546524048,0.0013536314945667982
transformer,42,23,9,100,"620,680,740,800,860",32,0.0,0.0,10,0.6084953546524048,0.0013536314945667982
transformer,42,23,10,100,"620,680,740,800,860",32,8.4814200818073e-05,0.0078455014154315,9,0.6084953546524048,0.0013536314945667982
transformer,42,23,11,100,"620,680,740,800,860",32,0.00012880486610811204,0.011914734728634357,8,0.6084953546524048,0.0013536314945667982
transformer,42,25,1,100,"620,680,740,800,860",32,0.0017691468819975853,0.06195450574159622,3,0.9886735081672668,0.0036955871619284153
transformer,42,25,2,100,"620,680,740,800,860",32,0.01978890597820282,0.692996084690094,1,0.9886735081672668,0.0036955871619284153
transformer,42,25,3,100,"620,680,740,800,860",32,0.001238450757227838,0.0433698333799839,5,0.9886735081672668,0.0036955871619284153
transformer,42,25,4,100,"620,680,740,800,860",32,0.0017469418235123158,0.06117689609527588,4,0.9886735081672668,0.0036955871619284153
transformer,42,25,5,100,"620,680,740,800,860",32,0.0,0.0,10,0.9886735081672668,0.0036955871619284153
transformer,42,25,6,100,"620,680,740,800,860",32,0.0030975257977843285,0.10847356915473938,2,0.9886735081672668,0.0036955871619284153
transformer,42,25,7,100,"620,680,740,800,860",32,0.000519431137945503,0.018190179020166397,6,0.9886735081672668,0.0036955871619284153
transformer,42,25,8,100,"620,680,740,800,860",32,0.00018915180407930166,0.006623987108469009,7,0.9886735081672668,0.0036955871619284153
transformer,42,25,9,100,"620,680,740,800,860",32,0.0,0.0,10,0.9886735081672668,0.0036955871619284153
transformer,42,25,10,100,"620,680,740,800,860",32,8.212358079617843e-05,0.002875920385122299,9,0.9886735081672668,0.0036955871619284153
transformer,42,25,11,100,"620,680,740,800,860",32,0.00012390341726131737,0.004339026287198067,8,0.9886735081672668,0.0036955871619284153
transformer,42,26,1,100,"620,680,740,800,860",32,0.0014563489239662886,0.04976346716284752,4,1.010716199874878,0.0034562046639621258
transformer,42,26,2,100,"620,680,740,800,860",32,0.0019887671805918217,0.06795620918273926,3,1.010716199874878,0.0034562046639621258
transformer,42,26,3,100,"620,680,740,800,860",32,0.0012162498896941543,0.04155927896499634,5,1.010716199874878,0.0034562046639621258
transformer,42,26,4,100,"620,680,740,800,860",32,0.02018885128200054,0.6898534297943115,1,1.010716199874878,0.0034562046639621258
transformer,42,26,5,100,"620,680,740,800,860",32,0.0,0.0,10,1.010716199874878,0.0034562046639621258
transformer,42,26,6,100,"620,680,740,800,860",32,0.003761993022635579,0.12854737043380737,2,1.010716199874878,0.0034562046639621258
transformer,42,26,7,100,"620,680,740,800,860",32,0.00032180637936107814,0.010996129363775253,6,1.010716199874878,0.0034562046639621258
transformer,42,26,8,100,"620,680,740,800,860",32,0.0001563382538734004,0.005342080723494291,7,1.010716199874878,0.0034562046639621258
transformer,42,26,9,100,"620,680,740,800,860",32,0.0,0.0,10,1.010716199874878,0.0034562046639621258
transformer,42,26,10,100,"620,680,740,800,860",32,6.776565714972094e-05,0.002315553603693843,9,1.010716199874878,0.0034562046639621258
transformer,42,26,11,100,"620,680,740,800,860",32,0.00010730064241215587,0.003666464937850833,8,1.010716199874878,0.0034562046639621258
transformer,42,27,1,100,"620,680,740,800,860",32,0.001750644063577056,0.14715054631233215,4,0.7810957431793213,0.0013080766657367349
transformer,42,27,2,100,"620,680,740,800,860",32,0.002408699132502079,0.20246341824531555,2,0.7810957431793213,0.0013080766657367349
transformer,42,27,3,100,"620,680,740,800,860",32,0.0012320262612774968,0.10355807840824127,5,0.7810957431793213,0.0013080766657367349
transformer,42,27,4,100,"620,680,740,800,860",32,0.001967004965990782,0.16533677279949188,3,0.7810957431793213,0.0013080766657367349
transformer,42,27,5,100,"620,680,740,800,860",32,0.0,0.0,10,0.7810957431793213,0.0013080766657367349
transformer,42,27,6,100,"620,680,740,800,860",32,0.0030090685468167067,0.2529275417327881,1,0.7810957431793213,0.0013080766657367349
transformer,42,27,7,100,"620,680,740,800,860",32,0.0003737436782103032,0.03141506016254425,7,0.7810957431793213,0.0013080766657367349
transformer,42,27,8,100,"620,680,740,800,860",32,0.00020315643632784486,0.01707633212208748,8,0.7810957431793213,0.0013080766657367349
transformer,42,27,9,100,"620,680,740,800,860",32,0.0,0.0,10,0.7810957431793213,0.0013080766657367349
transformer,42,27,10,100,"620,680,740,800,860",32,0.0008313406142406166,0.06987840682268143,6,0.7810957431793213,0.0013080766657367349
transformer,42,27,11,100,"620,680,740,800,860",32,0.000121275894343853,0.010193856433033943,9,0.7810957431793213,0.0013080766657367349
transformer,43,1,1,100,"620,680,740,800,860",32,0.0019164095865562558,0.030435863882303238,6,7.06150484085083,0.0017135490197688341
transformer,43,1,2,100,"620,680,740,800,860",32,0.0029727297369390726,0.047212038189172745,5,7.06150484085083,0.0017135490197688341
transformer,43,1,3,100,"620,680,740,800,860",32,0.028201205655932426,0.4478834271430969,1,7.06150484085083,0.0017135490197688341
transformer,43,1,4,100,"620,680,740,800,860",32,0.0165556687861681,0.26293236017227173,2,7.06150484085083,0.0017135490197688341
transformer,43,1,5,100,"620,680,740,800,860",32,0.0,0.0,10,7.06150484085083,0.0017135490197688341
transformer,43,1,6,100,"620,680,740,800,860",32,0.00827894825488329,0.13148386776447296,3,7.06150484085083,0.0017135490197688341
transformer,43,1,7,100,"620,680,740,800,860",32,0.003935493994504213,0.06250238418579102,4,7.06150484085083,0.0017135490197688341
transformer,43,1,8,100,"620,680,740,800,860",32,0.000889899383764714,0.01413312554359436,7,7.06150484085083,0.0017135490197688341
transformer,43,1,9,100,"620,680,740,800,860",32,0.0,0.0,10,7.06150484085083,0.0017135490197688341
transformer,43,1,10,100,"620,680,740,800,860",32,0.00015930907102301717,0.002530100755393505,8,7.06150484085083,0.0017135490197688341
transformer,43,1,11,100,"620,680,740,800,860",32,5.584121754509397e-05,0.0008868541335687041,9,7.06150484085083,0.0017135490197688341
transformer,43,4,1,100,"620,680,740,800,860",32,0.0018153410637751222,0.13279299437999725,4,0.6700959801673889,0.0011664637131616473
transformer,43,4,2,100,"620,680,740,800,860",32,0.0023780723568052053,0.17395703494548798,2,0.6700959801673889,0.0011664637131616473
transformer,43,4,3,100,"620,680,740,800,860",32,0.001431635464541614,0.10472476482391357,6,0.6700959801673889,0.0011664637131616473
transformer,43,4,4,100,"620,680,740,800,860",32,0.0018942595925182104,0.13856592774391174,3,0.6700959801673889,0.0011664637131616473
transformer,43,4,5,100,"620,680,740,800,860",32,0.0,0.0,10,0.6700959801673889,0.0011664637131616473
transformer,43,4,6,100,"620,680,740,800,860",32,0.0017184717580676079,0.1257069706916809,5,0.6700959801673889,0.0011664637131616473
transformer,43,4,7,100,"620,680,740,800,860",32,0.0003988149401266128,0.029173489660024643,7,0.6700959801673889,0.0011664637131616473
transformer,43,4,8,100,"620,680,740,800,860",32,0.000171047227922827,0.012512180022895336,8,0.6700959801673889,0.0011664637131616473
transformer,43,4,9,100,"620,680,740,800,860",32,0.0,0.0,10,0.6700959801673889,0.0011664637131616473
transformer,43,4,10,100,"620,680,740,800,860",32,0.0037325765006244183,0.2730396091938019,1,0.6700959801673889,0.0011664637131616473
transformer,43,4,11,100,"620,680,740,800,860",32,0.0001302378805121407,0.00952695868909359,9,0.6700959801673889,0.0011664637131616473
transformer,43,11,1,100,"620,680,740,800,860",32,0.0017297554295510054,0.10486295819282532,5,1.2810839414596558,0.0013497777981683612
transformer,43,11,2,100,"620,680,740,800,860",32,0.0023475943598896265,0.14231820404529572,3,1.2810839414596558,0.0013497777981683612
transformer,43,11,3,100,"620,680,740,800,860",32,0.0011412474559620023,0.06918584555387497,6,1.2810839414596558,0.0013497777981683612
transformer,43,11,4,100,"620,680,740,800,860",32,0.002073334762826562,0.12569177150726318,4,1.2810839414596558,0.0013497777981683612
transformer,43,11,5,100,"620,680,740,800,860",32,0.0,0.0,10,1.2810839414596558,0.0013497777981683612
transformer,43,11,6,100,"620,680,740,800,860",32,0.005384123884141445,0.3264017403125763,1,1.2810839414596558,0.0013497777981683612
transformer,43,11,7,100,"620,680,740,800,860",32,0.0006481088930740952,0.039290305227041245,7,1.2810839414596558,0.0013497777981683612
transformer,43,11,8,100,"620,680,740,800,860",32,0.00020095412037335336,0.012182441540062428,8,1.2810839414596558,0.0013497777981683612
transformer,43,11,9,100,"620,680,740,800,860",32,0.0,0.0,10,1.2810839414596558,0.0013497777981683612
transformer,43,11,10,100,"620,680,740,800,860",32,0.002844627480953932,0.17244984209537506,2,1.2810839414596558,0.0013497777981683612
transformer,43,11,11,100,"620,680,740,800,860",32,0.00012564283679239452,0.007616845425218344,9,1.2810839414596558,0.0013497777981683612
transformer,43,19,1,100,"620,680,740,800,860",32,0.0018908125348389149,0.059567421674728394,6,0.9852427244186401,0.0037525896914303303
transformer,43,19,2,100,"620,680,740,800,860",32,0.0028953615110367537,0.09121433645486832,3,0.9852427244186401,0.0037525896914303303
transformer,43,19,3,100,"620,680,740,800,860",32,0.001251162844710052,0.03941614553332329,7,0.9852427244186401,0.0037525896914303303
transformer,43,19,4,100,"620,680,740,800,860",32,0.002292533405125141,0.07222307473421097,4,0.9852427244186401,0.0037525896914303303
transformer,43,19,5,100,"620,680,740,800,860",32,0.0,0.0,10,0.9852427244186401,0.0037525896914303303
transformer,43,19,6,100,"620,680,740,800,860",32,0.002163769444450736,0.06816654652357101,5,0.9852427244186401,0.0037525896914303303
transformer,43,19,7,100,"620,680,740,800,860",32,0.013242875225841999,0.41719838976860046,1,0.9852427244186401,0.0037525896914303303
transformer,43,19,8,100,"620,680,740,800,860",32,0.007763368543237448,0.24457412958145142,2,0.9852427244186401,0.0037525896914303303
transformer,43,19,9,100,"620,680,740,800,860",32,0.0,0.0,10,0.9852427244186401,0.0037525896914303303
transformer,43,19,10,100,"620,680,740,800,860",32,0.00011430674203438684,0.003601074917241931,9,0.9852427244186401,0.0037525896914303303
transformer,43,19,11,100,"620,680,740,800,860",32,0.0001282005396205932,0.0040387799963355064,8,0.9852427244186401,0.0037525896914303303
transformer,43,23,1,100,"620,680,740,800,860",32,0.0019287870964035392,0.20098014175891876,2,0.6141203045845032,0.0009821827989071608
transformer,43,23,2,100,"620,680,740,800,860",32,0.0020884827245026827,0.21762047708034515,1,0.6141203045845032,0.0009821827989071608
transformer,43,23,3,100,"620,680,740,800,860",32,0.0015541194006800652,0.16193966567516327,5,0.6141203045845032,0.0009821827989071608
transformer,43,23,4,100,"620,680,740,800,860",32,0.0016462854109704494,0.17154338955879211,3,0.6141203045845032,0.0009821827989071608
transformer,43,23,5,100,"620,680,740,800,860",32,0.0,0.0,10,0.6141203045845032,0.0009821827989071608
transformer,43,23,6,100,"620,680,740,800,860",32,0.0016323523595929146,0.17009156942367554,4,0.6141203045845032,0.0009821827989071608
transformer,43,23,7,100,"620,680,740,800,860",32,0.0003637205809354782,0.03789978474378586,6,0.6141203045845032,0.0009821827989071608
transformer,43,23,8,100,"620,680,740,800,860",32,0.0001601911208126694,0.016691958531737328,7,0.6141203045845032,0.0009821827989071608
transformer,43,23,9,100,"620,680,740,800,860",32,0.0,0.0,10,0.6141203045845032,0.0009821827989071608
transformer,43,23,10,100,"620,680,740,800,860",32,8.778669143794104e-05,0.009147397242486477,9,0.6141203045845032,0.0009821827989071608
transformer,43,23,11,100,"620,680,740,800,860",32,0.000135178750497289,0.014085662551224232,8,0.6141203045845032,0.0009821827989071608
transformer,43,25,1,100,"620,680,740,800,860",32,0.0021146168000996113,0.06500139832496643,3,1.098166823387146,0.0048230234533548355
transformer,43,25,2,100,"620,680,740,800,860",32,0.024235285818576813,0.7449706792831421,1,1.098166823387146,0.0048230234533548355
transformer,43,25,3,100,"620,680,740,800,860",32,0.0011297332821413875,0.03472697734832764,5,1.098166823387146,0.0048230234533548355
transformer,43,25,4,100,"620,680,740,800,860",32,0.0018004116136580706,0.05534301698207855,4,1.098166823387146,0.0048230234533548355
transformer,43,25,5,100,"620,680,740,800,860",32,0.0,0.0,10,1.098166823387146,0.0048230234533548355
transformer,43,25,6,100,"620,680,740,800,860",32,0.002264448208734393,0.06960707902908325,2,1.098166823387146,0.0048230234533548355
transformer,43,25,7,100,"620,680,740,800,860",32,0.0005769087583757937,0.017733652144670486,6,1.098166823387146,0.0048230234533548355
transformer,43,25,8,100,"620,680,740,800,860",32,0.00018792391347233206,0.005776610691100359,7,1.098166823387146,0.0048230234533548355
transformer,43,25,9,100,"620,680,740,800,860",32,0.0,0.0,10,1.098166823387146,0.0048230234533548355
transformer,43,25,10,100,"620,680,740,800,860",32,9.140664769802243e-05,0.0028097573667764664,9,1.098166823387146,0.0048230234533548355
transformer,43,25,11,100,"620,680,740,800,860",32,0.00013112994201947004,0.004030815325677395,8,1.098166823387146,0.0048230234533548355
transformer,43,26,1,100,"620,680,740,800,860",32,0.0013777437852695584,0.049956563860177994,4,1.010275959968567,0.003495429642498493
transformer,43,26,2,100,"620,680,740,800,860",32,0.0018332470208406448,0.06647296994924545,3,1.010275959968567,0.003495429642498493
transformer,43,26,3,100,"620,680,740,800,860",32,0.0011239059967920184,0.040752485394477844,5,1.010275959968567,0.003495429642498493
transformer,43,26,4,100,"620,680,740,800,860",32,0.01970750093460083,0.7145878672599792,1,1.010275959968567,0.003495429642498493
transformer,43,26,5,100,"620,680,740,800,860",32,0.0,0.0,10,1.010275959968567,0.003495429642498493
transformer,43,26,6,100,"620,680,740,800,860",32,0.002912645461037755,0.10561162233352661,2,1.010275959968567,0.003495429642498493
transformer,43,26,7,100,"620,680,740,800,860",32,0.00029040564550086856,0.01053001917898655,6,1.010275959968567,0.003495429642498493
transformer,43,26,8,100,"620,680,740,800,860",32,0.000152113992953673,0.005515606142580509,7,1.010275959968567,0.003495429642498493
transformer,43,26,9,100,"620,680,740,800,860",32,0.0,0.0,10,1.010275959968567,0.003495429642498493
transformer,43,26,10,100,"620,680,740,800,860",32,7.347919745370746e-05,0.002664332976564765,9,1.010275959968567,0.003495429642498493
transformer,43,26,11,100,"620,680,740,800,860",32,0.00010779345029732212,0.00390855735167861,8,1.010275959968567,0.003495429642498493
transformer,43,27,1,100,"620,680,740,800,860",32,0.0014986094320192933,0.1489710807800293,4,0.7834847569465637,0.0007267716573551297
transformer,43,27,2,100,"620,680,740,800,860",32,0.0019105657702311873,0.18992209434509277,2,0.7834847569465637,0.0007267716573551297
transformer,43,27,3,100,"620,680,740,800,860",32,0.0011940548429265618,0.11869646608829498,5,0.7834847569465637,0.0007267716573551297
transformer,43,27,4,100,"620,680,740,800,860",32,0.0017934031784534454,0.17827540636062622,3,0.7834847569465637,0.0007267716573551297
transformer,43,27,5,100,"620,680,740,800,860",32,0.0,0.0,10,0.7834847569465637,0.0007267716573551297
transformer,43,27,6,100,"620,680,740,800,860",32,0.0022424100898206234,0.22290948033332825,1,0.7834847569465637,0.0007267716573551297
transformer,43,27,7,100,"620,680,740,800,860",32,0.0003465678310021758,0.034450992941856384,7,0.7834847569465637,0.0007267716573551297
transformer,43,27,8,100,"620,680,740,800,860",32,0.0001771480165189132,0.01760961301624775,8,0.7834847569465637,0.0007267716573551297
transformer,43,27,9,100,"620,680,740,800,860",32,0.0,0.0,10,0.7834847569465637,0.0007267716573551297
transformer,43,27,10,100,"620,680,740,800,860",32,0.0007749515934847295,0.07703500241041183,6,0.7834847569465637,0.0007267716573551297
transformer,43,27,11,100,"620,680,740,800,860",32,0.00012202250945847481,0.01212979480624199,9,0.7834847569465637,0.0007267716573551297
transformer,44,1,1,100,"620,680,740,800,860",32,0.0016637177905067801,0.02278750389814377,6,7.1515421867370605,0.001321294461376965
transformer,44,1,2,100,"620,680,740,800,860",32,0.0027041735593229532,0.037038352340459824,5,7.1515421867370605,0.001321294461376965
transformer,44,1,3,100,"620,680,740,800,860",32,0.037070922553539276,0.5077506303787231,1,7.1515421867370605,0.001321294461376965
transformer,44,1,4,100,"620,680,740,800,860",32,0.019768670201301575,0.2707662582397461,2,7.1515421867370605,0.001321294461376965
transformer,44,1,5,100,"620,680,740,800,860",32,0.0,0.0,10,7.1515421867370605,0.001321294461376965
transformer,44,1,6,100,"620,680,740,800,860",32,0.007212827913463116,0.09879220277070999,3,7.1515421867370605,0.001321294461376965
transformer,44,1,7,100,"620,680,740,800,860",32,0.0036266380921006203,0.04967310652136803,4,7.1515421867370605,0.001321294461376965
transformer,44,1,8,100,"620,680,740,800,860",32,0.0008291646954603493,0.011356850154697895,7,7.1515421867370605,0.001321294461376965
transformer,44,1,9,100,"620,680,740,800,860",32,0.0,0.0,10,7.1515421867370605,0.001321294461376965
transformer,44,1,10,100,"620,680,740,800,860",32,8.317933679791167e-05,0.0011392853921279311,8,7.1515421867370605,0.001321294461376965
transformer,44,1,11,100,"620,680,740,800,860",32,5.079692346043885e-05,0.0006957520381547511,9,7.1515421867370605,0.001321294461376965
transformer,44,4,1,100,"620,680,740,800,860",32,0.001924971817061305,0.1322774887084961,4,0.6600230932235718,0.0014001464005559683
transformer,44,4,2,100,"620,680,740,800,860",32,0.003069514874368906,0.2109265774488449,2,0.6600230932235718,0.0014001464005559683
transformer,44,4,3,100,"620,680,740,800,860",32,0.0014284809585660696,0.09816033393144608,6,0.6600230932235718,0.0014001464005559683
transformer,44,4,4,100,"620,680,740,800,860",32,0.00184624211397022,0.12686744332313538,5,0.6600230932235718,0.0014001464005559683
transformer,44,4,5,100,"620,680,740,800,860",32,0.0,0.0,10,0.6600230932235718,0.0014001464005559683
transformer,44,4,6,100,"620,680,740,800,860",32,0.0019347637426108122,0.13295035064220428,3,0.6600230932235718,0.0014001464005559683
transformer,44,4,7,100,"620,680,740,800,860",32,0.0005117663531564176,0.03516683354973793,7,0.6600230932235718,0.0014001464005559683
transformer,44,4,8,100,"620,680,740,800,860",32,0.00024445366580039263,0.016798021271824837,8,0.6600230932235718,0.0014001464005559683
transformer,44,4,9,100,"620,680,740,800,860",32,0.0,0.0,10,0.6600230932235718,0.0014001464005559683
transformer,44,4,10,100,"620,680,740,800,860",32,0.0034403097815811634,0.2364063262939453,1,0.6600230932235718,0.0014001464005559683
transformer,44,4,11,100,"620,680,740,800,860",32,0.0001520249934401363,0.010446637868881226,9,0.6600230932235718,0.0014001464005559683
transformer,44,11,1,100,"620,680,740,800,860",32,0.0019344233442097902,0.11128155887126923,5,1.2524306774139404,0.001337469439022243
transformer,44,11,2,100,"620,680,740,800,860",32,0.002958261175081134,0.17017987370491028,2,1.2524306774139404,0.001337469439022243
transformer,44,11,3,100,"620,680,740,800,860",32,0.001185879111289978,0.06822006404399872,6,1.2524306774139404,0.001337469439022243
transformer,44,11,4,100,"620,680,740,800,860",32,0.0022378903813660145,0.1287391036748886,4,1.2524306774139404,0.001337469439022243
transformer,44,11,5,100,"620,680,740,800,860",32,0.0,0.0,10,1.2524306774139404,0.001337469439022243
transformer,44,11,6,100,"620,680,740,800,860",32,0.005455189384520054,0.31382066011428833,1,1.2524306774139404,0.001337469439022243
transformer,44,11,7,100,"620,680,740,800,860",32,0.0007996573694981635,0.04600188508629799,7,1.2524306774139404,0.001337469439022243
transformer,44,11,8,100,"620,680,740,800,860",32,0.00024043342273216695,0.01383141241967678,8,1.2524306774139404,0.001337469439022243
transformer,44,11,9,100,"620,680,740,800,860",32,0.0,0.0,10,1.2524306774139404,0.001337469439022243
transformer,44,11,10,100,"620,680,740,800,860",32,0.0024296236224472523,0.13976894319057465,3,1.2524306774139404,0.001337469439022243
transformer,44,11,11,100,"620,680,740,800,860",32,0.0001417856547050178,0.00815650261938572,9,1.2524306774139404,0.001337469439022243
transformer,44,19,1,100,"620,680,740,800,860",32,0.0026802336797118187,0.06294221431016922,4,0.9625210165977478,0.003882249817252159
transformer,44,19,2,100,"620,680,740,800,860",32,0.004160312470048666,0.09770016372203827,3,0.9625210165977478,0.003882249817252159
transformer,44,19,3,100,"620,680,740,800,860",32,0.0015543713234364986,0.03650262579321861,7,0.9625210165977478,0.003882249817252159
transformer,44,19,4,100,"620,680,740,800,860",32,0.002485472010448575,0.05836845561861992,6,0.9625210165977478,0.003882249817252159
transformer,44,19,5,100,"620,680,740,800,860",32,0.0,0.0,10,0.9625210165977478,0.003882249817252159
transformer,44,19,6,100,"620,680,740,800,860",32,0.0025782459415495396,0.06054714694619179,5,0.9625210165977478,0.003882249817252159
transformer,44,19,7,100,"620,680,740,800,860",32,0.01914682425558567,0.4496411979198456,1,0.9625210165977478,0.003882249817252159
transformer,44,19,8,100,"620,680,740,800,860",32,0.009677084162831306,0.2272552102804184,2,0.9625210165977478,0.003882249817252159
transformer,44,19,9,100,"620,680,740,800,860",32,0.0,0.0,10,0.9625210165977478,0.003882249817252159
transformer,44,19,10,100,"620,680,740,800,860",32,0.00010807585931615904,0.002538037486374378,9,0.9625210165977478,0.003882249817252159
transformer,44,19,11,100,"620,680,740,800,860",32,0.00019183376571163535,0.004504995886236429,8,0.9625210165977478,0.003882249817252159
transformer,44,23,1,100,"620,680,740,800,860",32,0.0021545470226556063,0.1995547115802765,2,0.6085997223854065,0.0011631769593805075
transformer,44,23,2,100,"620,680,740,800,860",32,0.002737250877544284,0.25352489948272705,1,0.6085997223854065,0.0011631769593805075
transformer,44,23,3,100,"620,680,740,800,860",32,0.001618804526515305,0.1499340981245041,5,0.6085997223854065,0.0011631769593805075
transformer,44,23,4,100,"620,680,740,800,860",32,0.0017713104607537389,0.16405925154685974,3,0.6085997223854065,0.0011631769593805075
transformer,44,23,5,100,"620,680,740,800,860",32,0.0,0.0,10,0.6085997223854065,0.0011631769593805075
transformer,44,23,6,100,"620,680,740,800,860",32,0.0017210253281518817,0.1594018191099167,4,0.6085997223854065,0.0011631769593805075
transformer,44,23,7,100,"620,680,740,800,860",32,0.00038437492912635207,0.03560090810060501,6,0.6085997223854065,0.0011631769593805075
transformer,44,23,8,100,"620,680,740,800,860",32,0.00020654195395763963,0.01912997104227543,7,0.6085997223854065,0.0011631769593805075
transformer,44,23,9,100,"620,680,740,800,860",32,0.0,0.0,10,0.6085997223854065,0.0011631769593805075
transformer,44,23,10,100,"620,680,740,800,860",32,6.693581235595047e-05,0.006199612747877836,9,0.6085997223854065,0.0011631769593805075
transformer,44,23,11,100,"620,680,740,800,860",32,0.00013598203076981008,0.012594691477715969,8,0.6085997223854065,0.0011631769593805075
transformer,44,25,1,100,"620,680,740,800,860",32,0.0018258371856063604,0.053848136216402054,4,0.9753687977790833,0.004142395220696926
transformer,44,25,2,100,"620,680,740,800,860",32,0.024963662028312683,0.7362357974052429,1,0.9753687977790833,0.004142395220696926
transformer,44,25,3,100,"620,680,740,800,860",32,0.0012810929911211133,0.03778237849473953,5,0.9753687977790833,0.004142395220696926
transformer,44,25,4,100,"620,680,740,800,860",32,0.0019191474420949817,0.056600071489810944,3,0.9753687977790833,0.004142395220696926
transformer,44,25,5,100,"620,680,740,800,860",32,0.0,0.0,10,0.9753687977790833,0.004142395220696926
transformer,44,25,6,100,"620,680,740,800,860",32,0.0027608389500528574,0.08142349123954773,2,0.9753687977790833,0.004142395220696926
transformer,44,25,7,100,"620,680,740,800,860",32,0.0007075790781527758,0.02086813375353813,6,0.9753687977790833,0.004142395220696926
transformer,44,25,8,100,"620,680,740,800,860",32,0.00022685507428832352,0.0066904774866998196,7,0.9753687977790833,0.004142395220696926
transformer,44,25,9,100,"620,680,740,800,860",32,0.0,0.0,10,0.9753687977790833,0.004142395220696926
transformer,44,25,10,100,"620,680,740,800,860",32,6.730900349793956e-05,0.0019850973039865494,9,0.9753687977790833,0.004142395220696926
transformer,44,25,11,100,"620,680,740,800,860",32,0.00015483588504139334,0.004566466435790062,8,0.9753687977790833,0.004142395220696926
transformer,44,26,1,100,"620,680,740,800,860",32,0.0015720623778179288,0.047538645565509796,4,1.0010969638824463,0.004027899354696274
transformer,44,26,2,100,"620,680,740,800,860",32,0.0022903091739863157,0.0692581906914711,3,1.0010969638824463,0.004027899354696274
transformer,44,26,3,100,"620,680,740,800,860",32,0.0013629018794745207,0.04121370241045952,5,1.0010969638824463,0.004027899354696274
transformer,44,26,4,100,"620,680,740,800,860",32,0.023681027814745903,0.7161064743995667,1,1.0010969638824463,0.004027899354696274
transformer,44,26,5,100,"620,680,740,800,860",32,0.0,0.0,10,1.0010969638824463,0.004027899354696274
transformer,44,26,6,100,"620,680,740,800,860",32,0.0034449445083737373,0.10417398065328598,2,1.0010969638824463,0.004027899354696274
transformer,44,26,7,100,"620,680,740,800,860",32,0.0003311629989184439,0.01001425925642252,6,1.0010969638824463,0.004027899354696274
transformer,44,26,8,100,"620,680,740,800,860",32,0.0002174642722820863,0.006576047744601965,7,1.0010969638824463,0.004027899354696274
transformer,44,26,9,100,"620,680,740,800,860",32,0.0,0.0,10,1.0010969638824463,0.004027899354696274
transformer,44,26,10,100,"620,680,740,800,860",32,5.6042616051854566e-05,0.0016947101103141904,9,1.0010969638824463,0.004027899354696274
transformer,44,26,11,100,"620,680,740,800,860",32,0.00011323136277496815,0.0034240789245814085,8,1.0010969638824463,0.004027899354696274
transformer,44,27,1,100,"620,680,740,800,860",32,0.0016525776591151953,0.15031805634498596,4,0.7758929133415222,0.0011344238882884383
transformer,44,27,2,100,"620,680,740,800,860",32,0.0024018175899982452,0.21846874058246613,1,0.7758929133415222,0.0011344238882884383
transformer,44,27,3,100,"620,680,740,800,860",32,0.001246352563612163,0.11336793005466461,5,0.7758929133415222,0.0011344238882884383
transformer,44,27,4,100,"620,680,740,800,860",32,0.0019630719907581806,0.1785605549812317,3,0.7758929133415222,0.0011344238882884383
transformer,44,27,5,100,"620,680,740,800,860",32,0.0,0.0,10,0.7758929133415222,0.0011344238882884383
transformer,44,27,6,100,"620,680,740,800,860",32,0.0023577630054205656,0.214461550116539,2,0.7758929133415222,0.0011344238882884383
transformer,44,27,7,100,"620,680,740,800,860",32,0.00037972122663632035,0.034539349377155304,7,0.7758929133415222,0.0011344238882884383
transformer,44,27,8,100,"620,680,740,800,860",32,0.0002311786520294845,0.021027954295277596,8,0.7758929133415222,0.0011344238882884383
transformer,44,27,9,100,"620,680,740,800,860",32,0.0,0.0,10,0.7758929133415222,0.0011344238882884383
transformer,44,27,10,100,"620,680,740,800,860",32,0.0006343495915643871,0.05770028382539749,6,0.7758929133415222,0.0011344238882884383
transformer,44,27,11,100,"620,680,740,800,860",32,0.00012703979155048728,0.011555508710443974,9,0.7758929133415222,0.0011344238882884383
transformer,45,1,1,100,"620,680,740,800,860",32,0.0022373010870069265,0.029711898416280746,6,7.052030086517334,0.0012148636160418391
transformer,45,1,2,100,"620,680,740,800,860",32,0.003446087008342147,0.04576486721634865,5,7.052030086517334,0.0012148636160418391
transformer,45,1,3,100,"620,680,740,800,860",32,0.03291167691349983,0.43707501888275146,1,7.052030086517334,0.0012148636160418391
transformer,45,1,4,100,"620,680,740,800,860",32,0.019835565239191055,0.26342108845710754,2,7.052030086517334,0.0012148636160418391
transformer,45,1,5,100,"620,680,740,800,860",32,0.0,0.0,10,7.052030086517334,0.0012148636160418391
transformer,45,1,6,100,"620,680,740,800,860",32,0.012305562384426594,0.16342084109783173,3,7.052030086517334,0.0012148636160418391
transformer,45,1,7,100,"620,680,740,800,860",32,0.0035807916428893805,0.04755377769470215,4,7.052030086517334,0.0012148636160418391
transformer,45,1,8,100,"620,680,740,800,860",32,0.0007009789696894586,0.009309169836342335,7,7.052030086517334,0.0012148636160418391
transformer,45,1,9,100,"620,680,740,800,860",32,0.0,0.0,10,7.052030086517334,0.0012148636160418391
transformer,45,1,10,100,"620,680,740,800,860",32,0.00022537716722581536,0.0029930630698800087,8,7.052030086517334,0.0012148636160418391
transformer,45,1,11,100,"620,680,740,800,860",32,5.650092862197198e-05,0.0007503459928557277,9,7.052030086517334,0.0012148636160418391
transformer,45,4,1,100,"620,680,740,800,860",32,0.0020727997180074453,0.12653160095214844,3,0.6895735263824463,0.0018049065256491303
transformer,45,4,2,100,"620,680,740,800,860",32,0.0031283008866012096,0.19096343219280243,2,0.6895735263824463,0.0018049065256491303
transformer,45,4,3,100,"620,680,740,800,860",32,0.0014753099530935287,0.09005855023860931,6,0.6895735263824463,0.0018049065256491303
transformer,45,4,4,100,"620,680,740,800,860",32,0.001919626840390265,0.11718135327100754,5,0.6895735263824463,0.0018049065256491303
transformer,45,4,5,100,"620,680,740,800,860",32,0.0,0.0,10,0.6895735263824463,0.0018049065256491303
transformer,45,4,6,100,"620,680,740,800,860",32,0.0019505692180246115,0.11907019466161728,4,0.6895735263824463,0.0018049065256491303
transformer,45,4,7,100,"620,680,740,800,860",32,0.00046008871868252754,0.02808557264506817,7,0.6895735263824463,0.0018049065256491303
transformer,45,4,8,100,"620,680,740,800,860",32,0.00017566559836268425,0.010723298415541649,8,0.6895735263824463,0.0018049065256491303
transformer,45,4,9,100,"620,680,740,800,860",32,0.0,0.0,10,0.6895735263824463,0.0018049065256491303
transformer,45,4,10,100,"620,680,740,800,860",32,0.005076263565570116,0.3098745048046112,1,0.6895735263824463,0.0018049065256491303
transformer,45,4,11,100,"620,680,740,800,860",32,0.00012305172276683152,0.007511546835303307,9,0.6895735263824463,0.0018049065256491303
transformer,45,11,1,100,"620,680,740,800,860",32,0.001704230671748519,0.09549536556005478,5,1.2731859683990479,0.001458874554373324
transformer,45,11,2,100,"620,680,740,800,860",32,0.0026025352999567986,0.14583122730255127,3,1.2731859683990479,0.001458874554373324
transformer,45,11,3,100,"620,680,740,800,860",32,0.0011674035340547562,0.06541463732719421,6,1.2731859683990479,0.001458874554373324
transformer,45,11,4,100,"620,680,740,800,860",32,0.0021983375772833824,0.12318229675292969,4,1.2731859683990479,0.001458874554373324
transformer,45,11,5,100,"620,680,740,800,860",32,0.0,0.0,10,1.2731859683990479,0.001458874554373324
transformer,45,11,6,100,"620,680,740,800,860",32,0.006110938265919685,0.34242212772369385,1,1.2731859683990479,0.001458874554373324
transformer,45,11,7,100,"620,680,740,800,860",32,0.0006690223817713559,0.037488196045160294,7,1.2731859683990479,0.001458874554373324
transformer,45,11,8,100,"620,680,740,800,860",32,0.0001889192353701219,0.010585956275463104,8,1.2731859683990479,0.001458874554373324
transformer,45,11,9,100,"620,680,740,800,860",32,0.0,0.0,10,1.2731859683990479,0.001458874554373324
transformer,45,11,10,100,"620,680,740,800,860",32,0.0030918370466679335,0.17324890196323395,2,1.2731859683990479,0.001458874554373324
transformer,45,11,11,100,"620,680,740,800,860",32,0.00011299005564069375,0.006331318058073521,9,1.2731859683990479,0.001458874554373324
transformer,45,19,1,100,"620,680,740,800,860",32,0.0019224726129323244,0.04936613515019417,6,0.9944663047790527,0.004228540696203709
transformer,45,19,2,100,"620,680,740,800,860",32,0.003124722046777606,0.08023805171251297,3,0.9944663047790527,0.004228540696203709
transformer,45,19,3,100,"620,680,740,800,860",32,0.001464862609282136,0.03761541470885277,7,0.9944663047790527,0.004228540696203709
transformer,45,19,4,100,"620,680,740,800,860",32,0.0025210510939359665,0.06473670899868011,5,0.9944663047790527,0.004228540696203709
transformer,45,19,5,100,"620,680,740,800,860",32,0.0,0.0,10,0.9944663047790527,0.004228540696203709
transformer,45,19,6,100,"620,680,740,800,860",32,0.0026274865958839655,0.06746981292963028,4,0.9944663047790527,0.004228540696203709
transformer,45,19,7,100,"620,680,740,800,860",32,0.01898224465548992,0.4874348044395447,1,0.9944663047790527,0.004228540696203709
transformer,45,19,8,100,"620,680,740,800,860",32,0.007997475564479828,0.20536285638809204,2,0.9944663047790527,0.004228540696203709
transformer,45,19,9,100,"620,680,740,800,860",32,0.0,0.0,10,0.9944663047790527,0.004228540696203709
transformer,45,19,10,100,"620,680,740,800,860",32,0.00015126830840017647,0.003884337143972516,9,0.9944663047790527,0.004228540696203709
transformer,45,19,11,100,"620,680,740,800,860",32,0.00015156343579292297,0.003891915548592806,8,0.9944663047790527,0.004228540696203709
transformer,45,23,1,100,"620,680,740,800,860",32,0.0019756366964429617,0.19298122823238373,2,0.6085895895957947,0.0017822305671870708
transformer,45,23,2,100,"620,680,740,800,860",32,0.0024385573342442513,0.23819956183433533,1,0.6085895895957947,0.0017822305671870708
transformer,45,23,3,100,"620,680,740,800,860",32,0.001547201187349856,0.15113142132759094,5,0.6085895895957947,0.0017822305671870708
transformer,45,23,4,100,"620,680,740,800,860",32,0.0017097432864829898,0.16700862348079681,4,0.6085895895957947,0.0017822305671870708
transformer,45,23,5,100,"620,680,740,800,860",32,0.0,0.0,10,0.6085895895957947,0.0017822305671870708
transformer,45,23,6,100,"620,680,740,800,860",32,0.0018000141717493534,0.1758263260126114,3,0.6085895895957947,0.0017822305671870708
transformer,45,23,7,100,"620,680,740,800,860",32,0.0003675699990708381,0.035904429852962494,6,0.6085895895957947,0.0017822305671870708
transformer,45,23,8,100,"620,680,740,800,860",32,0.0001769648224581033,0.017286015674471855,7,0.6085895895957947,0.0017822305671870708
transformer,45,23,9,100,"620,680,740,800,860",32,0.0,0.0,10,0.6085895895957947,0.0017822305671870708
transformer,45,23,10,100,"620,680,740,800,860",32,0.000100463985290844,0.00981337483972311,9,0.6085895895957947,0.0017822305671870708
transformer,45,23,11,100,"620,680,740,800,860",32,0.00012130351387895644,0.011848990805447102,8,0.6085895895957947,0.0017822305671870708
transformer,45,25,1,100,"620,680,740,800,860",32,0.0019901327323168516,0.05623137950897217,3,1.0559266805648804,0.0031976979225873947
transformer,45,25,2,100,"620,680,740,800,860",32,0.02615181729197502,0.7389219999313354,1,1.0559266805648804,0.0031976979225873947
transformer,45,25,3,100,"620,680,740,800,860",32,0.0012585717486217618,0.035561058670282364,5,1.0559266805648804,0.0031976979225873947
transformer,45,25,4,100,"620,680,740,800,860",32,0.0019688422325998545,0.05562981590628624,4,1.0559266805648804,0.0031976979225873947
transformer,45,25,5,100,"620,680,740,800,860",32,0.0,0.0,10,1.0559266805648804,0.0031976979225873947
transformer,45,25,6,100,"620,680,740,800,860",32,0.002907636808231473,0.08215554058551788,2,1.0559266805648804,0.0031976979225873947
transformer,45,25,7,100,"620,680,740,800,860",32,0.0006782866548746824,0.019165050238370895,6,1.0559266805648804,0.0031976979225873947
transformer,45,25,8,100,"620,680,740,800,860",32,0.00019201866234652698,0.005425504874438047,7,1.0559266805648804,0.0031976979225873947
transformer,45,25,9,100,"620,680,740,800,860",32,0.0,0.0,10,1.0559266805648804,0.0031976979225873947
transformer,45,25,10,100,"620,680,740,800,860",32,0.00010748617933131754,0.00303703173995018,9,1.0559266805648804,0.0031976979225873947
transformer,45,25,11,100,"620,680,740,800,860",32,0.00013706189929507673,0.0038726963102817535,8,1.0559266805648804,0.0031976979225873947
transformer,45,26,1,100,"620,680,740,800,860",32,0.0014183897292241454,0.044140446931123734,4,1.022546648979187,0.003623474156484008
transformer,45,26,2,100,"620,680,740,800,860",32,0.0019397127907723188,0.06036407873034477,3,1.022546648979187,0.003623474156484008
transformer,45,26,3,100,"620,680,740,800,860",32,0.0012363147689029574,0.03847425431013107,5,1.022546648979187,0.003623474156484008
transformer,45,26,4,100,"620,680,740,800,860",32,0.023453161120414734,0.7298650145530701,1,1.022546648979187,0.003623474156484008
transformer,45,26,5,100,"620,680,740,800,860",32,0.0,0.0,10,1.022546648979187,0.003623474156484008
transformer,45,26,6,100,"620,680,740,800,860",32,0.0034188677091151476,0.10639554262161255,2,1.022546648979187,0.003623474156484008
transformer,45,26,7,100,"620,680,740,800,860",32,0.00034488708479329944,0.010732924565672874,6,1.022546648979187,0.003623474156484008
transformer,45,26,8,100,"620,680,740,800,860",32,0.00015590136172249913,0.0048516676761209965,7,1.022546648979187,0.003623474156484008
transformer,45,26,9,100,"620,680,740,800,860",32,0.0,0.0,10,1.022546648979187,0.003623474156484008
transformer,45,26,10,100,"620,680,740,800,860",32,7.007098611211404e-05,0.0021806168369948864,9,1.022546648979187,0.003623474156484008
transformer,45,26,11,100,"620,680,740,800,860",32,9.625298116588965e-05,0.0029954034835100174,8,1.022546648979187,0.003623474156484008
transformer,45,27,1,100,"620,680,740,800,860",32,0.0015232241712510586,0.140399768948555,4,0.7838216423988342,0.0015954985283315182
transformer,45,27,2,100,"620,680,740,800,860",32,0.002145694801583886,0.19777460396289825,2,0.7838216423988342,0.0015954985283315182
transformer,45,27,3,100,"620,680,740,800,860",32,0.0012236495967954397,0.1127871572971344,5,0.7838216423988342,0.0015954985283315182
transformer,45,27,4,100,"620,680,740,800,860",32,0.001932771410793066,0.17814886569976807,3,0.7838216423988342,0.0015954985283315182
transformer,45,27,5,100,"620,680,740,800,860",32,0.0,0.0,10,0.7838216423988342,0.0015954985283315182
transformer,45,27,6,100,"620,680,740,800,860",32,0.002525334944948554,0.23276709020137787,1,0.7838216423988342,0.0015954985283315182
transformer,45,27,7,100,"620,680,740,800,860",32,0.00034803018206730485,0.03207889944314957,7,0.7838216423988342,0.0015954985283315182
transformer,45,27,8,100,"620,680,740,800,860",32,0.00019639117817860097,0.01810191571712494,8,0.7838216423988342,0.0015954985283315182
transformer,45,27,9,100,"620,680,740,800,860",32,0.0,0.0,10,0.7838216423988342,0.0015954985283315182
transformer,45,27,10,100,"620,680,740,800,860",32,0.0008457243093289435,0.07795274257659912,6,0.7838216423988342,0.0015954985283315182
transformer,45,27,11,100,"620,680,740,800,860",32,0.00010837105946848169,0.009988859295845032,9,0.7838216423988342,0.0015954985283315182
transformer,46,1,1,100,"620,680,740,800,860",32,0.002262623980641365,0.02790522575378418,6,7.078535079956055,0.0073305475525557995
transformer,46,1,2,100,"620,680,740,800,860",32,0.0035604925360530615,0.043912000954151154,5,7.078535079956055,0.0073305475525557995
transformer,46,1,3,100,"620,680,740,800,860",32,0.04088371992111206,0.5042240619659424,1,7.078535079956055,0.0073305475525557995
transformer,46,1,4,100,"620,680,740,800,860",32,0.015865419059991837,0.1956702023744583,2,7.078535079956055,0.0073305475525557995
transformer,46,1,5,100,"620,680,740,800,860",32,0.0,0.0,10,7.078535079956055,0.0073305475525557995
transformer,46,1,6,100,"620,680,740,800,860",32,0.013482853770256042,0.16628572344779968,3,7.078535079956055,0.0073305475525557995
transformer,46,1,7,100,"620,680,740,800,860",32,0.0038129566237330437,0.04702567309141159,4,7.078535079956055,0.0073305475525557995
transformer,46,1,8,100,"620,680,740,800,860",32,0.0009499393636360765,0.01171572133898735,7,7.078535079956055,0.0073305475525557995
transformer,46,1,9,100,"620,680,740,800,860",32,0.0,0.0,10,7.078535079956055,0.0073305475525557995
transformer,46,1,10,100,"620,680,740,800,860",32,0.00022163544781506062,0.0027334578335285187,8,7.078535079956055,0.0073305475525557995
transformer,46,1,11,100,"620,680,740,800,860",32,4.2811225284822285e-05,0.000527996220625937,9,7.078535079956055,0.0073305475525557995
transformer,46,4,1,100,"620,680,740,800,860",32,0.002137386007234454,0.1223573386669159,4,0.6882662177085876,0.0012029221979901195
transformer,46,4,2,100,"620,680,740,800,860",32,0.0032840620260685682,0.18800023198127747,2,0.6882662177085876,0.0012029221979901195
transformer,46,4,3,100,"620,680,740,800,860",32,0.0014722873456776142,0.08428292721509933,6,0.6882662177085876,0.0012029221979901195
transformer,46,4,4,100,"620,680,740,800,860",32,0.0017157428665086627,0.0982198491692543,5,0.6882662177085876,0.0012029221979901195
transformer,46,4,5,100,"620,680,740,800,860",32,0.0,0.0,10,0.6882662177085876,0.0012029221979901195
transformer,46,4,6,100,"620,680,740,800,860",32,0.002621887717396021,0.15009324252605438,3,0.6882662177085876,0.0012029221979901195
transformer,46,4,7,100,"620,680,740,800,860",32,0.000571714888792485,0.03272853419184685,7,0.6882662177085876,0.0012029221979901195
transformer,46,4,8,100,"620,680,740,800,860",32,0.00023017212515696883,0.013176491484045982,8,0.6882662177085876,0.0012029221979901195
transformer,46,4,9,100,"620,680,740,800,860",32,0.0,0.0,10,0.6882662177085876,0.0012029221979901195
transformer,46,4,10,100,"620,680,740,800,860",32,0.0053055016323924065,0.303720086812973,1,0.6882662177085876,0.0012029221979901195
transformer,46,4,11,100,"620,680,740,800,860",32,0.00012963888002559543,0.007421339862048626,9,0.6882662177085876,0.0012029221979901195
transformer,46,11,1,100,"620,680,740,800,860",32,0.0020011053420603275,0.10132929682731628,4,1.2441425323486328,0.0014196928823366761
transformer,46,11,2,100,"620,680,740,800,860",32,0.003231245558708906,0.1636194884777069,3,1.2441425323486328,0.0014196928823366761
transformer,46,11,3,100,"620,680,740,800,860",32,0.0011638608993962407,0.058934032917022705,6,1.2441425323486328,0.0014196928823366761
transformer,46,11,4,100,"620,680,740,800,860",32,0.0019319673301652074,0.09782838076353073,5,1.2441425323486328,0.0014196928823366761
transformer,46,11,5,100,"620,680,740,800,860",32,0.0,0.0,10,1.2441425323486328,0.0014196928823366761
transformer,46,11,6,100,"620,680,740,800,860",32,0.0066952696070075035,0.3390261232852936,1,1.2441425323486328,0.0014196928823366761
transformer,46,11,7,100,"620,680,740,800,860",32,0.0008373070741072297,0.04239843413233757,7,1.2441425323486328,0.0014196928823366761
transformer,46,11,8,100,"620,680,740,800,860",32,0.00022693577921018004,0.011491270735859871,8,1.2441425323486328,0.0014196928823366761
transformer,46,11,9,100,"620,680,740,800,860",32,0.0,0.0,10,1.2441425323486328,0.0014196928823366761
transformer,46,11,10,100,"620,680,740,800,860",32,0.0035331265535205603,0.17890574038028717,2,1.2441425323486328,0.0014196928823366761
transformer,46,11,11,100,"620,680,740,800,860",32,0.0001277173141716048,0.006467178463935852,9,1.2441425323486328,0.0014196928823366761
transformer,46,19,1,100,"620,680,740,800,860",32,0.0022308165207505226,0.06514810770750046,5,0.9183326363563538,0.0024823492858558893
transformer,46,19,2,100,"620,680,740,800,860",32,0.00344644021242857,0.10064882040023804,3,0.9183326363563538,0.0024823492858558893
transformer,46,19,3,100,"620,680,740,800,860",32,0.0012368541210889816,0.03612072020769119,7,0.9183326363563538,0.0024823492858558893
transformer,46,19,4,100,"620,680,740,800,860",32,0.0019916854798793793,0.05816459283232689,6,0.9183326363563538,0.0024823492858558893
transformer,46,19,5,100,"620,680,740,800,860",32,0.0,0.0,10,0.9183326363563538,0.0024823492858558893
transformer,46,19,6,100,"620,680,740,800,860",32,0.0029517547227442265,0.08620217442512512,4,0.9183326363563538,0.0024823492858558893
transformer,46,19,7,100,"620,680,740,800,860",32,0.01267528347671032,0.37016522884368896,1,0.9183326363563538,0.0024823492858558893
transformer,46,19,8,100,"620,680,740,800,860",32,0.009450807236135006,0.275998592376709,2,0.9183326363563538,0.0024823492858558893
transformer,46,19,9,100,"620,680,740,800,860",32,0.0,0.0,10,0.9183326363563538,0.0024823492858558893
transformer,46,19,10,100,"620,680,740,800,860",32,0.00012565737415570766,0.003669660771265626,9,0.9183326363563538,0.0024823492858558893
transformer,46,19,11,100,"620,680,740,800,860",32,0.00013293240044731647,0.0038821185007691383,8,0.9183326363563538,0.0024823492858558893
transformer,46,23,1,100,"620,680,740,800,860",32,0.0021325149573385715,0.1874622255563736,3,0.6134888529777527,0.0010417186422273517
transformer,46,23,2,100,"620,680,740,800,860",32,0.0029146240558475256,0.25621479749679565,1,0.6134888529777527,0.0010417186422273517
transformer,46,23,3,100,"620,680,740,800,860",32,0.0015868630725890398,0.13949580490589142,5,0.6134888529777527,0.0010417186422273517
transformer,46,23,4,100,"620,680,740,800,860",32,0.001607838086783886,0.14133964478969574,4,0.6134888529777527,0.0010417186422273517
transformer,46,23,5,100,"620,680,740,800,860",32,0.0,0.0,10,0.6134888529777527,0.0010417186422273517
transformer,46,23,6,100,"620,680,740,800,860",32,0.0022282099816948175,0.19587445259094238,2,0.6134888529777527,0.0010417186422273517
transformer,46,23,7,100,"620,680,740,800,860",32,0.0004536422493401915,0.03987816721200943,6,0.6134888529777527,0.0010417186422273517
transformer,46,23,8,100,"620,680,740,800,860",32,0.00020643816969823092,0.018147286027669907,7,0.6134888529777527,0.0010417186422273517
transformer,46,23,9,100,"620,680,740,800,860",32,0.0,0.0,10,0.6134888529777527,0.0010417186422273517
transformer,46,23,10,100,"620,680,740,800,860",32,0.00011183691094629467,0.009831206873059273,9,0.6134888529777527,0.0010417186422273517
transformer,46,23,11,100,"620,680,740,800,860",32,0.00013373774709179997,0.011756435967981815,8,0.6134888529777527,0.0010417186422273517
transformer,46,25,1,100,"620,680,740,800,860",32,0.0019671781919896603,0.06092803552746773,3,1.0382113456726074,0.0037195717450231314
transformer,46,25,2,100,"620,680,740,800,860",32,0.023497357964515686,0.727767288684845,1,1.0382113456726074,0.0037195717450231314
transformer,46,25,3,100,"620,680,740,800,860",32,0.001031232881359756,0.03193965554237366,5,1.0382113456726074,0.0037195717450231314
transformer,46,25,4,100,"620,680,740,800,860",32,0.001574889523908496,0.048777952790260315,4,1.0382113456726074,0.0037195717450231314
transformer,46,25,5,100,"620,680,740,800,860",32,0.0,0.0,10,1.0382113456726074,0.0037195717450231314
transformer,46,25,6,100,"620,680,740,800,860",32,0.003241119906306267,0.10038494318723679,2,1.0382113456726074,0.0037195717450231314
transformer,46,25,7,100,"620,680,740,800,860",32,0.0005713579012081027,0.01769626885652542,6,1.0382113456726074,0.0037195717450231314
transformer,46,25,8,100,"620,680,740,800,860",32,0.0001975761988433078,0.0061193895526230335,7,1.0382113456726074,0.0037195717450231314
transformer,46,25,9,100,"620,680,740,800,860",32,0.0,0.0,10,1.0382113456726074,0.0037195717450231314
transformer,46,25,10,100,"620,680,740,800,860",32,7.734794053249061e-05,0.0023956438526511192,9,1.0382113456726074,0.0037195717450231314
transformer,46,25,11,100,"620,680,740,800,860",32,0.00012885191245004535,0.003990840166807175,8,1.0382113456726074,0.0037195717450231314
transformer,46,26,1,100,"620,680,740,800,860",32,0.001526148640550673,0.05141184478998184,4,0.9643771648406982,0.0029141991399228573
transformer,46,26,2,100,"620,680,740,800,860",32,0.00237465207464993,0.07999564707279205,3,0.9643771648406982,0.0029141991399228573
transformer,46,26,3,100,"620,680,740,800,860",32,0.001150190131738782,0.03874681517481804,5,0.9643771648406982,0.0029141991399228573
transformer,46,26,4,100,"620,680,740,800,860",32,0.019855180755257607,0.6688676476478577,1,0.9643771648406982,0.0029141991399228573
transformer,46,26,5,100,"620,680,740,800,860",32,0.0,0.0,10,0.9643771648406982,0.0029141991399228573
transformer,46,26,6,100,"620,680,740,800,860",32,0.004072895273566246,0.13720488548278809,2,0.9643771648406982,0.0029141991399228573
transformer,46,26,7,100,"620,680,740,800,860",32,0.0003302917175460607,0.011126640252768993,6,0.9643771648406982,0.0029141991399228573
transformer,46,26,8,100,"620,680,740,800,860",32,0.00018289274885319173,0.006161164958029985,7,0.9643771648406982,0.0029141991399228573
transformer,46,26,9,100,"620,680,740,800,860",32,0.0,0.0,10,0.9643771648406982,0.0029141991399228573
transformer,46,26,10,100,"620,680,740,800,860",32,7.547458517365158e-05,0.002542535774409771,9,0.9643771648406982,0.0029141991399228573
transformer,46,26,11,100,"620,680,740,800,860",32,0.00011703916970873252,0.003942735027521849,8,0.9643771648406982,0.0029141991399228573
transformer,46,27,1,100,"620,680,740,800,860",32,0.0017643633764237165,0.14509212970733643,3,0.7747089862823486,0.000835105893202126
transformer,46,27,2,100,"620,680,740,800,860",32,0.0028397543355822563,0.23352673649787903,1,0.7747089862823486,0.000835105893202126
transformer,46,27,3,100,"620,680,740,800,860",32,0.0012292774626985192,0.10108943283557892,5,0.7747089862823486,0.000835105893202126
transformer,46,27,4,100,"620,680,740,800,860",32,0.0017426832346245646,0.14330926537513733,4,0.7747089862823486,0.000835105893202126
transformer,46,27,5,100,"620,680,740,800,860",32,0.0,0.0,10,0.7747089862823486,0.000835105893202126
transformer,46,27,6,100,"620,680,740,800,860",32,0.0027795108035206795,0.22857262194156647,2,0.7747089862823486,0.000835105893202126
transformer,46,27,7,100,"620,680,740,800,860",32,0.00043699704110622406,0.0359363816678524,7,0.7747089862823486,0.000835105893202126
transformer,46,27,8,100,"620,680,740,800,860",32,0.00021793718042317778,0.01792202889919281,8,0.7747089862823486,0.000835105893202126
transformer,46,27,9,100,"620,680,740,800,860",32,0.0,0.0,10,0.7747089862823486,0.000835105893202126
transformer,46,27,10,100,"620,680,740,800,860",32,0.0010228818282485008,0.08411651849746704,6,0.7747089862823486,0.000835105893202126
transformer,46,27,11,100,"620,680,740,800,860",32,0.00012689073628280312,0.010434838943183422,9,0.7747089862823486,0.000835105893202126
