seed,condition,fault_id,runs,threshold,auroc,auprc,pre_fpr,detected_ratio,censored_delay_mean
42,original,1,20,0.8194200396537781,0.9950453488372093,0.9975019488558962,0.00875,1.0,4.35
42,original,2,20,0.8194200396537781,0.9897280315614618,0.9947176269467549,0.0095,1.0,11.95
42,original,3,20,0.8194200396537781,0.5401351328903654,0.6339151595443463,0.01075,0.0,302.0
42,original,4,20,0.8194200396537781,0.9623112126245847,0.9731175611431905,0.0115,1.0,2.0
42,original,5,20,0.8194200396537781,0.501271511627907,0.6062633073090348,0.0115,0.05,287.0
42,original,6,20,0.8194200396537781,0.9979763289036545,0.999053047335399,0.008,1.0,1.0
42,original,7,20,0.8194200396537781,0.9967485049833887,0.9984144720614974,0.011,1.0,2.0
42,original,8,20,0.8194200396537781,0.9684860880398671,0.9844352303969036,0.0095,1.0,23.25
42,original,9,20,0.8194200396537781,0.5411786752491694,0.636443170526248,0.012,0.0,302.0
42,original,10,20,0.8194200396537781,0.9153458679401993,0.9548864845659164,0.01075,1.0,43.2
42,original,11,20,0.8194200396537781,0.9713864825581395,0.9844883718970426,0.01075,1.0,9.0
42,original,12,20,0.8194200396537781,0.7727283430232558,0.8590352291185905,0.01125,1.0,25.5
42,original,13,20,0.8194200396537781,0.9480479651162791,0.9747228581028424,0.0105,1.0,34.0
42,original,14,20,0.8194200396537781,0.9943271179401993,0.9970330030988449,0.01175,1.0,4.05
42,original,15,20,0.8194200396537781,0.5134059385382059,0.6168732403019865,0.00975,0.0,302.0
42,original,16,20,0.8194200396537781,0.5082352159468438,0.6079852292590551,0.01025,0.0,302.0
42,original,17,20,0.8194200396537781,0.9507947051495017,0.9760426805688116,0.0085,1.0,31.4
42,original,18,20,0.8194200396537781,0.8746010382059801,0.9312041601317643,0.00975,1.0,63.0
42,original,19,20,0.8194200396537781,0.9407816860465116,0.968092005024265,0.01,1.0,30.3
42,original,20,20,0.8194200396537781,0.9393603820598007,0.9701203008228005,0.01025,1.0,41.25
42,original,21,20,0.8194200396537781,0.5010575166112957,0.6005253488590919,0.01075,0.0,302.0
42,original,22,20,0.8194200396537781,0.5580262666112957,0.6488839134900278,0.01375,0.0,302.0
42,original,23,20,0.8194200396537781,0.5385429609634551,0.6322182187672772,0.00925,0.0,302.0
42,original,24,20,0.8194200396537781,0.9685969684385382,0.9836734159911134,0.00975,1.0,14.95
42,original,25,20,0.8194200396537781,0.870930419435216,0.9224774787576954,0.009,1.0,35.45
42,original,26,20,0.8194200396537781,0.9226222799003322,0.9582107871477061,0.009,1.0,28.9
42,original,27,20,0.8194200396537781,0.8054270971760797,0.8766934314632385,0.01,1.0,24.55
42,original,28,20,0.8194200396537781,0.5542116486710963,0.6585390269685509,0.009,0.0,302.0
42,conditional_XMV_01,1,20,0.8197999000549316,0.9950777823920266,0.997518637731899,0.0095,1.0,4.3
42,conditional_XMV_01,2,20,0.8197999000549316,0.9899240033222592,0.9948189449867659,0.00875,1.0,11.7
42,conditional_XMV_01,3,20,0.8197999000549316,0.5400111918604651,0.6338838127506712,0.01075,0.0,302.0
42,conditional_XMV_01,4,20,0.8197999000549316,0.9553785921926911,0.9677600215287724,0.011,1.0,2.0
42,conditional_XMV_01,5,20,0.8197999000549316,0.501324688538206,0.6063166574921903,0.011,0.05,287.0
42,conditional_XMV_01,6,20,0.8197999000549316,0.9979696428571428,0.9990510215304277,0.00775,1.0,1.0
42,conditional_XMV_01,7,20,0.8197999000549316,0.9967387873754153,0.9984116839649821,0.011,1.0,2.0
42,conditional_XMV_01,8,20,0.8197999000549316,0.9686854235880399,0.9845441565405446,0.01025,1.0,23.25
42,conditional_XMV_01,9,20,0.8197999000549316,0.5411639742524917,0.6364123379717319,0.0115,0.0,302.0
42,conditional_XMV_01,10,20,0.8197999000549316,0.9148806063122924,0.9546264597283487,0.011,1.0,43.1
42,conditional_XMV_01,11,20,0.8197999000549316,0.971063745847176,0.9843122428350888,0.0105,1.0,9.0
42,conditional_XMV_01,12,20,0.8197999000549316,0.7725610880398671,0.8589520968065728,0.01075,1.0,25.45
42,conditional_XMV_01,13,20,0.8197999000549316,0.9481669019933555,0.9747836519429208,0.01,1.0,33.9
42,conditional_XMV_01,14,20,0.8197999000549316,0.9942624169435216,0.9969950910518424,0.012,1.0,4.05
42,conditional_XMV_01,15,20,0.8197999000549316,0.5134013081395349,0.617105593955212,0.00925,0.0,302.0
42,conditional_XMV_01,16,20,0.8197999000549316,0.5083821636212624,0.6078661320334897,0.0105,0.0,302.0
42,conditional_XMV_01,17,20,0.8197999000549316,0.9508503322259136,0.9760601744745235,0.00875,1.0,31.4
42,conditional_XMV_01,18,20,0.8197999000549316,0.8746368147840532,0.9311729739130256,0.01025,1.0,63.0
42,conditional_XMV_01,19,20,0.8197999000549316,0.9415724252491694,0.9684921843046328,0.01025,1.0,30.3
42,conditional_XMV_01,20,20,0.8197999000549316,0.939378384551495,0.9701259865349308,0.01,1.0,41.45
42,conditional_XMV_01,21,20,0.8197999000549316,0.5008285091362126,0.600631314305913,0.01075,0.0,302.0
42,conditional_XMV_01,22,20,0.8197999000549316,0.558197861295681,0.6491382517318858,0.01325,0.0,302.0
42,conditional_XMV_01,23,20,0.8197999000549316,0.538609738372093,0.6322841115754665,0.0095,0.0,302.0
42,conditional_XMV_01,24,20,0.8197999000549316,0.965721511627907,0.982083123530183,0.01,1.0,15.55
42,conditional_XMV_01,25,20,0.8197999000549316,0.8625530523255814,0.9165959669472371,0.00875,1.0,41.0
42,conditional_XMV_01,26,20,0.8197999000549316,0.9228891403654486,0.9583833332169068,0.0095,1.0,28.7
42,conditional_XMV_01,27,20,0.8197999000549316,0.8042499377076412,0.8759300859472454,0.00925,1.0,24.55
42,conditional_XMV_01,28,20,0.8197999000549316,0.5540903031561462,0.6584611962960114,0.009,0.0,302.0
42,conditional_XMV_02,1,20,0.8198645114898682,0.9950681478405315,0.9975097006062121,0.00925,1.0,4.45
42,conditional_XMV_02,2,20,0.8198645114898682,0.9897129568106312,0.9947047723455325,0.0095,1.0,12.15
42,conditional_XMV_02,3,20,0.8198645114898682,0.5401570598006644,0.6340681653288329,0.01025,0.0,302.0
42,conditional_XMV_02,4,20,0.8198645114898682,0.9677754152823921,0.9773611030675473,0.01125,1.0,2.0
42,conditional_XMV_02,5,20,0.8198645114898682,0.5012805440199336,0.6066159725605627,0.01125,0.0,302.0
42,conditional_XMV_02,6,20,0.8198645114898682,0.997977657807309,0.9990533526572392,0.00775,1.0,1.0
42,conditional_XMV_02,7,20,0.8198645114898682,0.9967574750830565,0.9984173033958332,0.011,1.0,2.0
42,conditional_XMV_02,8,20,0.8198645114898682,0.9684965946843854,0.9844386939413357,0.0095,1.0,23.25
42,conditional_XMV_02,9,20,0.8198645114898682,0.5417262458471761,0.6367276802888346,0.01275,0.0,302.0
42,conditional_XMV_02,10,20,0.8198645114898682,0.9164017441860465,0.9555183848729596,0.01,1.0,42.6
42,conditional_XMV_02,11,20,0.8198645114898682,0.9715944559800664,0.9846001793513172,0.01075,1.0,9.05
42,conditional_XMV_02,12,20,0.8198645114898682,0.773308596345515,0.8593729206612626,0.01125,1.0,25.1
42,conditional_XMV_02,13,20,0.8198645114898682,0.9480461378737541,0.9747236739076612,0.01,1.0,34.1
42,conditional_XMV_02,14,20,0.8198645114898682,0.9943113787375415,0.9970276677349588,0.01175,1.0,4.05
42,conditional_XMV_02,15,20,0.8198645114898682,0.5135419850498338,0.6171501696936589,0.00925,0.0,302.0
42,conditional_XMV_02,16,20,0.8198645114898682,0.5082029277408638,0.6080721578416772,0.0105,0.0,302.0
42,conditional_XMV_02,17,20,0.8198645114898682,0.9508812707641195,0.9761141833224165,0.00875,1.0,31.3
42,conditional_XMV_02,18,20,0.8198645114898682,0.8744223837209303,0.9310915069660776,0.01025,1.0,63.0
42,conditional_XMV_02,19,20,0.8198645114898682,0.937094061461794,0.9657467983815798,0.00975,1.0,30.65
42,conditional_XMV_02,20,20,0.8198645114898682,0.9393757475083057,0.9701225290110929,0.01,1.0,41.35
42,conditional_XMV_02,21,20,0.8198645114898682,0.5008139327242525,0.6003325612859293,0.011,0.0,302.0
42,conditional_XMV_02,22,20,0.8198645114898682,0.5587547549833887,0.6494075298495835,0.01375,0.0,302.0
42,conditional_XMV_02,23,20,0.8198645114898682,0.5384918604651163,0.6318768716275294,0.00975,0.0,302.0
42,conditional_XMV_02,24,20,0.8198645114898682,0.9689424833887044,0.9838756794444701,0.00925,1.0,14.95
42,conditional_XMV_02,25,20,0.8198645114898682,0.8470290282392027,0.9061277043553662,0.00975,1.0,42.95
42,conditional_XMV_02,26,20,0.8198645114898682,0.9223448920265781,0.9580350091620776,0.00925,1.0,28.9
42,conditional_XMV_02,27,20,0.8198645114898682,0.8063625207641196,0.8772378720992163,0.00975,1.0,23.95
42,conditional_XMV_02,28,20,0.8198645114898682,0.5543507890365449,0.6587092302676952,0.009,0.0,302.0
42,conditional_XMV_03,1,20,0.820568859577179,0.9950335548172757,0.9974977180916168,0.00925,1.0,4.35
42,conditional_XMV_03,2,20,0.820568859577179,0.9897308970099667,0.9947183502835873,0.00875,1.0,11.75
42,conditional_XMV_03,3,20,0.820568859577179,0.5402023255813954,0.6337396742511925,0.01,0.0,302.0
42,conditional_XMV_03,4,20,0.820568859577179,0.9618904485049834,0.9727732476267931,0.0115,1.0,2.0
42,conditional_XMV_03,5,20,0.820568859577179,0.5013510797342192,0.6062746438363138,0.011,0.0,302.0
42,conditional_XMV_03,6,20,0.820568859577179,0.9979677740863787,0.9990503398873977,0.00775,1.0,1.0
42,conditional_XMV_03,7,20,0.820568859577179,0.9967453903654485,0.9984136018463726,0.01025,1.0,2.0
42,conditional_XMV_03,8,20,0.820568859577179,0.9684948920265781,0.984438376812851,0.00975,1.0,23.25
42,conditional_XMV_03,9,20,0.820568859577179,0.5412077034883721,0.6363772256678096,0.0115,0.0,302.0
42,conditional_XMV_03,10,20,0.820568859577179,0.9152908222591362,0.954864087400277,0.00975,1.0,43.2
42,conditional_XMV_03,11,20,0.820568859577179,0.9713438953488372,0.9844659745269541,0.01075,1.0,9.0
42,conditional_XMV_03,12,20,0.820568859577179,0.7728677117940199,0.8591682856686926,0.01075,1.0,25.4
42,conditional_XMV_03,13,20,0.820568859577179,0.9480131852159468,0.9747090869926748,0.0105,1.0,33.9
42,conditional_XMV_03,14,20,0.820568859577179,0.994305523255814,0.9970227147352664,0.01175,1.0,4.05
42,conditional_XMV_03,15,20,0.820568859577179,0.5135227367109635,0.6167873590713479,0.009,0.0,302.0
42,conditional_XMV_03,16,20,0.820568859577179,0.5084506852159468,0.6081126375081998,0.01025,0.0,302.0
42,conditional_XMV_03,17,20,0.820568859577179,0.9507979235880398,0.9760425820815205,0.009,1.0,31.3
42,conditional_XMV_03,18,20,0.820568859577179,0.874089327242525,0.9308876962533834,0.01,1.0,63.0
42,conditional_XMV_03,19,20,0.820568859577179,0.9408154900332226,0.968138359198306,0.01,1.0,30.2
42,conditional_XMV_03,20,20,0.820568859577179,0.9393964700996678,0.9701404895962237,0.01,1.0,41.25
42,conditional_XMV_03,21,20,0.820568859577179,0.5010119808970099,0.6005828231838561,0.01025,0.0,302.0
42,conditional_XMV_03,22,20,0.820568859577179,0.55816823089701,0.648928314566596,0.01425,0.0,302.0
42,conditional_XMV_03,23,20,0.820568859577179,0.5099382682724253,0.6082020026029998,0.009,0.0,302.0
42,conditional_XMV_03,24,20,0.820568859577179,0.9685343438538206,0.9836235964417086,0.01025,1.0,14.95
42,conditional_XMV_03,25,20,0.820568859577179,0.8708348837209302,0.9224003932452101,0.01,1.0,35.45
42,conditional_XMV_03,26,20,0.820568859577179,0.922376245847176,0.9580584104804959,0.009,1.0,28.9
42,conditional_XMV_03,27,20,0.820568859577179,0.8055445805647841,0.8767960141943766,0.00975,1.0,24.55
42,conditional_XMV_03,28,20,0.820568859577179,0.5542155315614617,0.6585195114699551,0.0095,0.0,302.0
42,conditional_XMV_04,1,20,0.823391318321228,0.9949715946843853,0.9974665392951563,0.00875,1.0,4.6
42,conditional_XMV_04,2,20,0.823391318321228,0.9893794435215947,0.9945518257921516,0.008,1.0,12.05
42,conditional_XMV_04,3,20,0.823391318321228,0.5379454111295681,0.6310779697125738,0.0105,0.0,302.0
42,conditional_XMV_04,4,20,0.823391318321228,0.965867815614618,0.9759686771057683,0.01225,1.0,2.0
42,conditional_XMV_04,5,20,0.823391318321228,0.5016078903654485,0.6066926784730118,0.01,0.0,302.0
42,conditional_XMV_04,6,20,0.823391318321228,0.9980120016611296,0.999066049746295,0.008,1.0,1.0
42,conditional_XMV_04,7,20,0.823391318321228,0.9967431063122923,0.9984117350005273,0.01,1.0,2.0
42,conditional_XMV_04,8,20,0.823391318321228,0.9683149916943522,0.9843239609722709,0.00925,1.0,23.6
42,conditional_XMV_04,9,20,0.823391318321228,0.5375081395348837,0.6335311280101923,0.0125,0.0,302.0
42,conditional_XMV_04,10,20,0.823391318321228,0.9147035299003322,0.9545447285784978,0.01025,1.0,43.3
42,conditional_XMV_04,11,20,0.823391318321228,0.9714707225913621,0.9845307137556133,0.0095,1.0,8.9
42,conditional_XMV_04,12,20,0.823391318321228,0.7714390573089701,0.8579961022889002,0.00975,1.0,26.65
42,conditional_XMV_04,13,20,0.823391318321228,0.9480611503322259,0.9746826103656067,0.011,1.0,34.1
42,conditional_XMV_04,14,20,0.823391318321228,0.9944297757475083,0.9970723090659456,0.01175,1.0,4.15
42,conditional_XMV_04,15,20,0.823391318321228,0.5127539867109635,0.6165409125713137,0.009,0.0,302.0
42,conditional_XMV_04,16,20,0.823391318321228,0.5081642026578073,0.6073220632554155,0.01075,0.0,302.0
42,conditional_XMV_04,17,20,0.823391318321228,0.950690884551495,0.975999486767948,0.00775,1.0,31.5
42,conditional_XMV_04,18,20,0.823391318321228,0.873596823089701,0.9306283170137296,0.009,1.0,62.75
42,conditional_XMV_04,19,20,0.823391318321228,0.9485555647840531,0.9726793928004714,0.0105,1.0,29.7
42,conditional_XMV_04,20,20,0.823391318321228,0.9392453696013289,0.9700499911618017,0.0095,1.0,41.45
42,conditional_XMV_04,21,20,0.823391318321228,0.5020456395348837,0.6014364074112494,0.01075,0.0,302.0
42,conditional_XMV_04,22,20,0.823391318321228,0.5538233388704319,0.6452921524554514,0.01325,0.0,302.0
42,conditional_XMV_04,23,20,0.823391318321228,0.5794325166112957,0.6724691113271626,0.01,0.0,302.0
42,conditional_XMV_04,24,20,0.823391318321228,0.9683175664451827,0.9835150901211936,0.00925,1.0,15.0
42,conditional_XMV_04,25,20,0.823391318321228,0.8679979858803987,0.9204397360260567,0.00925,1.0,35.85
42,conditional_XMV_04,26,20,0.823391318321228,0.8427933970099668,0.9083090031100104,0.0095,1.0,45.35
42,conditional_XMV_04,27,20,0.823391318321228,0.8049270764119602,0.8763312436300944,0.00825,1.0,24.45
42,conditional_XMV_04,28,20,0.823391318321228,0.552282599667774,0.656541852981416,0.0095,0.0,302.0
42,conditional_XMV_05,1,20,0.8194200396537781,0.9950453488372093,0.9975019488558962,0.00875,1.0,4.35
42,conditional_XMV_05,2,20,0.8194200396537781,0.9897280315614618,0.9947176269467549,0.0095,1.0,11.95
42,conditional_XMV_05,3,20,0.8194200396537781,0.5401351328903654,0.6339151595443463,0.01075,0.0,302.0
42,conditional_XMV_05,4,20,0.8194200396537781,0.9623112126245847,0.9731175611431905,0.0115,1.0,2.0
42,conditional_XMV_05,5,20,0.8194200396537781,0.501271511627907,0.6062633073090348,0.0115,0.05,287.0
42,conditional_XMV_05,6,20,0.8194200396537781,0.9979763289036545,0.999053047335399,0.008,1.0,1.0
42,conditional_XMV_05,7,20,0.8194200396537781,0.9967485049833887,0.9984144720614974,0.011,1.0,2.0
42,conditional_XMV_05,8,20,0.8194200396537781,0.9684860880398671,0.9844352303969036,0.0095,1.0,23.25
42,conditional_XMV_05,9,20,0.8194200396537781,0.5411786752491694,0.636443170526248,0.012,0.0,302.0
42,conditional_XMV_05,10,20,0.8194200396537781,0.9153458679401993,0.9548864845659164,0.01075,1.0,43.2
42,conditional_XMV_05,11,20,0.8194200396537781,0.9713864825581395,0.9844883718970426,0.01075,1.0,9.0
42,conditional_XMV_05,12,20,0.8194200396537781,0.7727283430232558,0.8590352291185905,0.01125,1.0,25.5
42,conditional_XMV_05,13,20,0.8194200396537781,0.9480479651162791,0.9747228581028424,0.0105,1.0,34.0
42,conditional_XMV_05,14,20,0.8194200396537781,0.9943271179401993,0.9970330030988449,0.01175,1.0,4.05
42,conditional_XMV_05,15,20,0.8194200396537781,0.5134059385382059,0.6168732403019865,0.00975,0.0,302.0
42,conditional_XMV_05,16,20,0.8194200396537781,0.5082352159468438,0.6079852292590551,0.01025,0.0,302.0
42,conditional_XMV_05,17,20,0.8194200396537781,0.9507947051495017,0.9760426805688116,0.0085,1.0,31.4
42,conditional_XMV_05,18,20,0.8194200396537781,0.8746010382059801,0.9312041601317643,0.00975,1.0,63.0
42,conditional_XMV_05,19,20,0.8194200396537781,0.9407816860465116,0.968092005024265,0.01,1.0,30.3
42,conditional_XMV_05,20,20,0.8194200396537781,0.9393603820598007,0.9701203008228005,0.01025,1.0,41.25
42,conditional_XMV_05,21,20,0.8194200396537781,0.5010575166112957,0.6005253488590919,0.01075,0.0,302.0
42,conditional_XMV_05,22,20,0.8194200396537781,0.5580262666112957,0.6488839134900278,0.01375,0.0,302.0
42,conditional_XMV_05,23,20,0.8194200396537781,0.5385429609634551,0.6322182187672772,0.00925,0.0,302.0
42,conditional_XMV_05,24,20,0.8194200396537781,0.9685969684385382,0.9836734159911134,0.00975,1.0,14.95
42,conditional_XMV_05,25,20,0.8194200396537781,0.870930419435216,0.9224774787576954,0.009,1.0,35.45
42,conditional_XMV_05,26,20,0.8194200396537781,0.9226222799003322,0.9582107871477061,0.009,1.0,28.9
42,conditional_XMV_05,27,20,0.8194200396537781,0.8054270971760797,0.8766934314632385,0.01,1.0,24.55
42,conditional_XMV_05,28,20,0.8194200396537781,0.5542116486710963,0.6585390269685509,0.009,0.0,302.0
42,conditional_XMV_06,1,20,0.8201143741607666,0.9950395764119602,0.9974987357279587,0.00875,1.0,4.45
42,conditional_XMV_06,2,20,0.8201143741607666,0.9897388289036545,0.9947231599669182,0.009,1.0,11.95
42,conditional_XMV_06,3,20,0.8201143741607666,0.54028280730897,0.634017724858248,0.01025,0.0,302.0
42,conditional_XMV_06,4,20,0.8201143741607666,0.9643958471760797,0.9747419349702784,0.0115,1.0,2.0
42,conditional_XMV_06,5,20,0.8201143741607666,0.5012231935215947,0.6062462377846412,0.01125,0.05,287.0
42,conditional_XMV_06,6,20,0.8201143741607666,0.9979732973421926,0.9990521022343228,0.00825,1.0,1.0
42,conditional_XMV_06,7,20,0.8201143741607666,0.9967520348837209,0.9984157208035206,0.011,1.0,2.0
42,conditional_XMV_06,8,20,0.8201143741607666,0.9684828073089701,0.9844318493787104,0.01,1.0,23.25
42,conditional_XMV_06,9,20,0.8201143741607666,0.5413079734219269,0.6366134343871833,0.01225,0.0,302.0
42,conditional_XMV_06,10,20,0.8201143741607666,0.9146558139534884,0.9544408719551877,0.01075,1.0,43.2
42,conditional_XMV_06,11,20,0.8201143741607666,0.9718387458471761,0.9847464662435389,0.01075,1.0,9.0
42,conditional_XMV_06,12,20,0.8201143741607666,0.7728375207641196,0.8591282429984538,0.01125,1.0,25.5
42,conditional_XMV_06,13,20,0.8201143741607666,0.9480574335548173,0.9747264750330624,0.01025,1.0,34.0
42,conditional_XMV_06,14,20,0.8201143741607666,0.994327034883721,0.9970337006626503,0.01175,1.0,4.05
42,conditional_XMV_06,15,20,0.8201143741607666,0.5134281976744186,0.6168107345564612,0.009,0.0,302.0
42,conditional_XMV_06,16,20,0.8201143741607666,0.5081573297342192,0.6079646172866298,0.0105,0.0,302.0
42,conditional_XMV_06,17,20,0.8201143741607666,0.950800622923588,0.9760469924140436,0.00875,1.0,31.4
42,conditional_XMV_06,18,20,0.8201143741607666,0.8774968438538207,0.9329503285624972,0.00975,1.0,63.0
42,conditional_XMV_06,19,20,0.8201143741607666,0.9408102574750831,0.9681100939700763,0.01,1.0,30.3
42,conditional_XMV_06,20,20,0.8201143741607666,0.9395661129568106,0.9702269923775316,0.01025,1.0,40.65
42,conditional_XMV_06,21,20,0.8201143741607666,0.5010883720930233,0.6005163967385093,0.0105,0.0,302.0
42,conditional_XMV_06,22,20,0.8201143741607666,0.558153073089701,0.6490012737015383,0.0135,0.0,302.0
42,conditional_XMV_06,23,20,0.8201143741607666,0.5386498546511628,0.6323333898947362,0.0095,0.0,302.0
42,conditional_XMV_06,24,20,0.8201143741607666,0.9686268272425249,0.9836950597400046,0.00975,1.0,14.95
42,conditional_XMV_06,25,20,0.8201143741607666,0.8710705980066445,0.9226186940153829,0.009,1.0,35.45
42,conditional_XMV_06,26,20,0.8201143741607666,0.9225796926910299,0.9581936543387791,0.009,1.0,28.9
42,conditional_XMV_06,27,20,0.8201143741607666,0.8071702034883721,0.8778875667305135,0.00975,1.0,24.45
42,conditional_XMV_06,28,20,0.8201143741607666,0.5541870016611296,0.6585237846811041,0.00925,0.0,302.0
42,conditional_XMV_07,1,20,0.8196403980255127,0.9950320598006644,0.9974947286442886,0.00875,1.0,4.35
42,conditional_XMV_07,2,20,0.8196403980255127,0.9896526578073089,0.9946771459171612,0.01,1.0,12.15
42,conditional_XMV_07,3,20,0.8196403980255127,0.5400813745847176,0.6341613660120702,0.0105,0.0,302.0
42,conditional_XMV_07,4,20,0.8196403980255127,0.9652399086378738,0.975329414146635,0.0115,1.0,2.0
42,conditional_XMV_07,5,20,0.8196403980255127,0.5012942068106312,0.6063151628761515,0.011,0.05,287.0
42,conditional_XMV_07,6,20,0.8196403980255127,0.9979799418604651,0.9990543318514367,0.0085,1.0,1.0
42,conditional_XMV_07,7,20,0.8196403980255127,0.9967513704318937,0.9984164103168889,0.01075,1.0,2.0
42,conditional_XMV_07,8,20,0.8196403980255127,0.9684002699335548,0.984385573979871,0.0095,1.0,23.45
42,conditional_XMV_07,9,20,0.8196403980255127,0.5411814161129568,0.6364424753205965,0.012,0.0,302.0
42,conditional_XMV_07,10,20,0.8196403980255127,0.9152931893687708,0.9548604887642079,0.0105,1.0,42.5
42,conditional_XMV_07,11,20,0.8196403980255127,0.9719022840531562,0.9847818986640193,0.011,1.0,8.9
42,conditional_XMV_07,12,20,0.8196403980255127,0.7729567483388704,0.8592510747163447,0.01125,1.0,25.5
42,conditional_XMV_07,13,20,0.8196403980255127,0.9480519933554817,0.9747226924691265,0.01075,1.0,34.0
42,conditional_XMV_07,14,20,0.8196403980255127,0.994302450166113,0.9970151474908562,0.012,1.0,4.05
42,conditional_XMV_07,15,20,0.8196403980255127,0.5131746470099667,0.616895619233911,0.01,0.0,302.0
42,conditional_XMV_07,16,20,0.8196403980255127,0.5084747300664452,0.6083166297807137,0.011,0.0,302.0
42,conditional_XMV_07,17,20,0.8196403980255127,0.950959219269103,0.9761466955207545,0.00875,1.0,31.4
42,conditional_XMV_07,18,20,0.8196403980255127,0.8757574127906976,0.9318991428781023,0.00975,1.0,63.0
42,conditional_XMV_07,19,20,0.8196403980255127,0.9269788828903655,0.9600193095428801,0.01025,1.0,34.25
42,conditional_XMV_07,20,20,0.8196403980255127,0.9393628737541528,0.9700962467358681,0.01025,1.0,41.25
42,conditional_XMV_07,21,20,0.8196403980255127,0.5009980274086379,0.600332576643468,0.01025,0.0,302.0
42,conditional_XMV_07,22,20,0.8196403980255127,0.5581294435215947,0.6488652265964379,0.01375,0.0,302.0
42,conditional_XMV_07,23,20,0.8196403980255127,0.5386832433554817,0.632330692035365,0.00925,0.0,302.0
42,conditional_XMV_07,24,20,0.8196403980255127,0.9687973006644518,0.9837358351988328,0.009,1.0,14.95
42,conditional_XMV_07,25,20,0.8196403980255127,0.8704935838870432,0.922216384432409,0.00875,1.0,35.25
42,conditional_XMV_07,26,20,0.8196403980255127,0.9223463455149502,0.9580472895086467,0.01,1.0,29.0
42,conditional_XMV_07,27,20,0.8196403980255127,0.8062377076411961,0.877298829573702,0.009,1.0,24.55
42,conditional_XMV_07,28,20,0.8196403980255127,0.5544053363787376,0.6587229964655018,0.009,0.0,302.0
42,conditional_XMV_08,1,20,0.8192927241325378,0.9950399501661129,0.9974999587719714,0.009,1.0,4.45
42,conditional_XMV_08,2,20,0.8192927241325378,0.9897237126245847,0.9947142255528599,0.009,1.0,11.95
42,conditional_XMV_08,3,20,0.8192927241325378,0.5404061669435216,0.6341374259190072,0.011,0.0,302.0
42,conditional_XMV_08,4,20,0.8192927241325378,0.9631553986710963,0.9737280585413975,0.01175,1.0,2.0
42,conditional_XMV_08,5,20,0.8192927241325378,0.5013301287375416,0.6062172858868262,0.0115,0.05,287.0
42,conditional_XMV_08,6,20,0.8192927241325378,0.9979749169435216,0.9990524617562522,0.008,1.0,1.0
42,conditional_XMV_08,7,20,0.8192927241325378,0.996743853820598,0.9984125556543786,0.01125,1.0,2.0
42,conditional_XMV_08,8,20,0.8192927241325378,0.9683076619601328,0.9843454578976374,0.01,1.0,23.25
42,conditional_XMV_08,9,20,0.8192927241325378,0.541016403654485,0.6363742074859607,0.01225,0.0,302.0
42,conditional_XMV_08,10,20,0.8192927241325378,0.9149527823920266,0.9546172982764545,0.011,1.0,42.6
42,conditional_XMV_08,11,20,0.8192927241325378,0.9714258720930232,0.9844935170340108,0.0105,1.0,9.0
42,conditional_XMV_08,12,20,0.8192927241325378,0.7727558762458472,0.8590542694603949,0.0115,1.0,25.4
42,conditional_XMV_08,13,20,0.8192927241325378,0.9480522840531561,0.9747223164205209,0.01075,1.0,34.0
42,conditional_XMV_08,14,20,0.8192927241325378,0.9943249169435215,0.9970301015546594,0.01225,1.0,4.05
42,conditional_XMV_08,15,20,0.8192927241325378,0.5136536129568107,0.6169624263711433,0.00975,0.0,302.0
42,conditional_XMV_08,16,20,0.8192927241325378,0.5083414451827243,0.6080479095475289,0.0105,0.0,302.0
42,conditional_XMV_08,17,20,0.8192927241325378,0.9508649916943521,0.9760969265102803,0.00925,1.0,31.4
42,conditional_XMV_08,18,20,0.8192927241325378,0.8744322882059801,0.9310701226565338,0.01,1.0,63.0
42,conditional_XMV_08,19,20,0.8192927241325378,0.9092967815614618,0.9486113717807411,0.0095,1.0,35.9
42,conditional_XMV_08,20,20,0.8192927241325378,0.9393602990033223,0.9701071996177634,0.01025,1.0,41.25
42,conditional_XMV_08,21,20,0.8192927241325378,0.50095,0.6006267870863734,0.01075,0.0,302.0
42,conditional_XMV_08,22,20,0.8192927241325378,0.5580916943521594,0.6487708014545872,0.014,0.0,302.0
42,conditional_XMV_08,23,20,0.8192927241325378,0.5386319144518272,0.6321590145315913,0.00925,0.0,302.0
42,conditional_XMV_08,24,20,0.8192927241325378,0.9686137666112957,0.9836849160283909,0.00975,1.0,14.95
42,conditional_XMV_08,25,20,0.8192927241325378,0.8714182101328903,0.9228954895714148,0.00975,1.0,33.85
42,conditional_XMV_08,26,20,0.8192927241325378,0.9232766611295681,0.9586133397172152,0.00925,1.0,29.1
42,conditional_XMV_08,27,20,0.8192927241325378,0.8052375207641196,0.8765181196291935,0.009,1.0,24.55
42,conditional_XMV_08,28,20,0.8192927241325378,0.5542845930232558,0.6585319146322776,0.0095,0.0,302.0
42,conditional_XMV_09,1,20,0.8194200396537781,0.9950453488372093,0.9975019488558962,0.00875,1.0,4.35
42,conditional_XMV_09,2,20,0.8194200396537781,0.9897280315614618,0.9947176269467549,0.0095,1.0,11.95
42,conditional_XMV_09,3,20,0.8194200396537781,0.5401351328903654,0.6339151595443463,0.01075,0.0,302.0
42,conditional_XMV_09,4,20,0.8194200396537781,0.9623112126245847,0.9731175611431905,0.0115,1.0,2.0
42,conditional_XMV_09,5,20,0.8194200396537781,0.501271511627907,0.6062633073090348,0.0115,0.05,287.0
42,conditional_XMV_09,6,20,0.8194200396537781,0.9979763289036545,0.999053047335399,0.008,1.0,1.0
42,conditional_XMV_09,7,20,0.8194200396537781,0.9967485049833887,0.9984144720614974,0.011,1.0,2.0
42,conditional_XMV_09,8,20,0.8194200396537781,0.9684860880398671,0.9844352303969036,0.0095,1.0,23.25
42,conditional_XMV_09,9,20,0.8194200396537781,0.5411786752491694,0.636443170526248,0.012,0.0,302.0
42,conditional_XMV_09,10,20,0.8194200396537781,0.9153458679401993,0.9548864845659164,0.01075,1.0,43.2
42,conditional_XMV_09,11,20,0.8194200396537781,0.9713864825581395,0.9844883718970426,0.01075,1.0,9.0
42,conditional_XMV_09,12,20,0.8194200396537781,0.7727283430232558,0.8590352291185905,0.01125,1.0,25.5
42,conditional_XMV_09,13,20,0.8194200396537781,0.9480479651162791,0.9747228581028424,0.0105,1.0,34.0
42,conditional_XMV_09,14,20,0.8194200396537781,0.9943271179401993,0.9970330030988449,0.01175,1.0,4.05
42,conditional_XMV_09,15,20,0.8194200396537781,0.5134059385382059,0.6168732403019865,0.00975,0.0,302.0
42,conditional_XMV_09,16,20,0.8194200396537781,0.5082352159468438,0.6079852292590551,0.01025,0.0,302.0
42,conditional_XMV_09,17,20,0.8194200396537781,0.9507947051495017,0.9760426805688116,0.0085,1.0,31.4
42,conditional_XMV_09,18,20,0.8194200396537781,0.8746010382059801,0.9312041601317643,0.00975,1.0,63.0
42,conditional_XMV_09,19,20,0.8194200396537781,0.9407816860465116,0.968092005024265,0.01,1.0,30.3
42,conditional_XMV_09,20,20,0.8194200396537781,0.9393603820598007,0.9701203008228005,0.01025,1.0,41.25
42,conditional_XMV_09,21,20,0.8194200396537781,0.5010575166112957,0.6005253488590919,0.01075,0.0,302.0
42,conditional_XMV_09,22,20,0.8194200396537781,0.5580262666112957,0.6488839134900278,0.01375,0.0,302.0
42,conditional_XMV_09,23,20,0.8194200396537781,0.5385429609634551,0.6322182187672772,0.00925,0.0,302.0
42,conditional_XMV_09,24,20,0.8194200396537781,0.9685969684385382,0.9836734159911134,0.00975,1.0,14.95
42,conditional_XMV_09,25,20,0.8194200396537781,0.870930419435216,0.9224774787576954,0.009,1.0,35.45
42,conditional_XMV_09,26,20,0.8194200396537781,0.9226222799003322,0.9582107871477061,0.009,1.0,28.9
42,conditional_XMV_09,27,20,0.8194200396537781,0.8054270971760797,0.8766934314632385,0.01,1.0,24.55
42,conditional_XMV_09,28,20,0.8194200396537781,0.5542116486710963,0.6585390269685509,0.009,0.0,302.0
42,conditional_XMV_10,1,20,0.8189449310302734,0.9950588870431893,0.9975072328577131,0.0095,1.0,4.35
42,conditional_XMV_10,2,20,0.8189449310302734,0.9897536129568106,0.9947303184980925,0.0095,1.0,11.9
42,conditional_XMV_10,3,20,0.8189449310302734,0.5395773463455149,0.6335035146667475,0.01075,0.0,302.0
42,conditional_XMV_10,4,20,0.8189449310302734,0.5161378945182724,0.6256602416453771,0.01175,1.0,2.0
42,conditional_XMV_10,5,20,0.8189449310302734,0.5013452450166113,0.6063489519003343,0.01175,0.05,287.0
42,conditional_XMV_10,6,20,0.8189449310302734,0.9979736710963455,0.9990520518898954,0.0075,1.0,1.0
42,conditional_XMV_10,7,20,0.8189449310302734,0.9967491486710963,0.998414795276309,0.01125,1.0,2.0
42,conditional_XMV_10,8,20,0.8189449310302734,0.9684592400332226,0.9844179572530838,0.0095,1.0,23.25
42,conditional_XMV_10,9,20,0.8189449310302734,0.5412054401993356,0.6364856420590327,0.01225,0.0,302.0
42,conditional_XMV_10,10,20,0.8189449310302734,0.9152547342192691,0.95482506805838,0.0105,1.0,43.1
42,conditional_XMV_10,11,20,0.8189449310302734,0.9501332225913621,0.9726111689661608,0.01125,1.0,9.15
42,conditional_XMV_10,12,20,0.8189449310302734,0.7724529485049834,0.8588407567893795,0.01125,1.0,25.55
42,conditional_XMV_10,13,20,0.8189449310302734,0.9480847176079734,0.97473962950128,0.01075,1.0,33.9
42,conditional_XMV_10,14,20,0.8189449310302734,0.9938666528239203,0.99673671537117,0.012,1.0,4.15
42,conditional_XMV_10,15,20,0.8189449310302734,0.5137123754152824,0.6171887156782409,0.01,0.0,302.0
42,conditional_XMV_10,16,20,0.8189449310302734,0.5084060423588039,0.6080043621959903,0.0105,0.0,302.0
42,conditional_XMV_10,17,20,0.8189449310302734,0.9502927740863787,0.9757193714608284,0.00875,1.0,31.4
42,conditional_XMV_10,18,20,0.8189449310302734,0.874903488372093,0.9313732039291678,0.01,1.0,63.0
42,conditional_XMV_10,19,20,0.8189449310302734,0.9408865240863787,0.9681202786661265,0.01,1.0,30.3
42,conditional_XMV_10,20,20,0.8189449310302734,0.9394060215946843,0.9701352757882516,0.01025,1.0,41.25
42,conditional_XMV_10,21,20,0.8189449310302734,0.5010952242524916,0.600470935458294,0.011,0.0,302.0
42,conditional_XMV_10,22,20,0.8189449310302734,0.5579716362126246,0.6485140766940549,0.014,0.0,302.0
42,conditional_XMV_10,23,20,0.8189449310302734,0.5385269102990033,0.6321523744632627,0.00925,0.0,302.0
42,conditional_XMV_10,24,20,0.8189449310302734,0.9685049626245847,0.9836239057840079,0.01,1.0,14.95
42,conditional_XMV_10,25,20,0.8189449310302734,0.871034738372093,0.9225811356001876,0.00975,1.0,35.1
42,conditional_XMV_10,26,20,0.8189449310302734,0.9223791112956811,0.9580718823413975,0.00975,1.0,28.9
42,conditional_XMV_10,27,20,0.8189449310302734,0.7849397217607973,0.8631753762731205,0.01,1.0,25.7
42,conditional_XMV_10,28,20,0.8189449310302734,0.554127346345515,0.6583215198278033,0.0095,0.0,302.0
42,conditional_XMV_11,1,20,0.8192623257637024,0.9950486710963455,0.9975033653489096,0.00925,1.0,4.35
42,conditional_XMV_11,2,20,0.8192623257637024,0.9897363372093023,0.9947201324745195,0.00925,1.0,11.95
42,conditional_XMV_11,3,20,0.8192623257637024,0.5401802533222592,0.6340959664092832,0.011,0.0,302.0
42,conditional_XMV_11,4,20,0.8192623257637024,0.9622639950166113,0.9730711339187856,0.01175,1.0,2.0
42,conditional_XMV_11,5,20,0.8192623257637024,0.5007783222591362,0.6060890087772333,0.01125,0.05,287.0
42,conditional_XMV_11,6,20,0.8192623257637024,0.9979701411960132,0.999050955822148,0.00825,1.0,1.0
42,conditional_XMV_11,7,20,0.8192623257637024,0.9967549833887043,0.9984172358567475,0.011,1.0,2.0
42,conditional_XMV_11,8,20,0.8192623257637024,0.9685089078073089,0.9844480847251872,0.01,1.0,23.25
42,conditional_XMV_11,9,20,0.8192623257637024,0.5413039244186046,0.6367267588710455,0.01175,0.0,302.0
42,conditional_XMV_11,10,20,0.8192623257637024,0.9149579111295681,0.9546876061426485,0.0105,1.0,43.1
42,conditional_XMV_11,11,20,0.8192623257637024,0.9713858388704318,0.984483546024121,0.01075,1.0,9.0
42,conditional_XMV_11,12,20,0.8192623257637024,0.7723518272425249,0.8588520267340364,0.011,1.0,25.4
42,conditional_XMV_11,13,20,0.8192623257637024,0.9480982973421926,0.9747383419872808,0.01075,1.0,33.9
42,conditional_XMV_11,14,20,0.8192623257637024,0.9943150332225914,0.997024164780452,0.01225,1.0,4.05
42,conditional_XMV_11,15,20,0.8192623257637024,0.5133726328903655,0.6169199296418917,0.00975,0.0,302.0
42,conditional_XMV_11,16,20,0.8192623257637024,0.5079940822259136,0.6077658523504728,0.01075,0.0,302.0
42,conditional_XMV_11,17,20,0.8192623257637024,0.9508529900332225,0.9760681277776186,0.009,1.0,31.4
42,conditional_XMV_11,18,20,0.8192623257637024,0.8745592815614618,0.9311840138943168,0.01025,1.0,63.0
42,conditional_XMV_11,19,20,0.8192623257637024,0.9405440199335549,0.9679504753584699,0.01,1.0,30.55
42,conditional_XMV_11,20,20,0.8192623257637024,0.9394422757475083,0.9701498675158571,0.01075,1.0,41.35
42,conditional_XMV_11,21,20,0.8192623257637024,0.5008232350498338,0.6003774181976652,0.01075,0.0,302.0
42,conditional_XMV_11,22,20,0.8192623257637024,0.5579387873754152,0.6490450568001142,0.0135,0.0,302.0
42,conditional_XMV_11,23,20,0.8192623257637024,0.5383796096345514,0.6318432532818928,0.00925,0.0,302.0
42,conditional_XMV_11,24,20,0.8192623257637024,0.9685960132890366,0.9836709818238132,0.0105,1.0,14.95
42,conditional_XMV_11,25,20,0.8192623257637024,0.8708007267441861,0.9224536938434869,0.0095,1.0,35.45
42,conditional_XMV_11,26,20,0.8192623257637024,0.9224620016611296,0.958107011162133,0.00975,1.0,29.0
42,conditional_XMV_11,27,20,0.8192623257637024,0.8054332433554817,0.8765907664679686,0.01025,1.0,24.55
42,conditional_XMV_11,28,20,0.8192623257637024,0.5542946220930233,0.6584780955146763,0.00925,0.0,302.0
43,original,1,20,0.8427844047546387,0.9950808139534884,0.9975299277698556,0.00925,1.0,4.45
43,original,2,20,0.8427844047546387,0.9900240863787375,0.994886186725774,0.01025,1.0,11.25
43,original,3,20,0.8427844047546387,0.5398057516611295,0.6326942756312097,0.0085,0.0,302.0
43,original,4,20,0.8427844047546387,0.9696671096345515,0.9790255541560425,0.01075,1.0,2.0
43,original,5,20,0.8427844047546387,0.5019449958471761,0.6074807235892674,0.00975,0.1,272.0
43,original,6,20,0.8427844047546387,0.9980522840531562,0.9990837838781019,0.00825,1.0,1.0
43,original,7,20,0.8427844047546387,0.9966982558139534,0.9983952066733324,0.01025,1.0,2.0
43,original,8,20,0.8427844047546387,0.9694003737541528,0.9849620659542444,0.009,1.0,23.1
43,original,9,20,0.8427844047546387,0.5422330772425249,0.6365822628693385,0.0105,0.0,302.0
43,original,10,20,0.8427844047546387,0.9234089700996678,0.9595615085107573,0.00975,1.0,41.95
43,original,11,20,0.8427844047546387,0.9784831395348838,0.9886194394318419,0.01025,1.0,8.7
43,original,12,20,0.8427844047546387,0.7977713455149502,0.8763396958285637,0.01125,1.0,25.65
43,original,13,20,0.8427844047546387,0.9481636627906976,0.9747970200310933,0.0105,1.0,33.95
43,original,14,20,0.8427844047546387,0.9954343438538206,0.9977442133008472,0.011,1.0,3.8
43,original,15,20,0.8427844047546387,0.5094419019933555,0.6125112155946453,0.011,0.0,302.0
43,original,16,20,0.8427844047546387,0.5098782392026578,0.6091423355553508,0.013,0.0,302.0
43,original,17,20,0.8427844047546387,0.9521882059800665,0.9768604092665302,0.007,1.0,30.85
43,original,18,20,0.8427844047546387,0.8838511835548173,0.936774988480858,0.01,1.0,61.95
43,original,19,20,0.8427844047546387,0.9529775747508306,0.9747289964340247,0.01,1.0,28.35
43,original,20,20,0.8427844047546387,0.9394416320598007,0.9702197119147663,0.01025,1.0,41.05
43,original,21,20,0.8427844047546387,0.4988573712624585,0.5982249233290063,0.01125,0.0,302.0
43,original,22,20,0.8427844047546387,0.5631645971760797,0.6532031586320565,0.013,0.0,302.0
43,original,23,20,0.8427844047546387,0.5380577034883721,0.6295229401707889,0.01025,0.0,302.0
43,original,24,20,0.8427844047546387,0.9684987956810631,0.9835692211131627,0.00925,1.0,14.85
43,original,25,20,0.8427844047546387,0.890172342192691,0.9358692355876758,0.0075,1.0,34.65
43,original,26,20,0.8427844047546387,0.9266181893687707,0.9607534572898485,0.0105,1.0,28.05
43,original,27,20,0.8427844047546387,0.8234334925249169,0.8885581160518617,0.0075,1.0,22.45
43,original,28,20,0.8427844047546387,0.5576340531561462,0.6613604521533062,0.00925,0.0,302.0
43,conditional_XMV_01,1,20,0.8432589173316956,0.9951015780730897,0.9975404192202344,0.00925,1.0,4.45
43,conditional_XMV_01,2,20,0.8432589173316956,0.9902584302325581,0.9950060043264461,0.0105,1.0,11.15
43,conditional_XMV_01,3,20,0.8432589173316956,0.5399863787375415,0.6330320757848341,0.00825,0.0,302.0
43,conditional_XMV_01,4,20,0.8432589173316956,0.9686398671096346,0.978214778538485,0.0105,1.0,2.0
43,conditional_XMV_01,5,20,0.8432589173316956,0.5020087416943522,0.607542053202132,0.00925,0.15,257.0
43,conditional_XMV_01,6,20,0.8432589173316956,0.9980617940199336,0.999088400414695,0.0085,1.0,1.0
43,conditional_XMV_01,7,20,0.8432589173316956,0.9966856727574751,0.9983914534521202,0.0105,1.0,2.0
43,conditional_XMV_01,8,20,0.8432589173316956,0.9694359219269103,0.984988150184795,0.01,1.0,22.9
43,conditional_XMV_01,9,20,0.8432589173316956,0.541990365448505,0.6363103578375773,0.011,0.0,302.0
43,conditional_XMV_01,10,20,0.8432589173316956,0.9229676702657807,0.9592875030820512,0.0105,1.0,41.95
43,conditional_XMV_01,11,20,0.8432589173316956,0.9782873338870431,0.9885147524724894,0.00975,1.0,8.7
43,conditional_XMV_01,12,20,0.8432589173316956,0.797441092192691,0.8761653605916477,0.01125,1.0,24.55
43,conditional_XMV_01,13,20,0.8432589173316956,0.9482758513289037,0.9748533098513427,0.0105,1.0,33.85
43,conditional_XMV_01,14,20,0.8432589173316956,0.9954318521594684,0.9977454136133068,0.01075,1.0,3.8
43,conditional_XMV_01,15,20,0.8432589173316956,0.509344476744186,0.6125695029152364,0.0105,0.0,302.0
43,conditional_XMV_01,16,20,0.8432589173316956,0.5099552325581396,0.6092543208252723,0.013,0.0,302.0
43,conditional_XMV_01,17,20,0.8432589173316956,0.9521214700996677,0.9768185683535113,0.007,1.0,30.95
43,conditional_XMV_01,18,20,0.8432589173316956,0.8832973421926911,0.9364392036705891,0.00975,1.0,61.95
43,conditional_XMV_01,19,20,0.8432589173316956,0.9530893480066445,0.974813268068247,0.01025,1.0,28.7
43,conditional_XMV_01,20,20,0.8432589173316956,0.939545681063123,0.9702972738385756,0.01,1.0,41.05
43,conditional_XMV_01,21,20,0.8432589173316956,0.49854375,0.5982855201151998,0.01125,0.0,302.0
43,conditional_XMV_01,22,20,0.8432589173316956,0.5637211586378738,0.6539974826412241,0.013,0.0,302.0
43,conditional_XMV_01,23,20,0.8432589173316956,0.5383022009966777,0.6296668027230515,0.01025,0.0,302.0
43,conditional_XMV_01,24,20,0.8432589173316956,0.965724169435216,0.9819845567672989,0.009,1.0,15.4
43,conditional_XMV_01,25,20,0.8432589173316956,0.8857607350498339,0.9328651217951028,0.00775,1.0,36.05
43,conditional_XMV_01,26,20,0.8432589173316956,0.9272322259136213,0.9611053455856005,0.01025,1.0,27.55
43,conditional_XMV_01,27,20,0.8432589173316956,0.8223056478405315,0.8878233874487697,0.008,1.0,22.5
43,conditional_XMV_01,28,20,0.8432589173316956,0.5574790697674419,0.6613922863606183,0.00875,0.0,302.0
43,conditional_XMV_02,1,20,0.8446038961410522,0.9950401993355482,0.9975106585331333,0.009,1.0,4.45
43,conditional_XMV_02,2,20,0.8446038961410522,0.9899514119601329,0.9948448843301314,0.00925,1.0,12.05
43,conditional_XMV_02,3,20,0.8446038961410522,0.5400563122923588,0.6326315776792156,0.00875,0.0,302.0
43,conditional_XMV_02,4,20,0.8446038961410522,0.9714510382059801,0.9804724303281369,0.01075,1.0,2.0
43,conditional_XMV_02,5,20,0.8446038961410522,0.5018468853820598,0.6072690648137834,0.01025,0.1,272.0
43,conditional_XMV_02,6,20,0.8446038961410522,0.9980607558139535,0.9990858652730219,0.00875,1.0,1.0
43,conditional_XMV_02,7,20,0.8446038961410522,0.9966963455149501,0.9983941224572943,0.01,1.0,2.0
43,conditional_XMV_02,8,20,0.8446038961410522,0.9693647217607974,0.9849610732686632,0.009,1.0,23.25
43,conditional_XMV_02,9,20,0.8446038961410522,0.5426297134551495,0.6363393906110204,0.01025,0.0,302.0
43,conditional_XMV_02,10,20,0.8446038961410522,0.924350622923588,0.9601051978011895,0.00925,1.0,41.0
43,conditional_XMV_02,11,20,0.8446038961410522,0.9785171096345515,0.9886475239331092,0.01025,1.0,8.75
43,conditional_XMV_02,12,20,0.8446038961410522,0.7982216569767442,0.8767024543039553,0.01125,1.0,24.65
43,conditional_XMV_02,13,20,0.8446038961410522,0.9481066029900332,0.9747760892514935,0.0105,1.0,34.1
43,conditional_XMV_02,14,20,0.8446038961410522,0.9954482558139535,0.9977505412691126,0.01025,1.0,4.0
43,conditional_XMV_02,15,20,0.8446038961410522,0.5096452034883721,0.6125134532128921,0.0105,0.0,302.0
43,conditional_XMV_02,16,20,0.8446038961410522,0.5096793604651163,0.6094768960207148,0.0125,0.0,302.0
43,conditional_XMV_02,17,20,0.8446038961410522,0.9520850083056478,0.9768158239207178,0.007,1.0,30.95
43,conditional_XMV_02,18,20,0.8446038961410522,0.8842765988372093,0.9369928704416681,0.01,1.0,61.95
43,conditional_XMV_02,19,20,0.8446038961410522,0.9534010382059801,0.9749309221568282,0.01075,1.0,28.95
43,conditional_XMV_02,20,20,0.8446038961410522,0.939469476744186,0.9702273381595158,0.009,1.0,41.15
43,conditional_XMV_02,21,20,0.8446038961410522,0.4989014950166113,0.5982664969130876,0.0115,0.0,302.0
43,conditional_XMV_02,22,20,0.8446038961410522,0.5640190822259136,0.6535927535183972,0.0125,0.0,302.0
43,conditional_XMV_02,23,20,0.8446038961410522,0.5379756852159469,0.6289688339268203,0.0105,0.0,302.0
43,conditional_XMV_02,24,20,0.8446038961410522,0.9686926495016611,0.9836710865752298,0.0085,1.0,14.8
43,conditional_XMV_02,25,20,0.8446038961410522,0.8636897840531561,0.9182953153981656,0.0075,1.0,40.6
43,conditional_XMV_02,26,20,0.8446038961410522,0.9264503945182724,0.960640884463352,0.01,1.0,28.05
43,conditional_XMV_02,27,20,0.8446038961410522,0.8241038621262459,0.8892184353491446,0.007,1.0,22.45
43,conditional_XMV_02,28,20,0.8446038961410522,0.5579546719269103,0.6617039362453078,0.0085,0.0,302.0
43,conditional_XMV_03,1,20,0.8433762788772583,0.9950654069767442,0.9975256389501734,0.0095,1.0,4.45
43,conditional_XMV_03,2,20,0.8433762788772583,0.9900261212624585,0.9948860588541146,0.00975,1.0,11.25
43,conditional_XMV_03,3,20,0.8433762788772583,0.5396258720930233,0.6324946825402149,0.0085,0.0,302.0
43,conditional_XMV_03,4,20,0.8433762788772583,0.9687918812292359,0.9783722031796807,0.0105,1.0,2.0
43,conditional_XMV_03,5,20,0.8433762788772583,0.501755419435216,0.6074063879774618,0.00975,0.1,272.0
43,conditional_XMV_03,6,20,0.8433762788772583,0.9980526162790697,0.9990837703610015,0.01,1.0,1.0
43,conditional_XMV_03,7,20,0.8433762788772583,0.9967035299003322,0.9983977706501161,0.01025,1.0,2.0
43,conditional_XMV_03,8,20,0.8433762788772583,0.9694098006644518,0.9849707065174698,0.00925,1.0,23.1
43,conditional_XMV_03,9,20,0.8433762788772583,0.5422965323920266,0.6366892825981657,0.0095,0.0,302.0
43,conditional_XMV_03,10,20,0.8433762788772583,0.9234552740863787,0.959616549920584,0.0095,1.0,42.15
43,conditional_XMV_03,11,20,0.8433762788772583,0.9784138704318937,0.9885885583292463,0.0105,1.0,8.7
43,conditional_XMV_03,12,20,0.8433762788772583,0.7976216985049834,0.8763117274474912,0.011,1.0,24.55
43,conditional_XMV_03,13,20,0.8433762788772583,0.9481615448504983,0.9748003032201706,0.01025,1.0,33.95
43,conditional_XMV_03,14,20,0.8433762788772583,0.9954189784053156,0.9977382820105893,0.01175,1.0,3.8
43,conditional_XMV_03,15,20,0.8433762788772583,0.5097500830564784,0.6125867004655622,0.01075,0.0,302.0
43,conditional_XMV_03,16,20,0.8433762788772583,0.50989271179402,0.609426550618278,0.01225,0.0,302.0
43,conditional_XMV_03,17,20,0.8433762788772583,0.9521055024916943,0.9768241071942343,0.007,1.0,30.85
43,conditional_XMV_03,18,20,0.8433762788772583,0.883797238372093,0.9367247265060151,0.01,1.0,61.95
43,conditional_XMV_03,19,20,0.8433762788772583,0.9529557516611296,0.9747373441077518,0.01025,1.0,28.4
43,conditional_XMV_03,20,20,0.8433762788772583,0.9394354651162791,0.9702281655752978,0.01,1.0,41.05
43,conditional_XMV_03,21,20,0.8433762788772583,0.499059842192691,0.5985560183225537,0.01075,0.0,302.0
43,conditional_XMV_03,22,20,0.8433762788772583,0.5632564161129568,0.6533340657004233,0.01225,0.0,302.0
43,conditional_XMV_03,23,20,0.8433762788772583,0.5121088870431894,0.6084085987476705,0.01025,0.0,302.0
43,conditional_XMV_03,24,20,0.8433762788772583,0.9684479235880399,0.9835458662737526,0.00925,1.0,14.8
43,conditional_XMV_03,25,20,0.8433762788772583,0.8897244601328904,0.9355706993323111,0.00775,1.0,35.6
43,conditional_XMV_03,26,20,0.8433762788772583,0.9268412375415283,0.9608783526488032,0.01075,1.0,28.1
43,conditional_XMV_03,27,20,0.8433762788772583,0.8238415697674418,0.8889152840186086,0.00775,1.0,22.45
43,conditional_XMV_03,28,20,0.8433762788772583,0.557271407807309,0.6608045285924298,0.0095,0.0,302.0
43,conditional_XMV_04,1,20,0.8475419878959656,0.9950356727574751,0.9975058685346725,0.00875,1.0,4.65
43,conditional_XMV_04,2,20,0.8475419878959656,0.9896812707641196,0.9947260253074293,0.00875,1.0,11.95
43,conditional_XMV_04,3,20,0.8475419878959656,0.5366772009966777,0.6301926428785061,0.0085,0.0,302.0
43,conditional_XMV_04,4,20,0.8475419878959656,0.972425207641196,0.9811731052331437,0.01075,1.0,2.0
43,conditional_XMV_04,5,20,0.8475419878959656,0.5019131021594685,0.6078757710370529,0.009,0.1,272.0
43,conditional_XMV_04,6,20,0.8475419878959656,0.9980982973421927,0.9991021407529148,0.007,1.0,1.0
43,conditional_XMV_04,7,20,0.8475419878959656,0.9967284468438539,0.998406484510607,0.00925,1.0,2.0
43,conditional_XMV_04,8,20,0.8475419878959656,0.9693361710963455,0.9849310710501835,0.0095,1.0,23.3
43,conditional_XMV_04,9,20,0.8475419878959656,0.5390657392026578,0.63384707901131,0.01025,0.0,302.0
43,conditional_XMV_04,10,20,0.8475419878959656,0.9233899916943522,0.9595511714809435,0.00925,1.0,41.6
43,conditional_XMV_04,11,20,0.8475419878959656,0.9784937707641196,0.9886205955996652,0.00975,1.0,8.75
43,conditional_XMV_04,12,20,0.8475419878959656,0.7966745016611295,0.8754007377317989,0.01175,1.0,25.35
43,conditional_XMV_04,13,20,0.8475419878959656,0.948099169435216,0.974729745715008,0.01125,1.0,34.05
43,conditional_XMV_04,14,20,0.8475419878959656,0.9954844684385382,0.9977610251743578,0.00975,1.0,4.0
43,conditional_XMV_04,15,20,0.8475419878959656,0.5086507267441861,0.6126055606268392,0.00975,0.0,302.0
43,conditional_XMV_04,16,20,0.8475419878959656,0.5093735880398671,0.6079497566975067,0.01175,0.0,302.0
43,conditional_XMV_04,17,20,0.8475419878959656,0.9520602782392027,0.9768128240202918,0.00725,1.0,30.95
43,conditional_XMV_04,18,20,0.8475419878959656,0.8834538828903654,0.9365950210337098,0.0095,1.0,62.25
43,conditional_XMV_04,19,20,0.8475419878959656,0.9566919850498339,0.9769538335141191,0.00925,1.0,28.0
43,conditional_XMV_04,20,20,0.8475419878959656,0.9392867109634552,0.970091116902548,0.00925,1.0,41.55
43,conditional_XMV_04,21,20,0.8475419878959656,0.4995422965116279,0.5989496691487771,0.01125,0.0,302.0
43,conditional_XMV_04,22,20,0.8475419878959656,0.5590048172757475,0.6503525925526539,0.01175,0.0,302.0
43,conditional_XMV_04,23,20,0.8475419878959656,0.576562292358804,0.6664501108229615,0.0105,0.0,302.0
43,conditional_XMV_04,24,20,0.8475419878959656,0.96853646179402,0.9835945687704137,0.0085,1.0,14.9
43,conditional_XMV_04,25,20,0.8475419878959656,0.8882171926910299,0.9345285972775488,0.0075,1.0,34.7
43,conditional_XMV_04,26,20,0.8475419878959656,0.8447384759136213,0.9089832320663309,0.00975,1.0,46.35
43,conditional_XMV_04,27,20,0.8475419878959656,0.8232094061461794,0.8885676946683154,0.00675,1.0,22.4
43,conditional_XMV_04,28,20,0.8475419878959656,0.5546450789036544,0.6586162463341244,0.0095,0.0,302.0
43,conditional_XMV_05,1,20,0.8427844047546387,0.9950808139534884,0.9975299277698556,0.00925,1.0,4.45
43,conditional_XMV_05,2,20,0.8427844047546387,0.9900240863787375,0.994886186725774,0.01025,1.0,11.25
43,conditional_XMV_05,3,20,0.8427844047546387,0.5398057516611295,0.6326942756312097,0.0085,0.0,302.0
43,conditional_XMV_05,4,20,0.8427844047546387,0.9696671096345515,0.9790255541560425,0.01075,1.0,2.0
43,conditional_XMV_05,5,20,0.8427844047546387,0.5019449958471761,0.6074807235892674,0.00975,0.1,272.0
43,conditional_XMV_05,6,20,0.8427844047546387,0.9980522840531562,0.9990837838781019,0.00825,1.0,1.0
43,conditional_XMV_05,7,20,0.8427844047546387,0.9966982558139534,0.9983952066733324,0.01025,1.0,2.0
43,conditional_XMV_05,8,20,0.8427844047546387,0.9694003737541528,0.9849620659542444,0.009,1.0,23.1
43,conditional_XMV_05,9,20,0.8427844047546387,0.5422330772425249,0.6365822628693385,0.0105,0.0,302.0
43,conditional_XMV_05,10,20,0.8427844047546387,0.9234089700996678,0.9595615085107573,0.00975,1.0,41.95
43,conditional_XMV_05,11,20,0.8427844047546387,0.9784831395348838,0.9886194394318419,0.01025,1.0,8.7
43,conditional_XMV_05,12,20,0.8427844047546387,0.7977713455149502,0.8763396958285637,0.01125,1.0,25.65
43,conditional_XMV_05,13,20,0.8427844047546387,0.9481636627906976,0.9747970200310933,0.0105,1.0,33.95
43,conditional_XMV_05,14,20,0.8427844047546387,0.9954343438538206,0.9977442133008472,0.011,1.0,3.8
43,conditional_XMV_05,15,20,0.8427844047546387,0.5094419019933555,0.6125112155946453,0.011,0.0,302.0
43,conditional_XMV_05,16,20,0.8427844047546387,0.5098782392026578,0.6091423355553508,0.013,0.0,302.0
43,conditional_XMV_05,17,20,0.8427844047546387,0.9521882059800665,0.9768604092665302,0.007,1.0,30.85
43,conditional_XMV_05,18,20,0.8427844047546387,0.8838511835548173,0.936774988480858,0.01,1.0,61.95
43,conditional_XMV_05,19,20,0.8427844047546387,0.9529775747508306,0.9747289964340247,0.01,1.0,28.35
43,conditional_XMV_05,20,20,0.8427844047546387,0.9394416320598007,0.9702197119147663,0.01025,1.0,41.05
43,conditional_XMV_05,21,20,0.8427844047546387,0.4988573712624585,0.5982249233290063,0.01125,0.0,302.0
43,conditional_XMV_05,22,20,0.8427844047546387,0.5631645971760797,0.6532031586320565,0.013,0.0,302.0
43,conditional_XMV_05,23,20,0.8427844047546387,0.5380577034883721,0.6295229401707889,0.01025,0.0,302.0
43,conditional_XMV_05,24,20,0.8427844047546387,0.9684987956810631,0.9835692211131627,0.00925,1.0,14.85
43,conditional_XMV_05,25,20,0.8427844047546387,0.890172342192691,0.9358692355876758,0.0075,1.0,34.65
43,conditional_XMV_05,26,20,0.8427844047546387,0.9266181893687707,0.9607534572898485,0.0105,1.0,28.05
43,conditional_XMV_05,27,20,0.8427844047546387,0.8234334925249169,0.8885581160518617,0.0075,1.0,22.45
43,conditional_XMV_05,28,20,0.8427844047546387,0.5576340531561462,0.6613604521533062,0.00925,0.0,302.0
43,conditional_XMV_06,1,20,0.8429927229881287,0.9950704318936877,0.9975234841284507,0.009,1.0,4.55
43,conditional_XMV_06,2,20,0.8429927229881287,0.9900297342192691,0.9948891216418139,0.01025,1.0,11.25
43,conditional_XMV_06,3,20,0.8429927229881287,0.5400453488372093,0.6329927813780306,0.0085,0.0,302.0
43,conditional_XMV_06,4,20,0.8429927229881287,0.9704583056478405,0.9796884936931722,0.0105,1.0,2.0
43,conditional_XMV_06,5,20,0.8429927229881287,0.5018490448504983,0.6075021014825301,0.01,0.1,272.0
43,conditional_XMV_06,6,20,0.8429927229881287,0.9980485465116279,0.9990825153451162,0.00825,1.0,1.0
43,conditional_XMV_06,7,20,0.8429927229881287,0.996704111295681,0.99839724598626,0.01,1.0,2.0
43,conditional_XMV_06,8,20,0.8429927229881287,0.9694034468438538,0.9849598040664455,0.009,1.0,23.1
43,conditional_XMV_06,9,20,0.8429927229881287,0.5423171719269103,0.6367804838904364,0.0105,0.0,302.0
43,conditional_XMV_06,10,20,0.8429927229881287,0.9233044435215947,0.9594996503156664,0.00975,1.0,41.85
43,conditional_XMV_06,11,20,0.8429927229881287,0.9786676079734219,0.9887207907385802,0.01,1.0,8.7
43,conditional_XMV_06,12,20,0.8429927229881287,0.7980465946843854,0.8764991486059034,0.0115,1.0,25.65
43,conditional_XMV_06,13,20,0.8429927229881287,0.9481292358803987,0.97478272768019,0.0105,1.0,34.0
43,conditional_XMV_06,14,20,0.8429927229881287,0.9954331187707641,0.9977432299212843,0.011,1.0,3.8
43,conditional_XMV_06,15,20,0.8429927229881287,0.5095537375415282,0.6125809282379056,0.0105,0.0,302.0
43,conditional_XMV_06,16,20,0.8429927229881287,0.5097747508305648,0.6090973657651492,0.013,0.0,302.0
43,conditional_XMV_06,17,20,0.8429927229881287,0.9522072259136213,0.976870835832132,0.007,1.0,30.85
43,conditional_XMV_06,18,20,0.8429927229881287,0.8842045888704319,0.9369506951957853,0.01,1.0,61.75
43,conditional_XMV_06,19,20,0.8429927229881287,0.9529373131229236,0.9747061913538826,0.01,1.0,28.45
43,conditional_XMV_06,20,20,0.8429927229881287,0.9396427533222591,0.9703260917106312,0.00975,1.0,40.95
43,conditional_XMV_06,21,20,0.8429927229881287,0.49889703073089703,0.5982658955907283,0.011,0.0,302.0
43,conditional_XMV_06,22,20,0.8429927229881287,0.5634105897009967,0.6533583411295402,0.01275,0.0,302.0
43,conditional_XMV_06,23,20,0.8429927229881287,0.5381124169435216,0.6294856092226544,0.01075,0.0,302.0
43,conditional_XMV_06,24,20,0.8429927229881287,0.9685796511627907,0.9836124819761822,0.0095,1.0,14.85
43,conditional_XMV_06,25,20,0.8429927229881287,0.8908890780730897,0.9363121784937791,0.0075,1.0,34.55
43,conditional_XMV_06,26,20,0.8429927229881287,0.9265847176079735,0.9607398680511711,0.01025,1.0,28.0
43,conditional_XMV_06,27,20,0.8429927229881287,0.8244184593023256,0.8893611581385928,0.00725,1.0,22.45
43,conditional_XMV_06,28,20,0.8429927229881287,0.557530315614618,0.6611807072307414,0.00925,0.0,302.0
43,conditional_XMV_07,1,20,0.84238201379776,0.9950561877076411,0.9975174742714589,0.00925,1.0,4.45
43,conditional_XMV_07,2,20,0.84238201379776,0.9899484426910299,0.9948458341869927,0.0105,1.0,11.85
43,conditional_XMV_07,3,20,0.84238201379776,0.5398621262458472,0.6327345415637525,0.0085,0.0,302.0
43,conditional_XMV_07,4,20,0.84238201379776,0.9693699335548173,0.9788604721217823,0.01075,1.0,2.0
43,conditional_XMV_07,5,20,0.84238201379776,0.5016458264119601,0.6069159383592213,0.01025,0.1,272.0
43,conditional_XMV_07,6,20,0.84238201379776,0.9980681063122924,0.9990887389122141,0.00875,1.0,1.0
43,conditional_XMV_07,7,20,0.84238201379776,0.9966926495016611,0.9983939963219173,0.011,1.0,2.0
43,conditional_XMV_07,8,20,0.84238201379776,0.9692928571428572,0.9848934838672037,0.00925,1.0,23.15
43,conditional_XMV_07,9,20,0.84238201379776,0.542365157807309,0.6367944310805812,0.01175,0.0,302.0
43,conditional_XMV_07,10,20,0.84238201379776,0.9213434800664452,0.9582790132563871,0.01,1.0,42.15
43,conditional_XMV_07,11,20,0.84238201379776,0.9784761627906977,0.9886261799232199,0.01125,1.0,8.75
43,conditional_XMV_07,12,20,0.84238201379776,0.7974084094684385,0.8760569640139149,0.01175,1.0,24.5
43,conditional_XMV_07,13,20,0.84238201379776,0.9482406146179402,0.9748250285849456,0.0105,1.0,33.95
43,conditional_XMV_07,14,20,0.84238201379776,0.9954361710963455,0.9977454250457556,0.011,1.0,3.8
43,conditional_XMV_07,15,20,0.84238201379776,0.5096647840531562,0.612811075868757,0.01075,0.0,302.0
43,conditional_XMV_07,16,20,0.84238201379776,0.5093509759136212,0.6089691135744151,0.0125,0.0,302.0
43,conditional_XMV_07,17,20,0.84238201379776,0.9521314991694352,0.97681403646446,0.007,1.0,30.95
43,conditional_XMV_07,18,20,0.84238201379776,0.8840603612956811,0.9369051240333922,0.01025,1.0,61.95
43,conditional_XMV_07,19,20,0.84238201379776,0.9407263704318937,0.9675314137648862,0.01025,1.0,32.6
43,conditional_XMV_07,20,20,0.84238201379776,0.9394380398671096,0.9701921014748851,0.0105,1.0,40.95
43,conditional_XMV_07,21,20,0.84238201379776,0.49915419435215946,0.5987966869668863,0.01125,0.0,302.0
43,conditional_XMV_07,22,20,0.84238201379776,0.5628695598006644,0.653041313565379,0.01275,0.0,302.0
43,conditional_XMV_07,23,20,0.84238201379776,0.5382765365448505,0.6297569853353259,0.0105,0.0,302.0
43,conditional_XMV_07,24,20,0.84238201379776,0.9684205564784053,0.9834985434110733,0.01,1.0,14.9
43,conditional_XMV_07,25,20,0.84238201379776,0.8910699335548172,0.9364178271794017,0.008,1.0,34.45
43,conditional_XMV_07,26,20,0.84238201379776,0.9258336586378737,0.9602854962658597,0.01075,1.0,28.15
43,conditional_XMV_07,27,20,0.84238201379776,0.8243099252491695,0.889297623669196,0.007,1.0,21.85
43,conditional_XMV_07,28,20,0.84238201379776,0.5573530523255814,0.6614917381407318,0.00925,0.0,302.0
43,conditional_XMV_08,1,20,0.8431318402290344,0.9951043189368771,0.9975360037320522,0.00925,1.0,4.6
43,conditional_XMV_08,2,20,0.8431318402290344,0.9900112541528239,0.9948784575276498,0.01075,1.0,11.55
43,conditional_XMV_08,3,20,0.8431318402290344,0.5396284468438538,0.6327548489855075,0.008,0.0,302.0
43,conditional_XMV_08,4,20,0.8431318402290344,0.9711264534883721,0.9801468973322193,0.01075,1.0,2.0
43,conditional_XMV_08,5,20,0.8431318402290344,0.5019304817275747,0.6072612688638923,0.01,0.15,257.0
43,conditional_XMV_08,6,20,0.8431318402290344,0.9980752491694352,0.9990929527017458,0.00925,1.0,1.0
43,conditional_XMV_08,7,20,0.8431318402290344,0.996703903654485,0.9983979326302826,0.01125,1.0,2.0
43,conditional_XMV_08,8,20,0.8431318402290344,0.9692586794019934,0.9848755518620772,0.009,1.0,23.4
43,conditional_XMV_08,9,20,0.8431318402290344,0.5420459094684386,0.6357256981723399,0.011,0.0,302.0
43,conditional_XMV_08,10,20,0.8431318402290344,0.9232052533222591,0.959497914410537,0.00975,1.0,42.25
43,conditional_XMV_08,11,20,0.8431318402290344,0.9784681893687708,0.988610986773788,0.00925,1.0,8.8
43,conditional_XMV_08,12,20,0.8431318402290344,0.7977139742524917,0.8761625410224965,0.0125,1.0,25.75
43,conditional_XMV_08,13,20,0.8431318402290344,0.9482741279069767,0.9748516679105754,0.01075,1.0,34.05
43,conditional_XMV_08,14,20,0.8431318402290344,0.9954637873754153,0.9977591604210506,0.011,1.0,3.9
43,conditional_XMV_08,15,20,0.8431318402290344,0.5094077242524917,0.612970803788611,0.01,0.0,302.0
43,conditional_XMV_08,16,20,0.8431318402290344,0.5097114825581396,0.6095756118741713,0.012,0.0,302.0
43,conditional_XMV_08,17,20,0.8431318402290344,0.9520579526578073,0.97679712978565,0.00725,1.0,30.95
43,conditional_XMV_08,18,20,0.8431318402290344,0.8839532599667774,0.9368335268940695,0.01,1.0,61.75
43,conditional_XMV_08,19,20,0.8431318402290344,0.9268125830564784,0.9586739346231442,0.01025,1.0,34.0
43,conditional_XMV_08,20,20,0.8431318402290344,0.9394311046511628,0.970222726163011,0.01025,1.0,41.05
43,conditional_XMV_08,21,20,0.8431318402290344,0.49862209302325583,0.5984275879779867,0.0105,0.0,302.0
43,conditional_XMV_08,22,20,0.8431318402290344,0.5636,0.6537643980292361,0.01275,0.0,302.0
43,conditional_XMV_08,23,20,0.8431318402290344,0.5386118355481727,0.6300450148610703,0.0105,0.0,302.0
43,conditional_XMV_08,24,20,0.8431318402290344,0.9684886835548173,0.9835838474248855,0.00875,1.0,14.95
43,conditional_XMV_08,25,20,0.8431318402290344,0.889936357973422,0.9355461283525502,0.008,1.0,34.9
43,conditional_XMV_08,26,20,0.8431318402290344,0.9270253737541528,0.9609547379034927,0.00975,1.0,27.55
43,conditional_XMV_08,27,20,0.8431318402290344,0.8236414867109635,0.8887973866325495,0.0075,1.0,22.45
43,conditional_XMV_08,28,20,0.8431318402290344,0.5571198920265781,0.661040846580295,0.009,0.0,302.0
43,conditional_XMV_09,1,20,0.8427844047546387,0.9950808139534884,0.9975299277698556,0.00925,1.0,4.45
43,conditional_XMV_09,2,20,0.8427844047546387,0.9900240863787375,0.994886186725774,0.01025,1.0,11.25
43,conditional_XMV_09,3,20,0.8427844047546387,0.5398057516611295,0.6326942756312097,0.0085,0.0,302.0
43,conditional_XMV_09,4,20,0.8427844047546387,0.9696671096345515,0.9790255541560425,0.01075,1.0,2.0
43,conditional_XMV_09,5,20,0.8427844047546387,0.5019449958471761,0.6074807235892674,0.00975,0.1,272.0
43,conditional_XMV_09,6,20,0.8427844047546387,0.9980522840531562,0.9990837838781019,0.00825,1.0,1.0
43,conditional_XMV_09,7,20,0.8427844047546387,0.9966982558139534,0.9983952066733324,0.01025,1.0,2.0
43,conditional_XMV_09,8,20,0.8427844047546387,0.9694003737541528,0.9849620659542444,0.009,1.0,23.1
43,conditional_XMV_09,9,20,0.8427844047546387,0.5422330772425249,0.6365822628693385,0.0105,0.0,302.0
43,conditional_XMV_09,10,20,0.8427844047546387,0.9234089700996678,0.9595615085107573,0.00975,1.0,41.95
43,conditional_XMV_09,11,20,0.8427844047546387,0.9784831395348838,0.9886194394318419,0.01025,1.0,8.7
43,conditional_XMV_09,12,20,0.8427844047546387,0.7977713455149502,0.8763396958285637,0.01125,1.0,25.65
43,conditional_XMV_09,13,20,0.8427844047546387,0.9481636627906976,0.9747970200310933,0.0105,1.0,33.95
43,conditional_XMV_09,14,20,0.8427844047546387,0.9954343438538206,0.9977442133008472,0.011,1.0,3.8
43,conditional_XMV_09,15,20,0.8427844047546387,0.5094419019933555,0.6125112155946453,0.011,0.0,302.0
43,conditional_XMV_09,16,20,0.8427844047546387,0.5098782392026578,0.6091423355553508,0.013,0.0,302.0
43,conditional_XMV_09,17,20,0.8427844047546387,0.9521882059800665,0.9768604092665302,0.007,1.0,30.85
43,conditional_XMV_09,18,20,0.8427844047546387,0.8838511835548173,0.936774988480858,0.01,1.0,61.95
43,conditional_XMV_09,19,20,0.8427844047546387,0.9529775747508306,0.9747289964340247,0.01,1.0,28.35
43,conditional_XMV_09,20,20,0.8427844047546387,0.9394416320598007,0.9702197119147663,0.01025,1.0,41.05
43,conditional_XMV_09,21,20,0.8427844047546387,0.4988573712624585,0.5982249233290063,0.01125,0.0,302.0
43,conditional_XMV_09,22,20,0.8427844047546387,0.5631645971760797,0.6532031586320565,0.013,0.0,302.0
43,conditional_XMV_09,23,20,0.8427844047546387,0.5380577034883721,0.6295229401707889,0.01025,0.0,302.0
43,conditional_XMV_09,24,20,0.8427844047546387,0.9684987956810631,0.9835692211131627,0.00925,1.0,14.85
43,conditional_XMV_09,25,20,0.8427844047546387,0.890172342192691,0.9358692355876758,0.0075,1.0,34.65
43,conditional_XMV_09,26,20,0.8427844047546387,0.9266181893687707,0.9607534572898485,0.0105,1.0,28.05
43,conditional_XMV_09,27,20,0.8427844047546387,0.8234334925249169,0.8885581160518617,0.0075,1.0,22.45
43,conditional_XMV_09,28,20,0.8427844047546387,0.5576340531561462,0.6613604521533062,0.00925,0.0,302.0
43,conditional_XMV_10,1,20,0.8430001735687256,0.9950780315614618,0.9975256289458642,0.009,1.0,4.45
43,conditional_XMV_10,2,20,0.8430001735687256,0.9900232558139535,0.9948886728281084,0.00975,1.0,11.25
43,conditional_XMV_10,3,20,0.8430001735687256,0.5388345514950166,0.6317750600221919,0.00825,0.0,302.0
43,conditional_XMV_10,4,20,0.8430001735687256,0.5179125622923588,0.6271110395161432,0.0105,1.0,2.0
43,conditional_XMV_10,5,20,0.8430001735687256,0.5022823089700996,0.607387545204806,0.01,0.1,272.0
43,conditional_XMV_10,6,20,0.8430001735687256,0.9980690199335548,0.9990906823845546,0.00825,1.0,1.0
43,conditional_XMV_10,7,20,0.8430001735687256,0.9966907392026578,0.9983926812451911,0.01,1.0,2.0
43,conditional_XMV_10,8,20,0.8430001735687256,0.9694058139534883,0.9849740076664524,0.00925,1.0,23.15
43,conditional_XMV_10,9,20,0.8430001735687256,0.5411898878737541,0.6357432423433386,0.0105,0.0,302.0
43,conditional_XMV_10,10,20,0.8430001735687256,0.9232833471760797,0.959481418940564,0.00975,1.0,42.05
43,conditional_XMV_10,11,20,0.8430001735687256,0.9539640365448505,0.974930623659507,0.01025,1.0,8.95
43,conditional_XMV_10,12,20,0.8430001735687256,0.7973731312292359,0.8760756089101837,0.0115,1.0,25.7
43,conditional_XMV_10,13,20,0.8430001735687256,0.9481791528239203,0.9747939386022421,0.0115,1.0,34.1
43,conditional_XMV_10,14,20,0.8430001735687256,0.9953490863787375,0.9976900239164905,0.01125,1.0,4.0
43,conditional_XMV_10,15,20,0.8430001735687256,0.5095884136212625,0.6131344321880489,0.01125,0.0,302.0
43,conditional_XMV_10,16,20,0.8430001735687256,0.5102379983388704,0.6093780252276396,0.01225,0.0,302.0
43,conditional_XMV_10,17,20,0.8430001735687256,0.9525012043189369,0.9770576992996347,0.007,1.0,30.95
43,conditional_XMV_10,18,20,0.8430001735687256,0.8841109634551495,0.9369291540690216,0.00975,1.0,61.95
43,conditional_XMV_10,19,20,0.8430001735687256,0.9530449335548172,0.9747666108086277,0.0105,1.0,28.35
43,conditional_XMV_10,20,20,0.8430001735687256,0.9393642026578073,0.9701718743427816,0.01,1.0,41.25
43,conditional_XMV_10,21,20,0.8430001735687256,0.4989483596345515,0.598712481693849,0.0105,0.0,302.0
43,conditional_XMV_10,22,20,0.8430001735687256,0.5621806686046512,0.6522189255515545,0.0125,0.0,302.0
43,conditional_XMV_10,23,20,0.8430001735687256,0.5382044435215947,0.6293175895204747,0.01025,0.0,302.0
43,conditional_XMV_10,24,20,0.8430001735687256,0.9687022217607973,0.9836733392243618,0.00975,1.0,14.85
43,conditional_XMV_10,25,20,0.8430001735687256,0.8897434800664452,0.9355209178586459,0.0075,1.0,34.3
43,conditional_XMV_10,26,20,0.8430001735687256,0.9268264534883721,0.96081000055255,0.01025,1.0,28.05
43,conditional_XMV_10,27,20,0.8430001735687256,0.7945720514950166,0.8702357775843006,0.00775,1.0,23.5
43,conditional_XMV_10,28,20,0.8430001735687256,0.5577806478405316,0.6613995086209377,0.00925,0.0,302.0
43,conditional_XMV_11,1,20,0.8424791097640991,0.9951163205980067,0.9975460302433042,0.0085,1.0,4.45
43,conditional_XMV_11,2,20,0.8424791097640991,0.9899738787375415,0.9948672963171787,0.01025,1.0,11.3
43,conditional_XMV_11,3,20,0.8424791097640991,0.5393463247508306,0.6323489986528282,0.009,0.0,302.0
43,conditional_XMV_11,4,20,0.8424791097640991,0.9697609634551495,0.9790397609534943,0.01125,1.0,2.0
43,conditional_XMV_11,5,20,0.8424791097640991,0.501031457641196,0.6067443579117449,0.01025,0.1,272.0
43,conditional_XMV_11,6,20,0.8424791097640991,0.9980307724252492,0.9990774352802202,0.008,1.0,1.0
43,conditional_XMV_11,7,20,0.8424791097640991,0.9967197259136212,0.9984041565936167,0.01025,1.0,2.0
43,conditional_XMV_11,8,20,0.8424791097640991,0.9693334302325581,0.9849352719027702,0.0085,1.0,22.95
43,conditional_XMV_11,9,20,0.8424791097640991,0.542191403654485,0.6361296453082209,0.01,0.0,302.0
43,conditional_XMV_11,10,20,0.8424791097640991,0.9232076827242525,0.9594350354760783,0.01125,1.0,41.95
43,conditional_XMV_11,11,20,0.8424791097640991,0.978584219269103,0.9886722642195651,0.01,1.0,8.7
43,conditional_XMV_11,12,20,0.8424791097640991,0.7972562707641196,0.8761421822871734,0.01125,1.0,25.65
43,conditional_XMV_11,13,20,0.8424791097640991,0.9482986918604651,0.9748335190006071,0.01075,1.0,34.1
43,conditional_XMV_11,14,20,0.8424791097640991,0.9954253737541529,0.9977408477141474,0.011,1.0,3.7
43,conditional_XMV_11,15,20,0.8424791097640991,0.5096803156146179,0.6127522664799085,0.01075,0.0,302.0
43,conditional_XMV_11,16,20,0.8424791097640991,0.5093688745847176,0.6092856286812132,0.01275,0.0,302.0
43,conditional_XMV_11,17,20,0.8424791097640991,0.9521531146179402,0.9768361112882337,0.00725,1.0,30.95
43,conditional_XMV_11,18,20,0.8424791097640991,0.8837973837209302,0.9367178925285033,0.00975,1.0,61.75
43,conditional_XMV_11,19,20,0.8424791097640991,0.9530674626245847,0.9747707315546802,0.0105,1.0,27.65
43,conditional_XMV_11,20,20,0.8424791097640991,0.9394934800664452,0.9702299922961417,0.0105,1.0,41.05
43,conditional_XMV_11,21,20,0.8424791097640991,0.4984863164451827,0.5980929425962874,0.01175,0.0,302.0
43,conditional_XMV_11,22,20,0.8424791097640991,0.5629073297342193,0.6533007320351223,0.01275,0.0,302.0
43,conditional_XMV_11,23,20,0.8424791097640991,0.5378154900332226,0.629359818359791,0.0105,0.0,302.0
43,conditional_XMV_11,24,20,0.8424791097640991,0.9685887043189368,0.9836163156262584,0.01025,1.0,14.9
43,conditional_XMV_11,25,20,0.8424791097640991,0.8904723006644518,0.9360543840889451,0.0085,1.0,33.1
43,conditional_XMV_11,26,20,0.8424791097640991,0.9268694767441861,0.9608521100900845,0.0105,1.0,28.05
43,conditional_XMV_11,27,20,0.8424791097640991,0.8239932516611296,0.8890917560916513,0.007,1.0,22.45
43,conditional_XMV_11,28,20,0.8424791097640991,0.5573409260797342,0.6611609526883769,0.00925,0.0,302.0
44,original,1,20,0.8202675580978394,0.9950612126245847,0.9975126542535548,0.0075,1.0,4.5
44,original,2,20,0.8202675580978394,0.9896926495016611,0.9946830031096265,0.009,1.0,12.1
44,original,3,20,0.8202675580978394,0.539765573089701,0.6349504105580798,0.0095,0.0,302.0
44,original,4,20,0.8202675580978394,0.8120067275747508,0.8625663082225996,0.01025,1.0,2.0
44,original,5,20,0.8202675580978394,0.499765676910299,0.6056371283594,0.01075,0.0,302.0
44,original,6,20,0.8202675580978394,0.9979767026578074,0.9990512640711312,0.00825,1.0,1.0
44,original,7,20,0.8202675580978394,0.9967065199335549,0.9983942231860609,0.00975,1.0,2.0
44,original,8,20,0.8202675580978394,0.9682699127906976,0.9843356691374707,0.0085,1.0,23.8
44,original,9,20,0.8202675580978394,0.5397638704318937,0.6362097055470354,0.0125,0.0,302.0
44,original,10,20,0.8202675580978394,0.9190289036544851,0.9571340460164427,0.01025,1.0,40.75
44,original,11,20,0.8202675580978394,0.9627909676079734,0.9795720779310342,0.01025,1.0,9.15
44,original,12,20,0.8202675580978394,0.7819095930232558,0.8657635720676901,0.012,1.0,25.55
44,original,13,20,0.8202675580978394,0.9481240448504984,0.9747409813611346,0.01025,1.0,34.0
44,original,14,20,0.8202675580978394,0.9930873338870432,0.9962665338962798,0.011,1.0,4.15
44,original,15,20,0.8202675580978394,0.5110953903654485,0.6156545376361905,0.01,0.0,302.0
44,original,16,20,0.8202675580978394,0.509300415282392,0.6089490785981092,0.01075,0.0,302.0
44,original,17,20,0.8202675580978394,0.9505538621262458,0.975856518360482,0.01,1.0,31.5
44,original,18,20,0.8202675580978394,0.8793125207641196,0.9340303251879237,0.0095,1.0,62.1
44,original,19,20,0.8202675580978394,0.9362530315614618,0.9650090410196644,0.00925,1.0,31.0
44,original,20,20,0.8202675580978394,0.9391847176079734,0.9700495406791422,0.0105,1.0,41.75
44,original,21,20,0.8202675580978394,0.5009509551495016,0.599847108322677,0.01125,0.0,302.0
44,original,22,20,0.8202675580978394,0.5570834717607973,0.6493169602564582,0.012,0.0,302.0
44,original,23,20,0.8202675580978394,0.5400834094684386,0.6335854732693644,0.01,0.0,302.0
44,original,24,20,0.8202675580978394,0.9684058139534883,0.9836018104875255,0.0105,1.0,14.85
44,original,25,20,0.8202675580978394,0.9153089285714285,0.9527174247148088,0.0095,1.0,25.4
44,original,26,20,0.8202675580978394,0.918164742524917,0.9557177158784935,0.00925,1.0,28.9
44,original,27,20,0.8202675580978394,0.7909616071428571,0.8668904245464866,0.0085,1.0,25.35
44,original,28,20,0.8202675580978394,0.5551027408637874,0.6588470646375568,0.0085,0.0,302.0
44,conditional_XMV_01,1,20,0.8202866911888123,0.9950788205980067,0.9975223691761966,0.00775,1.0,4.4
44,conditional_XMV_01,2,20,0.8202866911888123,0.9899697674418605,0.9948290512583039,0.00875,1.0,11.7
44,conditional_XMV_01,3,20,0.8202866911888123,0.5397100705980067,0.6348428899435022,0.01025,0.0,302.0
44,conditional_XMV_01,4,20,0.8202866911888123,0.8017445390365449,0.8544078097446725,0.0105,1.0,2.0
44,conditional_XMV_01,5,20,0.8202866911888123,0.4996393064784053,0.6055787933233158,0.0115,0.0,302.0
44,conditional_XMV_01,6,20,0.8202866911888123,0.9979894518272425,0.999055077287349,0.00775,1.0,1.0
44,conditional_XMV_01,7,20,0.8202866911888123,0.9967007890365448,0.9983929163470472,0.00975,1.0,2.0
44,conditional_XMV_01,8,20,0.8202866911888123,0.9684020764119601,0.984407436162555,0.00925,1.0,23.6
44,conditional_XMV_01,9,20,0.8202866911888123,0.539744580564784,0.6362601614358455,0.01275,0.0,302.0
44,conditional_XMV_01,10,20,0.8202866911888123,0.9190837416943521,0.9571889683602204,0.01025,1.0,40.75
44,conditional_XMV_01,11,20,0.8202866911888123,0.9623145556478405,0.9792962300504444,0.0105,1.0,9.15
44,conditional_XMV_01,12,20,0.8202866911888123,0.7821823297342193,0.8659838060581224,0.01175,1.0,25.45
44,conditional_XMV_01,13,20,0.8202866911888123,0.9482566445182724,0.9748117467659486,0.01025,1.0,33.9
44,conditional_XMV_01,14,20,0.8202866911888123,0.99308073089701,0.9962644037658883,0.011,1.0,4.15
44,conditional_XMV_01,15,20,0.8202866911888123,0.5109984634551495,0.6156697199418361,0.01,0.0,302.0
44,conditional_XMV_01,16,20,0.8202866911888123,0.5095015988372094,0.6088614612421063,0.0105,0.0,302.0
44,conditional_XMV_01,17,20,0.8202866911888123,0.9506060838870432,0.9758881756605349,0.01025,1.0,31.5
44,conditional_XMV_01,18,20,0.8202866911888123,0.8792047134551495,0.9339575014160223,0.0095,1.0,62.1
44,conditional_XMV_01,19,20,0.8202866911888123,0.9371070182724253,0.9654725670823013,0.01025,1.0,31.4
44,conditional_XMV_01,20,20,0.8202866911888123,0.9390728405315615,0.9699992572536709,0.0105,1.0,41.75
44,conditional_XMV_01,21,20,0.8202866911888123,0.5005565199335548,0.5998228505354322,0.01125,0.0,302.0
44,conditional_XMV_01,22,20,0.8202866911888123,0.5570497508305647,0.6493042979494773,0.012,0.0,302.0
44,conditional_XMV_01,23,20,0.8202866911888123,0.5402584094684385,0.6337945178490169,0.01,0.0,302.0
44,conditional_XMV_01,24,20,0.8202866911888123,0.9653093853820598,0.9818583268623811,0.01,1.0,15.65
44,conditional_XMV_01,25,20,0.8202866911888123,0.9084605066445183,0.9484040309296452,0.009,1.0,27.0
44,conditional_XMV_01,26,20,0.8202866911888123,0.9184676287375415,0.9558970151332873,0.00925,1.0,28.9
44,conditional_XMV_01,27,20,0.8202866911888123,0.7900260174418605,0.8662693675033093,0.00825,1.0,25.35
44,conditional_XMV_01,28,20,0.8202866911888123,0.5550092400332226,0.6588243250459459,0.009,0.0,302.0
44,conditional_XMV_02,1,20,0.8202881217002869,0.9950552740863787,0.997508915796649,0.00775,1.0,4.5
44,conditional_XMV_02,2,20,0.8202881217002869,0.9896716362126246,0.9946687265958499,0.00925,1.0,12.15
44,conditional_XMV_02,3,20,0.8202881217002869,0.5402658430232559,0.6355489910641431,0.0095,0.0,302.0
44,conditional_XMV_02,4,20,0.8202881217002869,0.825548172757475,0.8736178987660179,0.01,1.0,2.0
44,conditional_XMV_02,5,20,0.8202881217002869,0.49990732973421925,0.6058911298660007,0.01075,0.0,302.0
44,conditional_XMV_02,6,20,0.8202881217002869,0.9979928571428571,0.9990559769275459,0.0085,1.0,1.0
44,conditional_XMV_02,7,20,0.8202881217002869,0.9967139950166113,0.9983964928561904,0.0105,1.0,2.0
44,conditional_XMV_02,8,20,0.8202881217002869,0.9682068936877076,0.9843112219004795,0.00825,1.0,23.9
44,conditional_XMV_02,9,20,0.8202881217002869,0.5404360880398671,0.6367327246785661,0.01275,0.0,302.0
44,conditional_XMV_02,10,20,0.8202881217002869,0.9192834925249169,0.9572441479716696,0.01025,1.0,40.3
44,conditional_XMV_02,11,20,0.8202881217002869,0.9631466569767442,0.9797717949661275,0.0105,1.0,9.15
44,conditional_XMV_02,12,20,0.8202881217002869,0.7822522217607973,0.866046999010191,0.0125,1.0,25.65
44,conditional_XMV_02,13,20,0.8202881217002869,0.9481804817275747,0.9747674327133629,0.01,1.0,34.1
44,conditional_XMV_02,14,20,0.8202881217002869,0.9929978820598007,0.9962137573916808,0.011,1.0,4.15
44,conditional_XMV_02,15,20,0.8202881217002869,0.511174688538206,0.6155832460406335,0.00975,0.0,302.0
44,conditional_XMV_02,16,20,0.8202881217002869,0.5094387873754153,0.6091837017483955,0.011,0.0,302.0
44,conditional_XMV_02,17,20,0.8202881217002869,0.9504039867109635,0.9757755182656374,0.01025,1.0,31.5
44,conditional_XMV_02,18,20,0.8202881217002869,0.8801334509966777,0.9345697038313879,0.0085,1.0,62.2
44,conditional_XMV_02,19,20,0.8202881217002869,0.9367218853820598,0.965306545070218,0.00925,1.0,31.9
44,conditional_XMV_02,20,20,0.8202881217002869,0.9391326411960133,0.9700181367092495,0.01025,1.0,41.45
44,conditional_XMV_02,21,20,0.8202881217002869,0.5010487956810631,0.6000764303842164,0.0105,0.0,302.0
44,conditional_XMV_02,22,20,0.8202881217002869,0.5574973837209303,0.649560788000765,0.0135,0.0,302.0
44,conditional_XMV_02,23,20,0.8202881217002869,0.5398142234219269,0.6331088216421464,0.01,0.0,302.0
44,conditional_XMV_02,24,20,0.8202881217002869,0.9674026993355481,0.9830216562670976,0.01,1.0,14.8
44,conditional_XMV_02,25,20,0.8202881217002869,0.8954507475083057,0.9404005148283237,0.009,1.0,28.55
44,conditional_XMV_02,26,20,0.8202881217002869,0.9178705149501661,0.9555058558135545,0.0095,1.0,29.0
44,conditional_XMV_02,27,20,0.8202881217002869,0.7916932724252491,0.8672984656416952,0.00875,1.0,25.35
44,conditional_XMV_02,28,20,0.8202881217002869,0.5553688953488372,0.659154771087115,0.00875,0.0,302.0
44,conditional_XMV_03,1,20,0.8209479451179504,0.9950465531561462,0.9975061564518597,0.0075,1.0,4.5
44,conditional_XMV_03,2,20,0.8209479451179504,0.9896901993355481,0.9946819433865955,0.00875,1.0,12.1
44,conditional_XMV_03,3,20,0.8209479451179504,0.5397448089700997,0.6348336721975938,0.00925,0.0,302.0
44,conditional_XMV_03,4,20,0.8209479451179504,0.8106064161129568,0.8610018135533183,0.01025,1.0,2.0
44,conditional_XMV_03,5,20,0.8209479451179504,0.4997500830564784,0.6056095381107934,0.01075,0.0,302.0
44,conditional_XMV_03,6,20,0.8209479451179504,0.9979730066445183,0.9990500288799121,0.00875,1.0,1.0
44,conditional_XMV_03,7,20,0.8209479451179504,0.9966976744186047,0.9983911379291923,0.01025,1.0,2.0
44,conditional_XMV_03,8,20,0.8209479451179504,0.9682689368770764,0.9843341215463685,0.009,1.0,23.8
44,conditional_XMV_03,9,20,0.8209479451179504,0.5398344684385382,0.6361348595162314,0.01275,0.0,302.0
44,conditional_XMV_03,10,20,0.8209479451179504,0.919028384551495,0.9571222609443333,0.01025,1.0,40.75
44,conditional_XMV_03,11,20,0.8209479451179504,0.9628371677740863,0.9795846100792412,0.0105,1.0,9.15
44,conditional_XMV_03,12,20,0.8209479451179504,0.7820341777408638,0.8658762220157468,0.012,1.0,25.65
44,conditional_XMV_03,13,20,0.8209479451179504,0.9480751661129568,0.9747225674465779,0.011,1.0,33.9
44,conditional_XMV_03,14,20,0.8209479451179504,0.993080315614618,0.9962633501198804,0.011,1.0,4.15
44,conditional_XMV_03,15,20,0.8209479451179504,0.5111555232558139,0.6153865016156388,0.01025,0.0,302.0
44,conditional_XMV_03,16,20,0.8209479451179504,0.5096268064784053,0.6091308041890914,0.01075,0.0,302.0
44,conditional_XMV_03,17,20,0.8209479451179504,0.9505836378737541,0.9758689483711622,0.0105,1.0,31.4
44,conditional_XMV_03,18,20,0.8209479451179504,0.8792952657807309,0.9340274856020306,0.0095,1.0,62.2
44,conditional_XMV_03,19,20,0.8209479451179504,0.9363681478405316,0.9650815802448787,0.0095,1.0,30.6
44,conditional_XMV_03,20,20,0.8209479451179504,0.9391336378737541,0.9700182624372201,0.0105,1.0,41.45
44,conditional_XMV_03,21,20,0.8209479451179504,0.5009110465116279,0.6000349202756874,0.0115,0.0,302.0
44,conditional_XMV_03,22,20,0.8209479451179504,0.5572415905315614,0.6494946785110668,0.01275,0.0,302.0
44,conditional_XMV_03,23,20,0.8209479451179504,0.5090217815614618,0.6073345334505806,0.00975,0.0,302.0
44,conditional_XMV_03,24,20,0.8209479451179504,0.9683439368770764,0.983569332978559,0.0105,1.0,14.85
44,conditional_XMV_03,25,20,0.8209479451179504,0.9148750622923588,0.9524098550179322,0.0095,1.0,26.5
44,conditional_XMV_03,26,20,0.8209479451179504,0.9180605274086379,0.9556207677660201,0.00975,1.0,29.0
44,conditional_XMV_03,27,20,0.8209479451179504,0.7909634343853821,0.8669443147508469,0.00825,1.0,25.35
44,conditional_XMV_03,28,20,0.8209479451179504,0.5549999169435216,0.6588379050573158,0.0085,0.0,302.0
44,conditional_XMV_04,1,20,0.8235105872154236,0.9949838455149501,0.997475731005127,0.00725,1.0,4.7
44,conditional_XMV_04,2,20,0.8235105872154236,0.9893010797342193,0.994493466557212,0.00725,1.0,12.65
44,conditional_XMV_04,3,20,0.8235105872154236,0.5380768480066446,0.6325890571665511,0.0095,0.0,302.0
44,conditional_XMV_04,4,20,0.8235105872154236,0.8228514950166113,0.8712107842188396,0.01075,1.0,2.0
44,conditional_XMV_04,5,20,0.8235105872154236,0.5005917981727575,0.606342672621383,0.01,0.0,302.0
44,conditional_XMV_04,6,20,0.8235105872154236,0.9980074335548172,0.9990620961383964,0.0085,1.0,1.0
44,conditional_XMV_04,7,20,0.8235105872154236,0.9967195182724252,0.9983984704091825,0.01,1.0,2.0
44,conditional_XMV_04,8,20,0.8235105872154236,0.9680247508305648,0.9841909265491989,0.00875,1.0,24.25
44,conditional_XMV_04,9,20,0.8235105872154236,0.5364484634551495,0.6335169528985543,0.013,0.0,302.0
44,conditional_XMV_04,10,20,0.8235105872154236,0.9182346760797342,0.956697732515834,0.01025,1.0,41.05
44,conditional_XMV_04,11,20,0.8235105872154236,0.9632107558139534,0.9798152854589894,0.01025,1.0,9.15
44,conditional_XMV_04,12,20,0.8235105872154236,0.7804584717607973,0.8645869932315415,0.012,1.0,26.55
44,conditional_XMV_04,13,20,0.8235105872154236,0.9480161129568107,0.9746657700375683,0.01075,1.0,34.3
44,conditional_XMV_04,14,20,0.8235105872154236,0.9930139534883721,0.996205795514954,0.011,1.0,4.15
44,conditional_XMV_04,15,20,0.8235105872154236,0.5101851744186047,0.6149697520862786,0.01,0.0,302.0
44,conditional_XMV_04,16,20,0.8235105872154236,0.5089289244186046,0.6078319762798833,0.01175,0.0,302.0
44,conditional_XMV_04,17,20,0.8235105872154236,0.9510244601328903,0.9761729196277551,0.00925,1.0,31.7
44,conditional_XMV_04,18,20,0.8235105872154236,0.8781335548172757,0.933321298368431,0.00775,1.0,62.7
44,conditional_XMV_04,19,20,0.8235105872154236,0.9431657392026578,0.9692846917730432,0.00875,1.0,30.65
44,conditional_XMV_04,20,20,0.8235105872154236,0.9389145348837209,0.9698878026670273,0.009,1.0,41.85
44,conditional_XMV_04,21,20,0.8235105872154236,0.501597549833887,0.6005822302747087,0.01225,0.0,302.0
44,conditional_XMV_04,22,20,0.8235105872154236,0.5533607142857143,0.645742401100991,0.013,0.0,302.0
44,conditional_XMV_04,23,20,0.8235105872154236,0.5811437084717608,0.6742032669635267,0.01025,0.0,302.0
44,conditional_XMV_04,24,20,0.8235105872154236,0.9680208471760797,0.9833956416773032,0.00925,1.0,14.75
44,conditional_XMV_04,25,20,0.8235105872154236,0.9136256229235881,0.9516660790848059,0.00775,1.0,24.8
44,conditional_XMV_04,26,20,0.8235105872154236,0.829781561461794,0.8982460256657164,0.01,1.0,49.35
44,conditional_XMV_04,27,20,0.8235105872154236,0.7904046719269103,0.8664011180228312,0.00775,1.0,25.55
44,conditional_XMV_04,28,20,0.8235105872154236,0.5529537583056479,0.6565696828642117,0.00975,0.0,302.0
44,conditional_XMV_05,1,20,0.8202675580978394,0.9950612126245847,0.9975126542535548,0.0075,1.0,4.5
44,conditional_XMV_05,2,20,0.8202675580978394,0.9896926495016611,0.9946830031096265,0.009,1.0,12.1
44,conditional_XMV_05,3,20,0.8202675580978394,0.539765573089701,0.6349504105580798,0.0095,0.0,302.0
44,conditional_XMV_05,4,20,0.8202675580978394,0.8120067275747508,0.8625663082225996,0.01025,1.0,2.0
44,conditional_XMV_05,5,20,0.8202675580978394,0.499765676910299,0.6056371283594,0.01075,0.0,302.0
44,conditional_XMV_05,6,20,0.8202675580978394,0.9979767026578074,0.9990512640711312,0.00825,1.0,1.0
44,conditional_XMV_05,7,20,0.8202675580978394,0.9967065199335549,0.9983942231860609,0.00975,1.0,2.0
44,conditional_XMV_05,8,20,0.8202675580978394,0.9682699127906976,0.9843356691374707,0.0085,1.0,23.8
44,conditional_XMV_05,9,20,0.8202675580978394,0.5397638704318937,0.6362097055470354,0.0125,0.0,302.0
44,conditional_XMV_05,10,20,0.8202675580978394,0.9190289036544851,0.9571340460164427,0.01025,1.0,40.75
44,conditional_XMV_05,11,20,0.8202675580978394,0.9627909676079734,0.9795720779310342,0.01025,1.0,9.15
44,conditional_XMV_05,12,20,0.8202675580978394,0.7819095930232558,0.8657635720676901,0.012,1.0,25.55
44,conditional_XMV_05,13,20,0.8202675580978394,0.9481240448504984,0.9747409813611346,0.01025,1.0,34.0
44,conditional_XMV_05,14,20,0.8202675580978394,0.9930873338870432,0.9962665338962798,0.011,1.0,4.15
44,conditional_XMV_05,15,20,0.8202675580978394,0.5110953903654485,0.6156545376361905,0.01,0.0,302.0
44,conditional_XMV_05,16,20,0.8202675580978394,0.509300415282392,0.6089490785981092,0.01075,0.0,302.0
44,conditional_XMV_05,17,20,0.8202675580978394,0.9505538621262458,0.975856518360482,0.01,1.0,31.5
44,conditional_XMV_05,18,20,0.8202675580978394,0.8793125207641196,0.9340303251879237,0.0095,1.0,62.1
44,conditional_XMV_05,19,20,0.8202675580978394,0.9362530315614618,0.9650090410196644,0.00925,1.0,31.0
44,conditional_XMV_05,20,20,0.8202675580978394,0.9391847176079734,0.9700495406791422,0.0105,1.0,41.75
44,conditional_XMV_05,21,20,0.8202675580978394,0.5009509551495016,0.599847108322677,0.01125,0.0,302.0
44,conditional_XMV_05,22,20,0.8202675580978394,0.5570834717607973,0.6493169602564582,0.012,0.0,302.0
44,conditional_XMV_05,23,20,0.8202675580978394,0.5400834094684386,0.6335854732693644,0.01,0.0,302.0
44,conditional_XMV_05,24,20,0.8202675580978394,0.9684058139534883,0.9836018104875255,0.0105,1.0,14.85
44,conditional_XMV_05,25,20,0.8202675580978394,0.9153089285714285,0.9527174247148088,0.0095,1.0,25.4
44,conditional_XMV_05,26,20,0.8202675580978394,0.918164742524917,0.9557177158784935,0.00925,1.0,28.9
44,conditional_XMV_05,27,20,0.8202675580978394,0.7909616071428571,0.8668904245464866,0.0085,1.0,25.35
44,conditional_XMV_05,28,20,0.8202675580978394,0.5551027408637874,0.6588470646375568,0.0085,0.0,302.0
44,conditional_XMV_06,1,20,0.820256233215332,0.995058388704319,0.9975104395832752,0.0075,1.0,4.55
44,conditional_XMV_06,2,20,0.820256233215332,0.9897049418604651,0.9946896796009024,0.009,1.0,12.1
44,conditional_XMV_06,3,20,0.820256233215332,0.5399688122923588,0.635070049092447,0.0095,0.0,302.0
44,conditional_XMV_06,4,20,0.820256233215332,0.8211681478405316,0.8701471576752584,0.01025,1.0,2.0
44,conditional_XMV_06,5,20,0.820256233215332,0.49958502906976743,0.6055924877360314,0.011,0.0,302.0
44,conditional_XMV_06,6,20,0.820256233215332,0.9979728820598006,0.9990500786555234,0.00875,1.0,1.0
44,conditional_XMV_06,7,20,0.820256233215332,0.9967130398671097,0.9983966834454556,0.01,1.0,2.0
44,conditional_XMV_06,8,20,0.820256233215332,0.9682711378737542,0.9843334237424269,0.0085,1.0,23.8
44,conditional_XMV_06,9,20,0.820256233215332,0.5398175664451828,0.6362848247962651,0.0125,0.0,302.0
44,conditional_XMV_06,10,20,0.820256233215332,0.9181832641196014,0.9566084421721683,0.01025,1.0,40.75
44,conditional_XMV_06,11,20,0.820256233215332,0.9632238164451827,0.9798128656093835,0.0105,1.0,9.15
44,conditional_XMV_06,12,20,0.820256233215332,0.7821811669435216,0.8659763437023266,0.012,1.0,25.65
44,conditional_XMV_06,13,20,0.820256233215332,0.9481134551495016,0.9747384288834767,0.01025,1.0,34.0
44,conditional_XMV_06,14,20,0.820256233215332,0.9931475498338871,0.9963067438015357,0.011,1.0,4.15
44,conditional_XMV_06,15,20,0.820256233215332,0.5111006644518272,0.6156328405562667,0.01,0.0,302.0
44,conditional_XMV_06,16,20,0.820256233215332,0.5092350290697675,0.6090282715181321,0.01075,0.0,302.0
44,conditional_XMV_06,17,20,0.820256233215332,0.9507814161129569,0.9759950076045817,0.01025,1.0,31.5
44,conditional_XMV_06,18,20,0.820256233215332,0.8806849044850499,0.9348993913158397,0.0095,1.0,62.1
44,conditional_XMV_06,19,20,0.820256233215332,0.9363289036544851,0.9650565257157143,0.00925,1.0,31.0
44,conditional_XMV_06,20,20,0.820256233215332,0.9393767857142857,0.9701489266773237,0.0105,1.0,41.05
44,conditional_XMV_06,21,20,0.820256233215332,0.5009596345514951,0.5997926439789085,0.01175,0.0,302.0
44,conditional_XMV_06,22,20,0.820256233215332,0.5572138911960133,0.6494938393945489,0.0125,0.0,302.0
44,conditional_XMV_06,23,20,0.820256233215332,0.5402376245847176,0.6336861769071386,0.01,0.0,302.0
44,conditional_XMV_06,24,20,0.820256233215332,0.9685447259136213,0.9836799711260497,0.0105,1.0,14.85
44,conditional_XMV_06,25,20,0.820256233215332,0.9151951619601328,0.9526395526280308,0.00975,1.0,26.5
44,conditional_XMV_06,26,20,0.820256233215332,0.9180611503322259,0.9556501538454393,0.00925,1.0,28.9
44,conditional_XMV_06,27,20,0.820256233215332,0.7923490863787376,0.8678564534151365,0.0085,1.0,25.35
44,conditional_XMV_06,28,20,0.820256233215332,0.5550842400332225,0.6588210736163522,0.00875,0.0,302.0
44,conditional_XMV_07,1,20,0.8198719024658203,0.9950543189368771,0.9975090701779558,0.0075,1.0,4.5
44,conditional_XMV_07,2,20,0.8198719024658203,0.9895997508305648,0.9946324083001039,0.0095,1.0,12.35
44,conditional_XMV_07,3,20,0.8198719024658203,0.539839638704319,0.635253824540408,0.01,0.0,302.0
44,conditional_XMV_07,4,20,0.8198719024658203,0.8141918812292359,0.8646419259898706,0.01025,1.0,2.0
44,conditional_XMV_07,5,20,0.8198719024658203,0.4998339493355482,0.6056263202295062,0.0115,0.0,302.0
44,conditional_XMV_07,6,20,0.8198719024658203,0.997998172757475,0.9990578748133218,0.0085,1.0,1.0
44,conditional_XMV_07,7,20,0.8198719024658203,0.9967124169435216,0.9983971000519664,0.009,1.0,2.0
44,conditional_XMV_07,8,20,0.8198719024658203,0.9683196843853821,0.9843574809676335,0.00875,1.0,23.9
44,conditional_XMV_07,9,20,0.8198719024658203,0.5398020556478406,0.6363857046141513,0.01325,0.0,302.0
44,conditional_XMV_07,10,20,0.8198719024658203,0.9194768272425249,0.95743114790729,0.00975,1.0,40.6
44,conditional_XMV_07,11,20,0.8198719024658203,0.9634761004983389,0.9799373519684967,0.00975,1.0,9.15
44,conditional_XMV_07,12,20,0.8198719024658203,0.7821990863787376,0.8659736483654858,0.012,1.0,25.65
44,conditional_XMV_07,13,20,0.8198719024658203,0.9481475083056479,0.9747485955067549,0.0105,1.0,34.0
44,conditional_XMV_07,14,20,0.8198719024658203,0.9930373338870432,0.9962312380696589,0.01075,1.0,4.15
44,conditional_XMV_07,15,20,0.8198719024658203,0.511102553986711,0.6155424409835625,0.01,0.0,302.0
44,conditional_XMV_07,16,20,0.8198719024658203,0.5097202657807309,0.609055606033176,0.01125,0.0,302.0
44,conditional_XMV_07,17,20,0.8198719024658203,0.9508606312292359,0.976052170707615,0.01025,1.0,31.5
44,conditional_XMV_07,18,20,0.8198719024658203,0.8792005606312292,0.9339638387193167,0.009,1.0,62.1
44,conditional_XMV_07,19,20,0.8198719024658203,0.9167917151162791,0.9535515854372861,0.00925,1.0,36.95
44,conditional_XMV_07,20,20,0.8198719024658203,0.9391604235880399,0.9700207797545852,0.01025,1.0,41.45
44,conditional_XMV_07,21,20,0.8198719024658203,0.5009354028239202,0.5999347769321625,0.01075,0.0,302.0
44,conditional_XMV_07,22,20,0.8198719024658203,0.5570143480066445,0.6492830154673818,0.01275,0.0,302.0
44,conditional_XMV_07,23,20,0.8198719024658203,0.5398875,0.6333193276593623,0.00975,0.0,302.0
44,conditional_XMV_07,24,20,0.8198719024658203,0.9678835548172757,0.9833067626522154,0.0105,1.0,14.85
44,conditional_XMV_07,25,20,0.8198719024658203,0.913796200166113,0.9517555638543457,0.00925,1.0,27.2
44,conditional_XMV_07,26,20,0.8198719024658203,0.9176750622923588,0.9554304379593501,0.0095,1.0,29.0
44,conditional_XMV_07,27,20,0.8198719024658203,0.7916836794019934,0.8673767847815669,0.00875,1.0,25.35
44,conditional_XMV_07,28,20,0.8198719024658203,0.5554469892026578,0.6592407130348085,0.0085,0.0,302.0
44,conditional_XMV_08,1,20,0.8200640678405762,0.9950690199335548,0.9975156267014915,0.0075,1.0,4.4
44,conditional_XMV_08,2,20,0.8200640678405762,0.9897144102990033,0.9946935179874651,0.00875,1.0,12.2
44,conditional_XMV_08,3,20,0.8200640678405762,0.5395498131229236,0.6347704974563628,0.00975,0.0,302.0
44,conditional_XMV_08,4,20,0.8200640678405762,0.813456976744186,0.8636196479920064,0.01,1.0,2.0
44,conditional_XMV_08,5,20,0.8200640678405762,0.5000093023255814,0.6057051350228407,0.011,0.0,302.0
44,conditional_XMV_08,6,20,0.8200640678405762,0.9979785299003322,0.9990517690800924,0.0085,1.0,1.0
44,conditional_XMV_08,7,20,0.8200640678405762,0.9966990448504983,0.9983915777632123,0.00925,1.0,2.0
44,conditional_XMV_08,8,20,0.8200640678405762,0.9682891818936877,0.9843474929618928,0.00825,1.0,23.9
44,conditional_XMV_08,9,20,0.8200640678405762,0.5398775332225914,0.6363782628871504,0.0125,0.0,302.0
44,conditional_XMV_08,10,20,0.8200640678405762,0.9187391818936878,0.9569134379301483,0.01025,1.0,40.75
44,conditional_XMV_08,11,20,0.8200640678405762,0.962921615448505,0.97963493437431,0.0105,1.0,9.15
44,conditional_XMV_08,12,20,0.8200640678405762,0.7822976328903655,0.8660236377134973,0.01225,1.0,25.65
44,conditional_XMV_08,13,20,0.8200640678405762,0.948123172757475,0.9747415332478473,0.0105,1.0,34.0
44,conditional_XMV_08,14,20,0.8200640678405762,0.9930582641196013,0.9962479381668735,0.011,1.0,4.15
44,conditional_XMV_08,15,20,0.8200640678405762,0.511165365448505,0.6156989240303816,0.00975,0.0,302.0
44,conditional_XMV_08,16,20,0.8200640678405762,0.5094692898671096,0.6093627351037948,0.01075,0.0,302.0
44,conditional_XMV_08,17,20,0.8200640678405762,0.9507844684385383,0.976001884752143,0.01025,1.0,31.5
44,conditional_XMV_08,18,20,0.8200640678405762,0.8791531976744186,0.933945978561163,0.00875,1.0,62.6
44,conditional_XMV_08,19,20,0.8200640678405762,0.9025926702657807,0.9439479567274619,0.00925,1.0,34.25
44,conditional_XMV_08,20,20,0.8200640678405762,0.9391217400332226,0.9700011129061585,0.01,1.0,41.75
44,conditional_XMV_08,21,20,0.8200640678405762,0.5009897009966777,0.6001686626392526,0.0115,0.0,302.0
44,conditional_XMV_08,22,20,0.8200640678405762,0.5572171926910299,0.6494479600126084,0.0125,0.0,302.0
44,conditional_XMV_08,23,20,0.8200640678405762,0.5401958471760797,0.6334266669870661,0.01,0.0,302.0
44,conditional_XMV_08,24,20,0.8200640678405762,0.9684332225913621,0.983614773823417,0.01,1.0,14.85
44,conditional_XMV_08,25,20,0.8200640678405762,0.9143821013289036,0.9520816564998809,0.0095,1.0,26.4
44,conditional_XMV_08,26,20,0.8200640678405762,0.9188892441860466,0.9561131620210396,0.0095,1.0,28.7
44,conditional_XMV_08,27,20,0.8200640678405762,0.7907371470099668,0.8667685207711213,0.00825,1.0,25.3
44,conditional_XMV_08,28,20,0.8200640678405762,0.5551470514950166,0.6588032420140411,0.00925,0.0,302.0
44,conditional_XMV_09,1,20,0.8202675580978394,0.9950612126245847,0.9975126542535548,0.0075,1.0,4.5
44,conditional_XMV_09,2,20,0.8202675580978394,0.9896926495016611,0.9946830031096265,0.009,1.0,12.1
44,conditional_XMV_09,3,20,0.8202675580978394,0.539765573089701,0.6349504105580798,0.0095,0.0,302.0
44,conditional_XMV_09,4,20,0.8202675580978394,0.8120067275747508,0.8625663082225996,0.01025,1.0,2.0
44,conditional_XMV_09,5,20,0.8202675580978394,0.499765676910299,0.6056371283594,0.01075,0.0,302.0
44,conditional_XMV_09,6,20,0.8202675580978394,0.9979767026578074,0.9990512640711312,0.00825,1.0,1.0
44,conditional_XMV_09,7,20,0.8202675580978394,0.9967065199335549,0.9983942231860609,0.00975,1.0,2.0
44,conditional_XMV_09,8,20,0.8202675580978394,0.9682699127906976,0.9843356691374707,0.0085,1.0,23.8
44,conditional_XMV_09,9,20,0.8202675580978394,0.5397638704318937,0.6362097055470354,0.0125,0.0,302.0
44,conditional_XMV_09,10,20,0.8202675580978394,0.9190289036544851,0.9571340460164427,0.01025,1.0,40.75
44,conditional_XMV_09,11,20,0.8202675580978394,0.9627909676079734,0.9795720779310342,0.01025,1.0,9.15
44,conditional_XMV_09,12,20,0.8202675580978394,0.7819095930232558,0.8657635720676901,0.012,1.0,25.55
44,conditional_XMV_09,13,20,0.8202675580978394,0.9481240448504984,0.9747409813611346,0.01025,1.0,34.0
44,conditional_XMV_09,14,20,0.8202675580978394,0.9930873338870432,0.9962665338962798,0.011,1.0,4.15
44,conditional_XMV_09,15,20,0.8202675580978394,0.5110953903654485,0.6156545376361905,0.01,0.0,302.0
44,conditional_XMV_09,16,20,0.8202675580978394,0.509300415282392,0.6089490785981092,0.01075,0.0,302.0
44,conditional_XMV_09,17,20,0.8202675580978394,0.9505538621262458,0.975856518360482,0.01,1.0,31.5
44,conditional_XMV_09,18,20,0.8202675580978394,0.8793125207641196,0.9340303251879237,0.0095,1.0,62.1
44,conditional_XMV_09,19,20,0.8202675580978394,0.9362530315614618,0.9650090410196644,0.00925,1.0,31.0
44,conditional_XMV_09,20,20,0.8202675580978394,0.9391847176079734,0.9700495406791422,0.0105,1.0,41.75
44,conditional_XMV_09,21,20,0.8202675580978394,0.5009509551495016,0.599847108322677,0.01125,0.0,302.0
44,conditional_XMV_09,22,20,0.8202675580978394,0.5570834717607973,0.6493169602564582,0.012,0.0,302.0
44,conditional_XMV_09,23,20,0.8202675580978394,0.5400834094684386,0.6335854732693644,0.01,0.0,302.0
44,conditional_XMV_09,24,20,0.8202675580978394,0.9684058139534883,0.9836018104875255,0.0105,1.0,14.85
44,conditional_XMV_09,25,20,0.8202675580978394,0.9153089285714285,0.9527174247148088,0.0095,1.0,25.4
44,conditional_XMV_09,26,20,0.8202675580978394,0.918164742524917,0.9557177158784935,0.00925,1.0,28.9
44,conditional_XMV_09,27,20,0.8202675580978394,0.7909616071428571,0.8668904245464866,0.0085,1.0,25.35
44,conditional_XMV_09,28,20,0.8202675580978394,0.5551027408637874,0.6588470646375568,0.0085,0.0,302.0
44,conditional_XMV_10,1,20,0.8200689554214478,0.9950549418604652,0.9975094432233311,0.0075,1.0,4.5
44,conditional_XMV_10,2,20,0.8200689554214478,0.9896974667774087,0.9946844980472677,0.009,1.0,12.15
44,conditional_XMV_10,3,20,0.8200689554214478,0.5392241071428572,0.6341779294565255,0.00925,0.0,302.0
44,conditional_XMV_10,4,20,0.8200689554214478,0.5169484842192691,0.6265208796486672,0.01025,1.0,2.0
44,conditional_XMV_10,5,20,0.8200689554214478,0.4997388704318937,0.605696139858394,0.01125,0.0,302.0
44,conditional_XMV_10,6,20,0.8200689554214478,0.9979759551495017,0.9990510351144306,0.0085,1.0,1.0
44,conditional_XMV_10,7,20,0.8200689554214478,0.9967203073089701,0.9983986071882103,0.0095,1.0,2.0
44,conditional_XMV_10,8,20,0.8200689554214478,0.9681713455149502,0.9842832496413744,0.0085,1.0,23.8
44,conditional_XMV_10,9,20,0.8200689554214478,0.5394476328903655,0.6356923360169897,0.01275,0.0,302.0
44,conditional_XMV_10,10,20,0.8200689554214478,0.9192218853820598,0.9572394032624405,0.0105,1.0,40.75
44,conditional_XMV_10,11,20,0.8200689554214478,0.9422269102990033,0.9682202419602335,0.0105,1.0,9.8
44,conditional_XMV_10,12,20,0.8200689554214478,0.7817296926910299,0.8656191812640156,0.01225,1.0,25.65
44,conditional_XMV_10,13,20,0.8200689554214478,0.9480925456810632,0.9747309786996594,0.01075,1.0,34.0
44,conditional_XMV_10,14,20,0.8200689554214478,0.9915921926910299,0.9953318871438116,0.011,1.0,4.15
44,conditional_XMV_10,15,20,0.8200689554214478,0.5111553779069767,0.615596422182347,0.00975,0.0,302.0
44,conditional_XMV_10,16,20,0.8200689554214478,0.5094863995016611,0.6090683562383502,0.01075,0.0,302.0
44,conditional_XMV_10,17,20,0.8200689554214478,0.9507914659468438,0.9760030435565495,0.01025,1.0,31.5
44,conditional_XMV_10,18,20,0.8200689554214478,0.8789277200996678,0.9338028187167475,0.00925,1.0,62.6
44,conditional_XMV_10,19,20,0.8200689554214478,0.9364234634551495,0.9650926829365596,0.00925,1.0,31.0
44,conditional_XMV_10,20,20,0.8200689554214478,0.939146719269103,0.9700312720884764,0.0105,1.0,41.55
44,conditional_XMV_10,21,20,0.8200689554214478,0.500983907807309,0.6002006668850138,0.011,0.0,302.0
44,conditional_XMV_10,22,20,0.8200689554214478,0.5567686669435216,0.6485938959026669,0.012,0.0,302.0
44,conditional_XMV_10,23,20,0.8200689554214478,0.5400824543189369,0.6334787056851063,0.01,0.0,302.0
44,conditional_XMV_10,24,20,0.8200689554214478,0.9685736503322259,0.9836954820281236,0.01025,1.0,14.85
44,conditional_XMV_10,25,20,0.8200689554214478,0.9149574335548173,0.9525011498596176,0.0095,1.0,25.4
44,conditional_XMV_10,26,20,0.8200689554214478,0.9178506436877076,0.9555138598266572,0.00925,1.0,28.9
44,conditional_XMV_10,27,20,0.8200689554214478,0.7715061046511628,0.8535137017718498,0.0085,1.0,26.2
44,conditional_XMV_10,28,20,0.8200689554214478,0.5550870224252492,0.6588471932040737,0.009,0.0,302.0
44,conditional_XMV_11,1,20,0.8206557631492615,0.9950705149501661,0.9975157130559137,0.00775,1.0,4.4
44,conditional_XMV_11,2,20,0.8206557631492615,0.9896927325581395,0.9946816512388681,0.009,1.0,12.0
44,conditional_XMV_11,3,20,0.8206557631492615,0.5395840116279069,0.6347029530248797,0.01,0.0,302.0
44,conditional_XMV_11,4,20,0.8206557631492615,0.811860153654485,0.862615071051763,0.01025,1.0,2.0
44,conditional_XMV_11,5,20,0.8206557631492615,0.5000404900332226,0.6059249964411154,0.0115,0.0,302.0
44,conditional_XMV_11,6,20,0.8206557631492615,0.9979693521594685,0.9990488327680562,0.0085,1.0,1.0
44,conditional_XMV_11,7,20,0.8206557631492615,0.9967316860465116,0.9984037744249051,0.00975,1.0,2.0
44,conditional_XMV_11,8,20,0.8206557631492615,0.9682199750830565,0.9843079768564911,0.00825,1.0,23.8
44,conditional_XMV_11,9,20,0.8206557631492615,0.5399843646179402,0.6364275409285971,0.01275,0.0,302.0
44,conditional_XMV_11,10,20,0.8206557631492615,0.9189218023255814,0.9570745579313111,0.01075,1.0,40.75
44,conditional_XMV_11,11,20,0.8206557631492615,0.9630419435215947,0.9797074131842611,0.01025,1.0,9.15
44,conditional_XMV_11,12,20,0.8206557631492615,0.7821969061461794,0.8660119029809964,0.01125,1.0,25.65
44,conditional_XMV_11,13,20,0.8206557631492615,0.9481422549833887,0.9747489172827247,0.00975,1.0,34.0
44,conditional_XMV_11,14,20,0.8206557631492615,0.9931066860465116,0.9962755684782765,0.0105,1.0,4.15
44,conditional_XMV_11,15,20,0.8206557631492615,0.510843334717608,0.6156830581234226,0.00925,0.0,302.0
44,conditional_XMV_11,16,20,0.8206557631492615,0.5091499169435216,0.6086856305412601,0.0105,0.0,302.0
44,conditional_XMV_11,17,20,0.8206557631492615,0.9506929401993356,0.9759301055323167,0.01,1.0,31.5
44,conditional_XMV_11,18,20,0.8206557631492615,0.8794296926910299,0.9341368698539292,0.00925,1.0,62.6
44,conditional_XMV_11,19,20,0.8206557631492615,0.9363323504983389,0.965087866313963,0.00875,1.0,31.1
44,conditional_XMV_11,20,20,0.8206557631492615,0.9392449127906977,0.9700760672325215,0.01025,1.0,41.75
44,conditional_XMV_11,21,20,0.8206557631492615,0.5009833471760797,0.6000882000438531,0.011,0.0,302.0
44,conditional_XMV_11,22,20,0.8206557631492615,0.5569282807308971,0.6493350043489919,0.012,0.0,302.0
44,conditional_XMV_11,23,20,0.8206557631492615,0.5398399916943522,0.6334821942267169,0.01,0.0,302.0
44,conditional_XMV_11,24,20,0.8206557631492615,0.968543853820598,0.9836571759957556,0.0105,1.0,14.85
44,conditional_XMV_11,25,20,0.8206557631492615,0.9150921303986711,0.9525718545559034,0.00925,1.0,26.25
44,conditional_XMV_11,26,20,0.8206557631492615,0.9180426910299003,0.9556428848722337,0.0095,1.0,29.0
44,conditional_XMV_11,27,20,0.8206557631492615,0.7908118147840532,0.8667335711882593,0.00875,1.0,25.35
44,conditional_XMV_11,28,20,0.8206557631492615,0.5549486918604651,0.658576815445063,0.008,0.0,302.0
45,original,1,20,0.845441460609436,0.9950419019933555,0.9975098706650242,0.01,1.0,4.4
45,original,2,20,0.845441460609436,0.9907769933554817,0.9952258879124547,0.0085,1.0,10.8
45,original,3,20,0.845441460609436,0.5424895141196013,0.6339631624814935,0.009,0.0,302.0
45,original,4,20,0.845441460609436,0.9637483803986711,0.9745045150216746,0.00975,1.0,2.0
45,original,5,20,0.845441460609436,0.5006136627906976,0.6057167526060577,0.0115,0.0,302.0
45,original,6,20,0.845441460609436,0.9979553986710964,0.999044369920558,0.0085,1.0,1.0
45,original,7,20,0.845441460609436,0.996640988372093,0.9983767622994084,0.01,1.0,2.0
45,original,8,20,0.845441460609436,0.9689607558139535,0.9847339205967169,0.007,1.0,22.75
45,original,9,20,0.845441460609436,0.5445666112956811,0.6388465407417568,0.0105,0.0,302.0
45,original,10,20,0.845441460609436,0.9214589285714285,0.9588495555287869,0.00975,1.0,42.25
45,original,11,20,0.845441460609436,0.9809042566445183,0.9899903658334476,0.0095,1.0,8.65
45,original,12,20,0.845441460609436,0.7946545473421927,0.874689881477104,0.0095,1.0,22.65
45,original,13,20,0.845441460609436,0.947693646179402,0.9746002391504575,0.01,1.0,33.7
45,original,14,20,0.845441460609436,0.9953485880398671,0.9977122101382772,0.008,1.0,3.85
45,original,15,20,0.845441460609436,0.5155019518272426,0.6196057284088096,0.01125,0.0,302.0
45,original,16,20,0.845441460609436,0.5088451204318937,0.6084821360944539,0.012,0.0,302.0
45,original,17,20,0.845441460609436,0.9527898255813954,0.9772403923173034,0.0085,1.0,30.7
45,original,18,20,0.845441460609436,0.8811969476744186,0.9352974625394701,0.01,1.0,60.05
45,original,19,20,0.845441460609436,0.9540115448504983,0.9758153153366167,0.009,1.0,26.7
45,original,20,20,0.845441460609436,0.939454422757475,0.970128231984342,0.01075,1.0,41.0
45,original,21,20,0.845441460609436,0.5023449335548172,0.6007096500891514,0.00975,0.0,302.0
45,original,22,20,0.845441460609436,0.5614498754152824,0.6531687464531204,0.01225,0.0,302.0
45,original,23,20,0.845441460609436,0.5356838247508305,0.6285449295853928,0.01,0.0,302.0
45,original,24,20,0.845441460609436,0.9734254568106312,0.9863832641623769,0.01,1.0,15.05
45,original,25,20,0.845441460609436,0.9044997093023256,0.9459864745165794,0.00825,1.0,29.05
45,original,26,20,0.845441460609436,0.9205679401993355,0.9573229999653974,0.01,1.0,28.6
45,original,27,20,0.845441460609436,0.8330642441860465,0.8949459781273176,0.009,1.0,17.95
45,original,28,20,0.845441460609436,0.5591237333887044,0.662409698620765,0.0095,0.0,302.0
45,conditional_XMV_01,1,20,0.8456340432167053,0.9950642026578073,0.9975201076996386,0.009,1.0,4.2
45,conditional_XMV_01,2,20,0.8456340432167053,0.9910049210963455,0.9953390267758875,0.0085,1.0,10.4
45,conditional_XMV_01,3,20,0.8456340432167053,0.5426486503322259,0.6340379327333283,0.0095,0.0,302.0
45,conditional_XMV_01,4,20,0.8456340432167053,0.9630692275747509,0.974051904486354,0.0095,1.0,2.0
45,conditional_XMV_01,5,20,0.8456340432167053,0.5005697882059801,0.6059153222194273,0.01175,0.05,287.0
45,conditional_XMV_01,6,20,0.8456340432167053,0.9979556478405316,0.9990458779241176,0.00825,1.0,1.0
45,conditional_XMV_01,7,20,0.8456340432167053,0.9966280315614618,0.9983722426930498,0.01125,1.0,2.0
45,conditional_XMV_01,8,20,0.8456340432167053,0.9690485880398672,0.9847871320454827,0.0085,1.0,22.75
45,conditional_XMV_01,9,20,0.8456340432167053,0.5448410299003322,0.6389190118389384,0.01075,0.0,302.0
45,conditional_XMV_01,10,20,0.8456340432167053,0.9220471137873754,0.9591956391397465,0.01,1.0,40.55
45,conditional_XMV_01,11,20,0.8456340432167053,0.9805431478405315,0.9897946256774902,0.009,1.0,8.65
45,conditional_XMV_01,12,20,0.8456340432167053,0.794304318936877,0.8745137287683539,0.0095,1.0,25.05
45,conditional_XMV_01,13,20,0.8456340432167053,0.9477970099667774,0.9746545582506984,0.01025,1.0,33.45
45,conditional_XMV_01,14,20,0.8456340432167053,0.9953701411960133,0.9977226593847734,0.008,1.0,3.95
45,conditional_XMV_01,15,20,0.8456340432167053,0.5153345930232558,0.6194820644485197,0.01175,0.0,302.0
45,conditional_XMV_01,16,20,0.8456340432167053,0.5090518480066445,0.6087985708293012,0.0125,0.0,302.0
45,conditional_XMV_01,17,20,0.8456340432167053,0.9527902823920266,0.9772330035114111,0.00875,1.0,30.85
45,conditional_XMV_01,18,20,0.8456340432167053,0.8810373338870432,0.9351364966312299,0.0095,1.0,60.2
45,conditional_XMV_01,19,20,0.8456340432167053,0.9545950166112956,0.9761297396898747,0.00975,1.0,26.7
45,conditional_XMV_01,20,20,0.8456340432167053,0.9393906976744186,0.970090015189023,0.0105,1.0,41.0
45,conditional_XMV_01,21,20,0.8456340432167053,0.502494684385382,0.60088494158025,0.0095,0.0,302.0
45,conditional_XMV_01,22,20,0.8456340432167053,0.5615538828903655,0.6535932075868389,0.013,0.0,302.0
45,conditional_XMV_01,23,20,0.8456340432167053,0.5358046096345515,0.6283521494066454,0.00975,0.0,302.0
45,conditional_XMV_01,24,20,0.8456340432167053,0.9711986710963455,0.9851796649927113,0.01075,1.0,15.45
45,conditional_XMV_01,25,20,0.8456340432167053,0.900913122923588,0.9437627422953553,0.008,1.0,29.75
45,conditional_XMV_01,26,20,0.8456340432167053,0.9204143272425249,0.9573214634483076,0.01,1.0,28.1
45,conditional_XMV_01,27,20,0.8456340432167053,0.8320779692691029,0.8941834354079657,0.00875,1.0,19.15
45,conditional_XMV_01,28,20,0.8456340432167053,0.5591437915282392,0.662288469725407,0.00975,0.0,302.0
45,conditional_XMV_02,1,20,0.8454002737998962,0.9950515365448505,0.9975136978380066,0.01025,1.0,4.4
45,conditional_XMV_02,2,20,0.8454002737998962,0.990780107973422,0.9952202307838933,0.00875,1.0,10.5
45,conditional_XMV_02,3,20,0.8454002737998962,0.5429921096345515,0.6344465694922259,0.009,0.0,302.0
45,conditional_XMV_02,4,20,0.8454002737998962,0.9650563122923588,0.9755684681959156,0.00975,1.0,2.0
45,conditional_XMV_02,5,20,0.8454002737998962,0.5013206395348837,0.6060967003084783,0.0115,0.05,287.0
45,conditional_XMV_02,6,20,0.8454002737998962,0.9979615240863787,0.999047101142042,0.008,1.0,1.0
45,conditional_XMV_02,7,20,0.8454002737998962,0.9966281976744186,0.9983714044928002,0.01025,1.0,2.0
45,conditional_XMV_02,8,20,0.8454002737998962,0.9689031976744186,0.9847350587333583,0.007,1.0,22.85
45,conditional_XMV_02,9,20,0.8454002737998962,0.5446044019933555,0.6384433623506593,0.01125,0.0,302.0
45,conditional_XMV_02,10,20,0.8454002737998962,0.9213677948504984,0.9587155054268617,0.0105,1.0,42.15
45,conditional_XMV_02,11,20,0.8454002737998962,0.9808604235880398,0.9899744549864692,0.00925,1.0,8.35
45,conditional_XMV_02,12,20,0.8454002737998962,0.795182392026578,0.8750197847351612,0.01,1.0,23.95
45,conditional_XMV_02,13,20,0.8454002737998962,0.9477017026578073,0.9746003530180556,0.01075,1.0,33.7
45,conditional_XMV_02,14,20,0.8454002737998962,0.995394684385382,0.9977331378656699,0.00775,1.0,3.85
45,conditional_XMV_02,15,20,0.8454002737998962,0.5156761004983389,0.619892264458497,0.01125,0.0,302.0
45,conditional_XMV_02,16,20,0.8454002737998962,0.508731665282392,0.608527475197105,0.0125,0.0,302.0
45,conditional_XMV_02,17,20,0.8454002737998962,0.9527253322259136,0.977214997068089,0.00925,1.0,30.9
45,conditional_XMV_02,18,20,0.8454002737998962,0.8808796511627907,0.9351086334451781,0.0095,1.0,60.05
45,conditional_XMV_02,19,20,0.8454002737998962,0.9546053779069767,0.9760952878433272,0.00975,1.0,26.85
45,conditional_XMV_02,20,20,0.8454002737998962,0.9394959302325582,0.9701570158174816,0.011,1.0,41.1
45,conditional_XMV_02,21,20,0.8454002737998962,0.5021765780730897,0.6004659012862809,0.00975,0.0,302.0
45,conditional_XMV_02,22,20,0.8454002737998962,0.5616617732558139,0.6533388796406407,0.01225,0.0,302.0
45,conditional_XMV_02,23,20,0.8454002737998962,0.5351769310631229,0.6272405472177113,0.01,0.0,302.0
45,conditional_XMV_02,24,20,0.8454002737998962,0.9729303986710963,0.9861017743036754,0.01075,1.0,15.05
45,conditional_XMV_02,25,20,0.8454002737998962,0.8811819767441861,0.9311906292155249,0.00875,1.0,31.25
45,conditional_XMV_02,26,20,0.8454002737998962,0.9199362956810632,0.9569477101223929,0.00925,1.0,28.6
45,conditional_XMV_02,27,20,0.8454002737998962,0.8345049210963456,0.8958209665685428,0.00925,1.0,18.4
45,conditional_XMV_02,28,20,0.8454002737998962,0.5592645764119601,0.6629554340503797,0.01,0.0,302.0
45,conditional_XMV_03,1,20,0.845323383808136,0.9950252491694352,0.9975030737739077,0.01,1.0,4.4
45,conditional_XMV_03,2,20,0.845323383808136,0.990735049833887,0.9952081793171694,0.009,1.0,10.8
45,conditional_XMV_03,3,20,0.845323383808136,0.5422512458471761,0.6340261388834438,0.0085,0.0,302.0
45,conditional_XMV_03,4,20,0.845323383808136,0.9636796719269103,0.9745275910131583,0.01,1.0,2.0
45,conditional_XMV_03,5,20,0.845323383808136,0.5007840531561462,0.6060329531006657,0.012,0.05,301.7
45,conditional_XMV_03,6,20,0.845323383808136,0.9979687292358804,0.9990495478077074,0.00825,1.0,1.0
45,conditional_XMV_03,7,20,0.845323383808136,0.9966542774086379,0.9983807615101254,0.0105,1.0,2.0
45,conditional_XMV_03,8,20,0.845323383808136,0.9689346760797343,0.9847300436740005,0.0075,1.0,22.75
45,conditional_XMV_03,9,20,0.845323383808136,0.5444955149501661,0.6384242953896349,0.0115,0.0,302.0
45,conditional_XMV_03,10,20,0.845323383808136,0.9214591777408638,0.9588587712941857,0.0095,1.0,41.75
45,conditional_XMV_03,11,20,0.845323383808136,0.9808675664451827,0.9899662952524759,0.0095,1.0,8.65
45,conditional_XMV_03,12,20,0.845323383808136,0.7948957433554817,0.8748214824273356,0.01,1.0,22.65
45,conditional_XMV_03,13,20,0.845323383808136,0.9476478820598007,0.9745867508513673,0.01025,1.0,33.6
45,conditional_XMV_03,14,20,0.845323383808136,0.9953296926910299,0.9977067374188685,0.00875,1.0,3.85
45,conditional_XMV_03,15,20,0.845323383808136,0.5154730481727575,0.6189006513274544,0.0115,0.0,302.0
45,conditional_XMV_03,16,20,0.845323383808136,0.5091066445182725,0.608935786984167,0.012,0.0,302.0
45,conditional_XMV_03,17,20,0.845323383808136,0.9528092607973422,0.9772409942936763,0.00825,1.0,30.7
45,conditional_XMV_03,18,20,0.845323383808136,0.8813366279069768,0.9352949355188412,0.01,1.0,60.05
45,conditional_XMV_03,19,20,0.845323383808136,0.9538774294019934,0.9757441016752093,0.00875,1.0,26.75
45,conditional_XMV_03,20,20,0.845323383808136,0.9394511004983389,0.9701347431823755,0.01125,1.0,41.0
45,conditional_XMV_03,21,20,0.845323383808136,0.5023876868770765,0.6012394993737236,0.01,0.0,302.0
45,conditional_XMV_03,22,20,0.845323383808136,0.5613828280730897,0.6531682473030906,0.01275,0.0,302.0
45,conditional_XMV_03,23,20,0.845323383808136,0.5093823504983389,0.6064591631857883,0.01,0.0,302.0
45,conditional_XMV_03,24,20,0.845323383808136,0.9733431686046512,0.9863381353169405,0.01025,1.0,15.05
45,conditional_XMV_03,25,20,0.845323383808136,0.904384323089701,0.9458596806136774,0.009,1.0,29.05
45,conditional_XMV_03,26,20,0.845323383808136,0.9204203488372094,0.9572316619426704,0.01,1.0,29.1
45,conditional_XMV_03,27,20,0.845323383808136,0.8331943936877076,0.8949202345194534,0.0095,1.0,17.95
45,conditional_XMV_03,28,20,0.845323383808136,0.5591551079734219,0.6624796717550842,0.0095,0.0,302.0
45,conditional_XMV_04,1,20,0.8477120995521545,0.9950068106312292,0.9974881025816521,0.009,1.0,4.45
45,conditional_XMV_04,2,20,0.8477120995521545,0.9905113372093023,0.9950956178273074,0.008,1.0,10.9
45,conditional_XMV_04,3,20,0.8477120995521545,0.5414864825581396,0.633103482494025,0.0085,0.0,302.0
45,conditional_XMV_04,4,20,0.8477120995521545,0.962768957641196,0.9739623969835002,0.0095,1.0,2.0
45,conditional_XMV_04,5,20,0.8477120995521545,0.5003428363787376,0.606001403931116,0.01125,0.05,287.0
45,conditional_XMV_04,6,20,0.8477120995521545,0.998014742524917,0.99906332887371,0.0095,1.0,1.0
45,conditional_XMV_04,7,20,0.8477120995521545,0.9966696428571429,0.9983860027420743,0.0085,1.0,2.0
45,conditional_XMV_04,8,20,0.8477120995521545,0.9687707641196013,0.9846169441798999,0.00725,1.0,23.15
45,conditional_XMV_04,9,20,0.8477120995521545,0.5419200996677741,0.6364837529401859,0.0105,0.0,302.0
45,conditional_XMV_04,10,20,0.8477120995521545,0.9204550664451827,0.9582944157039265,0.01075,1.0,42.55
45,conditional_XMV_04,11,20,0.8477120995521545,0.9808670265780731,0.9900141249520779,0.008,1.0,8.65
45,conditional_XMV_04,12,20,0.8477120995521545,0.7933083264119601,0.8737369561809185,0.00975,1.0,23.85
45,conditional_XMV_04,13,20,0.8477120995521545,0.9477253322259136,0.9745914337256713,0.0105,1.0,33.65
45,conditional_XMV_04,14,20,0.8477120995521545,0.9954163621262458,0.997740243639625,0.00825,1.0,3.85
45,conditional_XMV_04,15,20,0.8477120995521545,0.5147750830564785,0.6185051208628088,0.01075,0.0,302.0
45,conditional_XMV_04,16,20,0.8477120995521545,0.5083019933554818,0.6085032706542117,0.01275,0.0,302.0
45,conditional_XMV_04,17,20,0.8477120995521545,0.9528786337209302,0.9772565079013829,0.0085,1.0,30.8
45,conditional_XMV_04,18,20,0.8477120995521545,0.8806718023255814,0.934981940208452,0.00875,1.0,60.6
45,conditional_XMV_04,19,20,0.8477120995521545,0.9556705149501661,0.9768066281642259,0.009,1.0,26.8
45,conditional_XMV_04,20,20,0.8477120995521545,0.9393757890365448,0.9700654364790463,0.00875,1.0,41.1
45,conditional_XMV_04,21,20,0.8477120995521545,0.5029253322259136,0.6009966770284937,0.01,0.0,302.0
45,conditional_XMV_04,22,20,0.8477120995521545,0.5580486295681063,0.6499285768749828,0.012,0.0,302.0
45,conditional_XMV_04,23,20,0.8477120995521545,0.575863642026578,0.66751416492826,0.01025,0.0,302.0
45,conditional_XMV_04,24,20,0.8477120995521545,0.9722044435215946,0.9857606600318684,0.01,1.0,15.05
45,conditional_XMV_04,25,20,0.8477120995521545,0.9017865448504984,0.9441948606434842,0.008,1.0,29.05
45,conditional_XMV_04,26,20,0.8477120995521545,0.8391732350498339,0.9060505239525253,0.01025,1.0,46.9
45,conditional_XMV_04,27,20,0.8477120995521545,0.8333474667774087,0.8949338554441871,0.01,1.0,19.9
45,conditional_XMV_04,28,20,0.8477120995521545,0.5567857142857143,0.6607362220494974,0.0085,0.0,302.0
45,conditional_XMV_05,1,20,0.845441460609436,0.9950419019933555,0.9975098706650242,0.01,1.0,4.4
45,conditional_XMV_05,2,20,0.845441460609436,0.9907769933554817,0.9952258879124547,0.0085,1.0,10.8
45,conditional_XMV_05,3,20,0.845441460609436,0.5424895141196013,0.6339631624814935,0.009,0.0,302.0
45,conditional_XMV_05,4,20,0.845441460609436,0.9637483803986711,0.9745045150216746,0.00975,1.0,2.0
45,conditional_XMV_05,5,20,0.845441460609436,0.5006136627906976,0.6057167526060577,0.0115,0.0,302.0
45,conditional_XMV_05,6,20,0.845441460609436,0.9979553986710964,0.999044369920558,0.0085,1.0,1.0
45,conditional_XMV_05,7,20,0.845441460609436,0.996640988372093,0.9983767622994084,0.01,1.0,2.0
45,conditional_XMV_05,8,20,0.845441460609436,0.9689607558139535,0.9847339205967169,0.007,1.0,22.75
45,conditional_XMV_05,9,20,0.845441460609436,0.5445666112956811,0.6388465407417568,0.0105,0.0,302.0
45,conditional_XMV_05,10,20,0.845441460609436,0.9214589285714285,0.9588495555287869,0.00975,1.0,42.25
45,conditional_XMV_05,11,20,0.845441460609436,0.9809042566445183,0.9899903658334476,0.0095,1.0,8.65
45,conditional_XMV_05,12,20,0.845441460609436,0.7946545473421927,0.874689881477104,0.0095,1.0,22.65
45,conditional_XMV_05,13,20,0.845441460609436,0.947693646179402,0.9746002391504575,0.01,1.0,33.7
45,conditional_XMV_05,14,20,0.845441460609436,0.9953485880398671,0.9977122101382772,0.008,1.0,3.85
45,conditional_XMV_05,15,20,0.845441460609436,0.5155019518272426,0.6196057284088096,0.01125,0.0,302.0
45,conditional_XMV_05,16,20,0.845441460609436,0.5088451204318937,0.6084821360944539,0.012,0.0,302.0
45,conditional_XMV_05,17,20,0.845441460609436,0.9527898255813954,0.9772403923173034,0.0085,1.0,30.7
45,conditional_XMV_05,18,20,0.845441460609436,0.8811969476744186,0.9352974625394701,0.01,1.0,60.05
45,conditional_XMV_05,19,20,0.845441460609436,0.9540115448504983,0.9758153153366167,0.009,1.0,26.7
45,conditional_XMV_05,20,20,0.845441460609436,0.939454422757475,0.970128231984342,0.01075,1.0,41.0
45,conditional_XMV_05,21,20,0.845441460609436,0.5023449335548172,0.6007096500891514,0.00975,0.0,302.0
45,conditional_XMV_05,22,20,0.845441460609436,0.5614498754152824,0.6531687464531204,0.01225,0.0,302.0
45,conditional_XMV_05,23,20,0.845441460609436,0.5356838247508305,0.6285449295853928,0.01,0.0,302.0
45,conditional_XMV_05,24,20,0.845441460609436,0.9734254568106312,0.9863832641623769,0.01,1.0,15.05
45,conditional_XMV_05,25,20,0.845441460609436,0.9044997093023256,0.9459864745165794,0.00825,1.0,29.05
45,conditional_XMV_05,26,20,0.845441460609436,0.9205679401993355,0.9573229999653974,0.01,1.0,28.6
45,conditional_XMV_05,27,20,0.845441460609436,0.8330642441860465,0.8949459781273176,0.009,1.0,17.95
45,conditional_XMV_05,28,20,0.845441460609436,0.5591237333887044,0.662409698620765,0.0095,0.0,302.0
45,conditional_XMV_06,1,20,0.8454409837722778,0.9950418604651163,0.9975097418813776,0.01,1.0,4.4
45,conditional_XMV_06,2,20,0.8454409837722778,0.9907568521594684,0.9952161624121797,0.009,1.0,10.7
45,conditional_XMV_06,3,20,0.8454409837722778,0.5426987956810632,0.6342247846998884,0.00925,0.0,302.0
45,conditional_XMV_06,4,20,0.8454409837722778,0.9661424833887043,0.9765809012396918,0.01,1.0,2.0
45,conditional_XMV_06,5,20,0.8454409837722778,0.5006855274086379,0.6056945597549235,0.01125,0.0,302.0
45,conditional_XMV_06,6,20,0.8454409837722778,0.997954111295681,0.9990440350389818,0.0085,1.0,1.0
45,conditional_XMV_06,7,20,0.8454409837722778,0.9966443936877076,0.998377957179849,0.01025,1.0,2.0
45,conditional_XMV_06,8,20,0.8454409837722778,0.9689459302325582,0.9847246867488921,0.00725,1.0,22.75
45,conditional_XMV_06,9,20,0.8454409837722778,0.5445492524916944,0.638814747697955,0.01075,0.0,302.0
45,conditional_XMV_06,10,20,0.8454409837722778,0.9209268687707641,0.9585379674352349,0.0095,1.0,42.25
45,conditional_XMV_06,11,20,0.8454409837722778,0.980963745847176,0.9900277797599802,0.00975,1.0,8.65
45,conditional_XMV_06,12,20,0.8454409837722778,0.7947484011627907,0.8747609808904313,0.00975,1.0,23.75
45,conditional_XMV_06,13,20,0.8454409837722778,0.9477164867109634,0.9746060508320404,0.01,1.0,33.7
45,conditional_XMV_06,14,20,0.8454409837722778,0.9953518272425249,0.9977159605318743,0.00825,1.0,3.85
45,conditional_XMV_06,15,20,0.8454409837722778,0.515312811461794,0.619377399672607,0.01125,0.0,302.0
45,conditional_XMV_06,16,20,0.8454409837722778,0.5088186877076412,0.6085948500718,0.012,0.0,302.0
45,conditional_XMV_06,17,20,0.8454409837722778,0.9527765780730897,0.9772390707951448,0.00875,1.0,30.7
45,conditional_XMV_06,18,20,0.8454409837722778,0.8813417774086378,0.9353663687363318,0.00975,1.0,60.1
45,conditional_XMV_06,19,20,0.8454409837722778,0.9540031146179402,0.9758095974721006,0.009,1.0,26.7
45,conditional_XMV_06,20,20,0.8454409837722778,0.9396623546511628,0.9702304960595888,0.01075,1.0,41.0
45,conditional_XMV_06,21,20,0.8454409837722778,0.5020743355481727,0.6006071185737211,0.00975,0.0,302.0
45,conditional_XMV_06,22,20,0.8454409837722778,0.5615442483388704,0.6536013719955973,0.01275,0.0,302.0
45,conditional_XMV_06,23,20,0.8454409837722778,0.5359951827242525,0.6285948474792643,0.01025,0.0,302.0
45,conditional_XMV_06,24,20,0.8454409837722778,0.9734270764119601,0.9863846071629307,0.00975,1.0,15.05
45,conditional_XMV_06,25,20,0.8454409837722778,0.9048302740863787,0.9461619979197539,0.00825,1.0,29.05
45,conditional_XMV_06,26,20,0.8454409837722778,0.9203913413621262,0.9572347769110751,0.00975,1.0,28.1
45,conditional_XMV_06,27,20,0.8454409837722778,0.8342920265780731,0.8958412291889399,0.009,1.0,17.95
45,conditional_XMV_06,28,20,0.8454409837722778,0.5588991901993355,0.6623116129278742,0.00925,0.0,302.0
45,conditional_XMV_07,1,20,0.8449532985687256,0.9949900332225914,0.9974846178295242,0.00975,1.0,4.4
45,conditional_XMV_07,2,20,0.8449532985687256,0.9907032392026578,0.9951837023653367,0.009,1.0,10.8
45,conditional_XMV_07,3,20,0.8449532985687256,0.5429853197674419,0.6343630550523526,0.009,0.0,302.0
45,conditional_XMV_07,4,20,0.8449532985687256,0.9646512873754153,0.9753812585687416,0.01025,1.0,2.0
45,conditional_XMV_07,5,20,0.8449532985687256,0.5008018895348837,0.6058025776407825,0.01175,0.05,287.0
45,conditional_XMV_07,6,20,0.8449532985687256,0.9979613787375415,0.9990464026181644,0.008,1.0,1.0
45,conditional_XMV_07,7,20,0.8449532985687256,0.9966372508305648,0.9983749759850082,0.0105,1.0,2.0
45,conditional_XMV_07,8,20,0.8449532985687256,0.968780315614618,0.9846552629055962,0.00675,1.0,22.85
45,conditional_XMV_07,9,20,0.8449532985687256,0.5437237956810631,0.6380984251789946,0.011,0.0,302.0
45,conditional_XMV_07,10,20,0.8449532985687256,0.9229298795681063,0.9597259288201386,0.011,1.0,40.25
45,conditional_XMV_07,11,20,0.8449532985687256,0.9809491694352159,0.9900519153272838,0.00925,1.0,8.65
45,conditional_XMV_07,12,20,0.8449532985687256,0.7946862333887044,0.8747697473458951,0.00975,1.0,24.05
45,conditional_XMV_07,13,20,0.8449532985687256,0.9477421926910299,0.974600652656565,0.01,1.0,33.6
45,conditional_XMV_07,14,20,0.8449532985687256,0.9953493355481727,0.9977129330610955,0.008,1.0,3.85
45,conditional_XMV_07,15,20,0.8449532985687256,0.5156988372093023,0.6200077815859668,0.011,0.0,302.0
45,conditional_XMV_07,16,20,0.8449532985687256,0.5092345514950166,0.6087786417233862,0.01175,0.0,302.0
45,conditional_XMV_07,17,20,0.8449532985687256,0.9528884551495017,0.9772793981987842,0.00825,1.0,30.9
45,conditional_XMV_07,18,20,0.8449532985687256,0.8815257682724252,0.9354586904705977,0.00925,1.0,59.95
45,conditional_XMV_07,19,20,0.8449532985687256,0.9403456395348837,0.9679479789332427,0.0095,1.0,31.2
45,conditional_XMV_07,20,20,0.8449532985687256,0.9393508098006644,0.9700401043739336,0.01075,1.0,41.0
45,conditional_XMV_07,21,20,0.8449532985687256,0.5023147217607974,0.6007142396562216,0.0095,0.0,302.0
45,conditional_XMV_07,22,20,0.8449532985687256,0.5618065406976744,0.6535369267973662,0.01275,0.0,302.0
45,conditional_XMV_07,23,20,0.8449532985687256,0.5358737749169435,0.628457305952383,0.01,0.0,302.0
45,conditional_XMV_07,24,20,0.8449532985687256,0.9733348629568106,0.9863158969984394,0.01075,1.0,15.05
45,conditional_XMV_07,25,20,0.8449532985687256,0.9037532184385382,0.945461166262109,0.00825,1.0,29.35
45,conditional_XMV_07,26,20,0.8449532985687256,0.9203798380398671,0.9572579267607066,0.0095,1.0,28.1
45,conditional_XMV_07,27,20,0.8449532985687256,0.8339844476744186,0.8952873220723121,0.00975,1.0,18.15
45,conditional_XMV_07,28,20,0.8449532985687256,0.5593569975083057,0.6626345511450641,0.00975,0.0,302.0
45,conditional_XMV_08,1,20,0.8452494144439697,0.9950355897009967,0.9975060625031305,0.00925,1.0,4.3
45,conditional_XMV_08,2,20,0.8452494144439697,0.990738953488372,0.995213013445956,0.009,1.0,10.9
45,conditional_XMV_08,3,20,0.8452494144439697,0.5433608596345515,0.6351140261656328,0.009,0.0,302.0
45,conditional_XMV_08,4,20,0.8452494144439697,0.9624470099667775,0.9735168482598642,0.01,1.0,2.0
45,conditional_XMV_08,5,20,0.8452494144439697,0.5014276162790697,0.6065216007728383,0.0105,0.0,302.0
45,conditional_XMV_08,6,20,0.8452494144439697,0.9979858803986711,0.9990554533507301,0.008,1.0,1.0
45,conditional_XMV_08,7,20,0.8452494144439697,0.9966526578073089,0.998378359725134,0.01075,1.0,2.0
45,conditional_XMV_08,8,20,0.8452494144439697,0.9688059800664451,0.9846515561407932,0.00725,1.0,22.85
45,conditional_XMV_08,9,20,0.8452494144439697,0.5443355274086379,0.6386169872036059,0.01175,0.0,302.0
45,conditional_XMV_08,10,20,0.8452494144439697,0.9213470099667774,0.9587992260182275,0.01025,1.0,42.25
45,conditional_XMV_08,11,20,0.8452494144439697,0.9808504568106312,0.9899584946016795,0.00925,1.0,8.65
45,conditional_XMV_08,12,20,0.8452494144439697,0.7944619393687707,0.8746285960683884,0.00975,1.0,25.25
45,conditional_XMV_08,13,20,0.8452494144439697,0.9477468023255814,0.9746128360955247,0.01075,1.0,33.7
45,conditional_XMV_08,14,20,0.8452494144439697,0.9953530315614618,0.9977143995326986,0.008,1.0,3.95
45,conditional_XMV_08,15,20,0.8452494144439697,0.514428592192691,0.6188143398542383,0.0105,0.0,302.0
45,conditional_XMV_08,16,20,0.8452494144439697,0.5091450581395349,0.6090954200529755,0.01125,0.0,302.0
45,conditional_XMV_08,17,20,0.8452494144439697,0.9526859842192691,0.9771924585132579,0.008,1.0,30.65
45,conditional_XMV_08,18,20,0.8452494144439697,0.8804225083056478,0.9347572471434278,0.01,1.0,60.5
45,conditional_XMV_08,19,20,0.8452494144439697,0.9288114410299003,0.9610721964850574,0.00825,1.0,30.8
45,conditional_XMV_08,20,20,0.8452494144439697,0.9394035714285714,0.9701062104105455,0.01075,1.0,41.1
45,conditional_XMV_08,21,20,0.8452494144439697,0.5016849875415282,0.6003562476239603,0.01,0.0,302.0
45,conditional_XMV_08,22,20,0.8452494144439697,0.562116507475083,0.65342349295151,0.01275,0.0,302.0
45,conditional_XMV_08,23,20,0.8452494144439697,0.5353363995016611,0.6284753069228586,0.00975,0.0,302.0
45,conditional_XMV_08,24,20,0.8452494144439697,0.9733891611295681,0.9863696066867351,0.01025,1.0,15.05
45,conditional_XMV_08,25,20,0.8452494144439697,0.9031861710963455,0.9451027416973269,0.00825,1.0,28.4
45,conditional_XMV_08,26,20,0.8452494144439697,0.9205907184385382,0.9573009821517874,0.011,1.0,28.6
45,conditional_XMV_08,27,20,0.8452494144439697,0.8332583887043189,0.895056261952604,0.0085,1.0,17.3
45,conditional_XMV_08,28,20,0.8452494144439697,0.558844892026578,0.6627195482547013,0.009,0.0,302.0
45,conditional_XMV_09,1,20,0.845441460609436,0.9950419019933555,0.9975098706650242,0.01,1.0,4.4
45,conditional_XMV_09,2,20,0.845441460609436,0.9907769933554817,0.9952258879124547,0.0085,1.0,10.8
45,conditional_XMV_09,3,20,0.845441460609436,0.5424895141196013,0.6339631624814935,0.009,0.0,302.0
45,conditional_XMV_09,4,20,0.845441460609436,0.9637483803986711,0.9745045150216746,0.00975,1.0,2.0
45,conditional_XMV_09,5,20,0.845441460609436,0.5006136627906976,0.6057167526060577,0.0115,0.0,302.0
45,conditional_XMV_09,6,20,0.845441460609436,0.9979553986710964,0.999044369920558,0.0085,1.0,1.0
45,conditional_XMV_09,7,20,0.845441460609436,0.996640988372093,0.9983767622994084,0.01,1.0,2.0
45,conditional_XMV_09,8,20,0.845441460609436,0.9689607558139535,0.9847339205967169,0.007,1.0,22.75
45,conditional_XMV_09,9,20,0.845441460609436,0.5445666112956811,0.6388465407417568,0.0105,0.0,302.0
45,conditional_XMV_09,10,20,0.845441460609436,0.9214589285714285,0.9588495555287869,0.00975,1.0,42.25
45,conditional_XMV_09,11,20,0.845441460609436,0.9809042566445183,0.9899903658334476,0.0095,1.0,8.65
45,conditional_XMV_09,12,20,0.845441460609436,0.7946545473421927,0.874689881477104,0.0095,1.0,22.65
45,conditional_XMV_09,13,20,0.845441460609436,0.947693646179402,0.9746002391504575,0.01,1.0,33.7
45,conditional_XMV_09,14,20,0.845441460609436,0.9953485880398671,0.9977122101382772,0.008,1.0,3.85
45,conditional_XMV_09,15,20,0.845441460609436,0.5155019518272426,0.6196057284088096,0.01125,0.0,302.0
45,conditional_XMV_09,16,20,0.845441460609436,0.5088451204318937,0.6084821360944539,0.012,0.0,302.0
45,conditional_XMV_09,17,20,0.845441460609436,0.9527898255813954,0.9772403923173034,0.0085,1.0,30.7
45,conditional_XMV_09,18,20,0.845441460609436,0.8811969476744186,0.9352974625394701,0.01,1.0,60.05
45,conditional_XMV_09,19,20,0.845441460609436,0.9540115448504983,0.9758153153366167,0.009,1.0,26.7
45,conditional_XMV_09,20,20,0.845441460609436,0.939454422757475,0.970128231984342,0.01075,1.0,41.0
45,conditional_XMV_09,21,20,0.845441460609436,0.5023449335548172,0.6007096500891514,0.00975,0.0,302.0
45,conditional_XMV_09,22,20,0.845441460609436,0.5614498754152824,0.6531687464531204,0.01225,0.0,302.0
45,conditional_XMV_09,23,20,0.845441460609436,0.5356838247508305,0.6285449295853928,0.01,0.0,302.0
45,conditional_XMV_09,24,20,0.845441460609436,0.9734254568106312,0.9863832641623769,0.01,1.0,15.05
45,conditional_XMV_09,25,20,0.845441460609436,0.9044997093023256,0.9459864745165794,0.00825,1.0,29.05
45,conditional_XMV_09,26,20,0.845441460609436,0.9205679401993355,0.9573229999653974,0.01,1.0,28.6
45,conditional_XMV_09,27,20,0.845441460609436,0.8330642441860465,0.8949459781273176,0.009,1.0,17.95
45,conditional_XMV_09,28,20,0.845441460609436,0.5591237333887044,0.662409698620765,0.0095,0.0,302.0
45,conditional_XMV_10,1,20,0.8454830050468445,0.9950306893687708,0.9975021297207693,0.00875,1.0,4.3
45,conditional_XMV_10,2,20,0.8454830050468445,0.9906896179401994,0.9951894766191546,0.00875,1.0,10.8
45,conditional_XMV_10,3,20,0.8454830050468445,0.5425174833887043,0.6341628245856278,0.0085,0.0,302.0
45,conditional_XMV_10,4,20,0.8454830050468445,0.5184861503322259,0.6301032793754909,0.0095,1.0,2.0
45,conditional_XMV_10,5,20,0.8454830050468445,0.5007245639534884,0.60558975944194,0.01175,0.0,302.0
45,conditional_XMV_10,6,20,0.8454830050468445,0.997971303986711,0.9990502476924901,0.008,1.0,1.0
45,conditional_XMV_10,7,20,0.8454830050468445,0.9966318521594685,0.9983692855946298,0.01025,1.0,2.0
45,conditional_XMV_10,8,20,0.8454830050468445,0.9688662790697674,0.9846882457180296,0.00675,1.0,22.75
45,conditional_XMV_10,9,20,0.8454830050468445,0.5447039036544851,0.6390317517298759,0.0115,0.0,302.0
45,conditional_XMV_10,10,20,0.8454830050468445,0.9211018480066445,0.9586404692199472,0.01025,1.0,42.35
45,conditional_XMV_10,11,20,0.8454830050468445,0.9509794435215947,0.9733242141561197,0.0095,1.0,8.8
45,conditional_XMV_10,12,20,0.8454830050468445,0.79490155730897,0.87493710767552,0.01,1.0,23.65
45,conditional_XMV_10,13,20,0.8454830050468445,0.9476211378737541,0.9745695100132515,0.0105,1.0,33.7
45,conditional_XMV_10,14,20,0.8454830050468445,0.9951595514950166,0.9975856539956767,0.0075,1.0,4.05
45,conditional_XMV_10,15,20,0.8454830050468445,0.5151281353820598,0.6190883468115986,0.01075,0.0,302.0
45,conditional_XMV_10,16,20,0.8454830050468445,0.5086700789036545,0.6090044787786177,0.0115,0.0,302.0
45,conditional_XMV_10,17,20,0.8454830050468445,0.952965157807309,0.9773218100115918,0.008,1.0,30.8
45,conditional_XMV_10,18,20,0.8454830050468445,0.8809965946843854,0.9351426635876248,0.00975,1.0,60.05
45,conditional_XMV_10,19,20,0.8454830050468445,0.954029215116279,0.9758112045970244,0.009,1.0,26.5
45,conditional_XMV_10,20,20,0.8454830050468445,0.9395490448504984,0.9701440674192546,0.01075,1.0,41.1
45,conditional_XMV_10,21,20,0.8454830050468445,0.5022071013289037,0.6005842050285636,0.00925,0.0,302.0
45,conditional_XMV_10,22,20,0.8454830050468445,0.5610034260797342,0.6529749444288462,0.012,0.0,302.0
45,conditional_XMV_10,23,20,0.8454830050468445,0.5358560838870432,0.6292193128334356,0.00875,0.0,302.0
45,conditional_XMV_10,24,20,0.8454830050468445,0.9734825166112957,0.9864307786622873,0.01,1.0,15.1
45,conditional_XMV_10,25,20,0.8454830050468445,0.9040602367109635,0.9456179863951221,0.0085,1.0,28.05
45,conditional_XMV_10,26,20,0.8454830050468445,0.9207231727574751,0.9574331935556584,0.01,1.0,28.6
45,conditional_XMV_10,27,20,0.8454830050468445,0.79599948089701,0.8716563675344671,0.0085,1.0,22.65
45,conditional_XMV_10,28,20,0.8454830050468445,0.5588191237541528,0.6622806124480105,0.00975,0.0,302.0
45,conditional_XMV_11,1,20,0.8446422815322876,0.9950281976744186,0.9974993394038216,0.00875,1.0,4.3
45,conditional_XMV_11,2,20,0.8446422815322876,0.9908453903654485,0.9952581271249799,0.00925,1.0,10.7
45,conditional_XMV_11,3,20,0.8446422815322876,0.5434094061461794,0.6343374862333218,0.009,0.0,302.0
45,conditional_XMV_11,4,20,0.8446422815322876,0.9637019725913621,0.9744735997665008,0.01,1.0,2.0
45,conditional_XMV_11,5,20,0.8446422815322876,0.5002010174418605,0.6056441167294482,0.0115,0.05,287.0
45,conditional_XMV_11,6,20,0.8446422815322876,0.997969061461794,0.9990490872729302,0.00775,1.0,1.0
45,conditional_XMV_11,7,20,0.8446422815322876,0.9966446013289036,0.998374811439991,0.0105,1.0,2.0
45,conditional_XMV_11,8,20,0.8446422815322876,0.9688420265780731,0.9846870206266033,0.007,1.0,22.85
45,conditional_XMV_11,9,20,0.8446422815322876,0.5442988787375416,0.6380780369412847,0.01125,0.0,302.0
45,conditional_XMV_11,10,20,0.8446422815322876,0.9214768687707641,0.9588485252222098,0.01,1.0,41.8
45,conditional_XMV_11,11,20,0.8446422815322876,0.9809349667774087,0.9900235942392309,0.00925,1.0,8.65
45,conditional_XMV_11,12,20,0.8446422815322876,0.7948234426910299,0.8749879922327739,0.00975,1.0,22.85
45,conditional_XMV_11,13,20,0.8446422815322876,0.9477051910299004,0.9746177835277782,0.00975,1.0,33.7
45,conditional_XMV_11,14,20,0.8446422815322876,0.9953625,0.9977191697950611,0.00825,1.0,3.85
45,conditional_XMV_11,15,20,0.8446422815322876,0.515379111295681,0.6188402224774799,0.01075,0.0,302.0
45,conditional_XMV_11,16,20,0.8446422815322876,0.5085002284053156,0.6090097964672515,0.011,0.0,302.0
45,conditional_XMV_11,17,20,0.8446422815322876,0.9527951827242525,0.9772041408139546,0.00875,1.0,30.75
45,conditional_XMV_11,18,20,0.8446422815322876,0.8810622093023256,0.935253187438386,0.00975,1.0,59.75
45,conditional_XMV_11,19,20,0.8446422815322876,0.9540164451827242,0.9758192105297407,0.00925,1.0,26.95
45,conditional_XMV_11,20,20,0.8446422815322876,0.9392990033222591,0.9700532156277123,0.0105,1.0,41.0
45,conditional_XMV_11,21,20,0.8446422815322876,0.500775415282392,0.5994581388630298,0.00975,0.0,302.0
45,conditional_XMV_11,22,20,0.8446422815322876,0.5623987333887043,0.6539156740733008,0.0115,0.0,302.0
45,conditional_XMV_11,23,20,0.8446422815322876,0.5365134759136213,0.62883193011392,0.01,0.0,302.0
45,conditional_XMV_11,24,20,0.8446422815322876,0.973179318936877,0.98624393249449,0.0115,1.0,15.05
45,conditional_XMV_11,25,20,0.8446422815322876,0.9049626453488372,0.9462204759660372,0.008,1.0,29.1
45,conditional_XMV_11,26,20,0.8446422815322876,0.9206989825581395,0.9573926252363706,0.00925,1.0,28.6
45,conditional_XMV_11,27,20,0.8446422815322876,0.8333792151162791,0.8949981165747458,0.00875,1.0,17.15
45,conditional_XMV_11,28,20,0.8446422815322876,0.5596574127906977,0.6629629704738469,0.0085,0.0,302.0
46,original,1,20,0.8465240597724915,0.9952463870431894,0.9976134653165623,0.00975,1.0,4.05
46,original,2,20,0.8465240597724915,0.9905171511627907,0.9951476925018229,0.0095,1.0,10.2
46,original,3,20,0.8465240597724915,0.5452817898671096,0.6354919040269659,0.00975,0.0,302.0
46,original,4,20,0.8465240597724915,0.9766724252491694,0.9837427305784875,0.0105,1.0,2.0
46,original,5,20,0.8465240597724915,0.5011724044850498,0.6062131167695718,0.01,0.0,302.0
46,original,6,20,0.8465240597724915,0.997984634551495,0.9990578482963844,0.00925,1.0,1.0
46,original,7,20,0.8465240597724915,0.996690365448505,0.9983899315191876,0.01175,1.0,2.0
46,original,8,20,0.8465240597724915,0.9695984634551496,0.9850933078899735,0.0095,1.0,22.85
46,original,9,20,0.8465240597724915,0.5435752491694352,0.6383396334346886,0.01275,0.0,302.0
46,original,10,20,0.8465240597724915,0.923210568936877,0.9596207570658851,0.01125,1.0,41.65
46,original,11,20,0.8465240597724915,0.9824344061461794,0.9908795838918287,0.00825,1.0,8.35
46,original,12,20,0.8465240597724915,0.8029352159468438,0.8800314933533525,0.01125,1.0,25.2
46,original,13,20,0.8465240597724915,0.9477892857142857,0.9746389297372915,0.01125,1.0,33.7
46,original,14,20,0.8465240597724915,0.9956656976744186,0.997849755012782,0.0095,1.0,3.75
46,original,15,20,0.8465240597724915,0.5122161337209302,0.6159625027773169,0.01175,0.0,302.0
46,original,16,20,0.8465240597724915,0.5141187084717608,0.6140962232550335,0.00975,0.0,302.0
46,original,17,20,0.8465240597724915,0.9526912375415283,0.9772149537686164,0.008,1.0,30.75
46,original,18,20,0.8465240597724915,0.8856800041528239,0.9379143755589737,0.01075,1.0,62.25
46,original,19,20,0.8465240597724915,0.9542154900332226,0.9755953682323235,0.00975,1.0,27.7
46,original,20,20,0.8465240597724915,0.9394400332225914,0.9702826747183746,0.009,1.0,40.7
46,original,21,20,0.8465240597724915,0.4984669850498339,0.5975427313288815,0.01025,0.0,302.0
46,original,22,20,0.8465240597724915,0.5675300664451828,0.656049473409075,0.01075,0.0,302.0
46,original,23,20,0.8465240597724915,0.5355757059800664,0.6278469803772752,0.0095,0.0,302.0
46,original,24,20,0.8465240597724915,0.9718053571428571,0.9854357087539475,0.011,1.0,14.95
46,original,25,20,0.8465240597724915,0.8932264742524917,0.9375149328330558,0.00775,1.0,31.2
46,original,26,20,0.8465240597724915,0.9239101951827242,0.959121884148731,0.01025,1.0,29.75
46,original,27,20,0.8465240597724915,0.8750355689368771,0.9227458907556545,0.01,1.0,16.1
46,original,28,20,0.8465240597724915,0.5562675249169435,0.6607830869573832,0.009,0.0,302.0
46,conditional_XMV_01,1,20,0.8468353152275085,0.9952786544850498,0.9976295827483339,0.00975,1.0,4.05
46,conditional_XMV_01,2,20,0.8468353152275085,0.99070573089701,0.9952407947516692,0.00925,1.0,10.2
46,conditional_XMV_01,3,20,0.8468353152275085,0.544724896179402,0.6347368157784172,0.0095,0.0,302.0
46,conditional_XMV_01,4,20,0.8468353152275085,0.9772083887043189,0.984232236204407,0.01025,1.0,2.0
46,conditional_XMV_01,5,20,0.8468353152275085,0.5010849667774087,0.6060394410192641,0.00975,0.0,302.0
46,conditional_XMV_01,6,20,0.8468353152275085,0.997993646179402,0.9990596575583401,0.00875,1.0,1.0
46,conditional_XMV_01,7,20,0.8468353152275085,0.9966762873754152,0.9983844487216113,0.01125,1.0,2.0
46,conditional_XMV_01,8,20,0.8468353152275085,0.9697249169435216,0.985154344149128,0.00975,1.0,22.85
46,conditional_XMV_01,9,20,0.8468353152275085,0.5433020141196013,0.6377453633056946,0.013,0.0,302.0
46,conditional_XMV_01,10,20,0.8468353152275085,0.9228947466777409,0.9594977684897259,0.0125,1.0,41.35
46,conditional_XMV_01,11,20,0.8468353152275085,0.9825485049833887,0.9909306676453811,0.00825,1.0,8.35
46,conditional_XMV_01,12,20,0.8468353152275085,0.8027375207641196,0.8799478691748489,0.011,1.0,25.3
46,conditional_XMV_01,13,20,0.8468353152275085,0.9478845514950166,0.9746818636284831,0.01125,1.0,33.7
46,conditional_XMV_01,14,20,0.8468353152275085,0.9956672757475084,0.9978531394342247,0.00975,1.0,3.75
46,conditional_XMV_01,15,20,0.8468353152275085,0.5124196636212625,0.6161711579402194,0.0115,0.0,302.0
46,conditional_XMV_01,16,20,0.8468353152275085,0.5144313745847177,0.6142840421804218,0.0095,0.0,302.0
46,conditional_XMV_01,17,20,0.8468353152275085,0.9527178363787375,0.9772240855171728,0.00825,1.0,30.75
46,conditional_XMV_01,18,20,0.8468353152275085,0.8860086171096345,0.9381370045237113,0.0105,1.0,62.45
46,conditional_XMV_01,19,20,0.8468353152275085,0.9544116279069768,0.975741123059195,0.01,1.0,27.35
46,conditional_XMV_01,20,20,0.8468353152275085,0.9394024086378737,0.9702862815298839,0.0095,1.0,40.7
46,conditional_XMV_01,21,20,0.8468353152275085,0.4978238787375415,0.5972119453009423,0.01075,0.0,302.0
46,conditional_XMV_01,22,20,0.8468353152275085,0.567712707641196,0.6560179397360523,0.01075,0.0,302.0
46,conditional_XMV_01,23,20,0.8468353152275085,0.5354493563122924,0.6279029079128542,0.00975,0.0,302.0
46,conditional_XMV_01,24,20,0.8468353152275085,0.9692675249169436,0.9840311016698844,0.01025,1.0,15.5
46,conditional_XMV_01,25,20,0.8468353152275085,0.8842551287375415,0.9313821924888133,0.00775,1.0,33.55
46,conditional_XMV_01,26,20,0.8468353152275085,0.9245087209302325,0.9594783381751033,0.01,1.0,29.5
46,conditional_XMV_01,27,20,0.8468353152275085,0.8750323712624585,0.9228208194756408,0.00925,1.0,15.8
46,conditional_XMV_01,28,20,0.8468353152275085,0.5561889119601329,0.6607823971519527,0.01,0.0,302.0
46,conditional_XMV_02,1,20,0.8473880290985107,0.9952514950166113,0.997612967947735,0.0105,1.0,4.05
46,conditional_XMV_02,2,20,0.8473880290985107,0.9905027823920266,0.9951351168744951,0.0095,1.0,10.2
46,conditional_XMV_02,3,20,0.8473880290985107,0.5452726744186046,0.6356255140545598,0.009,0.0,302.0
46,conditional_XMV_02,4,20,0.8473880290985107,0.9757230689368771,0.982936045060108,0.01025,1.0,2.0
46,conditional_XMV_02,5,20,0.8473880290985107,0.500834842192691,0.605969369750661,0.01075,0.0,302.0
46,conditional_XMV_02,6,20,0.8473880290985107,0.9979802740863787,0.999056745063229,0.00875,1.0,1.0
46,conditional_XMV_02,7,20,0.8473880290985107,0.9966623754152824,0.9983797463963654,0.01225,1.0,2.0
46,conditional_XMV_02,8,20,0.8473880290985107,0.9696680024916944,0.985116855203204,0.01025,1.0,22.85
46,conditional_XMV_02,9,20,0.8473880290985107,0.5447911337209302,0.6387371258823135,0.012,0.0,302.0
46,conditional_XMV_02,10,20,0.8473880290985107,0.9232176910299004,0.9595700152703182,0.01075,1.0,41.45
46,conditional_XMV_02,11,20,0.8473880290985107,0.9826429817275748,0.9909638864609678,0.00825,1.0,8.35
46,conditional_XMV_02,12,20,0.8473880290985107,0.8037339493355482,0.8806074622309042,0.00975,1.0,25.45
46,conditional_XMV_02,13,20,0.8473880290985107,0.9477927740863787,0.9746467166664063,0.01125,1.0,33.7
46,conditional_XMV_02,14,20,0.8473880290985107,0.9956484634551495,0.9978451764669514,0.00925,1.0,3.75
46,conditional_XMV_02,15,20,0.8473880290985107,0.5126036129568107,0.6163556171104906,0.012,0.0,302.0
46,conditional_XMV_02,16,20,0.8473880290985107,0.5142258098006645,0.6141952742815551,0.00925,0.0,302.0
46,conditional_XMV_02,17,20,0.8473880290985107,0.9526200581395349,0.9771830314234313,0.008,1.0,30.75
46,conditional_XMV_02,18,20,0.8473880290985107,0.8851377906976744,0.9375643095037901,0.0095,1.0,62.25
46,conditional_XMV_02,19,20,0.8473880290985107,0.953338226744186,0.9750641810327267,0.00975,1.0,27.75
46,conditional_XMV_02,20,20,0.8473880290985107,0.9395168189368771,0.9702998298906444,0.00925,1.0,40.7
46,conditional_XMV_02,21,20,0.8473880290985107,0.49871339285714283,0.5976014043121288,0.01,0.0,302.0
46,conditional_XMV_02,22,20,0.8473880290985107,0.5679739410299003,0.6556579128030599,0.0105,0.0,302.0
46,conditional_XMV_02,23,20,0.8473880290985107,0.5352218853820598,0.6275119875465812,0.00925,0.0,302.0
46,conditional_XMV_02,24,20,0.8473880290985107,0.9712428571428572,0.9851298066238195,0.01,1.0,14.7
46,conditional_XMV_02,25,20,0.8473880290985107,0.8782340323920266,0.927721655838759,0.00775,1.0,34.95
46,conditional_XMV_02,26,20,0.8473880290985107,0.9237733596345515,0.9590515492392491,0.011,1.0,30.05
46,conditional_XMV_02,27,20,0.8473880290985107,0.875709219269103,0.9232436625607794,0.009,1.0,15.9
46,conditional_XMV_02,28,20,0.8473880290985107,0.5564300664451827,0.6605014896752837,0.009,0.0,302.0
46,conditional_XMV_03,1,20,0.8473002314567566,0.9952482973421927,0.9976172622068326,0.01,1.0,4.05
46,conditional_XMV_03,2,20,0.8473002314567566,0.9904941445182724,0.9951342793471866,0.009,1.0,10.2
46,conditional_XMV_03,3,20,0.8473002314567566,0.5455374584717608,0.6360659548489821,0.0095,0.0,302.0
46,conditional_XMV_03,4,20,0.8473002314567566,0.9768562292358804,0.9838903428874579,0.01075,1.0,2.0
46,conditional_XMV_03,5,20,0.8473002314567566,0.5010379775747509,0.6062076217038956,0.0105,0.0,302.0
46,conditional_XMV_03,6,20,0.8473002314567566,0.9979925664451827,0.9990606722619454,0.00875,1.0,1.0
46,conditional_XMV_03,7,20,0.8473002314567566,0.99669375,0.9983913506051807,0.01125,1.0,2.0
46,conditional_XMV_03,8,20,0.8473002314567566,0.9695914451827242,0.985083290060931,0.00975,1.0,22.95
46,conditional_XMV_03,9,20,0.8473002314567566,0.5437422342192691,0.6384197968649631,0.01175,0.0,302.0
46,conditional_XMV_03,10,20,0.8473002314567566,0.9230194975083057,0.9594992524262365,0.0115,1.0,41.5
46,conditional_XMV_03,11,20,0.8473002314567566,0.9824587209302326,0.9908896640784127,0.0085,1.0,8.55
46,conditional_XMV_03,12,20,0.8473002314567566,0.8031799210963455,0.880200096920085,0.01125,1.0,25.25
46,conditional_XMV_03,13,20,0.8473002314567566,0.9477801079734219,0.9746342020040764,0.0115,1.0,33.6
46,conditional_XMV_03,14,20,0.8473002314567566,0.9956504568106312,0.9978431118730109,0.00975,1.0,3.75
46,conditional_XMV_03,15,20,0.8473002314567566,0.5125225705980067,0.6159553292630076,0.01175,0.0,302.0
46,conditional_XMV_03,16,20,0.8473002314567566,0.5141355689368771,0.6138536195215448,0.0095,0.0,302.0
46,conditional_XMV_03,17,20,0.8473002314567566,0.9527251245847176,0.9772321725011976,0.0085,1.0,30.75
46,conditional_XMV_03,18,20,0.8473002314567566,0.88574271179402,0.9379685394872322,0.01025,1.0,62.25
46,conditional_XMV_03,19,20,0.8473002314567566,0.9541662167774086,0.9755615923058479,0.01,1.0,27.35
46,conditional_XMV_03,20,20,0.8473002314567566,0.939414431063123,0.9702780157923522,0.0095,1.0,40.7
46,conditional_XMV_03,21,20,0.8473002314567566,0.4980433970099668,0.5978027610848674,0.00975,0.0,302.0
46,conditional_XMV_03,22,20,0.8473002314567566,0.5678760589700996,0.656094208236645,0.0105,0.0,302.0
46,conditional_XMV_03,23,20,0.8473002314567566,0.5147779069767442,0.6109933349210032,0.00975,0.0,302.0
46,conditional_XMV_03,24,20,0.8473002314567566,0.9717109219269103,0.985393798457308,0.01025,1.0,14.85
46,conditional_XMV_03,25,20,0.8473002314567566,0.89300625,0.9374027852975034,0.00775,1.0,31.2
46,conditional_XMV_03,26,20,0.8473002314567566,0.9238426702657807,0.9591101410875196,0.01075,1.0,30.05
46,conditional_XMV_03,27,20,0.8473002314567566,0.8748231727574751,0.9226899093760111,0.00975,1.0,16.0
46,conditional_XMV_03,28,20,0.8473002314567566,0.5562430440199335,0.6608738624298205,0.01,0.0,302.0
46,conditional_XMV_04,1,20,0.8499171137809753,0.9951971760797342,0.9975929920261515,0.00975,1.0,4.2
46,conditional_XMV_04,2,20,0.8499171137809753,0.9902252906976744,0.9950217999755601,0.00875,1.0,10.6
46,conditional_XMV_04,3,20,0.8499171137809753,0.5437355274086378,0.6341088579187573,0.0095,0.0,302.0
46,conditional_XMV_04,4,20,0.8499171137809753,0.974359634551495,0.9821170171595698,0.01025,1.0,2.0
46,conditional_XMV_04,5,20,0.8499171137809753,0.5018784468438539,0.6067577488906244,0.00875,0.0,302.0
46,conditional_XMV_04,6,20,0.8499171137809753,0.9980367109634551,0.9990766725887792,0.0085,1.0,1.0
46,conditional_XMV_04,7,20,0.8499171137809753,0.9967298172757475,0.9984082147286104,0.0115,1.0,2.0
46,conditional_XMV_04,8,20,0.8499171137809753,0.9694033222591362,0.9849805398905558,0.009,1.0,23.2
46,conditional_XMV_04,9,20,0.8499171137809753,0.5409755398671097,0.6356724684931889,0.01275,0.0,302.0
46,conditional_XMV_04,10,20,0.8499171137809753,0.9222322259136213,0.9591388985709209,0.00975,1.0,41.5
46,conditional_XMV_04,11,20,0.8499171137809753,0.9824120431893688,0.9908667955585944,0.007,1.0,8.5
46,conditional_XMV_04,12,20,0.8499171137809753,0.8013731312292359,0.8788295940664355,0.01,1.0,25.25
46,conditional_XMV_04,13,20,0.8499171137809753,0.9476937292358804,0.9745846080285715,0.01175,1.0,33.6
46,conditional_XMV_04,14,20,0.8499171137809753,0.9957054817275748,0.9978678052778636,0.009,1.0,3.85
46,conditional_XMV_04,15,20,0.8499171137809753,0.5116211378737542,0.6154107163377862,0.01175,0.0,302.0
46,conditional_XMV_04,16,20,0.8499171137809753,0.5128864202657807,0.6125135396046127,0.01075,0.0,302.0
46,conditional_XMV_04,17,20,0.8499171137809753,0.9526446220930233,0.9771884970607797,0.00725,1.0,30.75
46,conditional_XMV_04,18,20,0.8499171137809753,0.8852263704318937,0.9377097601717632,0.00925,1.0,62.7
46,conditional_XMV_04,19,20,0.8499171137809753,0.9564894518272425,0.9768908164890895,0.0085,1.0,27.75
46,conditional_XMV_04,20,20,0.8499171137809753,0.9393737126245847,0.9702032774945708,0.00925,1.0,40.7
46,conditional_XMV_04,21,20,0.8499171137809753,0.49883037790697676,0.5975591779327996,0.01075,0.0,302.0
46,conditional_XMV_04,22,20,0.8499171137809753,0.5641140365448505,0.6527420028206112,0.01175,0.0,302.0
46,conditional_XMV_04,23,20,0.8499171137809753,0.5675437084717608,0.6583693612829133,0.01125,0.0,302.0
46,conditional_XMV_04,24,20,0.8499171137809753,0.9714302325581395,0.9852563980337665,0.0095,1.0,14.95
46,conditional_XMV_04,25,20,0.8499171137809753,0.8906803571428571,0.9359153055611149,0.00775,1.0,31.6
46,conditional_XMV_04,26,20,0.8499171137809753,0.8356455357142857,0.9028148568519831,0.0095,1.0,53.95
46,conditional_XMV_04,27,20,0.8499171137809753,0.8754660091362126,0.9229462581066195,0.00975,1.0,16.95
46,conditional_XMV_04,28,20,0.8499171137809753,0.5543059593023256,0.6585196053245409,0.01025,0.0,302.0
46,conditional_XMV_05,1,20,0.8465240597724915,0.9952463870431894,0.9976134653165623,0.00975,1.0,4.05
46,conditional_XMV_05,2,20,0.8465240597724915,0.9905171511627907,0.9951476925018229,0.0095,1.0,10.2
46,conditional_XMV_05,3,20,0.8465240597724915,0.5452817898671096,0.6354919040269659,0.00975,0.0,302.0
46,conditional_XMV_05,4,20,0.8465240597724915,0.9766724252491694,0.9837427305784875,0.0105,1.0,2.0
46,conditional_XMV_05,5,20,0.8465240597724915,0.5011724044850498,0.6062131167695718,0.01,0.0,302.0
46,conditional_XMV_05,6,20,0.8465240597724915,0.997984634551495,0.9990578482963844,0.00925,1.0,1.0
46,conditional_XMV_05,7,20,0.8465240597724915,0.996690365448505,0.9983899315191876,0.01175,1.0,2.0
46,conditional_XMV_05,8,20,0.8465240597724915,0.9695984634551496,0.9850933078899735,0.0095,1.0,22.85
46,conditional_XMV_05,9,20,0.8465240597724915,0.5435752491694352,0.6383396334346886,0.01275,0.0,302.0
46,conditional_XMV_05,10,20,0.8465240597724915,0.923210568936877,0.9596207570658851,0.01125,1.0,41.65
46,conditional_XMV_05,11,20,0.8465240597724915,0.9824344061461794,0.9908795838918287,0.00825,1.0,8.35
46,conditional_XMV_05,12,20,0.8465240597724915,0.8029352159468438,0.8800314933533525,0.01125,1.0,25.2
46,conditional_XMV_05,13,20,0.8465240597724915,0.9477892857142857,0.9746389297372915,0.01125,1.0,33.7
46,conditional_XMV_05,14,20,0.8465240597724915,0.9956656976744186,0.997849755012782,0.0095,1.0,3.75
46,conditional_XMV_05,15,20,0.8465240597724915,0.5122161337209302,0.6159625027773169,0.01175,0.0,302.0
46,conditional_XMV_05,16,20,0.8465240597724915,0.5141187084717608,0.6140962232550335,0.00975,0.0,302.0
46,conditional_XMV_05,17,20,0.8465240597724915,0.9526912375415283,0.9772149537686164,0.008,1.0,30.75
46,conditional_XMV_05,18,20,0.8465240597724915,0.8856800041528239,0.9379143755589737,0.01075,1.0,62.25
46,conditional_XMV_05,19,20,0.8465240597724915,0.9542154900332226,0.9755953682323235,0.00975,1.0,27.7
46,conditional_XMV_05,20,20,0.8465240597724915,0.9394400332225914,0.9702826747183746,0.009,1.0,40.7
46,conditional_XMV_05,21,20,0.8465240597724915,0.4984669850498339,0.5975427313288815,0.01025,0.0,302.0
46,conditional_XMV_05,22,20,0.8465240597724915,0.5675300664451828,0.656049473409075,0.01075,0.0,302.0
46,conditional_XMV_05,23,20,0.8465240597724915,0.5355757059800664,0.6278469803772752,0.0095,0.0,302.0
46,conditional_XMV_05,24,20,0.8465240597724915,0.9718053571428571,0.9854357087539475,0.011,1.0,14.95
46,conditional_XMV_05,25,20,0.8465240597724915,0.8932264742524917,0.9375149328330558,0.00775,1.0,31.2
46,conditional_XMV_05,26,20,0.8465240597724915,0.9239101951827242,0.959121884148731,0.01025,1.0,29.75
46,conditional_XMV_05,27,20,0.8465240597724915,0.8750355689368771,0.9227458907556545,0.01,1.0,16.1
46,conditional_XMV_05,28,20,0.8465240597724915,0.5562675249169435,0.6607830869573832,0.009,0.0,302.0
46,conditional_XMV_06,1,20,0.8466965556144714,0.9952399916943522,0.9976103263683593,0.0095,1.0,4.05
46,conditional_XMV_06,2,20,0.8466965556144714,0.9905106312292359,0.9951450553411151,0.0095,1.0,10.2
46,conditional_XMV_06,3,20,0.8466965556144714,0.5453508305647841,0.6354794416863077,0.00975,0.0,302.0
46,conditional_XMV_06,4,20,0.8466965556144714,0.9761289451827243,0.9833178814883438,0.01025,1.0,2.0
46,conditional_XMV_06,5,20,0.8466965556144714,0.5010776370431894,0.6062204510830463,0.00975,0.0,302.0
46,conditional_XMV_06,6,20,0.8466965556144714,0.9979853820598007,0.9990582206438835,0.00925,1.0,1.0
46,conditional_XMV_06,7,20,0.8466965556144714,0.9966855066445183,0.998388162745671,0.01125,1.0,2.0
46,conditional_XMV_06,8,20,0.8466965556144714,0.969601723421927,0.985094740990682,0.00975,1.0,22.85
46,conditional_XMV_06,9,20,0.8466965556144714,0.5435322882059801,0.6383795294560022,0.01275,0.0,302.0
46,conditional_XMV_06,10,20,0.8466965556144714,0.9232136627906977,0.9596342104550742,0.01125,1.0,41.35
46,conditional_XMV_06,11,20,0.8466965556144714,0.9824219476744186,0.9908688676297067,0.00825,1.0,8.35
46,conditional_XMV_06,12,20,0.8466965556144714,0.8031084094684385,0.8800650637027514,0.011,1.0,25.2
46,conditional_XMV_06,13,20,0.8466965556144714,0.9478034468438539,0.9746471508059473,0.01125,1.0,33.7
46,conditional_XMV_06,14,20,0.8466965556144714,0.9956652823920266,0.9978495967182712,0.009,1.0,3.75
46,conditional_XMV_06,15,20,0.8466965556144714,0.5121294227574751,0.6158942440580432,0.0115,0.0,302.0
46,conditional_XMV_06,16,20,0.8466965556144714,0.5140517026578073,0.6141012016636763,0.0095,0.0,302.0
46,conditional_XMV_06,17,20,0.8466965556144714,0.9526654069767442,0.9771996968561552,0.008,1.0,30.75
46,conditional_XMV_06,18,20,0.8466965556144714,0.8862934593023256,0.938285684267657,0.011,1.0,62.05
46,conditional_XMV_06,19,20,0.8466965556144714,0.9542547965116279,0.9756223910047691,0.00975,1.0,27.65
46,conditional_XMV_06,20,20,0.8466965556144714,0.9396031976744186,0.9703701862921915,0.009,1.0,40.6
46,conditional_XMV_06,21,20,0.8466965556144714,0.49829593023255814,0.5974746631823148,0.01025,0.0,302.0
46,conditional_XMV_06,22,20,0.8466965556144714,0.5676717815614618,0.656047615339011,0.011,0.0,302.0
46,conditional_XMV_06,23,20,0.8466965556144714,0.5358264950166113,0.6279940251049626,0.0095,0.0,302.0
46,conditional_XMV_06,24,20,0.8466965556144714,0.9717861295681063,0.9854297285782073,0.01075,1.0,14.65
46,conditional_XMV_06,25,20,0.8466965556144714,0.8934388081395349,0.9376587733827503,0.0075,1.0,31.2
46,conditional_XMV_06,26,20,0.8466965556144714,0.9240109219269103,0.959192674196815,0.00975,1.0,29.75
46,conditional_XMV_06,27,20,0.8466965556144714,0.8755251661129568,0.9231331817437499,0.0105,1.0,15.85
46,conditional_XMV_06,28,20,0.8466965556144714,0.5560899086378738,0.6606430100198618,0.00925,0.0,302.0
46,conditional_XMV_07,1,20,0.8463332653045654,0.9952212209302326,0.997605957134631,0.00925,1.0,4.05
46,conditional_XMV_07,2,20,0.8463332653045654,0.9904595930232558,0.995116743689823,0.00925,1.0,10.2
46,conditional_XMV_07,3,20,0.8463332653045654,0.5458109011627907,0.6360199338138798,0.00925,0.0,302.0
46,conditional_XMV_07,4,20,0.8463332653045654,0.9767890573089701,0.9838556480982146,0.0105,1.0,2.0
46,conditional_XMV_07,5,20,0.8463332653045654,0.5012099044850499,0.6064928833347698,0.00975,0.0,302.0
46,conditional_XMV_07,6,20,0.8463332653045654,0.998002657807309,0.9990619267076751,0.00875,1.0,1.0
46,conditional_XMV_07,7,20,0.8463332653045654,0.996677450166113,0.9983868355831181,0.011,1.0,2.0
46,conditional_XMV_07,8,20,0.8463332653045654,0.9695650747508305,0.9850721459310469,0.00975,1.0,23.15
46,conditional_XMV_07,9,20,0.8463332653045654,0.5433319975083056,0.6377268983063269,0.0135,0.0,302.0
46,conditional_XMV_07,10,20,0.8463332653045654,0.9236411337209303,0.9598948462668484,0.0115,1.0,41.75
46,conditional_XMV_07,11,20,0.8463332653045654,0.9826114202657807,0.9909425086244787,0.00825,1.0,8.35
46,conditional_XMV_07,12,20,0.8463332653045654,0.8028626245847176,0.8798637303029679,0.00975,1.0,25.95
46,conditional_XMV_07,13,20,0.8463332653045654,0.9478066237541528,0.9746609274851995,0.01175,1.0,33.6
46,conditional_XMV_07,14,20,0.8463332653045654,0.9956474252491694,0.9978441636608147,0.00925,1.0,3.85
46,conditional_XMV_07,15,20,0.8463332653045654,0.51236353820598,0.6158949226919667,0.01225,0.0,302.0
46,conditional_XMV_07,16,20,0.8463332653045654,0.5137717607973422,0.6141429163231474,0.01,0.0,302.0
46,conditional_XMV_07,17,20,0.8463332653045654,0.9527711171096346,0.9772364464882511,0.00775,1.0,30.8
46,conditional_XMV_07,18,20,0.8463332653045654,0.8861534260797342,0.9381819120164432,0.01125,1.0,62.25
46,conditional_XMV_07,19,20,0.8463332653045654,0.9417647425249169,0.9683593912932578,0.01075,1.0,31.65
46,conditional_XMV_07,20,20,0.8463332653045654,0.9394382059800664,0.9702394189166343,0.00925,1.0,40.7
46,conditional_XMV_07,21,20,0.8463332653045654,0.4985878737541528,0.5976559276239786,0.0105,0.0,302.0
46,conditional_XMV_07,22,20,0.8463332653045654,0.5672944767441861,0.655430053884274,0.0105,0.0,302.0
46,conditional_XMV_07,23,20,0.8463332653045654,0.5360461378737541,0.6285708852339595,0.0095,0.0,302.0
46,conditional_XMV_07,24,20,0.8463332653045654,0.9714627906976744,0.9852457647265026,0.0105,1.0,14.95
46,conditional_XMV_07,25,20,0.8463332653045654,0.8916643272425249,0.9365283265869365,0.00775,1.0,31.3
46,conditional_XMV_07,26,20,0.8463332653045654,0.923580627076412,0.9589702286950624,0.0105,1.0,29.7
46,conditional_XMV_07,27,20,0.8463332653045654,0.8763889327242524,0.9237355752242903,0.00975,1.0,16.15
46,conditional_XMV_07,28,20,0.8463332653045654,0.5566234634551495,0.6605257969790812,0.00975,0.0,302.0
46,conditional_XMV_08,1,20,0.8469963073730469,0.995335672757475,0.9976590916682087,0.01025,1.0,4.2
46,conditional_XMV_08,2,20,0.8469963073730469,0.9904767857142858,0.9951206024347313,0.0085,1.0,10.2
46,conditional_XMV_08,3,20,0.8469963073730469,0.5453898463455149,0.6359840476713761,0.0095,0.0,302.0
46,conditional_XMV_08,4,20,0.8469963073730469,0.9768812915282392,0.9838448779301281,0.01025,1.0,2.0
46,conditional_XMV_08,5,20,0.8469963073730469,0.5008634343853821,0.6059519476677467,0.011,0.0,302.0
46,conditional_XMV_08,6,20,0.8469963073730469,0.9979833887043189,0.9990565391144637,0.009,1.0,1.0
46,conditional_XMV_08,7,20,0.8469963073730469,0.996677657807309,0.9983848237478384,0.0115,1.0,2.0
46,conditional_XMV_08,8,20,0.8469963073730469,0.9694981312292359,0.9850277145563543,0.009,1.0,23.2
46,conditional_XMV_08,9,20,0.8469963073730469,0.5439339700996678,0.6381214562737658,0.01225,0.0,302.0
46,conditional_XMV_08,10,20,0.8469963073730469,0.9230942483388704,0.9594893342280806,0.01125,1.0,41.7
46,conditional_XMV_08,11,20,0.8469963073730469,0.9823989202657807,0.9908540038829862,0.00825,1.0,8.35
46,conditional_XMV_08,12,20,0.8469963073730469,0.8033835548172757,0.880295971765102,0.011,1.0,26.05
46,conditional_XMV_08,13,20,0.8469963073730469,0.9477566029900332,0.9746187790417644,0.01125,1.0,33.6
46,conditional_XMV_08,14,20,0.8469963073730469,0.9956877491694353,0.9978565687373713,0.00975,1.0,3.75
46,conditional_XMV_08,15,20,0.8469963073730469,0.5125001453488373,0.6165993788503886,0.01125,0.0,302.0
46,conditional_XMV_08,16,20,0.8469963073730469,0.5143295058139535,0.6138023239026636,0.00925,0.0,302.0
46,conditional_XMV_08,17,20,0.8469963073730469,0.9527373754152824,0.9772198151201954,0.008,1.0,30.75
46,conditional_XMV_08,18,20,0.8469963073730469,0.8858349875415282,0.9379876929379618,0.0105,1.0,62.25
46,conditional_XMV_08,19,20,0.8469963073730469,0.9259944559800665,0.958754333315648,0.01,1.0,31.6
46,conditional_XMV_08,20,20,0.8469963073730469,0.9395093023255814,0.9702884830371886,0.00925,1.0,40.7
46,conditional_XMV_08,21,20,0.8469963073730469,0.49846625830564784,0.5973878199346239,0.01075,0.0,302.0
46,conditional_XMV_08,22,20,0.8469963073730469,0.5673427533222591,0.6554841478358483,0.011,0.0,302.0
46,conditional_XMV_08,23,20,0.8469963073730469,0.5356265365448505,0.6280041008101038,0.00975,0.0,302.0
46,conditional_XMV_08,24,20,0.8469963073730469,0.9716546096345515,0.9853641127176129,0.01075,1.0,14.9
46,conditional_XMV_08,25,20,0.8469963073730469,0.8919649294019933,0.9367357553732966,0.0075,1.0,30.0
46,conditional_XMV_08,26,20,0.8469963073730469,0.9237537583056479,0.9590650983998987,0.0105,1.0,29.75
46,conditional_XMV_08,27,20,0.8469963073730469,0.8748701411960133,0.9227021880761335,0.00925,1.0,16.1
46,conditional_XMV_08,28,20,0.8469963073730469,0.5578758305647841,0.6615415799470339,0.009,0.0,302.0
46,conditional_XMV_09,1,20,0.8465240597724915,0.9952463870431894,0.9976134653165623,0.00975,1.0,4.05
46,conditional_XMV_09,2,20,0.8465240597724915,0.9905171511627907,0.9951476925018229,0.0095,1.0,10.2
46,conditional_XMV_09,3,20,0.8465240597724915,0.5452817898671096,0.6354919040269659,0.00975,0.0,302.0
46,conditional_XMV_09,4,20,0.8465240597724915,0.9766724252491694,0.9837427305784875,0.0105,1.0,2.0
46,conditional_XMV_09,5,20,0.8465240597724915,0.5011724044850498,0.6062131167695718,0.01,0.0,302.0
46,conditional_XMV_09,6,20,0.8465240597724915,0.997984634551495,0.9990578482963844,0.00925,1.0,1.0
46,conditional_XMV_09,7,20,0.8465240597724915,0.996690365448505,0.9983899315191876,0.01175,1.0,2.0
46,conditional_XMV_09,8,20,0.8465240597724915,0.9695984634551496,0.9850933078899735,0.0095,1.0,22.85
46,conditional_XMV_09,9,20,0.8465240597724915,0.5435752491694352,0.6383396334346886,0.01275,0.0,302.0
46,conditional_XMV_09,10,20,0.8465240597724915,0.923210568936877,0.9596207570658851,0.01125,1.0,41.65
46,conditional_XMV_09,11,20,0.8465240597724915,0.9824344061461794,0.9908795838918287,0.00825,1.0,8.35
46,conditional_XMV_09,12,20,0.8465240597724915,0.8029352159468438,0.8800314933533525,0.01125,1.0,25.2
46,conditional_XMV_09,13,20,0.8465240597724915,0.9477892857142857,0.9746389297372915,0.01125,1.0,33.7
46,conditional_XMV_09,14,20,0.8465240597724915,0.9956656976744186,0.997849755012782,0.0095,1.0,3.75
46,conditional_XMV_09,15,20,0.8465240597724915,0.5122161337209302,0.6159625027773169,0.01175,0.0,302.0
46,conditional_XMV_09,16,20,0.8465240597724915,0.5141187084717608,0.6140962232550335,0.00975,0.0,302.0
46,conditional_XMV_09,17,20,0.8465240597724915,0.9526912375415283,0.9772149537686164,0.008,1.0,30.75
46,conditional_XMV_09,18,20,0.8465240597724915,0.8856800041528239,0.9379143755589737,0.01075,1.0,62.25
46,conditional_XMV_09,19,20,0.8465240597724915,0.9542154900332226,0.9755953682323235,0.00975,1.0,27.7
46,conditional_XMV_09,20,20,0.8465240597724915,0.9394400332225914,0.9702826747183746,0.009,1.0,40.7
46,conditional_XMV_09,21,20,0.8465240597724915,0.4984669850498339,0.5975427313288815,0.01025,0.0,302.0
46,conditional_XMV_09,22,20,0.8465240597724915,0.5675300664451828,0.656049473409075,0.01075,0.0,302.0
46,conditional_XMV_09,23,20,0.8465240597724915,0.5355757059800664,0.6278469803772752,0.0095,0.0,302.0
46,conditional_XMV_09,24,20,0.8465240597724915,0.9718053571428571,0.9854357087539475,0.011,1.0,14.95
46,conditional_XMV_09,25,20,0.8465240597724915,0.8932264742524917,0.9375149328330558,0.00775,1.0,31.2
46,conditional_XMV_09,26,20,0.8465240597724915,0.9239101951827242,0.959121884148731,0.01025,1.0,29.75
46,conditional_XMV_09,27,20,0.8465240597724915,0.8750355689368771,0.9227458907556545,0.01,1.0,16.1
46,conditional_XMV_09,28,20,0.8465240597724915,0.5562675249169435,0.6607830869573832,0.009,0.0,302.0
46,conditional_XMV_10,1,20,0.8470283150672913,0.9952943936877077,0.9976327748473325,0.00925,1.0,4.05
46,conditional_XMV_10,2,20,0.8470283150672913,0.9904889742524917,0.9951308143242703,0.0095,1.0,10.3
46,conditional_XMV_10,3,20,0.8470283150672913,0.5443857765780731,0.6342852510811349,0.0095,0.0,302.0
46,conditional_XMV_10,4,20,0.8470283150672913,0.5194134551495017,0.6292596086868493,0.01175,1.0,2.0
46,conditional_XMV_10,5,20,0.8470283150672913,0.501206353820598,0.606394904296757,0.01025,0.0,302.0
46,conditional_XMV_10,6,20,0.8470283150672913,0.9980275332225914,0.9990775103138377,0.009,1.0,1.0
46,conditional_XMV_10,7,20,0.8470283150672913,0.9966732142857143,0.9983845177747934,0.0105,1.0,2.0
46,conditional_XMV_10,8,20,0.8470283150672913,0.9696075166112956,0.985096193029847,0.0095,1.0,22.95
46,conditional_XMV_10,9,20,0.8470283150672913,0.5438442275747508,0.637650448213382,0.01275,0.0,302.0
46,conditional_XMV_10,10,20,0.8470283150672913,0.9229522840531561,0.9594405372673094,0.0115,1.0,41.75
46,conditional_XMV_10,11,20,0.8470283150672913,0.9593854651162791,0.977929068261237,0.00825,1.0,8.7
46,conditional_XMV_10,12,20,0.8470283150672913,0.802297653654485,0.8794284264563351,0.0115,1.0,26.25
46,conditional_XMV_10,13,20,0.8470283150672913,0.9476098421926911,0.9745495377962405,0.012,1.0,33.6
46,conditional_XMV_10,14,20,0.8470283150672913,0.9955150747508306,0.9977700968739767,0.00925,1.0,4.05
46,conditional_XMV_10,15,20,0.8470283150672913,0.5123788205980067,0.615740056022309,0.01175,0.0,302.0
46,conditional_XMV_10,16,20,0.8470283150672913,0.5138319975083057,0.6134630497540371,0.0095,0.0,302.0
46,conditional_XMV_10,17,20,0.8470283150672913,0.9526450166112956,0.9772029547469414,0.0085,1.0,30.75
46,conditional_XMV_10,18,20,0.8470283150672913,0.8859837624584718,0.9380832151751244,0.01025,1.0,62.3
46,conditional_XMV_10,19,20,0.8470283150672913,0.9546751661129568,0.9758051140052655,0.01,1.0,27.55
46,conditional_XMV_10,20,20,0.8470283150672913,0.9395201411960132,0.9703131471867776,0.01,1.0,40.7
46,conditional_XMV_10,21,20,0.8470283150672913,0.4975199958471761,0.5968564986081851,0.01025,0.0,302.0
46,conditional_XMV_10,22,20,0.8470283150672913,0.5662926287375415,0.6550653334844728,0.01,0.0,302.0
46,conditional_XMV_10,23,20,0.8470283150672913,0.5359093853820598,0.6287488657247147,0.009,0.0,302.0
46,conditional_XMV_10,24,20,0.8470283150672913,0.9716046926910299,0.9853143153275515,0.01025,1.0,14.8
46,conditional_XMV_10,25,20,0.8470283150672913,0.8923924626245847,0.9370687034956717,0.00775,1.0,31.2
46,conditional_XMV_10,26,20,0.8470283150672913,0.9227802740863787,0.9585263964249242,0.011,1.0,29.7
46,conditional_XMV_10,27,20,0.8470283150672913,0.8140871885382059,0.88361207407533,0.0095,1.0,22.6
46,conditional_XMV_10,28,20,0.8470283150672913,0.557214846345515,0.6615734169563883,0.008,0.0,302.0
46,conditional_XMV_11,1,20,0.8471517562866211,0.9953147840531561,0.997647920644567,0.01,1.0,4.05
46,conditional_XMV_11,2,20,0.8471517562866211,0.9905879983388705,0.9951765232245501,0.009,1.0,10.2
46,conditional_XMV_11,3,20,0.8471517562866211,0.5458256852159469,0.6352559498506274,0.009,0.0,302.0
46,conditional_XMV_11,4,20,0.8471517562866211,0.9768697674418605,0.9838046363661188,0.0105,1.0,2.0
46,conditional_XMV_11,5,20,0.8471517562866211,0.500134426910299,0.6060571774159035,0.01075,0.0,302.0
46,conditional_XMV_11,6,20,0.8471517562866211,0.9979742940199335,0.9990540478385808,0.00825,1.0,1.0
46,conditional_XMV_11,7,20,0.8471517562866211,0.9966764119601329,0.9983869616885335,0.01175,1.0,2.0
46,conditional_XMV_11,8,20,0.8471517562866211,0.9696805024916944,0.9851146038496823,0.01,1.0,22.95
46,conditional_XMV_11,9,20,0.8471517562866211,0.5437352367109635,0.6388300607814855,0.0125,0.0,302.0
46,conditional_XMV_11,10,20,0.8471517562866211,0.9232098629568106,0.9596051549621079,0.01175,1.0,41.35
46,conditional_XMV_11,11,20,0.8471517562866211,0.9824292774086378,0.9908761933085752,0.008,1.0,8.35
46,conditional_XMV_11,12,20,0.8471517562866211,0.8030911752491694,0.8801173936602715,0.0105,1.0,25.2
46,conditional_XMV_11,13,20,0.8471517562866211,0.9477192068106313,0.9746095921684882,0.01175,1.0,33.6
46,conditional_XMV_11,14,20,0.8471517562866211,0.9956394102990033,0.9978410601848815,0.01,1.0,3.75
46,conditional_XMV_11,15,20,0.8471517562866211,0.5129805440199335,0.6164816892316078,0.0125,0.0,302.0
46,conditional_XMV_11,16,20,0.8471517562866211,0.5140123546511628,0.6139093707168289,0.00925,0.0,302.0
46,conditional_XMV_11,17,20,0.8471517562866211,0.9528125830564784,0.9772473871258316,0.00775,1.0,30.75
46,conditional_XMV_11,18,20,0.8471517562866211,0.8861649294019933,0.9382165334400902,0.009,1.0,62.45
46,conditional_XMV_11,19,20,0.8471517562866211,0.9542229443521595,0.9755668225903223,0.009,1.0,27.7
46,conditional_XMV_11,20,20,0.8471517562866211,0.939506146179402,0.9702962918511636,0.00775,1.0,40.7
46,conditional_XMV_11,21,20,0.8471517562866211,0.49827780315614617,0.5972226567603368,0.00975,0.0,302.0
46,conditional_XMV_11,22,20,0.8471517562866211,0.566953280730897,0.6548277430781202,0.012,0.0,302.0
46,conditional_XMV_11,23,20,0.8471517562866211,0.5357759136212624,0.6277967652327896,0.01,0.0,302.0
46,conditional_XMV_11,24,20,0.8471517562866211,0.9716850083056479,0.9853710579467392,0.01025,1.0,14.9
46,conditional_XMV_11,25,20,0.8471517562866211,0.8921451411960133,0.9368743344150082,0.0075,1.0,29.75
46,conditional_XMV_11,26,20,0.8471517562866211,0.9237102574750831,0.9590744859863366,0.00975,1.0,29.75
46,conditional_XMV_11,27,20,0.8471517562866211,0.8744630191029901,0.9226282189952147,0.00975,1.0,16.05
46,conditional_XMV_11,28,20,0.8471517562866211,0.5563897425249169,0.6602192021631521,0.0095,0.0,302.0
