seed,condition,fault_id,runs,threshold,auroc,auprc,pre_fpr,detected_ratio,censored_delay_mean,channel,original_auroc,original_auprc,original_pre_fpr,delta_auroc,delta_auprc,delta_pre_fpr,mode
42,conditional_XMV_01,1,20,0.8197999000549316,0.9950777823920266,0.997518637731899,0.0095,1.0,4.3,1,0.9950453488372092,0.9975019488558962,0.00875,-3.243355481741261e-05,-1.668887600281277e-05,0.0007499999999999989,conditional
42,conditional_XMV_01,2,20,0.8197999000549316,0.9899240033222592,0.994818944986766,0.00875,1.0,11.7,1,0.9897280315614618,0.9947176269467548,0.0095,-0.00019597176079733103,-0.00010131804001123346,-0.0007499999999999989,conditional
42,conditional_XMV_01,3,20,0.8197999000549316,0.5400111918604651,0.6338838127506712,0.01075,0.0,302.0,1,0.5401351328903654,0.6339151595443463,0.01075,0.00012394102990032074,3.134679367511328e-05,0.0,conditional
42,conditional_XMV_01,4,20,0.8197999000549316,0.9553785921926912,0.9677600215287724,0.011,1.0,2.0,1,0.9623112126245849,0.9731175611431904,0.0115,0.006932620431893688,0.005357539614417983,-0.0005000000000000004,conditional
42,conditional_XMV_01,5,20,0.8197999000549316,0.501324688538206,0.6063166574921903,0.011,0.05,287.0,1,0.501271511627907,0.6062633073090348,0.0115,-5.3176910299046476e-05,-5.335018315555384e-05,-0.0005000000000000004,conditional
42,conditional_XMV_01,6,20,0.8197999000549316,0.9979696428571428,0.9990510215304276,0.00775,1.0,1.0,1,0.9979763289036544,0.999053047335399,0.008,6.686046511550359e-06,2.025804971439449e-06,-0.0002500000000000002,conditional
42,conditional_XMV_01,7,20,0.8197999000549316,0.9967387873754152,0.998411683964982,0.011,1.0,2.0,1,0.9967485049833888,0.9984144720614974,0.011,9.717607973636078e-06,2.7880965153270765e-06,0.0,conditional
42,conditional_XMV_01,8,20,0.8197999000549316,0.96868542358804,0.9845441565405446,0.01025,1.0,23.25,1,0.9684860880398672,0.9844352303969036,0.0095,-0.00019933554817275212,-0.00010892614364099718,0.0007500000000000007,conditional
42,conditional_XMV_01,9,20,0.8197999000549316,0.5411639742524917,0.6364123379717319,0.0115,0.0,302.0,1,0.5411786752491694,0.636443170526248,0.012,1.4700996677663447e-05,3.083255451608036e-05,-0.0005000000000000004,conditional
42,conditional_XMV_01,10,20,0.8197999000549316,0.9148806063122924,0.9546264597283488,0.011,1.0,43.1,1,0.9153458679401992,0.9548864845659164,0.01075,0.00046526162790683223,0.0002600248375675962,0.0002500000000000002,conditional
42,conditional_XMV_01,11,20,0.8197999000549316,0.971063745847176,0.9843122428350888,0.0105,1.0,9.0,1,0.9713864825581396,0.9844883718970426,0.01075,0.00032273671096361145,0.0001761290619538558,-0.0002499999999999985,conditional
42,conditional_XMV_01,12,20,0.8197999000549316,0.7725610880398671,0.8589520968065728,0.01075,1.0,25.45,1,0.7727283430232558,0.8590352291185905,0.01125,0.00016725498338865386,8.313231201773075e-05,-0.0005000000000000004,conditional
42,conditional_XMV_01,13,20,0.8197999000549316,0.9481669019933556,0.9747836519429208,0.01,1.0,33.9,1,0.9480479651162792,0.9747228581028424,0.0105,-0.00011893687707642542,-6.0793840078399164e-05,-0.0005000000000000004,conditional
42,conditional_XMV_01,14,20,0.8197999000549316,0.9942624169435216,0.9969950910518424,0.012,1.0,4.05,1,0.9943271179401992,0.9970330030988448,0.01175,6.470099667765794e-05,3.791204700243078e-05,0.0002500000000000002,conditional
42,conditional_XMV_01,15,20,0.8197999000549316,0.5134013081395349,0.617105593955212,0.00925,0.0,302.0,1,0.5134059385382059,0.6168732403019865,0.00975,4.630398671046088e-06,-0.00023235365322549217,-0.0005000000000000004,conditional
42,conditional_XMV_01,16,20,0.8197999000549316,0.5083821636212624,0.6078661320334897,0.0105,0.0,302.0,1,0.5082352159468438,0.6079852292590551,0.01025,-0.00014694767441858492,0.00011909722556535662,0.0002500000000000002,conditional
42,conditional_XMV_01,17,20,0.8197999000549316,0.9508503322259136,0.9760601744745236,0.00875,1.0,31.4,1,0.9507947051495016,0.9760426805688116,0.0085,-5.5627076412045895e-05,-1.749390571204046e-05,0.0002500000000000002,conditional
42,conditional_XMV_01,18,20,0.8197999000549316,0.8746368147840532,0.9311729739130256,0.01025,1.0,63.0,1,0.8746010382059801,0.9312041601317644,0.00975,-3.577657807307677e-05,3.1186218738876725e-05,0.0005000000000000004,conditional
42,conditional_XMV_01,19,20,0.8197999000549316,0.9415724252491694,0.9684921843046328,0.01025,1.0,30.3,1,0.9407816860465116,0.968092005024265,0.01,-0.0007907392026578197,-0.00040017928036784056,0.0002500000000000002,conditional
42,conditional_XMV_01,20,20,0.8197999000549316,0.939378384551495,0.9701259865349308,0.01,1.0,41.45,1,0.9393603820598008,0.9701203008228004,0.01025,-1.8002491694257827e-05,-5.685712130332199e-06,-0.0002500000000000002,conditional
42,conditional_XMV_01,21,20,0.8197999000549316,0.5008285091362126,0.600631314305913,0.01075,0.0,302.0,1,0.5010575166112957,0.6005253488590919,0.01075,0.00022900747508314279,-0.00010596544682106579,0.0,conditional
42,conditional_XMV_01,22,20,0.8197999000549316,0.558197861295681,0.6491382517318858,0.01325,0.0,302.0,1,0.5580262666112957,0.6488839134900278,0.01375,-0.00017159468438532333,-0.0002543382418579432,-0.0005000000000000004,conditional
42,conditional_XMV_01,23,20,0.8197999000549316,0.538609738372093,0.6322841115754665,0.0095,0.0,302.0,1,0.5385429609634551,0.6322182187672772,0.00925,-6.677740863791914e-05,-6.589280818924959e-05,0.0002500000000000002,conditional
42,conditional_XMV_01,24,20,0.8197999000549316,0.965721511627907,0.982083123530183,0.01,1.0,15.55,1,0.9685969684385382,0.9836734159911134,0.00975,0.0028754568106311718,0.0015902924609303426,0.0002500000000000002,conditional
42,conditional_XMV_01,25,20,0.8197999000549316,0.8625530523255814,0.9165959669472372,0.00875,1.0,41.0,1,0.870930419435216,0.9224774787576954,0.009,0.008377367109634548,0.005881511810458151,-0.0002499999999999985,conditional
42,conditional_XMV_01,26,20,0.8197999000549316,0.9228891403654486,0.9583833332169068,0.0095,1.0,28.7,1,0.9226222799003322,0.958210787147706,0.009,-0.00026686046511636974,-0.0001725460692008074,0.0005000000000000004,conditional
42,conditional_XMV_01,27,20,0.8197999000549316,0.8042499377076412,0.8759300859472454,0.00925,1.0,24.55,1,0.8054270971760797,0.8766934314632385,0.01,0.001177159468438549,0.000763345515993108,-0.0007500000000000007,conditional
42,conditional_XMV_01,28,20,0.8197999000549316,0.5540903031561462,0.6584611962960114,0.009,0.0,302.0,1,0.5542116486710963,0.6585390269685509,0.009,0.00012134551495013302,7.783067253952503e-05,0.0,conditional
42,conditional_XMV_02,1,20,0.8198645114898682,0.9950681478405315,0.997509700606212,0.00925,1.0,4.45,2,0.9950453488372092,0.9975019488558962,0.00875,-2.279900332236018e-05,-7.75175031586528e-06,0.0004999999999999987,conditional
42,conditional_XMV_02,2,20,0.8198645114898682,0.9897129568106312,0.9947047723455325,0.0095,1.0,12.15,2,0.9897280315614618,0.9947176269467548,0.0095,1.5074750830623707e-05,1.2854601222356266e-05,0.0,conditional
42,conditional_XMV_02,3,20,0.8198645114898682,0.5401570598006644,0.6340681653288329,0.01025,0.0,302.0,2,0.5401351328903654,0.6339151595443463,0.01075,-2.1926910299008284e-05,-0.00015300578448662616,-0.0004999999999999987,conditional
42,conditional_XMV_02,4,20,0.8198645114898682,0.967775415282392,0.9773611030675472,0.01125,1.0,2.0,2,0.9623112126245849,0.9731175611431904,0.0115,-0.005464202657807116,-0.004243541924356831,-0.0002500000000000002,conditional
42,conditional_XMV_02,5,20,0.8198645114898682,0.5012805440199336,0.6066159725605627,0.01125,0.0,302.0,2,0.501271511627907,0.6062633073090348,0.0115,-9.032392026653291e-06,-0.00035266525152788386,-0.0002500000000000002,conditional
42,conditional_XMV_02,6,20,0.8198645114898682,0.997977657807309,0.9990533526572392,0.00775,1.0,1.0,2,0.9979763289036544,0.999053047335399,0.008,-1.3289036545627297e-06,-3.0532184014386843e-07,-0.0002500000000000002,conditional
42,conditional_XMV_02,7,20,0.8198645114898682,0.9967574750830565,0.9984173033958332,0.011,1.0,2.0,2,0.9967485049833888,0.9984144720614974,0.011,-8.970099667604536e-06,-2.831334335873237e-06,0.0,conditional
42,conditional_XMV_02,8,20,0.8198645114898682,0.9684965946843854,0.9844386939413357,0.0095,1.0,23.25,2,0.9684860880398672,0.9844352303969036,0.0095,-1.0506644518182284e-05,-3.4635444320363362e-06,0.0,conditional
42,conditional_XMV_02,9,20,0.8198645114898682,0.5417262458471761,0.6367276802888346,0.01275,0.0,302.0,2,0.5411786752491694,0.636443170526248,0.012,-0.0005475705980066969,-0.00028450976258664884,0.0007499999999999989,conditional
42,conditional_XMV_02,10,20,0.8198645114898682,0.9164017441860464,0.9555183848729596,0.01,1.0,42.6,2,0.9153458679401992,0.9548864845659164,0.01075,-0.0010558762458471316,-0.0006319003070431872,-0.0007499999999999989,conditional
42,conditional_XMV_02,11,20,0.8198645114898682,0.9715944559800664,0.9846001793513172,0.01075,1.0,9.05,2,0.9713864825581396,0.9844883718970426,0.01075,-0.00020797342192679924,-0.00011180745427452621,0.0,conditional
42,conditional_XMV_02,12,20,0.8198645114898682,0.773308596345515,0.8593729206612626,0.01125,1.0,25.1,2,0.7727283430232558,0.8590352291185905,0.01125,-0.0005802533222591943,-0.00033769154267204726,0.0,conditional
42,conditional_XMV_02,13,20,0.8198645114898682,0.948046137873754,0.9747236739076612,0.01,1.0,34.1,2,0.9480479651162792,0.9747228581028424,0.0105,1.827242525176409e-06,-8.158048188100508e-07,-0.0005000000000000004,conditional
42,conditional_XMV_02,14,20,0.8198645114898682,0.9943113787375416,0.9970276677349588,0.01175,1.0,4.05,2,0.9943271179401992,0.9970330030988448,0.01175,1.5739202657627516e-05,5.335363886027622e-06,0.0,conditional
42,conditional_XMV_02,15,20,0.8198645114898682,0.5135419850498338,0.6171501696936589,0.00925,0.0,302.0,2,0.5134059385382059,0.6168732403019865,0.00975,-0.00013604651162790748,-0.00027692939167234254,-0.0005000000000000004,conditional
42,conditional_XMV_02,16,20,0.8198645114898682,0.5082029277408638,0.6080721578416772,0.0105,0.0,302.0,2,0.5082352159468438,0.6079852292590551,0.01025,3.228820598000226e-05,-8.692858262215886e-05,0.0002500000000000002,conditional
42,conditional_XMV_02,17,20,0.8198645114898682,0.9508812707641195,0.9761141833224164,0.00875,1.0,31.3,2,0.9507947051495016,0.9760426805688116,0.0085,-8.656561461795054e-05,-7.150275360479075e-05,0.0002500000000000002,conditional
42,conditional_XMV_02,18,20,0.8198645114898682,0.8744223837209303,0.9310915069660776,0.01025,1.0,63.0,2,0.8746010382059801,0.9312041601317644,0.00975,0.00017865448504983394,0.00011265316568687123,0.0005000000000000004,conditional
42,conditional_XMV_02,19,20,0.8198645114898682,0.937094061461794,0.9657467983815798,0.00975,1.0,30.65,2,0.9407816860465116,0.968092005024265,0.01,0.003687624584717608,0.002345206642685116,-0.0002500000000000002,conditional
42,conditional_XMV_02,20,20,0.8198645114898682,0.9393757475083055,0.9701225290110927,0.01,1.0,41.35,2,0.9393603820598008,0.9701203008228004,0.01025,-1.536544850477828e-05,-2.2281882923191887e-06,-0.0002500000000000002,conditional
42,conditional_XMV_02,21,20,0.8198645114898682,0.5008139327242525,0.6003325612859293,0.011,0.0,302.0,2,0.5010575166112957,0.6005253488590919,0.01075,0.00024358388704326384,0.00019278757316265605,0.0002500000000000002,conditional
42,conditional_XMV_02,22,20,0.8198645114898682,0.5587547549833887,0.6494075298495835,0.01375,0.0,302.0,2,0.5580262666112957,0.6488839134900278,0.01375,-0.0007284883720929392,-0.0005236163595556675,0.0,conditional
42,conditional_XMV_02,23,20,0.8198645114898682,0.5384918604651163,0.6318768716275294,0.00975,0.0,302.0,2,0.5385429609634551,0.6322182187672772,0.00925,5.110049833878527e-05,0.0003413471397478718,0.0005000000000000004,conditional
42,conditional_XMV_02,24,20,0.8198645114898682,0.9689424833887044,0.98387567944447,0.00925,1.0,14.95,2,0.9685969684385382,0.9836734159911134,0.00975,-0.0003455149501662147,-0.00020226345335661033,-0.0005000000000000004,conditional
42,conditional_XMV_02,25,20,0.8198645114898682,0.8470290282392027,0.9061277043553662,0.00975,1.0,42.95,2,0.870930419435216,0.9224774787576954,0.009,0.02390139119601331,0.01634977440232921,0.0007500000000000007,conditional
42,conditional_XMV_02,26,20,0.8198645114898682,0.922344892026578,0.9580350091620776,0.00925,1.0,28.9,2,0.9226222799003322,0.958210787147706,0.009,0.00027738787375419793,0.0001757779856284003,0.0002500000000000002,conditional
42,conditional_XMV_02,27,20,0.8198645114898682,0.8063625207641196,0.8772378720992163,0.00975,1.0,23.95,2,0.8054270971760797,0.8766934314632385,0.01,-0.0009354235880398853,-0.0005444406359778053,-0.0002500000000000002,conditional
42,conditional_XMV_02,28,20,0.8198645114898682,0.5543507890365449,0.6587092302676952,0.009,0.0,302.0,2,0.5542116486710963,0.6585390269685509,0.009,-0.00013914036544859787,-0.00017020329914430032,0.0,conditional
42,conditional_XMV_03,1,20,0.820568859577179,0.9950335548172756,0.9974977180916168,0.00925,1.0,4.35,3,0.9950453488372092,0.9975019488558962,0.00875,1.1794019933564215e-05,4.230764279355981e-06,0.0004999999999999987,conditional
42,conditional_XMV_03,2,20,0.820568859577179,0.9897308970099667,0.9947183502835872,0.00875,1.0,11.75,3,0.9897280315614618,0.9947176269467548,0.0095,-2.865448504918433e-06,-7.233368324310874e-07,-0.0007499999999999989,conditional
42,conditional_XMV_03,3,20,0.820568859577179,0.5402023255813954,0.6337396742511925,0.01,0.0,302.0,3,0.5401351328903654,0.6339151595443463,0.01075,-6.719269102994918e-05,0.00017548529315380978,-0.0007499999999999989,conditional
42,conditional_XMV_03,4,20,0.820568859577179,0.9618904485049834,0.9727732476267932,0.0115,1.0,2.0,3,0.9623112126245849,0.9731175611431904,0.0115,0.00042076411960145776,0.00034431351639718777,0.0,conditional
42,conditional_XMV_03,5,20,0.820568859577179,0.5013510797342192,0.6062746438363138,0.011,0.0,302.0,3,0.501271511627907,0.6062633073090348,0.0115,-7.956810631226663e-05,-1.1336527279026676e-05,-0.0005000000000000004,conditional
42,conditional_XMV_03,6,20,0.820568859577179,0.9979677740863788,0.9990503398873976,0.00775,1.0,1.0,3,0.9979763289036544,0.999053047335399,0.008,8.5548172755745e-06,2.7074480014599445e-06,-0.0002500000000000002,conditional
42,conditional_XMV_03,7,20,0.820568859577179,0.9967453903654484,0.9984136018463726,0.01025,1.0,2.0,3,0.9967485049833888,0.9984144720614974,0.011,3.1146179404473173e-06,8.702151247375056e-07,-0.0007499999999999989,conditional
42,conditional_XMV_03,8,20,0.820568859577179,0.968494892026578,0.984438376812851,0.00975,1.0,23.25,3,0.9684860880398672,0.9844352303969036,0.0095,-8.803986710770317e-06,-3.146415947341552e-06,0.0002500000000000002,conditional
42,conditional_XMV_03,9,20,0.820568859577179,0.5412077034883721,0.6363772256678096,0.0115,0.0,302.0,3,0.5411786752491694,0.636443170526248,0.012,-2.90282392026997e-05,6.59448584383604e-05,-0.0005000000000000004,conditional
42,conditional_XMV_03,10,20,0.820568859577179,0.9152908222591362,0.954864087400277,0.00975,1.0,43.2,3,0.9153458679401992,0.9548864845659164,0.01075,5.504568106307062e-05,2.239716563945393e-05,-0.0009999999999999992,conditional
42,conditional_XMV_03,11,20,0.820568859577179,0.9713438953488372,0.984465974526954,0.01075,1.0,9.0,3,0.9713864825581396,0.9844883718970426,0.01075,4.258720930239157e-05,2.239737008868925e-05,0.0,conditional
42,conditional_XMV_03,12,20,0.820568859577179,0.7728677117940199,0.8591682856686926,0.01075,1.0,25.4,3,0.7727283430232558,0.8590352291185905,0.01125,-0.00013936877076414778,-0.00013305655010209527,-0.0005000000000000004,conditional
42,conditional_XMV_03,13,20,0.820568859577179,0.9480131852159468,0.9747090869926748,0.0105,1.0,33.9,3,0.9480479651162792,0.9747228581028424,0.0105,3.477990033240452e-05,1.3771110167648537e-05,0.0,conditional
42,conditional_XMV_03,14,20,0.820568859577179,0.994305523255814,0.9970227147352664,0.01175,1.0,4.05,3,0.9943271179401992,0.9970330030988448,0.01175,2.1594684385228824e-05,1.0288363578414561e-05,0.0,conditional
42,conditional_XMV_03,15,20,0.820568859577179,0.5135227367109635,0.6167873590713479,0.009,0.0,302.0,3,0.5134059385382059,0.6168732403019865,0.00975,-0.00011679817275755955,8.588123063868469e-05,-0.0007500000000000007,conditional
42,conditional_XMV_03,16,20,0.820568859577179,0.5084506852159468,0.6081126375081998,0.01025,0.0,302.0,3,0.5082352159468438,0.6079852292590551,0.01025,-0.0002154692691029858,-0.0001274082491447004,0.0,conditional
42,conditional_XMV_03,17,20,0.820568859577179,0.9507979235880398,0.9760425820815204,0.009,1.0,31.3,3,0.9507947051495016,0.9760426805688116,0.0085,-3.218438538232782e-06,9.848729121131328e-08,0.0004999999999999987,conditional
42,conditional_XMV_03,18,20,0.820568859577179,0.874089327242525,0.9308876962533834,0.01,1.0,63.0,3,0.8746010382059801,0.9312041601317644,0.00975,0.0005117109634551475,0.00031646387838102363,0.0002500000000000002,conditional
42,conditional_XMV_03,19,20,0.820568859577179,0.9408154900332226,0.968138359198306,0.01,1.0,30.2,3,0.9407816860465116,0.968092005024265,0.01,-3.380398671104512e-05,-4.635417404108555e-05,0.0,conditional
42,conditional_XMV_03,20,20,0.820568859577179,0.9393964700996678,0.9701404895962236,0.01,1.0,41.25,3,0.9393603820598008,0.9701203008228004,0.01025,-3.6088039866988275e-05,-2.018877342313541e-05,-0.0002500000000000002,conditional
42,conditional_XMV_03,21,20,0.820568859577179,0.5010119808970099,0.6005828231838561,0.01025,0.0,302.0,3,0.5010575166112957,0.6005253488590919,0.01075,4.5535714285782625e-05,-5.747432476421732e-05,-0.0004999999999999987,conditional
42,conditional_XMV_03,22,20,0.820568859577179,0.55816823089701,0.648928314566596,0.01425,0.0,302.0,3,0.5580262666112957,0.6488839134900278,0.01375,-0.00014196428571422448,-4.440107656822345e-05,0.0005000000000000004,conditional
42,conditional_XMV_03,23,20,0.820568859577179,0.5099382682724253,0.6082020026029998,0.009,0.0,302.0,3,0.5385429609634551,0.6322182187672772,0.00925,0.02860469269102983,0.024016216164277404,-0.0002500000000000002,conditional
42,conditional_XMV_03,24,20,0.820568859577179,0.9685343438538206,0.9836235964417086,0.01025,1.0,14.95,3,0.9685969684385382,0.9836734159911134,0.00975,6.262458471750776e-05,4.981954940475042e-05,0.0005000000000000004,conditional
42,conditional_XMV_03,25,20,0.820568859577179,0.8708348837209302,0.92240039324521,0.01,1.0,35.45,3,0.870930419435216,0.9224774787576954,0.009,9.553571428577712e-05,7.708551248541973e-05,0.0010000000000000009,conditional
42,conditional_XMV_03,26,20,0.820568859577179,0.922376245847176,0.958058410480496,0.009,1.0,28.9,3,0.9226222799003322,0.958210787147706,0.009,0.00024603405315615223,0.00015237666721001908,0.0,conditional
42,conditional_XMV_03,27,20,0.820568859577179,0.8055445805647841,0.8767960141943766,0.00975,1.0,24.55,3,0.8054270971760797,0.8766934314632385,0.01,-0.00011748338870432029,-0.00010258273113805672,-0.0002500000000000002,conditional
42,conditional_XMV_03,28,20,0.820568859577179,0.5542155315614617,0.6585195114699551,0.0095,0.0,302.0,3,0.5542116486710963,0.6585390269685509,0.009,-3.8828903654586355e-06,1.951549859580126e-05,0.0005000000000000004,conditional
42,conditional_XMV_04,1,20,0.823391318321228,0.9949715946843852,0.9974665392951564,0.00875,1.0,4.6,4,0.9950453488372092,0.9975019488558962,0.00875,7.375415282395714e-05,3.540956073977419e-05,0.0,conditional
42,conditional_XMV_04,2,20,0.823391318321228,0.9893794435215948,0.9945518257921516,0.008,1.0,12.05,4,0.9897280315614618,0.9947176269467548,0.0095,0.0003485880398670371,0.00016580115460318456,-0.0014999999999999996,conditional
42,conditional_XMV_04,3,20,0.823391318321228,0.5379454111295681,0.6310779697125738,0.0105,0.0,302.0,4,0.5401351328903654,0.6339151595443463,0.01075,0.0021897217607973474,0.002837189831772502,-0.0002499999999999985,conditional
42,conditional_XMV_04,4,20,0.823391318321228,0.965867815614618,0.9759686771057684,0.01225,1.0,2.0,4,0.9623112126245849,0.9731175611431904,0.0115,-0.003556602990033131,-0.0028511159625780325,0.0007500000000000007,conditional
42,conditional_XMV_04,5,20,0.823391318321228,0.5016078903654485,0.6066926784730118,0.01,0.0,302.0,4,0.501271511627907,0.6062633073090348,0.0115,-0.0003363787375415539,-0.00042937116397701036,-0.0014999999999999996,conditional
42,conditional_XMV_04,6,20,0.823391318321228,0.9980120016611296,0.999066049746295,0.008,1.0,1.0,4,0.9979763289036544,0.999053047335399,0.008,-3.5672757475180283e-05,-1.3002410895968097e-05,0.0,conditional
42,conditional_XMV_04,7,20,0.823391318321228,0.9967431063122923,0.9984117350005272,0.01,1.0,2.0,4,0.9967485049833888,0.9984144720614974,0.011,5.398671096501495e-06,2.737060970203764e-06,-0.0009999999999999992,conditional
42,conditional_XMV_04,8,20,0.823391318321228,0.9683149916943522,0.9843239609722708,0.00925,1.0,23.6,4,0.9684860880398672,0.9844352303969036,0.0095,0.00017109634551504271,0.00011126942463279832,-0.0002500000000000002,conditional
42,conditional_XMV_04,9,20,0.823391318321228,0.5375081395348837,0.6335311280101923,0.0125,0.0,302.0,4,0.5411786752491694,0.636443170526248,0.012,0.003670535714285661,0.0029120425160557017,0.0005000000000000004,conditional
42,conditional_XMV_04,10,20,0.823391318321228,0.9147035299003322,0.9545447285784978,0.01025,1.0,43.3,4,0.9153458679401992,0.9548864845659164,0.01075,0.0006423380398670187,0.0003417559874185905,-0.0004999999999999987,conditional
42,conditional_XMV_04,11,20,0.823391318321228,0.971470722591362,0.9845307137556132,0.0095,1.0,8.9,4,0.9713864825581396,0.9844883718970426,0.01075,-8.42400332223825e-05,-4.2341858570549284e-05,-0.0012499999999999994,conditional
42,conditional_XMV_04,12,20,0.823391318321228,0.7714390573089701,0.8579961022889002,0.00975,1.0,26.65,4,0.7727283430232558,0.8590352291185905,0.01125,0.0012892857142856595,0.0010391268296903178,-0.0014999999999999996,conditional
42,conditional_XMV_04,13,20,0.823391318321228,0.948061150332226,0.9746826103656068,0.011,1.0,34.1,4,0.9480479651162792,0.9747228581028424,0.0105,-1.3185215946842632e-05,4.024773723565467e-05,0.0004999999999999987,conditional
42,conditional_XMV_04,14,20,0.823391318321228,0.9944297757475083,0.9970723090659456,0.01175,1.0,4.15,4,0.9943271179401992,0.9970330030988448,0.01175,-0.00010265780730911445,-3.930596710077783e-05,0.0,conditional
42,conditional_XMV_04,15,20,0.823391318321228,0.5127539867109635,0.6165409125713137,0.009,0.0,302.0,4,0.5134059385382059,0.6168732403019865,0.00975,0.0006519518272424252,0.0003323277306728212,-0.0007500000000000007,conditional
42,conditional_XMV_04,16,20,0.823391318321228,0.5081642026578073,0.6073220632554155,0.01075,0.0,302.0,4,0.5082352159468438,0.6079852292590551,0.01025,7.10132890365811e-05,0.0006631660036395814,0.0004999999999999987,conditional
42,conditional_XMV_04,17,20,0.823391318321228,0.950690884551495,0.975999486767948,0.00775,1.0,31.5,4,0.9507947051495016,0.9760426805688116,0.0085,0.00010382059800662091,4.319380086359459e-05,-0.0007500000000000007,conditional
42,conditional_XMV_04,18,20,0.823391318321228,0.873596823089701,0.9306283170137296,0.009,1.0,62.75,4,0.8746010382059801,0.9312041601317644,0.00975,0.001004215116279128,0.0005758431180348245,-0.0007500000000000007,conditional
42,conditional_XMV_04,19,20,0.823391318321228,0.9485555647840532,0.9726793928004714,0.0105,1.0,29.7,4,0.9407816860465116,0.968092005024265,0.01,-0.007773878737541651,-0.004587387776206486,0.0005000000000000004,conditional
42,conditional_XMV_04,20,20,0.823391318321228,0.9392453696013288,0.9700499911618016,0.0095,1.0,41.45,4,0.9393603820598008,0.9701203008228004,0.01025,0.00011501245847200803,7.030966099885738e-05,-0.0007500000000000007,conditional
42,conditional_XMV_04,21,20,0.823391318321228,0.5020456395348837,0.6014364074112494,0.01075,0.0,302.0,4,0.5010575166112957,0.6005253488590919,0.01075,-0.000988122923587964,-0.000911058552157451,0.0,conditional
42,conditional_XMV_04,22,20,0.823391318321228,0.5538233388704319,0.6452921524554514,0.01325,0.0,302.0,4,0.5580262666112957,0.6488839134900278,0.01375,0.004202927740863838,0.0035917610345764794,-0.0005000000000000004,conditional
42,conditional_XMV_04,23,20,0.823391318321228,0.5794325166112957,0.6724691113271626,0.01,0.0,302.0,4,0.5385429609634551,0.6322182187672772,0.00925,-0.04088955564784058,-0.04025089255988534,0.0007500000000000007,conditional
42,conditional_XMV_04,24,20,0.823391318321228,0.9683175664451829,0.9835150901211936,0.00925,1.0,15.0,4,0.9685969684385382,0.9836734159911134,0.00975,0.00027940199335529936,0.00015832586991970654,-0.0005000000000000004,conditional
42,conditional_XMV_04,25,20,0.823391318321228,0.8679979858803987,0.9204397360260568,0.00925,1.0,35.85,4,0.870930419435216,0.9224774787576954,0.009,0.0029324335548173153,0.002037742731638592,0.0002500000000000002,conditional
42,conditional_XMV_04,26,20,0.823391318321228,0.8427933970099668,0.9083090031100104,0.0095,1.0,45.35,4,0.9226222799003322,0.958210787147706,0.009,0.07982888289036538,0.04990178403769563,0.0005000000000000004,conditional
42,conditional_XMV_04,27,20,0.823391318321228,0.8049270764119602,0.8763312436300944,0.00825,1.0,24.45,4,0.8054270971760797,0.8766934314632385,0.01,0.0005000207641195908,0.00036218783314412306,-0.0017499999999999998,conditional
42,conditional_XMV_04,28,20,0.823391318321228,0.552282599667774,0.656541852981416,0.0095,0.0,302.0,4,0.5542116486710963,0.6585390269685509,0.009,0.0019290490033222474,0.001997173987134948,0.0005000000000000004,conditional
42,conditional_XMV_05,1,20,0.8194200396537781,0.9950453488372092,0.9975019488558962,0.00875,1.0,4.35,5,0.9950453488372092,0.9975019488558962,0.00875,0.0,0.0,0.0,conditional
42,conditional_XMV_05,2,20,0.8194200396537781,0.9897280315614618,0.9947176269467548,0.0095,1.0,11.95,5,0.9897280315614618,0.9947176269467548,0.0095,0.0,0.0,0.0,conditional
42,conditional_XMV_05,3,20,0.8194200396537781,0.5401351328903654,0.6339151595443463,0.01075,0.0,302.0,5,0.5401351328903654,0.6339151595443463,0.01075,0.0,0.0,0.0,conditional
42,conditional_XMV_05,4,20,0.8194200396537781,0.9623112126245849,0.9731175611431904,0.0115,1.0,2.0,5,0.9623112126245849,0.9731175611431904,0.0115,0.0,0.0,0.0,conditional
42,conditional_XMV_05,5,20,0.8194200396537781,0.501271511627907,0.6062633073090348,0.0115,0.05,287.0,5,0.501271511627907,0.6062633073090348,0.0115,0.0,0.0,0.0,conditional
42,conditional_XMV_05,6,20,0.8194200396537781,0.9979763289036544,0.999053047335399,0.008,1.0,1.0,5,0.9979763289036544,0.999053047335399,0.008,0.0,0.0,0.0,conditional
42,conditional_XMV_05,7,20,0.8194200396537781,0.9967485049833888,0.9984144720614974,0.011,1.0,2.0,5,0.9967485049833888,0.9984144720614974,0.011,0.0,0.0,0.0,conditional
42,conditional_XMV_05,8,20,0.8194200396537781,0.9684860880398672,0.9844352303969036,0.0095,1.0,23.25,5,0.9684860880398672,0.9844352303969036,0.0095,0.0,0.0,0.0,conditional
42,conditional_XMV_05,9,20,0.8194200396537781,0.5411786752491694,0.636443170526248,0.012,0.0,302.0,5,0.5411786752491694,0.636443170526248,0.012,0.0,0.0,0.0,conditional
42,conditional_XMV_05,10,20,0.8194200396537781,0.9153458679401992,0.9548864845659164,0.01075,1.0,43.2,5,0.9153458679401992,0.9548864845659164,0.01075,0.0,0.0,0.0,conditional
42,conditional_XMV_05,11,20,0.8194200396537781,0.9713864825581396,0.9844883718970426,0.01075,1.0,9.0,5,0.9713864825581396,0.9844883718970426,0.01075,0.0,0.0,0.0,conditional
42,conditional_XMV_05,12,20,0.8194200396537781,0.7727283430232558,0.8590352291185905,0.01125,1.0,25.5,5,0.7727283430232558,0.8590352291185905,0.01125,0.0,0.0,0.0,conditional
42,conditional_XMV_05,13,20,0.8194200396537781,0.9480479651162792,0.9747228581028424,0.0105,1.0,34.0,5,0.9480479651162792,0.9747228581028424,0.0105,0.0,0.0,0.0,conditional
42,conditional_XMV_05,14,20,0.8194200396537781,0.9943271179401992,0.9970330030988448,0.01175,1.0,4.05,5,0.9943271179401992,0.9970330030988448,0.01175,0.0,0.0,0.0,conditional
42,conditional_XMV_05,15,20,0.8194200396537781,0.5134059385382059,0.6168732403019865,0.00975,0.0,302.0,5,0.5134059385382059,0.6168732403019865,0.00975,0.0,0.0,0.0,conditional
42,conditional_XMV_05,16,20,0.8194200396537781,0.5082352159468438,0.6079852292590551,0.01025,0.0,302.0,5,0.5082352159468438,0.6079852292590551,0.01025,0.0,0.0,0.0,conditional
42,conditional_XMV_05,17,20,0.8194200396537781,0.9507947051495016,0.9760426805688116,0.0085,1.0,31.4,5,0.9507947051495016,0.9760426805688116,0.0085,0.0,0.0,0.0,conditional
42,conditional_XMV_05,18,20,0.8194200396537781,0.8746010382059801,0.9312041601317644,0.00975,1.0,63.0,5,0.8746010382059801,0.9312041601317644,0.00975,0.0,0.0,0.0,conditional
42,conditional_XMV_05,19,20,0.8194200396537781,0.9407816860465116,0.968092005024265,0.01,1.0,30.3,5,0.9407816860465116,0.968092005024265,0.01,0.0,0.0,0.0,conditional
42,conditional_XMV_05,20,20,0.8194200396537781,0.9393603820598008,0.9701203008228004,0.01025,1.0,41.25,5,0.9393603820598008,0.9701203008228004,0.01025,0.0,0.0,0.0,conditional
42,conditional_XMV_05,21,20,0.8194200396537781,0.5010575166112957,0.6005253488590919,0.01075,0.0,302.0,5,0.5010575166112957,0.6005253488590919,0.01075,0.0,0.0,0.0,conditional
42,conditional_XMV_05,22,20,0.8194200396537781,0.5580262666112957,0.6488839134900278,0.01375,0.0,302.0,5,0.5580262666112957,0.6488839134900278,0.01375,0.0,0.0,0.0,conditional
42,conditional_XMV_05,23,20,0.8194200396537781,0.5385429609634551,0.6322182187672772,0.00925,0.0,302.0,5,0.5385429609634551,0.6322182187672772,0.00925,0.0,0.0,0.0,conditional
42,conditional_XMV_05,24,20,0.8194200396537781,0.9685969684385382,0.9836734159911134,0.00975,1.0,14.95,5,0.9685969684385382,0.9836734159911134,0.00975,0.0,0.0,0.0,conditional
42,conditional_XMV_05,25,20,0.8194200396537781,0.870930419435216,0.9224774787576954,0.009,1.0,35.45,5,0.870930419435216,0.9224774787576954,0.009,0.0,0.0,0.0,conditional
42,conditional_XMV_05,26,20,0.8194200396537781,0.9226222799003322,0.958210787147706,0.009,1.0,28.9,5,0.9226222799003322,0.958210787147706,0.009,0.0,0.0,0.0,conditional
42,conditional_XMV_05,27,20,0.8194200396537781,0.8054270971760797,0.8766934314632385,0.01,1.0,24.55,5,0.8054270971760797,0.8766934314632385,0.01,0.0,0.0,0.0,conditional
42,conditional_XMV_05,28,20,0.8194200396537781,0.5542116486710963,0.6585390269685509,0.009,0.0,302.0,5,0.5542116486710963,0.6585390269685509,0.009,0.0,0.0,0.0,conditional
42,conditional_XMV_06,1,20,0.8201143741607666,0.9950395764119602,0.9974987357279588,0.00875,1.0,4.45,6,0.9950453488372092,0.9975019488558962,0.00875,5.772425249017665e-06,3.2131279373848187e-06,0.0,conditional
42,conditional_XMV_06,2,20,0.8201143741607666,0.9897388289036544,0.9947231599669182,0.009,1.0,11.95,6,0.9897280315614618,0.9947176269467548,0.0095,-1.07973421925589e-05,-5.533020163372981e-06,-0.0005000000000000004,conditional
42,conditional_XMV_06,3,20,0.8201143741607666,0.54028280730897,0.634017724858248,0.01025,0.0,302.0,6,0.5401351328903654,0.6339151595443463,0.01075,-0.00014767441860463748,-0.00010256531390173684,-0.0004999999999999987,conditional
42,conditional_XMV_06,4,20,0.8201143741607666,0.9643958471760796,0.9747419349702784,0.0115,1.0,2.0,6,0.9623112126245849,0.9731175611431904,0.0115,-0.0020846345514947684,-0.0016243738270880215,0.0,conditional
42,conditional_XMV_06,5,20,0.8201143741607666,0.5012231935215947,0.6062462377846412,0.01125,0.05,287.0,6,0.501271511627907,0.6062633073090348,0.0115,4.831810631222844e-05,1.7069524393620306e-05,-0.0002500000000000002,conditional
42,conditional_XMV_06,6,20,0.8201143741607666,0.9979732973421926,0.9990521022343228,0.00825,1.0,1.0,6,0.9979763289036544,0.999053047335399,0.008,3.031561461752652e-06,9.451010761774015e-07,0.0002500000000000002,conditional
42,conditional_XMV_06,7,20,0.8201143741607666,0.9967520348837208,0.9984157208035206,0.011,1.0,2.0,6,0.9967485049833888,0.9984144720614974,0.011,-3.529900331922242e-06,-1.2487420232298874e-06,0.0,conditional
42,conditional_XMV_06,8,20,0.8201143741607666,0.96848280730897,0.9844318493787104,0.01,1.0,23.25,6,0.9684860880398672,0.9844352303969036,0.0095,3.2807308972815363e-06,3.3810181931936967e-06,0.0005000000000000004,conditional
42,conditional_XMV_06,9,20,0.8201143741607666,0.5413079734219269,0.6366134343871833,0.01225,0.0,302.0,6,0.5411786752491694,0.636443170526248,0.012,-0.00012929817275753042,-0.00017026386093532686,0.0002500000000000002,conditional
42,conditional_XMV_06,10,20,0.8201143741607666,0.9146558139534884,0.9544408719551876,0.01075,1.0,43.2,6,0.9153458679401992,0.9548864845659164,0.01075,0.0006900539867108479,0.0004456126107288405,0.0,conditional
42,conditional_XMV_06,11,20,0.8201143741607666,0.971838745847176,0.9847464662435388,0.01075,1.0,9.0,6,0.9713864825581396,0.9844883718970426,0.01075,-0.0004522632890363587,-0.0002580943464961516,0.0,conditional
42,conditional_XMV_06,12,20,0.8201143741607666,0.7728375207641196,0.8591282429984538,0.01125,1.0,25.5,6,0.7727283430232558,0.8590352291185905,0.01125,-0.00010917774086383059,-9.301387986326848e-05,0.0,conditional
42,conditional_XMV_06,13,20,0.8201143741607666,0.9480574335548172,0.9747264750330624,0.01025,1.0,34.0,6,0.9480479651162792,0.9747228581028424,0.0105,-9.468438537996171e-06,-3.616930219996206e-06,-0.0002500000000000002,conditional
42,conditional_XMV_06,14,20,0.8201143741607666,0.994327034883721,0.9970337006626504,0.01175,1.0,4.05,6,0.9943271179401992,0.9970330030988448,0.01175,8.305647825057605e-08,-6.975638056072597e-07,0.0,conditional
42,conditional_XMV_06,15,20,0.8201143741607666,0.5134281976744186,0.6168107345564612,0.009,0.0,302.0,6,0.5134059385382059,0.6168732403019865,0.00975,-2.2259136212676722e-05,6.250574552535415e-05,-0.0007500000000000007,conditional
42,conditional_XMV_06,16,20,0.8201143741607666,0.5081573297342192,0.6079646172866298,0.0105,0.0,302.0,6,0.5082352159468438,0.6079852292590551,0.01025,7.78862126246116e-05,2.0611972425310654e-05,0.0002500000000000002,conditional
42,conditional_XMV_06,17,20,0.8201143741607666,0.950800622923588,0.9760469924140436,0.00875,1.0,31.4,6,0.9507947051495016,0.9760426805688116,0.0085,-5.917774086428018e-06,-4.311845231974587e-06,0.0002500000000000002,conditional
42,conditional_XMV_06,18,20,0.8201143741607666,0.8774968438538207,0.9329503285624972,0.00975,1.0,63.0,6,0.8746010382059801,0.9312041601317644,0.00975,-0.0028958056478405325,-0.0017461684307327197,0.0,conditional
42,conditional_XMV_06,19,20,0.8201143741607666,0.9408102574750832,0.9681100939700764,0.01,1.0,30.3,6,0.9407816860465116,0.968092005024265,0.01,-2.857142857159989e-05,-1.808894581145637e-05,0.0,conditional
42,conditional_XMV_06,20,20,0.8201143741607666,0.9395661129568106,0.9702269923775316,0.01025,1.0,40.65,6,0.9393603820598008,0.9701203008228004,0.01025,-0.00020573089700981484,-0.00010669155473119751,0.0,conditional
42,conditional_XMV_06,21,20,0.8201143741607666,0.5010883720930233,0.6005163967385093,0.0105,0.0,302.0,6,0.5010575166112957,0.6005253488590919,0.01075,-3.0855481727543044e-05,8.952120582605971e-06,-0.0002499999999999985,conditional
42,conditional_XMV_06,22,20,0.8201143741607666,0.558153073089701,0.6490012737015383,0.0135,0.0,302.0,6,0.5580262666112957,0.6488839134900278,0.01375,-0.00012680647840523918,-0.00011736021151043108,-0.0002500000000000002,conditional
42,conditional_XMV_06,23,20,0.8201143741607666,0.5386498546511628,0.6323333898947362,0.0095,0.0,302.0,6,0.5385429609634551,0.6322182187672772,0.00925,-0.00010689368770766539,-0.0001151711274589573,0.0002500000000000002,conditional
42,conditional_XMV_06,24,20,0.8201143741607666,0.9686268272425248,0.9836950597400046,0.00975,1.0,14.95,6,0.9685969684385382,0.9836734159911134,0.00975,-2.9858803986648752e-05,-2.164374889124243e-05,0.0,conditional
42,conditional_XMV_06,25,20,0.8201143741607666,0.8710705980066445,0.9226186940153828,0.009,1.0,35.45,6,0.870930419435216,0.9224774787576954,0.009,-0.00014017857142856194,-0.0001412152576873993,0.0,conditional
42,conditional_XMV_06,26,20,0.8201143741607666,0.92257969269103,0.9581936543387792,0.009,1.0,28.9,6,0.9226222799003322,0.958210787147706,0.009,4.2587209302169526e-05,1.71328089267897e-05,0.0,conditional
42,conditional_XMV_06,27,20,0.8201143741607666,0.8071702034883721,0.8778875667305135,0.00975,1.0,24.45,6,0.8054270971760797,0.8766934314632385,0.01,-0.001743106312292353,-0.001194135267274965,-0.0002500000000000002,conditional
42,conditional_XMV_06,28,20,0.8201143741607666,0.5541870016611296,0.6585237846811041,0.00925,0.0,302.0,6,0.5542116486710963,0.6585390269685509,0.009,2.464700996673841e-05,1.5242287446870506e-05,0.0002500000000000002,conditional
42,conditional_XMV_07,1,20,0.8196403980255127,0.9950320598006644,0.9974947286442886,0.00875,1.0,4.35,7,0.9950453488372092,0.9975019488558962,0.00875,1.3289036544739119e-05,7.220211607594784e-06,0.0,conditional
42,conditional_XMV_07,2,20,0.8196403980255127,0.9896526578073088,0.9946771459171612,0.01,1.0,12.15,7,0.9897280315614618,0.9947176269467548,0.0095,7.537375415300751e-05,4.048102959364197e-05,0.0005000000000000004,conditional
42,conditional_XMV_07,3,20,0.8196403980255127,0.5400813745847176,0.6341613660120702,0.0105,0.0,302.0,7,0.5401351328903654,0.6339151595443463,0.01075,5.375830564779971e-05,-0.0002462064677238862,-0.0002499999999999985,conditional
42,conditional_XMV_07,4,20,0.8196403980255127,0.9652399086378738,0.975329414146635,0.0115,1.0,2.0,7,0.9623112126245849,0.9731175611431904,0.0115,-0.002928696013288934,-0.0022118530034446193,0.0,conditional
42,conditional_XMV_07,5,20,0.8196403980255127,0.5012942068106312,0.6063151628761515,0.011,0.05,287.0,7,0.501271511627907,0.6062633073090348,0.0115,-2.2695182724241647e-05,-5.1855567116732004e-05,-0.0005000000000000004,conditional
42,conditional_XMV_07,6,20,0.8196403980255127,0.9979799418604652,0.9990543318514368,0.0085,1.0,1.0,7,0.9979763289036544,0.999053047335399,0.008,-3.612956810838952e-06,-1.2845160377583653e-06,0.0005000000000000004,conditional
42,conditional_XMV_07,7,20,0.8196403980255127,0.9967513704318935,0.9984164103168888,0.01075,1.0,2.0,7,0.9967485049833888,0.9984144720614974,0.011,-2.8654485046963885e-06,-1.9382553914093492e-06,-0.0002500000000000002,conditional
42,conditional_XMV_07,8,20,0.8196403980255127,0.9684002699335548,0.984385573979871,0.0095,1.0,23.45,7,0.9684860880398672,0.9844352303969036,0.0095,8.581810631247411e-05,4.9656417032584166e-05,0.0,conditional
42,conditional_XMV_07,9,20,0.8196403980255127,0.5411814161129568,0.6364424753205965,0.012,0.0,302.0,7,0.5411786752491694,0.636443170526248,0.012,-2.7408637873760355e-06,6.952056514908378e-07,0.0,conditional
42,conditional_XMV_07,10,20,0.8196403980255127,0.9152931893687708,0.954860488764208,0.0105,1.0,42.5,7,0.9153458679401992,0.9548864845659164,0.01075,5.2678571428432797e-05,2.599580170836724e-05,-0.0002499999999999985,conditional
42,conditional_XMV_07,11,20,0.8196403980255127,0.9719022840531562,0.9847818986640192,0.011,1.0,8.9,7,0.9713864825581396,0.9844883718970426,0.01075,-0.0005158014950165102,-0.00029352676697658175,0.0002500000000000002,conditional
42,conditional_XMV_07,12,20,0.8196403980255127,0.7729567483388704,0.8592510747163447,0.01125,1.0,25.5,7,0.7727283430232558,0.8590352291185905,0.01125,-0.00022840531561463262,-0.00021584559775411627,0.0,conditional
42,conditional_XMV_07,13,20,0.8196403980255127,0.9480519933554816,0.9747226924691264,0.01075,1.0,34.0,7,0.9480479651162792,0.9747228581028424,0.0105,-4.028239202424899e-06,1.6563371607603017e-07,0.0002499999999999985,conditional
42,conditional_XMV_07,14,20,0.8196403980255127,0.994302450166113,0.9970151474908562,0.012,1.0,4.05,7,0.9943271179401992,0.9970330030988448,0.01175,2.4667774086273297e-05,1.7855607988614963e-05,0.0002500000000000002,conditional
42,conditional_XMV_07,15,20,0.8196403980255127,0.5131746470099667,0.616895619233911,0.01,0.0,302.0,7,0.5134059385382059,0.6168732403019865,0.00975,0.00023129152823919696,-2.23789319244716e-05,0.0002500000000000002,conditional
42,conditional_XMV_07,16,20,0.8196403980255127,0.5084747300664452,0.6083166297807137,0.011,0.0,302.0,7,0.5082352159468438,0.6079852292590551,0.01025,-0.00023951411960132507,-0.0003314005216585869,0.0007499999999999989,conditional
42,conditional_XMV_07,17,20,0.8196403980255127,0.950959219269103,0.9761466955207544,0.00875,1.0,31.4,7,0.9507947051495016,0.9760426805688116,0.0085,-0.00016451411960138884,-0.00010401495194278798,0.0002500000000000002,conditional
42,conditional_XMV_07,18,20,0.8196403980255127,0.8757574127906976,0.9318991428781024,0.00975,1.0,63.0,7,0.8746010382059801,0.9312041601317644,0.00975,-0.0011563745847175122,-0.0006949827463379465,0.0,conditional
42,conditional_XMV_07,19,20,0.8196403980255127,0.9269788828903656,0.96001930954288,0.01025,1.0,34.25,7,0.9407816860465116,0.968092005024265,0.01,0.013802803156146015,0.008072695481385006,0.0002500000000000002,conditional
42,conditional_XMV_07,20,20,0.8196403980255127,0.9393628737541528,0.970096246735868,0.01025,1.0,41.25,7,0.9393603820598008,0.9701203008228004,0.01025,-2.491694352069196e-06,2.4054086932401297e-05,0.0,conditional
42,conditional_XMV_07,21,20,0.8196403980255127,0.5009980274086379,0.600332576643468,0.01025,0.0,302.0,7,0.5010575166112957,0.6005253488590919,0.01075,5.948920265785862e-05,0.00019277221562397084,-0.0004999999999999987,conditional
42,conditional_XMV_07,22,20,0.8196403980255127,0.5581294435215947,0.6488652265964379,0.01375,0.0,302.0,7,0.5580262666112957,0.6488839134900278,0.01375,-0.00010317691029892995,1.8686893589969777e-05,0.0,conditional
42,conditional_XMV_07,23,20,0.8196403980255127,0.5386832433554817,0.632330692035365,0.00925,0.0,302.0,7,0.5385429609634551,0.6322182187672772,0.00925,-0.00014028239202656945,-0.00011247326808772051,0.0,conditional
42,conditional_XMV_07,24,20,0.8196403980255127,0.9687973006644518,0.9837358351988328,0.009,1.0,14.95,7,0.9685969684385382,0.9836734159911134,0.00975,-0.0002003322259136464,-6.241920771943299e-05,-0.0007500000000000007,conditional
42,conditional_XMV_07,25,20,0.8196403980255127,0.8704935838870432,0.922216384432409,0.00875,1.0,35.25,7,0.870930419435216,0.9224774787576954,0.009,0.0004368355481727537,0.00026109432528631515,-0.0002499999999999985,conditional
42,conditional_XMV_07,26,20,0.8196403980255127,0.9223463455149502,0.9580472895086468,0.01,1.0,29.0,7,0.9226222799003322,0.958210787147706,0.009,0.0002759343853819818,0.0001634976390592069,0.0010000000000000009,conditional
42,conditional_XMV_07,27,20,0.8196403980255127,0.8062377076411961,0.877298829573702,0.009,1.0,24.55,7,0.8054270971760797,0.8766934314632385,0.01,-0.0008106104651163237,-0.0006053981104634509,-0.0010000000000000009,conditional
42,conditional_XMV_07,28,20,0.8196403980255127,0.5544053363787376,0.6587229964655018,0.009,0.0,302.0,7,0.5542116486710963,0.6585390269685509,0.009,-0.00019368770764127685,-0.0001839694969508754,0.0,conditional
42,conditional_XMV_08,1,20,0.8192927241325378,0.9950399501661128,0.9974999587719714,0.009,1.0,4.45,8,0.9950453488372092,0.9975019488558962,0.00875,5.398671096390473e-06,1.9900839247632973e-06,0.0002499999999999985,conditional
42,conditional_XMV_08,2,20,0.8192927241325378,0.9897237126245848,0.99471422555286,0.009,1.0,11.95,8,0.9897280315614618,0.9947176269467548,0.0095,4.31893687702356e-06,3.4013938947641265e-06,-0.0005000000000000004,conditional
42,conditional_XMV_08,3,20,0.8192927241325378,0.5404061669435216,0.6341374259190072,0.011,0.0,302.0,8,0.5401351328903654,0.6339151595443463,0.01075,-0.000271034053156205,-0.0002222663746609399,0.0002500000000000002,conditional
42,conditional_XMV_08,4,20,0.8192927241325378,0.9631553986710965,0.9737280585413975,0.01175,1.0,2.0,8,0.9623112126245849,0.9731175611431904,0.0115,-0.0008441860465115969,-0.0006104973982071771,0.0002500000000000002,conditional
42,conditional_XMV_08,5,20,0.8192927241325378,0.5013301287375416,0.6062172858868262,0.0115,0.05,287.0,8,0.501271511627907,0.6062633073090348,0.0115,-5.861710963461775e-05,4.60214222085531e-05,0.0,conditional
42,conditional_XMV_08,6,20,0.8192927241325378,0.9979749169435216,0.9990524617562522,0.008,1.0,1.0,8,0.9979763289036544,0.999053047335399,0.008,1.4119601328133058e-06,5.855791468389882e-07,0.0,conditional
42,conditional_XMV_08,7,20,0.8192927241325378,0.996743853820598,0.9984125556543786,0.01125,1.0,2.0,8,0.9967485049833888,0.9984144720614974,0.011,4.651162790803021e-06,1.916407118773833e-06,0.0002500000000000002,conditional
42,conditional_XMV_08,8,20,0.8192927241325378,0.9683076619601328,0.9843454578976374,0.01,1.0,23.25,8,0.9684860880398672,0.9844352303969036,0.0095,0.00017842607973439506,8.977249926622743e-05,0.0005000000000000004,conditional
42,conditional_XMV_08,9,20,0.8192927241325378,0.541016403654485,0.6363742074859607,0.01225,0.0,302.0,8,0.5411786752491694,0.636443170526248,0.012,0.00016227159468440444,6.896304028725098e-05,0.0002500000000000002,conditional
42,conditional_XMV_08,10,20,0.8192927241325378,0.9149527823920266,0.9546172982764544,0.011,1.0,42.6,8,0.9153458679401992,0.9548864845659164,0.01075,0.00039308554817263364,0.00026918628946204226,0.0002500000000000002,conditional
42,conditional_XMV_08,11,20,0.8192927241325378,0.9714258720930232,0.9844935170340108,0.0105,1.0,9.0,8,0.9713864825581396,0.9844883718970426,0.01075,-3.9389534883582655e-05,-5.145136968143227e-06,-0.0002499999999999985,conditional
42,conditional_XMV_08,12,20,0.8192927241325378,0.7727558762458472,0.8590542694603949,0.0115,1.0,25.4,8,0.7727283430232558,0.8590352291185905,0.01125,-2.7533222591413775e-05,-1.9040341804332783e-05,0.0002500000000000002,conditional
42,conditional_XMV_08,13,20,0.8192927241325378,0.948052284053156,0.9747223164205208,0.01075,1.0,34.0,8,0.9480479651162792,0.9747228581028424,0.0105,-4.318936876801516e-06,5.416823216641831e-07,0.0002499999999999985,conditional
42,conditional_XMV_08,14,20,0.8192927241325378,0.9943249169435217,0.9970301015546594,0.01225,1.0,4.05,8,0.9943271179401992,0.9970330030988448,0.01175,2.200996677581557e-06,2.9015441853630364e-06,0.0005000000000000004,conditional
42,conditional_XMV_08,15,20,0.8192927241325378,0.5136536129568107,0.6169624263711433,0.00975,0.0,302.0,8,0.5134059385382059,0.6168732403019865,0.00975,-0.0002476744186047375,-8.918606915675475e-05,0.0,conditional
42,conditional_XMV_08,16,20,0.8192927241325378,0.5083414451827243,0.6080479095475289,0.0105,0.0,302.0,8,0.5082352159468438,0.6079852292590551,0.01025,-0.00010622923588043953,-6.268028847378204e-05,0.0002500000000000002,conditional
42,conditional_XMV_08,17,20,0.8192927241325378,0.950864991694352,0.9760969265102803,0.00925,1.0,31.4,8,0.9507947051495016,0.9760426805688116,0.0085,-7.028654485041752e-05,-5.424594146874462e-05,0.0007499999999999989,conditional
42,conditional_XMV_08,18,20,0.8192927241325378,0.8744322882059801,0.9310701226565338,0.01,1.0,63.0,8,0.8746010382059801,0.9312041601317644,0.00975,0.0001687500000000508,0.0001340374752306639,0.0002500000000000002,conditional
42,conditional_XMV_08,19,20,0.8192927241325378,0.9092967815614618,0.9486113717807412,0.0095,1.0,35.9,8,0.9407816860465116,0.968092005024265,0.01,0.031484904485049814,0.01948063324352378,-0.0005000000000000004,conditional
42,conditional_XMV_08,20,20,0.8192927241325378,0.9393602990033224,0.9701071996177634,0.01025,1.0,41.25,8,0.9393603820598008,0.9701203008228004,0.01025,8.305647836159835e-08,1.310120503705825e-05,0.0,conditional
42,conditional_XMV_08,21,20,0.8192927241325378,0.50095,0.6006267870863734,0.01075,0.0,302.0,8,0.5010575166112957,0.6005253488590919,0.01075,0.00010751661129571044,-0.00010143822728148066,0.0,conditional
42,conditional_XMV_08,22,20,0.8192927241325378,0.5580916943521594,0.6487708014545872,0.014,0.0,302.0,8,0.5580262666112957,0.6488839134900278,0.01375,-6.54277408637105e-05,0.0001131120354406212,0.0002500000000000002,conditional
42,conditional_XMV_08,23,20,0.8192927241325378,0.5386319144518272,0.6321590145315913,0.00925,0.0,302.0,8,0.5385429609634551,0.6322182187672772,0.00925,-8.895348837212325e-05,5.9204235685950124e-05,0.0,conditional
42,conditional_XMV_08,24,20,0.8192927241325378,0.9686137666112956,0.9836849160283908,0.00975,1.0,14.95,8,0.9685969684385382,0.9836734159911134,0.00975,-1.679817275745954e-05,-1.150003727745652e-05,0.0,conditional
42,conditional_XMV_08,25,20,0.8192927241325378,0.8714182101328903,0.9228954895714148,0.00975,1.0,33.85,8,0.870930419435216,0.9224774787576954,0.009,-0.0004877906976743507,-0.00041801081371939386,0.0007500000000000007,conditional
42,conditional_XMV_08,26,20,0.8192927241325378,0.923276661129568,0.9586133397172152,0.00925,1.0,29.1,8,0.9226222799003322,0.958210787147706,0.009,-0.0006543812292357787,-0.0004025525695091625,0.0002500000000000002,conditional
42,conditional_XMV_08,27,20,0.8192927241325378,0.8052375207641196,0.8765181196291935,0.009,1.0,24.55,8,0.8054270971760797,0.8766934314632385,0.01,0.0001895764119601573,0.00017531183404506656,-0.0010000000000000009,conditional
42,conditional_XMV_08,28,20,0.8192927241325378,0.5542845930232558,0.6585319146322776,0.0095,0.0,302.0,8,0.5542116486710963,0.6585390269685509,0.009,-7.294435215954298e-05,7.1123362733738205e-06,0.0005000000000000004,conditional
42,conditional_XMV_09,1,20,0.8194200396537781,0.9950453488372092,0.9975019488558962,0.00875,1.0,4.35,9,0.9950453488372092,0.9975019488558962,0.00875,0.0,0.0,0.0,conditional
42,conditional_XMV_09,2,20,0.8194200396537781,0.9897280315614618,0.9947176269467548,0.0095,1.0,11.95,9,0.9897280315614618,0.9947176269467548,0.0095,0.0,0.0,0.0,conditional
42,conditional_XMV_09,3,20,0.8194200396537781,0.5401351328903654,0.6339151595443463,0.01075,0.0,302.0,9,0.5401351328903654,0.6339151595443463,0.01075,0.0,0.0,0.0,conditional
42,conditional_XMV_09,4,20,0.8194200396537781,0.9623112126245849,0.9731175611431904,0.0115,1.0,2.0,9,0.9623112126245849,0.9731175611431904,0.0115,0.0,0.0,0.0,conditional
42,conditional_XMV_09,5,20,0.8194200396537781,0.501271511627907,0.6062633073090348,0.0115,0.05,287.0,9,0.501271511627907,0.6062633073090348,0.0115,0.0,0.0,0.0,conditional
42,conditional_XMV_09,6,20,0.8194200396537781,0.9979763289036544,0.999053047335399,0.008,1.0,1.0,9,0.9979763289036544,0.999053047335399,0.008,0.0,0.0,0.0,conditional
42,conditional_XMV_09,7,20,0.8194200396537781,0.9967485049833888,0.9984144720614974,0.011,1.0,2.0,9,0.9967485049833888,0.9984144720614974,0.011,0.0,0.0,0.0,conditional
42,conditional_XMV_09,8,20,0.8194200396537781,0.9684860880398672,0.9844352303969036,0.0095,1.0,23.25,9,0.9684860880398672,0.9844352303969036,0.0095,0.0,0.0,0.0,conditional
42,conditional_XMV_09,9,20,0.8194200396537781,0.5411786752491694,0.636443170526248,0.012,0.0,302.0,9,0.5411786752491694,0.636443170526248,0.012,0.0,0.0,0.0,conditional
42,conditional_XMV_09,10,20,0.8194200396537781,0.9153458679401992,0.9548864845659164,0.01075,1.0,43.2,9,0.9153458679401992,0.9548864845659164,0.01075,0.0,0.0,0.0,conditional
42,conditional_XMV_09,11,20,0.8194200396537781,0.9713864825581396,0.9844883718970426,0.01075,1.0,9.0,9,0.9713864825581396,0.9844883718970426,0.01075,0.0,0.0,0.0,conditional
42,conditional_XMV_09,12,20,0.8194200396537781,0.7727283430232558,0.8590352291185905,0.01125,1.0,25.5,9,0.7727283430232558,0.8590352291185905,0.01125,0.0,0.0,0.0,conditional
42,conditional_XMV_09,13,20,0.8194200396537781,0.9480479651162792,0.9747228581028424,0.0105,1.0,34.0,9,0.9480479651162792,0.9747228581028424,0.0105,0.0,0.0,0.0,conditional
42,conditional_XMV_09,14,20,0.8194200396537781,0.9943271179401992,0.9970330030988448,0.01175,1.0,4.05,9,0.9943271179401992,0.9970330030988448,0.01175,0.0,0.0,0.0,conditional
42,conditional_XMV_09,15,20,0.8194200396537781,0.5134059385382059,0.6168732403019865,0.00975,0.0,302.0,9,0.5134059385382059,0.6168732403019865,0.00975,0.0,0.0,0.0,conditional
42,conditional_XMV_09,16,20,0.8194200396537781,0.5082352159468438,0.6079852292590551,0.01025,0.0,302.0,9,0.5082352159468438,0.6079852292590551,0.01025,0.0,0.0,0.0,conditional
42,conditional_XMV_09,17,20,0.8194200396537781,0.9507947051495016,0.9760426805688116,0.0085,1.0,31.4,9,0.9507947051495016,0.9760426805688116,0.0085,0.0,0.0,0.0,conditional
42,conditional_XMV_09,18,20,0.8194200396537781,0.8746010382059801,0.9312041601317644,0.00975,1.0,63.0,9,0.8746010382059801,0.9312041601317644,0.00975,0.0,0.0,0.0,conditional
42,conditional_XMV_09,19,20,0.8194200396537781,0.9407816860465116,0.968092005024265,0.01,1.0,30.3,9,0.9407816860465116,0.968092005024265,0.01,0.0,0.0,0.0,conditional
42,conditional_XMV_09,20,20,0.8194200396537781,0.9393603820598008,0.9701203008228004,0.01025,1.0,41.25,9,0.9393603820598008,0.9701203008228004,0.01025,0.0,0.0,0.0,conditional
42,conditional_XMV_09,21,20,0.8194200396537781,0.5010575166112957,0.6005253488590919,0.01075,0.0,302.0,9,0.5010575166112957,0.6005253488590919,0.01075,0.0,0.0,0.0,conditional
42,conditional_XMV_09,22,20,0.8194200396537781,0.5580262666112957,0.6488839134900278,0.01375,0.0,302.0,9,0.5580262666112957,0.6488839134900278,0.01375,0.0,0.0,0.0,conditional
42,conditional_XMV_09,23,20,0.8194200396537781,0.5385429609634551,0.6322182187672772,0.00925,0.0,302.0,9,0.5385429609634551,0.6322182187672772,0.00925,0.0,0.0,0.0,conditional
42,conditional_XMV_09,24,20,0.8194200396537781,0.9685969684385382,0.9836734159911134,0.00975,1.0,14.95,9,0.9685969684385382,0.9836734159911134,0.00975,0.0,0.0,0.0,conditional
42,conditional_XMV_09,25,20,0.8194200396537781,0.870930419435216,0.9224774787576954,0.009,1.0,35.45,9,0.870930419435216,0.9224774787576954,0.009,0.0,0.0,0.0,conditional
42,conditional_XMV_09,26,20,0.8194200396537781,0.9226222799003322,0.958210787147706,0.009,1.0,28.9,9,0.9226222799003322,0.958210787147706,0.009,0.0,0.0,0.0,conditional
42,conditional_XMV_09,27,20,0.8194200396537781,0.8054270971760797,0.8766934314632385,0.01,1.0,24.55,9,0.8054270971760797,0.8766934314632385,0.01,0.0,0.0,0.0,conditional
42,conditional_XMV_09,28,20,0.8194200396537781,0.5542116486710963,0.6585390269685509,0.009,0.0,302.0,9,0.5542116486710963,0.6585390269685509,0.009,0.0,0.0,0.0,conditional
42,conditional_XMV_10,1,20,0.8189449310302734,0.9950588870431892,0.9975072328577133,0.0095,1.0,4.35,10,0.9950453488372092,0.9975019488558962,0.00875,-1.3538205980045959e-05,-5.284001817096318e-06,0.0007499999999999989,conditional
42,conditional_XMV_10,2,20,0.8189449310302734,0.9897536129568106,0.9947303184980923,0.0095,1.0,11.9,10,0.9897280315614618,0.9947176269467548,0.0095,-2.558139534880599e-05,-1.2691551337540297e-05,0.0,conditional
42,conditional_XMV_10,3,20,0.8189449310302734,0.5395773463455149,0.6335035146667475,0.01075,0.0,302.0,10,0.5401351328903654,0.6339151595443463,0.01075,0.0005577865448505026,0.00041164487759881574,0.0,conditional
42,conditional_XMV_10,4,20,0.8189449310302734,0.5161378945182724,0.6256602416453771,0.01175,1.0,2.0,10,0.9623112126245849,0.9731175611431904,0.0115,0.44617331810631244,0.3474573194978132,0.0002500000000000002,conditional
42,conditional_XMV_10,5,20,0.8189449310302734,0.5013452450166113,0.6063489519003343,0.01175,0.05,287.0,10,0.501271511627907,0.6062633073090348,0.0115,-7.373338870431123e-05,-8.56445912995607e-05,0.0002500000000000002,conditional
42,conditional_XMV_10,6,20,0.8189449310302734,0.9979736710963456,0.9990520518898954,0.0075,1.0,1.0,10,0.9979763289036544,0.999053047335399,0.008,2.6578073087923926e-06,9.954455035821042e-07,-0.0005000000000000004,conditional
42,conditional_XMV_10,7,20,0.8189449310302734,0.9967491486710964,0.998414795276309,0.01125,1.0,2.0,10,0.9967485049833888,0.9984144720614974,0.011,-6.43687707579943e-07,-3.2321481169272914e-07,0.0002500000000000002,conditional
42,conditional_XMV_10,8,20,0.8189449310302734,0.9684592400332226,0.9844179572530838,0.0095,1.0,23.25,10,0.9684860880398672,0.9844352303969036,0.0095,2.6848006644653033e-05,1.727314381982925e-05,0.0,conditional
42,conditional_XMV_10,9,20,0.8189449310302734,0.5412054401993356,0.6364856420590327,0.01225,0.0,302.0,10,0.5411786752491694,0.636443170526248,0.012,-2.6764950166180412e-05,-4.247153278469362e-05,0.0002500000000000002,conditional
42,conditional_XMV_10,10,20,0.8189449310302734,0.9152547342192692,0.95482506805838,0.0105,1.0,43.1,10,0.9153458679401992,0.9548864845659164,0.01075,9.113372093005889e-05,6.141650753643813e-05,-0.0002499999999999985,conditional
42,conditional_XMV_10,11,20,0.8189449310302734,0.950133222591362,0.9726111689661608,0.01125,1.0,9.15,10,0.9713864825581396,0.9844883718970426,0.01075,0.021253259966777627,0.011877202930881792,0.0005000000000000004,conditional
42,conditional_XMV_10,12,20,0.8189449310302734,0.7724529485049834,0.8588407567893795,0.01125,1.0,25.55,10,0.7727283430232558,0.8590352291185905,0.01125,0.00027539451827240935,0.0001944723292109929,0.0,conditional
42,conditional_XMV_10,13,20,0.8189449310302734,0.9480847176079734,0.97473962950128,0.01075,1.0,33.9,10,0.9480479651162792,0.9747228581028424,0.0105,-3.675249169421413e-05,-1.6771398437587237e-05,0.0002499999999999985,conditional
42,conditional_XMV_10,14,20,0.8189449310302734,0.9938666528239204,0.99673671537117,0.012,1.0,4.15,10,0.9943271179401992,0.9970330030988448,0.01175,0.0004604651162788409,0.00029628772767475997,0.0002500000000000002,conditional
42,conditional_XMV_10,15,20,0.8189449310302734,0.5137123754152824,0.6171887156782409,0.01,0.0,302.0,10,0.5134059385382059,0.6168732403019865,0.00975,-0.0003064368770764325,-0.000315475376254315,0.0002500000000000002,conditional
42,conditional_XMV_10,16,20,0.8189449310302734,0.5084060423588039,0.6080043621959903,0.0105,0.0,302.0,10,0.5082352159468438,0.6079852292590551,0.01025,-0.00017082641196008996,-1.9132936935228884e-05,0.0002500000000000002,conditional
42,conditional_XMV_10,17,20,0.8189449310302734,0.9502927740863788,0.9757193714608284,0.00875,1.0,31.4,10,0.9507947051495016,0.9760426805688116,0.0085,0.0005019310631227958,0.0003233091079831718,0.0002500000000000002,conditional
42,conditional_XMV_10,18,20,0.8189449310302734,0.874903488372093,0.9313732039291678,0.01,1.0,63.0,10,0.8746010382059801,0.9312041601317644,0.00975,-0.00030245016611285536,-0.0001690437974033454,0.0002500000000000002,conditional
42,conditional_XMV_10,19,20,0.8189449310302734,0.9408865240863789,0.9681202786661264,0.01,1.0,30.3,10,0.9407816860465116,0.968092005024265,0.01,-0.00010483803986727214,-2.827364186142045e-05,0.0,conditional
42,conditional_XMV_10,20,20,0.8189449310302734,0.9394060215946844,0.9701352757882516,0.01025,1.0,41.25,10,0.9393603820598008,0.9701203008228004,0.01025,-4.563953488367911e-05,-1.4974965451219902e-05,0.0,conditional
42,conditional_XMV_10,21,20,0.8189449310302734,0.5010952242524916,0.600470935458294,0.011,0.0,302.0,10,0.5010575166112957,0.6005253488590919,0.01075,-3.770764119592762e-05,5.441340079792578e-05,0.0002500000000000002,conditional
42,conditional_XMV_10,22,20,0.8189449310302734,0.5579716362126246,0.6485140766940549,0.014,0.0,302.0,10,0.5580262666112957,0.6488839134900278,0.01375,5.46303986711516e-05,0.00036983679597291097,0.0002500000000000002,conditional
42,conditional_XMV_10,23,20,0.8189449310302734,0.5385269102990033,0.6321523744632627,0.00925,0.0,302.0,10,0.5385429609634551,0.6322182187672772,0.00925,1.6050664451761065e-05,6.584430401457286e-05,0.0,conditional
42,conditional_XMV_10,24,20,0.8189449310302734,0.9685049626245849,0.983623905784008,0.01,1.0,14.95,10,0.9685969684385382,0.9836734159911134,0.00975,9.200581395329976e-05,4.9510207105307735e-05,0.0002500000000000002,conditional
42,conditional_XMV_10,25,20,0.8189449310302734,0.871034738372093,0.9225811356001876,0.00975,1.0,35.1,10,0.870930419435216,0.9224774787576954,0.009,-0.00010431893687701255,-0.00010365684249225016,0.0007500000000000007,conditional
42,conditional_XMV_10,26,20,0.8189449310302734,0.9223791112956812,0.9580718823413976,0.00975,1.0,28.9,10,0.9226222799003322,0.958210787147706,0.009,0.00024316860465101175,0.00013890480630840418,0.0007500000000000007,conditional
42,conditional_XMV_10,27,20,0.8189449310302734,0.7849397217607973,0.8631753762731205,0.01,1.0,25.7,10,0.8054270971760797,0.8766934314632385,0.01,0.02048737541528245,0.013518055190118061,0.0,conditional
42,conditional_XMV_10,28,20,0.8189449310302734,0.554127346345515,0.6583215198278033,0.0095,0.0,302.0,10,0.5542116486710963,0.6585390269685509,0.009,8.430232558132023e-05,0.00021750714074764144,0.0005000000000000004,conditional
42,conditional_XMV_11,1,20,0.8192623257637024,0.9950486710963456,0.9975033653489096,0.00925,1.0,4.35,11,0.9950453488372092,0.9975019488558962,0.00875,-3.3222591364623355e-06,-1.4164930134397125e-06,0.0004999999999999987,conditional
42,conditional_XMV_11,2,20,0.8192623257637024,0.9897363372093024,0.9947201324745196,0.00925,1.0,11.95,11,0.9897280315614618,0.9947176269467548,0.0095,-8.305647840600727e-06,-2.5055277648178276e-06,-0.0002500000000000002,conditional
42,conditional_XMV_11,3,20,0.8192623257637024,0.5401802533222592,0.6340959664092832,0.011,0.0,302.0,11,0.5401351328903654,0.6339151595443463,0.01075,-4.512043189375259e-05,-0.0001808068649369332,0.0002500000000000002,conditional
42,conditional_XMV_11,4,20,0.8192623257637024,0.9622639950166112,0.9730711339187856,0.01175,1.0,2.0,11,0.9623112126245849,0.9731175611431904,0.0115,4.72176079736597e-05,4.642722440473257e-05,0.0002500000000000002,conditional
42,conditional_XMV_11,5,20,0.8192623257637024,0.5007783222591362,0.6060890087772333,0.01125,0.05,287.0,11,0.501271511627907,0.6062633073090348,0.0115,0.0004931893687707412,0.0001742985318015089,-0.0002500000000000002,conditional
42,conditional_XMV_11,6,20,0.8192623257637024,0.9979701411960132,0.999050955822148,0.00825,1.0,1.0,11,0.9979763289036544,0.999053047335399,0.008,6.187707641158724e-06,2.091513251034627e-06,0.0002500000000000002,conditional
42,conditional_XMV_11,7,20,0.8192623257637024,0.9967549833887044,0.9984172358567476,0.011,1.0,2.0,11,0.9967485049833888,0.9984144720614974,0.011,-6.4784053155353405e-06,-2.7637952502157503e-06,0.0,conditional
42,conditional_XMV_11,8,20,0.8192623257637024,0.9685089078073088,0.9844480847251872,0.01,1.0,23.25,11,0.9684860880398672,0.9844352303969036,0.0095,-2.2819767441562e-05,-1.285432828357358e-05,0.0005000000000000004,conditional
42,conditional_XMV_11,9,20,0.8192623257637024,0.5413039244186046,0.6367267588710455,0.01175,0.0,302.0,11,0.5411786752491694,0.636443170526248,0.012,-0.00012524916943523756,-0.00028358834479746964,-0.0002500000000000002,conditional
42,conditional_XMV_11,10,20,0.8192623257637024,0.914957911129568,0.9546876061426484,0.0105,1.0,43.1,11,0.9153458679401992,0.9548864845659164,0.01075,0.0003879568106311959,0.00019887842326804517,-0.0002499999999999985,conditional
42,conditional_XMV_11,11,20,0.8192623257637024,0.9713858388704318,0.984483546024121,0.01075,1.0,9.0,11,0.9713864825581396,0.9844883718970426,0.01075,6.436877078019876e-07,4.825872921609964e-06,0.0,conditional
42,conditional_XMV_11,12,20,0.8192623257637024,0.7723518272425249,0.8588520267340364,0.011,1.0,25.4,11,0.7727283430232558,0.8590352291185905,0.01125,0.000376515780730835,0.00018320238455415971,-0.0002500000000000002,conditional
42,conditional_XMV_11,13,20,0.8192623257637024,0.9480982973421926,0.9747383419872808,0.01075,1.0,33.9,11,0.9480479651162792,0.9747228581028424,0.0105,-5.033222591344089e-05,-1.5483884438394213e-05,0.0002499999999999985,conditional
42,conditional_XMV_11,14,20,0.8192623257637024,0.9943150332225914,0.997024164780452,0.01225,1.0,4.05,11,0.9943271179401992,0.9970330030988448,0.01175,1.2084717607829809e-05,8.838318392823119e-06,0.0005000000000000004,conditional
42,conditional_XMV_11,15,20,0.8192623257637024,0.5133726328903655,0.6169199296418917,0.00975,0.0,302.0,11,0.5134059385382059,0.6168732403019865,0.00975,3.330564784043144e-05,-4.668933990514823e-05,0.0,conditional
42,conditional_XMV_11,16,20,0.8192623257637024,0.5079940822259136,0.6077658523504728,0.01075,0.0,302.0,11,0.5082352159468438,0.6079852292590551,0.01025,0.00024113372093026442,0.00021937690858231385,0.0004999999999999987,conditional
42,conditional_XMV_11,17,20,0.8192623257637024,0.9508529900332224,0.9760681277776186,0.009,1.0,31.4,11,0.9507947051495016,0.9760426805688116,0.0085,-5.828488372083829e-05,-2.544720880703899e-05,0.0004999999999999987,conditional
42,conditional_XMV_11,18,20,0.8192623257637024,0.8745592815614618,0.9311840138943168,0.01025,1.0,63.0,11,0.8746010382059801,0.9312041601317644,0.00975,4.17566445183315e-05,2.014623744761579e-05,0.0005000000000000004,conditional
42,conditional_XMV_11,19,20,0.8192623257637024,0.9405440199335549,0.96795047535847,0.01,1.0,30.55,11,0.9407816860465116,0.968092005024265,0.01,0.0002376661129567248,0.0001415296657949483,0.0,conditional
42,conditional_XMV_11,20,20,0.8192623257637024,0.9394422757475084,0.9701498675158572,0.01075,1.0,41.35,11,0.9393603820598008,0.9701203008228004,0.01025,-8.189368770761263e-05,-2.956669305675952e-05,0.0004999999999999987,conditional
42,conditional_XMV_11,21,20,0.8192623257637024,0.5008232350498338,0.6003774181976652,0.01075,0.0,302.0,11,0.5010575166112957,0.6005253488590919,0.01075,0.00023428156146187984,0.00014793066142670952,0.0,conditional
42,conditional_XMV_11,22,20,0.8192623257637024,0.5579387873754152,0.6490450568001142,0.0135,0.0,302.0,11,0.5580262666112957,0.6488839134900278,0.01375,8.747923588048323e-05,-0.0001611433100863202,-0.0002500000000000002,conditional
42,conditional_XMV_11,23,20,0.8192623257637024,0.5383796096345514,0.6318432532818928,0.00925,0.0,302.0,11,0.5385429609634551,0.6322182187672772,0.00925,0.00016335132890366033,0.0003749654853844042,0.0,conditional
42,conditional_XMV_11,24,20,0.8192623257637024,0.9685960132890366,0.9836709818238132,0.0105,1.0,14.95,11,0.9685969684385382,0.9836734159911134,0.00975,9.551495016024703e-07,2.434167300169321e-06,0.0007500000000000007,conditional
42,conditional_XMV_11,25,20,0.8192623257637024,0.8708007267441861,0.9224536938434869,0.0095,1.0,35.45,11,0.870930419435216,0.9224774787576954,0.009,0.00012969269102991454,2.3784914208513364e-05,0.0005000000000000004,conditional
42,conditional_XMV_11,26,20,0.8192623257637024,0.9224620016611296,0.958107011162133,0.00975,1.0,29.0,11,0.9226222799003322,0.958210787147706,0.009,0.00016027823920261586,0.00010377598557298473,0.0007500000000000007,conditional
42,conditional_XMV_11,27,20,0.8192623257637024,0.8054332433554817,0.8765907664679686,0.01025,1.0,24.55,11,0.8054270971760797,0.8766934314632385,0.01,-6.146179401977925e-06,0.00010266499526989659,0.0002500000000000002,conditional
42,conditional_XMV_11,28,20,0.8192623257637024,0.5542946220930233,0.6584780955146763,0.00925,0.0,302.0,11,0.5542116486710963,0.6585390269685509,0.009,-8.297342192697954e-05,6.093145387464638e-05,0.0002500000000000002,conditional
43,conditional_XMV_01,1,20,0.8432589173316956,0.9951015780730896,0.9975404192202344,0.00925,1.0,4.45,1,0.9950808139534884,0.9975299277698556,0.00925,-2.0764119601279774e-05,-1.0491450378791178e-05,0.0,conditional
43,conditional_XMV_01,2,20,0.8432589173316956,0.990258430232558,0.995006004326446,0.0105,1.0,11.15,1,0.9900240863787376,0.994886186725774,0.01025,-0.00023434385382037348,-0.00011981760067203417,0.0002500000000000002,conditional
43,conditional_XMV_01,3,20,0.8432589173316956,0.5399863787375415,0.6330320757848341,0.00825,0.0,302.0,1,0.5398057516611295,0.6326942756312097,0.0085,-0.00018062707641197662,-0.0003378001536243902,-0.0002500000000000002,conditional
43,conditional_XMV_01,4,20,0.8432589173316956,0.9686398671096346,0.978214778538485,0.0105,1.0,2.0,1,0.9696671096345516,0.9790255541560424,0.01075,0.001027242524917038,0.0008107756175573799,-0.0002499999999999985,conditional
43,conditional_XMV_01,5,20,0.8432589173316956,0.5020087416943522,0.607542053202132,0.00925,0.15,257.0,1,0.5019449958471761,0.6074807235892674,0.00975,-6.374584717605547e-05,-6.132961286453575e-05,-0.0005000000000000004,conditional
43,conditional_XMV_01,6,20,0.8432589173316956,0.9980617940199336,0.999088400414695,0.0085,1.0,1.0,1,0.9980522840531562,0.999083783878102,0.00825,-9.509966777399015e-06,-4.616536593005094e-06,0.0002500000000000002,conditional
43,conditional_XMV_01,7,20,0.8432589173316956,0.9966856727574752,0.9983914534521202,0.0105,1.0,2.0,1,0.9966982558139534,0.9983952066733324,0.01025,1.2583056478221444e-05,3.7532212121549335e-06,0.0002500000000000002,conditional
43,conditional_XMV_01,8,20,0.8432589173316956,0.9694359219269104,0.984988150184795,0.01,1.0,22.9,1,0.9694003737541528,0.9849620659542444,0.009,-3.5548172757637886e-05,-2.6084230550615928e-05,0.0010000000000000009,conditional
43,conditional_XMV_01,9,20,0.8432589173316956,0.541990365448505,0.6363103578375773,0.011,0.0,302.0,1,0.5422330772425249,0.6365822628693385,0.0105,0.00024271179401991194,0.0002719050317612215,0.0004999999999999987,conditional
43,conditional_XMV_01,10,20,0.8432589173316956,0.9229676702657807,0.9592875030820512,0.0105,1.0,41.95,1,0.9234089700996678,0.9595615085107572,0.00975,0.0004412998338870766,0.0002740054287059257,0.0007500000000000007,conditional
43,conditional_XMV_01,11,20,0.8432589173316956,0.9782873338870433,0.9885147524724894,0.00975,1.0,8.7,1,0.9784831395348838,0.988619439431842,0.01025,0.0001958056478404968,0.00010468695935261785,-0.0005000000000000004,conditional
43,conditional_XMV_01,12,20,0.8432589173316956,0.797441092192691,0.8761653605916477,0.01125,1.0,24.55,1,0.7977713455149502,0.8763396958285637,0.01125,0.0003302533222592219,0.00017433523691601227,0.0,conditional
43,conditional_XMV_01,13,20,0.8432589173316956,0.9482758513289036,0.9748533098513428,0.0105,1.0,33.85,1,0.9481636627906976,0.9747970200310933,0.0105,-0.00011218853820593733,-5.6289820249522116e-05,0.0,conditional
43,conditional_XMV_01,14,20,0.8432589173316956,0.9954318521594684,0.9977454136133068,0.01075,1.0,3.8,1,0.9954343438538206,0.9977442133008472,0.011,2.491694352180218e-06,-1.200312459648245e-06,-0.0002500000000000002,conditional
43,conditional_XMV_01,15,20,0.8432589173316956,0.509344476744186,0.6125695029152364,0.0105,0.0,302.0,1,0.5094419019933555,0.6125112155946453,0.011,9.742524916944717e-05,-5.828732059109942e-05,-0.0004999999999999987,conditional
43,conditional_XMV_01,16,20,0.8432589173316956,0.5099552325581396,0.6092543208252723,0.013,0.0,302.0,1,0.5098782392026578,0.6091423355553508,0.013,-7.699335548172481e-05,-0.0001119852699215107,0.0,conditional
43,conditional_XMV_01,17,20,0.8432589173316956,0.9521214700996676,0.9768185683535112,0.007,1.0,30.95,1,0.9521882059800664,0.9768604092665302,0.007,6.673588039873835e-05,4.184091301895343e-05,0.0,conditional
43,conditional_XMV_01,18,20,0.8432589173316956,0.8832973421926911,0.9364392036705892,0.00975,1.0,61.95,1,0.8838511835548173,0.936774988480858,0.01,0.0005538413621262173,0.00033578481026885765,-0.0002500000000000002,conditional
43,conditional_XMV_01,19,20,0.8432589173316956,0.9530893480066444,0.974813268068247,0.01025,1.0,28.7,1,0.9529775747508306,0.9747289964340248,0.01,-0.00011177325581379627,-8.427163422219941e-05,0.0002500000000000002,conditional
43,conditional_XMV_01,20,20,0.8432589173316956,0.939545681063123,0.9702972738385756,0.01,1.0,41.05,1,0.9394416320598008,0.9702197119147664,0.01025,-0.00010404900332217082,-7.756192380914406e-05,-0.0002500000000000002,conditional
43,conditional_XMV_01,21,20,0.8432589173316956,0.49854375,0.5982855201151998,0.01125,0.0,302.0,1,0.4988573712624585,0.5982249233290063,0.01125,0.00031362126245848554,-6.059678619341202e-05,0.0,conditional
43,conditional_XMV_01,22,20,0.8432589173316956,0.5637211586378738,0.6539974826412241,0.013,0.0,302.0,1,0.5631645971760797,0.6532031586320565,0.013,-0.0005565614617940584,-0.0007943240091676795,0.0,conditional
43,conditional_XMV_01,23,20,0.8432589173316956,0.5383022009966777,0.6296668027230515,0.01025,0.0,302.0,1,0.5380577034883721,0.6295229401707889,0.01025,-0.0002444975083055745,-0.00014386255226261913,0.0,conditional
43,conditional_XMV_01,24,20,0.8432589173316956,0.965724169435216,0.9819845567672988,0.009,1.0,15.4,1,0.9684987956810632,0.9835692211131628,0.00925,0.0027746262458472337,0.0015846643458640175,-0.0002500000000000002,conditional
43,conditional_XMV_01,25,20,0.8432589173316956,0.8857607350498339,0.9328651217951028,0.00775,1.0,36.05,1,0.890172342192691,0.9358692355876758,0.0075,0.004411607142857155,0.0030041137925729267,0.0002500000000000002,conditional
43,conditional_XMV_01,26,20,0.8432589173316956,0.9272322259136212,0.9611053455856003,0.01025,1.0,27.55,1,0.9266181893687708,0.9607534572898484,0.0105,-0.0006140365448503715,-0.00035188829575194536,-0.0002500000000000002,conditional
43,conditional_XMV_01,27,20,0.8432589173316956,0.8223056478405315,0.8878233874487697,0.008,1.0,22.5,1,0.8234334925249169,0.8885581160518617,0.0075,0.0011278446843854262,0.0007347286030920941,0.0005000000000000004,conditional
43,conditional_XMV_01,28,20,0.8432589173316956,0.5574790697674419,0.6613922863606183,0.00875,0.0,302.0,1,0.5576340531561462,0.6613604521533062,0.00925,0.00015498338870434392,-3.183420731212028e-05,-0.0004999999999999987,conditional
43,conditional_XMV_02,1,20,0.8446038961410522,0.9950401993355482,0.9975106585331333,0.009,1.0,4.45,2,0.9950808139534884,0.9975299277698556,0.00925,4.0614617940137876e-05,1.9269236722352368e-05,-0.0002500000000000002,conditional
43,conditional_XMV_02,2,20,0.8446038961410522,0.9899514119601328,0.9948448843301314,0.00925,1.0,12.05,2,0.9900240863787376,0.994886186725774,0.01025,7.267441860481227e-05,4.130239564259508e-05,-0.0010000000000000009,conditional
43,conditional_XMV_02,3,20,0.8446038961410522,0.5400563122923588,0.6326315776792156,0.00875,0.0,302.0,2,0.5398057516611295,0.6326942756312097,0.0085,-0.00025056063122930183,6.269795199409511e-05,0.0002500000000000002,conditional
43,conditional_XMV_02,4,20,0.8446038961410522,0.97145103820598,0.9804724303281368,0.01075,1.0,2.0,2,0.9696671096345516,0.9790255541560424,0.01075,-0.0017839285714283948,-0.0014468761720943801,0.0,conditional
43,conditional_XMV_02,5,20,0.8446038961410522,0.5018468853820598,0.6072690648137834,0.01025,0.1,272.0,2,0.5019449958471761,0.6074807235892674,0.00975,9.811046511631893e-05,0.0002116587754840138,0.0005000000000000004,conditional
43,conditional_XMV_02,6,20,0.8446038961410522,0.9980607558139536,0.999085865273022,0.00875,1.0,1.0,2,0.9980522840531562,0.999083783878102,0.00825,-8.471760797434946e-06,-2.0813949199727233e-06,0.0005000000000000004,conditional
43,conditional_XMV_02,7,20,0.8446038961410522,0.99669634551495,0.9983941224572944,0.01,1.0,2.0,2,0.9966982558139534,0.9983952066733324,0.01025,1.910299003426985e-06,1.0842160379498367e-06,-0.0002500000000000002,conditional
43,conditional_XMV_02,8,20,0.8446038961410522,0.9693647217607974,0.9849610732686632,0.009,1.0,23.25,2,0.9694003737541528,0.9849620659542444,0.009,3.565199335542335e-05,9.926855811803748e-07,0.0,conditional
43,conditional_XMV_02,9,20,0.8446038961410522,0.5426297134551495,0.6363393906110204,0.01025,0.0,302.0,2,0.5422330772425249,0.6365822628693385,0.0105,-0.0003966362126246459,0.00024287225831809423,-0.0002500000000000002,conditional
43,conditional_XMV_02,10,20,0.8446038961410522,0.924350622923588,0.9601051978011896,0.00925,1.0,41.0,2,0.9234089700996678,0.9595615085107572,0.00975,-0.0009416528239202249,-0.0005436892904324697,-0.0005000000000000004,conditional
43,conditional_XMV_02,11,20,0.8446038961410522,0.9785171096345516,0.9886475239331092,0.01025,1.0,8.75,2,0.9784831395348838,0.988619439431842,0.01025,-3.397009966787934e-05,-2.8084501267122697e-05,0.0,conditional
43,conditional_XMV_02,12,20,0.8446038961410522,0.7982216569767442,0.8767024543039553,0.01125,1.0,24.65,2,0.7977713455149502,0.8763396958285637,0.01125,-0.00045031146179397297,-0.000362758475391578,0.0,conditional
43,conditional_XMV_02,13,20,0.8446038961410522,0.9481066029900332,0.9747760892514936,0.0105,1.0,34.1,2,0.9481636627906976,0.9747970200310933,0.0105,5.705980066439409e-05,2.0930779599637184e-05,0.0,conditional
43,conditional_XMV_02,14,20,0.8446038961410522,0.9954482558139536,0.9977505412691126,0.01025,1.0,4.0,2,0.9954343438538206,0.9977442133008472,0.011,-1.3911960133006218e-05,-6.327968265384953e-06,-0.0007499999999999989,conditional
43,conditional_XMV_02,15,20,0.8446038961410522,0.5096452034883721,0.6125134532128921,0.0105,0.0,302.0,2,0.5094419019933555,0.6125112155946453,0.011,-0.00020330149501657235,-2.2376182468031303e-06,-0.0004999999999999987,conditional
43,conditional_XMV_02,16,20,0.8446038961410522,0.5096793604651163,0.6094768960207148,0.0125,0.0,302.0,2,0.5098782392026578,0.6091423355553508,0.013,0.00019887873754154128,-0.00033456046536395334,-0.0004999999999999987,conditional
43,conditional_XMV_02,17,20,0.8446038961410522,0.9520850083056478,0.9768158239207178,0.007,1.0,30.95,2,0.9521882059800664,0.9768604092665302,0.007,0.00010319767441857586,4.458534581242013e-05,0.0,conditional
43,conditional_XMV_02,18,20,0.8446038961410522,0.8842765988372093,0.936992870441668,0.01,1.0,61.95,2,0.8838511835548173,0.936774988480858,0.01,-0.00042541528239203874,-0.00021788196080996247,0.0,conditional
43,conditional_XMV_02,19,20,0.8446038961410522,0.95340103820598,0.9749309221568282,0.01075,1.0,28.95,2,0.9529775747508306,0.9747289964340248,0.01,-0.00042346345514943096,-0.00020192572280341992,0.0007499999999999989,conditional
43,conditional_XMV_02,20,20,0.8446038961410522,0.939469476744186,0.9702273381595158,0.009,1.0,41.15,2,0.9394416320598008,0.9702197119147664,0.01025,-2.7844684385214258e-05,-7.626244749370237e-06,-0.0012500000000000011,conditional
43,conditional_XMV_02,21,20,0.8446038961410522,0.4989014950166113,0.5982664969130876,0.0115,0.0,302.0,2,0.4988573712624585,0.5982249233290063,0.01125,-4.4123754152802785e-05,-4.1573584081300297e-05,0.0002500000000000002,conditional
43,conditional_XMV_02,22,20,0.8446038961410522,0.5640190822259136,0.6535927535183972,0.0125,0.0,302.0,2,0.5631645971760797,0.6532031586320565,0.013,-0.0008544850498338752,-0.00038959488634071615,-0.0004999999999999987,conditional
43,conditional_XMV_02,23,20,0.8446038961410522,0.5379756852159469,0.6289688339268203,0.0105,0.0,302.0,2,0.5380577034883721,0.6295229401707889,0.01025,8.201827242526605e-05,0.0005541062439685662,0.0002500000000000002,conditional
43,conditional_XMV_02,24,20,0.8446038961410522,0.9686926495016612,0.9836710865752298,0.0085,1.0,14.8,2,0.9684987956810632,0.9835692211131628,0.00925,-0.00019385382059800005,-0.00010186546206703007,-0.0007499999999999989,conditional
43,conditional_XMV_02,25,20,0.8446038961410522,0.8636897840531561,0.9182953153981656,0.0075,1.0,40.6,2,0.890172342192691,0.9358692355876758,0.0075,0.02648255813953493,0.017573920189510206,0.0,conditional
43,conditional_XMV_02,26,20,0.8446038961410522,0.9264503945182724,0.960640884463352,0.01,1.0,28.05,2,0.9266181893687708,0.9607534572898484,0.0105,0.00016779485049844833,0.00011257282649634881,-0.0005000000000000004,conditional
43,conditional_XMV_02,27,20,0.8446038961410522,0.8241038621262459,0.8892184353491446,0.007,1.0,22.45,2,0.8234334925249169,0.8885581160518617,0.0075,-0.0006703696013289351,-0.0006603192972828298,-0.0004999999999999996,conditional
43,conditional_XMV_02,28,20,0.8446038961410522,0.5579546719269103,0.6617039362453078,0.0085,0.0,302.0,2,0.5576340531561462,0.6613604521533062,0.00925,-0.0003206187707640584,-0.00034348409200157803,-0.0007499999999999989,conditional
43,conditional_XMV_03,1,20,0.8433762788772583,0.9950654069767442,0.9975256389501734,0.0095,1.0,4.45,3,0.9950808139534884,0.9975299277698556,0.00925,1.5406976744181122e-05,4.288819682174427e-06,0.0002500000000000002,conditional
43,conditional_XMV_03,2,20,0.8433762788772583,0.9900261212624584,0.9948860588541146,0.00975,1.0,11.25,3,0.9900240863787376,0.994886186725774,0.01025,-2.034883720747338e-06,1.278716593722251e-07,-0.0005000000000000004,conditional
43,conditional_XMV_03,3,20,0.8433762788772583,0.5396258720930233,0.6324946825402149,0.0085,0.0,302.0,3,0.5398057516611295,0.6326942756312097,0.0085,0.00017987956810627814,0.0001995930909948207,0.0,conditional
43,conditional_XMV_03,4,20,0.8433762788772583,0.968791881229236,0.9783722031796808,0.0105,1.0,2.0,3,0.9696671096345516,0.9790255541560424,0.01075,0.0008752284053156201,0.0006533509763616552,-0.0002499999999999985,conditional
43,conditional_XMV_03,5,20,0.8433762788772583,0.501755419435216,0.6074063879774618,0.00975,0.1,272.0,3,0.5019449958471761,0.6074807235892674,0.00975,0.0001895764119601573,7.433561180558712e-05,0.0,conditional
43,conditional_XMV_03,6,20,0.8433762788772583,0.9980526162790696,0.9990837703610016,0.01,1.0,1.0,3,0.9980522840531562,0.999083783878102,0.00825,-3.322259134463934e-07,1.3517100438953378e-08,0.0017499999999999998,conditional
43,conditional_XMV_03,7,20,0.8433762788772583,0.9967035299003322,0.998397770650116,0.01025,1.0,2.0,3,0.9966982558139534,0.9983952066733324,0.01025,-5.274086378737053e-06,-2.563976783664934e-06,0.0,conditional
43,conditional_XMV_03,8,20,0.8433762788772583,0.9694098006644518,0.9849707065174698,0.00925,1.0,23.1,3,0.9694003737541528,0.9849620659542444,0.009,-9.426910299037417e-06,-8.640563225359443e-06,0.0002500000000000002,conditional
43,conditional_XMV_03,9,20,0.8433762788772583,0.5422965323920266,0.6366892825981657,0.0095,0.0,302.0,3,0.5422330772425249,0.6365822628693385,0.0105,-6.345514950167885e-05,-0.00010701972882720678,-0.0010000000000000009,conditional
43,conditional_XMV_03,10,20,0.8433762788772583,0.9234552740863788,0.959616549920584,0.0095,1.0,42.15,3,0.9234089700996678,0.9595615085107572,0.00975,-4.630398671101599e-05,-5.5041409826817045e-05,-0.0002500000000000002,conditional
43,conditional_XMV_03,11,20,0.8433762788772583,0.9784138704318937,0.9885885583292464,0.0105,1.0,8.7,3,0.9784831395348838,0.988619439431842,0.01025,6.926910299009936e-05,3.088110259563681e-05,0.0002500000000000002,conditional
43,conditional_XMV_03,12,20,0.8433762788772583,0.7976216985049834,0.8763117274474912,0.011,1.0,24.55,3,0.7977713455149502,0.8763396958285637,0.01125,0.00014964700996678015,2.796838107255173e-05,-0.0002500000000000002,conditional
43,conditional_XMV_03,13,20,0.8433762788772583,0.9481615448504984,0.9748003032201706,0.01025,1.0,33.95,3,0.9481636627906976,0.9747970200310933,0.0105,2.1179401992199587e-06,-3.283189077385451e-06,-0.0002500000000000002,conditional
43,conditional_XMV_03,14,20,0.8433762788772583,0.9954189784053156,0.9977382820105892,0.01175,1.0,3.8,3,0.9954343438538206,0.9977442133008472,0.011,1.5365448505000323e-05,5.931290257943367e-06,0.0007500000000000007,conditional
43,conditional_XMV_03,15,20,0.8433762788772583,0.5097500830564784,0.6125867004655622,0.01075,0.0,302.0,3,0.5094419019933555,0.6125112155946453,0.011,-0.00030818106312291427,-7.54848709169087e-05,-0.0002500000000000002,conditional
43,conditional_XMV_03,16,20,0.8433762788772583,0.50989271179402,0.609426550618278,0.01225,0.0,302.0,3,0.5098782392026578,0.6091423355553508,0.013,-1.447259136211354e-05,-0.00028421506292719556,-0.0007499999999999989,conditional
43,conditional_XMV_03,17,20,0.8433762788772583,0.9521055024916945,0.9768241071942344,0.007,1.0,30.85,3,0.9521882059800664,0.9768604092665302,0.007,8.270348837191577e-05,3.630207229576854e-05,0.0,conditional
43,conditional_XMV_03,18,20,0.8433762788772583,0.883797238372093,0.9367247265060152,0.01,1.0,61.95,3,0.8838511835548173,0.936774988480858,0.01,5.394518272427984e-05,5.026197484281347e-05,0.0,conditional
43,conditional_XMV_03,19,20,0.8433762788772583,0.9529557516611296,0.9747373441077518,0.01025,1.0,28.4,3,0.9529775747508306,0.9747289964340248,0.01,2.1823089701000775e-05,-8.347673727038263e-06,0.0002500000000000002,conditional
43,conditional_XMV_03,20,20,0.8433762788772583,0.9394354651162792,0.9702281655752978,0.01,1.0,41.05,3,0.9394416320598008,0.9702197119147664,0.01025,6.1669435216238355e-06,-8.453660531371199e-06,-0.0002500000000000002,conditional
43,conditional_XMV_03,21,20,0.8433762788772583,0.499059842192691,0.5985560183225537,0.01075,0.0,302.0,3,0.4988573712624585,0.5982249233290063,0.01125,-0.00020247093023251228,-0.00033109499354733174,-0.0005000000000000004,conditional
43,conditional_XMV_03,22,20,0.8433762788772583,0.5632564161129568,0.6533340657004233,0.01225,0.0,302.0,3,0.5631645971760797,0.6532031586320565,0.013,-9.18189368771527e-05,-0.00013090706836682564,-0.0007499999999999989,conditional
43,conditional_XMV_03,23,20,0.8433762788772583,0.5121088870431894,0.6084085987476705,0.01025,0.0,302.0,3,0.5380577034883721,0.6295229401707889,0.01025,0.025948816445182765,0.02111434142311841,0.0,conditional
43,conditional_XMV_03,24,20,0.8433762788772583,0.96844792358804,0.9835458662737526,0.00925,1.0,14.8,3,0.9684987956810632,0.9835692211131628,0.00925,5.0872093023235365e-05,2.335483941018346e-05,0.0,conditional
43,conditional_XMV_03,25,20,0.8433762788772583,0.8897244601328904,0.9355706993323112,0.00775,1.0,35.6,3,0.890172342192691,0.9358692355876758,0.0075,0.00044788205980061946,0.00029853625536457873,0.0002500000000000002,conditional
43,conditional_XMV_03,26,20,0.8433762788772583,0.9268412375415284,0.9608783526488032,0.01075,1.0,28.1,3,0.9266181893687708,0.9607534572898484,0.0105,-0.00022304817275753397,-0.00012489535895476855,0.0002499999999999985,conditional
43,conditional_XMV_03,27,20,0.8433762788772583,0.8238415697674418,0.8889152840186086,0.00775,1.0,22.45,3,0.8234334925249169,0.8885581160518617,0.0075,-0.00040807724252489574,-0.0003571679667468963,0.0002500000000000002,conditional
43,conditional_XMV_03,28,20,0.8433762788772583,0.557271407807309,0.6608045285924298,0.0095,0.0,302.0,3,0.5576340531561462,0.6613604521533062,0.00925,0.00036264534883723165,0.0005559235608764146,0.0002500000000000002,conditional
43,conditional_XMV_04,1,20,0.8475419878959656,0.9950356727574752,0.9975058685346724,0.00875,1.0,4.65,4,0.9950808139534884,0.9975299277698556,0.00925,4.5141196013176454e-05,2.4059235183226946e-05,-0.0004999999999999987,conditional
43,conditional_XMV_04,2,20,0.8475419878959656,0.9896812707641196,0.9947260253074292,0.00875,1.0,11.95,4,0.9900240863787376,0.994886186725774,0.01025,0.00034281561461801946,0.00016016141834485076,-0.0014999999999999996,conditional
43,conditional_XMV_04,3,20,0.8475419878959656,0.5366772009966777,0.6301926428785061,0.0085,0.0,302.0,4,0.5398057516611295,0.6326942756312097,0.0085,0.0031285506644518346,0.002501632752703653,0.0,conditional
43,conditional_XMV_04,4,20,0.8475419878959656,0.972425207641196,0.9811731052331436,0.01075,1.0,2.0,4,0.9696671096345516,0.9790255541560424,0.01075,-0.002758098006644394,-0.002147551077101184,0.0,conditional
43,conditional_XMV_04,5,20,0.8475419878959656,0.5019131021594685,0.6078757710370529,0.009,0.1,272.0,4,0.5019449958471761,0.6074807235892674,0.00975,3.1893687707618135e-05,-0.0003950474477855126,-0.0007500000000000007,conditional
43,conditional_XMV_04,6,20,0.8475419878959656,0.9980982973421928,0.9991021407529148,0.007,1.0,1.0,4,0.9980522840531562,0.999083783878102,0.00825,-4.601328903663937e-05,-1.8356874812774926e-05,-0.0012500000000000002,conditional
43,conditional_XMV_04,7,20,0.8475419878959656,0.996728446843854,0.998406484510607,0.00925,1.0,2.0,4,0.9966982558139534,0.9983952066733324,0.01025,-3.0191029900539235e-05,-1.1277837274614733e-05,-0.0010000000000000009,conditional
43,conditional_XMV_04,8,20,0.8475419878959656,0.9693361710963456,0.9849310710501836,0.0095,1.0,23.3,4,0.9694003737541528,0.9849620659542444,0.009,6.420265780715528e-05,3.0994904060777095e-05,0.0005000000000000004,conditional
43,conditional_XMV_04,9,20,0.8475419878959656,0.5390657392026578,0.63384707901131,0.01025,0.0,302.0,4,0.5422330772425249,0.6365822628693385,0.0105,0.003167338039867129,0.0027351838580285115,-0.0002500000000000002,conditional
43,conditional_XMV_04,10,20,0.8475419878959656,0.9233899916943522,0.9595511714809436,0.00925,1.0,41.6,4,0.9234089700996678,0.9595615085107572,0.00975,1.897840531561723e-05,1.0337029813567433e-05,-0.0005000000000000004,conditional
43,conditional_XMV_04,11,20,0.8475419878959656,0.9784937707641196,0.9886205955996652,0.00975,1.0,8.75,4,0.9784831395348838,0.988619439431842,0.01025,-1.0631229235835704e-05,-1.1561678231464256e-06,-0.0005000000000000004,conditional
43,conditional_XMV_04,12,20,0.8475419878959656,0.7966745016611295,0.8754007377317989,0.01175,1.0,25.35,4,0.7977713455149502,0.8763396958285637,0.01125,0.0010968438538206948,0.0009389580967648081,0.0005000000000000004,conditional
43,conditional_XMV_04,13,20,0.8475419878959656,0.948099169435216,0.974729745715008,0.01125,1.0,34.05,4,0.9481636627906976,0.9747970200310933,0.0105,6.449335548164292e-05,6.727431608521961e-05,0.0007499999999999989,conditional
43,conditional_XMV_04,14,20,0.8475419878959656,0.9954844684385382,0.9977610251743578,0.00975,1.0,4.0,4,0.9954343438538206,0.9977442133008472,0.011,-5.012458471764791e-05,-1.681187351065816e-05,-0.0012499999999999994,conditional
43,conditional_XMV_04,15,20,0.8475419878959656,0.5086507267441861,0.6126055606268392,0.00975,0.0,302.0,4,0.5094419019933555,0.6125112155946453,0.011,0.0007911752491693846,-9.43450321939654e-05,-0.0012499999999999994,conditional
43,conditional_XMV_04,16,20,0.8475419878959656,0.5093735880398671,0.6079497566975067,0.01175,0.0,302.0,4,0.5098782392026578,0.6091423355553508,0.013,0.000504651162790748,0.0011925788578440732,-0.0012499999999999994,conditional
43,conditional_XMV_04,17,20,0.8475419878959656,0.9520602782392028,0.9768128240202918,0.00725,1.0,30.95,4,0.9521882059800664,0.9768604092665302,0.007,0.00012792774086356484,4.7585246238379675e-05,0.0002500000000000002,conditional
43,conditional_XMV_04,18,20,0.8475419878959656,0.8834538828903654,0.9365950210337098,0.0095,1.0,62.25,4,0.8838511835548173,0.936774988480858,0.01,0.00039730066445187173,0.00017996744714821045,-0.0005000000000000004,conditional
43,conditional_XMV_04,19,20,0.8475419878959656,0.956691985049834,0.9769538335141192,0.00925,1.0,28.0,4,0.9529775747508306,0.9747289964340248,0.01,-0.0037144102990034344,-0.002224837080094466,-0.0007500000000000007,conditional
43,conditional_XMV_04,20,20,0.8475419878959656,0.9392867109634552,0.970091116902548,0.00925,1.0,41.55,4,0.9394416320598008,0.9702197119147664,0.01025,0.00015492109634562823,0.00012859501221840208,-0.0010000000000000009,conditional
43,conditional_XMV_04,21,20,0.8475419878959656,0.4995422965116279,0.5989496691487771,0.01125,0.0,302.0,4,0.4988573712624585,0.5982249233290063,0.01125,-0.0006849252491694102,-0.0007247458197707779,0.0,conditional
43,conditional_XMV_04,22,20,0.8475419878959656,0.5590048172757475,0.6503525925526539,0.01175,0.0,302.0,4,0.5631645971760797,0.6532031586320565,0.013,0.004159779900332228,0.0028505660794025944,-0.0012499999999999994,conditional
43,conditional_XMV_04,23,20,0.8475419878959656,0.576562292358804,0.6664501108229615,0.0105,0.0,302.0,4,0.5380577034883721,0.6295229401707889,0.01025,-0.038504588870431844,-0.03692717065217255,0.0002500000000000002,conditional
43,conditional_XMV_04,24,20,0.8475419878959656,0.96853646179402,0.9835945687704136,0.0085,1.0,14.9,4,0.9684987956810632,0.9835692211131628,0.00925,-3.766611295674682e-05,-2.5347657250818223e-05,-0.0007499999999999989,conditional
43,conditional_XMV_04,25,20,0.8475419878959656,0.8882171926910299,0.9345285972775488,0.0075,1.0,34.7,4,0.890172342192691,0.9358692355876758,0.0075,0.001955149501661091,0.0013406383101269848,0.0,conditional
43,conditional_XMV_04,26,20,0.8475419878959656,0.8447384759136213,0.9089832320663308,0.00975,1.0,46.35,4,0.9266181893687708,0.9607534572898484,0.0105,0.08187971345514955,0.051770225223517596,-0.0007500000000000007,conditional
43,conditional_XMV_04,27,20,0.8475419878959656,0.8232094061461794,0.8885676946683154,0.00675,1.0,22.4,4,0.8234334925249169,0.8885581160518617,0.0075,0.00022408637873749804,-9.57861645367597e-06,-0.0007499999999999998,conditional
43,conditional_XMV_04,28,20,0.8475419878959656,0.5546450789036544,0.6586162463341244,0.0095,0.0,302.0,4,0.5576340531561462,0.6613604521533062,0.00925,0.002988974252491783,0.0027442058191817775,0.0002500000000000002,conditional
43,conditional_XMV_05,1,20,0.8427844047546387,0.9950808139534884,0.9975299277698556,0.00925,1.0,4.45,5,0.9950808139534884,0.9975299277698556,0.00925,0.0,0.0,0.0,conditional
43,conditional_XMV_05,2,20,0.8427844047546387,0.9900240863787376,0.994886186725774,0.01025,1.0,11.25,5,0.9900240863787376,0.994886186725774,0.01025,0.0,0.0,0.0,conditional
43,conditional_XMV_05,3,20,0.8427844047546387,0.5398057516611295,0.6326942756312097,0.0085,0.0,302.0,5,0.5398057516611295,0.6326942756312097,0.0085,0.0,0.0,0.0,conditional
43,conditional_XMV_05,4,20,0.8427844047546387,0.9696671096345516,0.9790255541560424,0.01075,1.0,2.0,5,0.9696671096345516,0.9790255541560424,0.01075,0.0,0.0,0.0,conditional
43,conditional_XMV_05,5,20,0.8427844047546387,0.5019449958471761,0.6074807235892674,0.00975,0.1,272.0,5,0.5019449958471761,0.6074807235892674,0.00975,0.0,0.0,0.0,conditional
43,conditional_XMV_05,6,20,0.8427844047546387,0.9980522840531562,0.999083783878102,0.00825,1.0,1.0,5,0.9980522840531562,0.999083783878102,0.00825,0.0,0.0,0.0,conditional
43,conditional_XMV_05,7,20,0.8427844047546387,0.9966982558139534,0.9983952066733324,0.01025,1.0,2.0,5,0.9966982558139534,0.9983952066733324,0.01025,0.0,0.0,0.0,conditional
43,conditional_XMV_05,8,20,0.8427844047546387,0.9694003737541528,0.9849620659542444,0.009,1.0,23.1,5,0.9694003737541528,0.9849620659542444,0.009,0.0,0.0,0.0,conditional
43,conditional_XMV_05,9,20,0.8427844047546387,0.5422330772425249,0.6365822628693385,0.0105,0.0,302.0,5,0.5422330772425249,0.6365822628693385,0.0105,0.0,0.0,0.0,conditional
43,conditional_XMV_05,10,20,0.8427844047546387,0.9234089700996678,0.9595615085107572,0.00975,1.0,41.95,5,0.9234089700996678,0.9595615085107572,0.00975,0.0,0.0,0.0,conditional
43,conditional_XMV_05,11,20,0.8427844047546387,0.9784831395348838,0.988619439431842,0.01025,1.0,8.7,5,0.9784831395348838,0.988619439431842,0.01025,0.0,0.0,0.0,conditional
43,conditional_XMV_05,12,20,0.8427844047546387,0.7977713455149502,0.8763396958285637,0.01125,1.0,25.65,5,0.7977713455149502,0.8763396958285637,0.01125,0.0,0.0,0.0,conditional
43,conditional_XMV_05,13,20,0.8427844047546387,0.9481636627906976,0.9747970200310933,0.0105,1.0,33.95,5,0.9481636627906976,0.9747970200310933,0.0105,0.0,0.0,0.0,conditional
43,conditional_XMV_05,14,20,0.8427844047546387,0.9954343438538206,0.9977442133008472,0.011,1.0,3.8,5,0.9954343438538206,0.9977442133008472,0.011,0.0,0.0,0.0,conditional
43,conditional_XMV_05,15,20,0.8427844047546387,0.5094419019933555,0.6125112155946453,0.011,0.0,302.0,5,0.5094419019933555,0.6125112155946453,0.011,0.0,0.0,0.0,conditional
43,conditional_XMV_05,16,20,0.8427844047546387,0.5098782392026578,0.6091423355553508,0.013,0.0,302.0,5,0.5098782392026578,0.6091423355553508,0.013,0.0,0.0,0.0,conditional
43,conditional_XMV_05,17,20,0.8427844047546387,0.9521882059800664,0.9768604092665302,0.007,1.0,30.85,5,0.9521882059800664,0.9768604092665302,0.007,0.0,0.0,0.0,conditional
43,conditional_XMV_05,18,20,0.8427844047546387,0.8838511835548173,0.936774988480858,0.01,1.0,61.95,5,0.8838511835548173,0.936774988480858,0.01,0.0,0.0,0.0,conditional
43,conditional_XMV_05,19,20,0.8427844047546387,0.9529775747508306,0.9747289964340248,0.01,1.0,28.35,5,0.9529775747508306,0.9747289964340248,0.01,0.0,0.0,0.0,conditional
43,conditional_XMV_05,20,20,0.8427844047546387,0.9394416320598008,0.9702197119147664,0.01025,1.0,41.05,5,0.9394416320598008,0.9702197119147664,0.01025,0.0,0.0,0.0,conditional
43,conditional_XMV_05,21,20,0.8427844047546387,0.4988573712624585,0.5982249233290063,0.01125,0.0,302.0,5,0.4988573712624585,0.5982249233290063,0.01125,0.0,0.0,0.0,conditional
43,conditional_XMV_05,22,20,0.8427844047546387,0.5631645971760797,0.6532031586320565,0.013,0.0,302.0,5,0.5631645971760797,0.6532031586320565,0.013,0.0,0.0,0.0,conditional
43,conditional_XMV_05,23,20,0.8427844047546387,0.5380577034883721,0.6295229401707889,0.01025,0.0,302.0,5,0.5380577034883721,0.6295229401707889,0.01025,0.0,0.0,0.0,conditional
43,conditional_XMV_05,24,20,0.8427844047546387,0.9684987956810632,0.9835692211131628,0.00925,1.0,14.85,5,0.9684987956810632,0.9835692211131628,0.00925,0.0,0.0,0.0,conditional
43,conditional_XMV_05,25,20,0.8427844047546387,0.890172342192691,0.9358692355876758,0.0075,1.0,34.65,5,0.890172342192691,0.9358692355876758,0.0075,0.0,0.0,0.0,conditional
43,conditional_XMV_05,26,20,0.8427844047546387,0.9266181893687708,0.9607534572898484,0.0105,1.0,28.05,5,0.9266181893687708,0.9607534572898484,0.0105,0.0,0.0,0.0,conditional
43,conditional_XMV_05,27,20,0.8427844047546387,0.8234334925249169,0.8885581160518617,0.0075,1.0,22.45,5,0.8234334925249169,0.8885581160518617,0.0075,0.0,0.0,0.0,conditional
43,conditional_XMV_05,28,20,0.8427844047546387,0.5576340531561462,0.6613604521533062,0.00925,0.0,302.0,5,0.5576340531561462,0.6613604521533062,0.00925,0.0,0.0,0.0,conditional
43,conditional_XMV_06,1,20,0.8429927229881287,0.9950704318936876,0.9975234841284508,0.009,1.0,4.55,6,0.9950808139534884,0.9975299277698556,0.00925,1.0382059800750909e-05,6.443641404785261e-06,-0.0002500000000000002,conditional
43,conditional_XMV_06,2,20,0.8429927229881287,0.9900297342192692,0.994889121641814,0.01025,1.0,11.25,6,0.9900240863787376,0.994886186725774,0.01025,-5.64784053158629e-06,-2.9349160399760876e-06,0.0,conditional
43,conditional_XMV_06,3,20,0.8429927229881287,0.5400453488372093,0.6329927813780306,0.0085,0.0,302.0,6,0.5398057516611295,0.6326942756312097,0.0085,-0.0002395971760797977,-0.0002985057468208874,0.0,conditional
43,conditional_XMV_06,4,20,0.8429927229881287,0.9704583056478404,0.9796884936931722,0.0105,1.0,2.0,6,0.9696671096345516,0.9790255541560424,0.01075,-0.0007911960132888085,-0.0006629395371298141,-0.0002499999999999985,conditional
43,conditional_XMV_06,5,20,0.8429927229881287,0.5018490448504983,0.6075021014825301,0.01,0.1,272.0,6,0.5019449958471761,0.6074807235892674,0.00975,9.595099667780715e-05,-2.1377893262730652e-05,0.0002500000000000002,conditional
43,conditional_XMV_06,6,20,0.8429927229881287,0.998048546511628,0.9990825153451162,0.00825,1.0,1.0,6,0.9980522840531562,0.999083783878102,0.00825,3.737541528159305e-06,1.2685329858763694e-06,0.0,conditional
43,conditional_XMV_06,7,20,0.8429927229881287,0.996704111295681,0.99839724598626,0.01,1.0,2.0,6,0.9966982558139534,0.9983952066733324,0.01025,-5.855481727601308e-06,-2.039312927637482e-06,-0.0002500000000000002,conditional
43,conditional_XMV_06,8,20,0.8429927229881287,0.9694034468438538,0.9849598040664456,0.009,1.0,23.1,6,0.9694003737541528,0.9849620659542444,0.009,-3.0730897010444735e-06,2.261887798837847e-06,0.0,conditional
43,conditional_XMV_06,9,20,0.8429927229881287,0.5423171719269103,0.6367804838904364,0.0105,0.0,302.0,6,0.5422330772425249,0.6365822628693385,0.0105,-8.409468438541623e-05,-0.00019822102109789963,0.0,conditional
43,conditional_XMV_06,10,20,0.8429927229881287,0.9233044435215948,0.9594996503156664,0.00975,1.0,41.85,6,0.9234089700996678,0.9595615085107572,0.00975,0.00010452657807302757,6.185819509074708e-05,0.0,conditional
43,conditional_XMV_06,11,20,0.8429927229881287,0.978667607973422,0.9887207907385802,0.01,1.0,8.7,6,0.9784831395348838,0.988619439431842,0.01025,-0.00018446843853825445,-0.00010135130673816217,-0.0002500000000000002,conditional
43,conditional_XMV_06,12,20,0.8429927229881287,0.7980465946843854,0.8764991486059034,0.0115,1.0,25.65,6,0.7977713455149502,0.8763396958285637,0.01125,-0.00027524916943522104,-0.00015945277733964147,0.0002500000000000002,conditional
43,conditional_XMV_06,13,20,0.8429927229881287,0.9481292358803988,0.97478272768019,0.0105,1.0,34.0,6,0.9481636627906976,0.9747970200310933,0.0105,3.442691029886813e-05,1.4292350903222228e-05,0.0,conditional
43,conditional_XMV_06,14,20,0.8429927229881287,0.995433118770764,0.9977432299212844,0.011,1.0,3.8,6,0.9954343438538206,0.9977442133008472,0.011,1.2250830565552207e-06,9.833795627800512e-07,0.0,conditional
43,conditional_XMV_06,15,20,0.8429927229881287,0.5095537375415282,0.6125809282379056,0.0105,0.0,302.0,6,0.5094419019933555,0.6125112155946453,0.011,-0.000111835548172734,-6.971264326027793e-05,-0.0004999999999999987,conditional
43,conditional_XMV_06,16,20,0.8429927229881287,0.5097747508305648,0.6090973657651492,0.013,0.0,302.0,6,0.5098782392026578,0.6091423355553508,0.013,0.0001034883720930635,4.4969790201632165e-05,0.0,conditional
43,conditional_XMV_06,17,20,0.8429927229881287,0.9522072259136212,0.976870835832132,0.007,1.0,30.85,6,0.9521882059800664,0.9768604092665302,0.007,-1.901993355479803e-05,-1.0426565601795446e-05,0.0,conditional
43,conditional_XMV_06,18,20,0.8429927229881287,0.8842045888704319,0.9369506951957852,0.01,1.0,61.75,6,0.8838511835548173,0.936774988480858,0.01,-0.00035340531561456334,-0.00017570671492717072,0.0,conditional
43,conditional_XMV_06,19,20,0.8429927229881287,0.9529373131229236,0.9747061913538826,0.01,1.0,28.45,6,0.9529775747508306,0.9747289964340248,0.01,4.026162790693455e-05,2.2805080142185297e-05,0.0,conditional
43,conditional_XMV_06,20,20,0.8429927229881287,0.9396427533222592,0.9703260917106312,0.00975,1.0,40.95,6,0.9394416320598008,0.9702197119147664,0.01025,-0.00020112126245841466,-0.00010637979586480828,-0.0005000000000000004,conditional
43,conditional_XMV_06,21,20,0.8429927229881287,0.498897030730897,0.5982658955907283,0.011,0.0,302.0,6,0.4988573712624585,0.5982249233290063,0.01125,-3.9659468438479895e-05,-4.09722617219499e-05,-0.0002500000000000002,conditional
43,conditional_XMV_06,22,20,0.8429927229881287,0.5634105897009967,0.6533583411295402,0.01275,0.0,302.0,6,0.5631645971760797,0.6532031586320565,0.013,-0.00024599252491697143,-0.00015518249748369684,-0.0002500000000000002,conditional
43,conditional_XMV_06,23,20,0.8429927229881287,0.5381124169435216,0.6294856092226544,0.01075,0.0,302.0,6,0.5380577034883721,0.6295229401707889,0.01025,-5.47134551495132e-05,3.733094813451743e-05,0.0004999999999999987,conditional
43,conditional_XMV_06,24,20,0.8429927229881287,0.9685796511627908,0.9836124819761822,0.0095,1.0,14.85,6,0.9684987956810632,0.9835692211131628,0.00925,-8.085548172753754e-05,-4.326086301942311e-05,0.0002500000000000002,conditional
43,conditional_XMV_06,25,20,0.8429927229881287,0.8908890780730897,0.9363121784937792,0.0075,1.0,34.55,6,0.890172342192691,0.9358692355876758,0.0075,-0.0007167358803986668,-0.00044294290610347176,0.0,conditional
43,conditional_XMV_06,26,20,0.8429927229881287,0.9265847176079736,0.9607398680511712,0.01025,1.0,28.0,6,0.9266181893687708,0.9607534572898484,0.0105,3.347176079726566e-05,1.3589238677225168e-05,-0.0002500000000000002,conditional
43,conditional_XMV_06,27,20,0.8429927229881287,0.8244184593023256,0.8893611581385928,0.00725,1.0,22.45,6,0.8234334925249169,0.8885581160518617,0.0075,-0.000984966777408669,-0.0008030420867310983,-0.00024999999999999935,conditional
43,conditional_XMV_06,28,20,0.8429927229881287,0.557530315614618,0.6611807072307414,0.00925,0.0,302.0,6,0.5576340531561462,0.6613604521533062,0.00925,0.00010373754152825931,0.00017974492256478403,0.0,conditional
43,conditional_XMV_07,1,20,0.84238201379776,0.9950561877076411,0.9975174742714588,0.00925,1.0,4.45,7,0.9950808139534884,0.9975299277698556,0.00925,2.462624584720352e-05,1.2453498396847174e-05,0.0,conditional
43,conditional_XMV_07,2,20,0.84238201379776,0.98994844269103,0.9948458341869928,0.0105,1.0,11.85,7,0.9900240863787376,0.994886186725774,0.01025,7.56436877076272e-05,4.035253878120759e-05,0.0002500000000000002,conditional
43,conditional_XMV_07,3,20,0.84238201379776,0.5398621262458472,0.6327345415637525,0.0085,0.0,302.0,7,0.5398057516611295,0.6326942756312097,0.0085,-5.637458471763335e-05,-4.026593254280453e-05,0.0,conditional
43,conditional_XMV_07,4,20,0.84238201379776,0.9693699335548172,0.9788604721217824,0.01075,1.0,2.0,7,0.9696671096345516,0.9790255541560424,0.01075,0.00029717607973445137,0.00016508203426002233,0.0,conditional
43,conditional_XMV_07,5,20,0.84238201379776,0.5016458264119601,0.6069159383592213,0.01025,0.1,272.0,7,0.5019449958471761,0.6074807235892674,0.00975,0.0002991694352160179,0.0005647852300461054,0.0005000000000000004,conditional
43,conditional_XMV_07,6,20,0.84238201379776,0.9980681063122924,0.999088738912214,0.00875,1.0,1.0,7,0.9980522840531562,0.999083783878102,0.00825,-1.582225913621116e-05,-4.955034111908674e-06,0.0005000000000000004,conditional
43,conditional_XMV_07,7,20,0.84238201379776,0.9966926495016613,0.9983939963219172,0.011,1.0,2.0,7,0.9966982558139534,0.9983952066733324,0.01025,5.606312292183446e-06,1.2103514152039807e-06,0.0007499999999999989,conditional
43,conditional_XMV_07,8,20,0.84238201379776,0.9692928571428572,0.9848934838672035,0.00925,1.0,23.15,7,0.9694003737541528,0.9849620659542444,0.009,0.00010751661129559942,6.858208704085822e-05,0.0002500000000000002,conditional
43,conditional_XMV_07,9,20,0.84238201379776,0.542365157807309,0.6367944310805812,0.01175,0.0,302.0,7,0.5422330772425249,0.6365822628693385,0.0105,-0.00013208056478408725,-0.00021216821124270258,0.0012499999999999994,conditional
43,conditional_XMV_07,10,20,0.84238201379776,0.9213434800664452,0.9582790132563872,0.01,1.0,42.15,7,0.9234089700996678,0.9595615085107572,0.00975,0.00206549003322265,0.0012824952543699641,0.0002500000000000002,conditional
43,conditional_XMV_07,11,20,0.84238201379776,0.9784761627906976,0.98862617992322,0.01125,1.0,8.75,7,0.9784831395348838,0.988619439431842,0.01025,6.97674418614902e-06,-6.740491377943414e-06,0.0009999999999999992,conditional
43,conditional_XMV_07,12,20,0.84238201379776,0.7974084094684385,0.8760569640139149,0.01175,1.0,24.5,7,0.7977713455149502,0.8763396958285637,0.01125,0.0003629360465117193,0.0002827318146488844,0.0005000000000000004,conditional
43,conditional_XMV_07,13,20,0.84238201379776,0.9482406146179402,0.9748250285849456,0.0105,1.0,33.95,7,0.9481636627906976,0.9747970200310933,0.0105,-7.695182724254401e-05,-2.800855385232115e-05,0.0,conditional
43,conditional_XMV_07,14,20,0.84238201379776,0.9954361710963456,0.9977454250457556,0.011,1.0,3.8,7,0.9954343438538206,0.9977442133008472,0.011,-1.8272425250653868e-06,-1.2117449084136922e-06,0.0,conditional
43,conditional_XMV_07,15,20,0.84238201379776,0.5096647840531562,0.612811075868757,0.01075,0.0,302.0,7,0.5094419019933555,0.6125112155946453,0.011,-0.00022288205980069975,-0.00029986027411177396,-0.0002500000000000002,conditional
43,conditional_XMV_07,16,20,0.84238201379776,0.5093509759136212,0.6089691135744151,0.0125,0.0,302.0,7,0.5098782392026578,0.6091423355553508,0.013,0.000527263289036628,0.00017322198093572272,-0.0004999999999999987,conditional
43,conditional_XMV_07,17,20,0.84238201379776,0.9521314991694352,0.97681403646446,0.007,1.0,30.95,7,0.9521882059800664,0.9768604092665302,0.007,5.670681063119076e-05,4.637280207020478e-05,0.0,conditional
43,conditional_XMV_07,18,20,0.84238201379776,0.8840603612956811,0.9369051240333922,0.01025,1.0,61.95,7,0.8838511835548173,0.936774988480858,0.01,-0.00020917774086381957,-0.00013013555253416076,0.0002500000000000002,conditional
43,conditional_XMV_07,19,20,0.84238201379776,0.9407263704318936,0.9675314137648862,0.01025,1.0,32.6,7,0.9529775747508306,0.9747289964340248,0.01,0.012251204318937003,0.0071975826691386136,0.0002500000000000002,conditional
43,conditional_XMV_07,20,20,0.84238201379776,0.9394380398671096,0.9701921014748852,0.0105,1.0,40.95,7,0.9394416320598008,0.9702197119147664,0.01025,3.5921926911930413e-06,2.7610439881198268e-05,0.0002500000000000002,conditional
43,conditional_XMV_07,21,20,0.84238201379776,0.4991541943521594,0.5987966869668863,0.01125,0.0,302.0,7,0.4988573712624585,0.5982249233290063,0.01125,-0.000296823089700915,-0.0005717636378799185,0.0,conditional
43,conditional_XMV_07,22,20,0.84238201379776,0.5628695598006644,0.653041313565379,0.01275,0.0,302.0,7,0.5631645971760797,0.6532031586320565,0.013,0.00029503737541525243,0.00016184506667749066,-0.0002500000000000002,conditional
43,conditional_XMV_07,23,20,0.84238201379776,0.5382765365448505,0.6297569853353259,0.0105,0.0,302.0,7,0.5380577034883721,0.6295229401707889,0.01025,-0.0002188330564784069,-0.00023404516453695567,0.0002500000000000002,conditional
43,conditional_XMV_07,24,20,0.84238201379776,0.9684205564784052,0.9834985434110732,0.01,1.0,14.9,7,0.9684987956810632,0.9835692211131628,0.00925,7.823920265803697e-05,7.067770208957214e-05,0.0007500000000000007,conditional
43,conditional_XMV_07,25,20,0.84238201379776,0.8910699335548172,0.9364178271794016,0.008,1.0,34.45,7,0.890172342192691,0.9358692355876758,0.0075,-0.0008975913621261933,-0.0005485915917258222,0.0005000000000000004,conditional
43,conditional_XMV_07,26,20,0.84238201379776,0.9258336586378736,0.9602854962658596,0.01075,1.0,28.15,7,0.9266181893687708,0.9607534572898484,0.0105,0.0007845307308972371,0.00046796102398882766,0.0002499999999999985,conditional
43,conditional_XMV_07,27,20,0.84238201379776,0.8243099252491695,0.889297623669196,0.007,1.0,21.85,7,0.8234334925249169,0.8885581160518617,0.0075,-0.0008764327242525294,-0.0007395076173342119,-0.0004999999999999996,conditional
43,conditional_XMV_07,28,20,0.84238201379776,0.5573530523255814,0.6614917381407318,0.00925,0.0,302.0,7,0.5576340531561462,0.6613604521533062,0.00925,0.00028100083056481484,-0.00013128598742562225,0.0,conditional
43,conditional_XMV_08,1,20,0.8431318402290344,0.9951043189368772,0.9975360037320522,0.00925,1.0,4.6,8,0.9950808139534884,0.9975299277698556,0.00925,-2.3504983388877854e-05,-6.075962196594453e-06,0.0,conditional
43,conditional_XMV_08,2,20,0.8431318402290344,0.990011254152824,0.9948784575276498,0.01075,1.0,11.55,8,0.9900240863787376,0.994886186725774,0.01025,1.2832225913639306e-05,7.729198124195591e-06,0.0004999999999999987,conditional
43,conditional_XMV_08,3,20,0.8431318402290344,0.5396284468438538,0.6327548489855075,0.008,0.0,302.0,8,0.5398057516611295,0.6326942756312097,0.0085,0.00017730481727573633,-6.0573354297766e-05,-0.0005000000000000004,conditional
43,conditional_XMV_08,4,20,0.8431318402290344,0.971126453488372,0.9801468973322192,0.01075,1.0,2.0,8,0.9696671096345516,0.9790255541560424,0.01075,-0.001459343853820405,-0.0011213431761767367,0.0,conditional
43,conditional_XMV_08,5,20,0.8431318402290344,0.5019304817275747,0.6072612688638923,0.01,0.15,257.0,8,0.5019449958471761,0.6074807235892674,0.00975,1.4514119601405362e-05,0.00021945472537510113,0.0002500000000000002,conditional
43,conditional_XMV_08,6,20,0.8431318402290344,0.9980752491694352,0.9990929527017458,0.00925,1.0,1.0,8,0.9980522840531562,0.999083783878102,0.00825,-2.2965116279083375e-05,-9.168823643768143e-06,0.0009999999999999992,conditional
43,conditional_XMV_08,7,20,0.8431318402290344,0.996703903654485,0.9983979326302826,0.01125,1.0,2.0,8,0.9966982558139534,0.9983952066733324,0.01025,-5.64784053158629e-06,-2.7259569502779968e-06,0.0009999999999999992,conditional
43,conditional_XMV_08,8,20,0.8431318402290344,0.9692586794019934,0.9848755518620772,0.009,1.0,23.4,8,0.9694003737541528,0.9849620659542444,0.009,0.00014169435215938275,8.65140921672003e-05,0.0,conditional
43,conditional_XMV_08,9,20,0.8431318402290344,0.5420459094684386,0.6357256981723399,0.011,0.0,302.0,8,0.5422330772425249,0.6365822628693385,0.0105,0.00018716777408633867,0.0008565646969985741,0.0004999999999999987,conditional
43,conditional_XMV_08,10,20,0.8431318402290344,0.9232052533222592,0.959497914410537,0.00975,1.0,42.25,8,0.9234089700996678,0.9595615085107572,0.00975,0.0002037167774086024,6.359410022016565e-05,0.0,conditional
43,conditional_XMV_08,11,20,0.8431318402290344,0.9784681893687708,0.988610986773788,0.00925,1.0,8.8,8,0.9784831395348838,0.988619439431842,0.01025,1.4950166112970287e-05,8.452658054047824e-06,-0.0010000000000000009,conditional
43,conditional_XMV_08,12,20,0.8431318402290344,0.7977139742524917,0.8761625410224965,0.0125,1.0,25.75,8,0.7977713455149502,0.8763396958285637,0.01125,5.737126245852764e-05,0.00017715480606728118,0.0012500000000000011,conditional
43,conditional_XMV_08,13,20,0.8431318402290344,0.9482741279069768,0.9748516679105754,0.01075,1.0,34.05,8,0.9481636627906976,0.9747970200310933,0.0105,-0.00011046511627921252,-5.4647879482172534e-05,0.0002499999999999985,conditional
43,conditional_XMV_08,14,20,0.8431318402290344,0.9954637873754152,0.9977591604210506,0.011,1.0,3.9,8,0.9954343438538206,0.9977442133008472,0.011,-2.9443521594618716e-05,-1.4947120203445685e-05,0.0,conditional
43,conditional_XMV_08,15,20,0.8431318402290344,0.5094077242524917,0.612970803788611,0.01,0.0,302.0,8,0.5094419019933555,0.6125112155946453,0.011,3.4177740863783335e-05,-0.00045958819396574313,-0.0009999999999999992,conditional
43,conditional_XMV_08,16,20,0.8431318402290344,0.5097114825581396,0.6095756118741713,0.012,0.0,302.0,8,0.5098782392026578,0.6091423355553508,0.013,0.00016675664451826222,-0.000433276318820508,-0.0009999999999999992,conditional
43,conditional_XMV_08,17,20,0.8431318402290344,0.9520579526578072,0.97679712978565,0.00725,1.0,30.95,8,0.9521882059800664,0.9768604092665302,0.007,0.0001302533222591329,6.327948088014068e-05,0.0002500000000000002,conditional
43,conditional_XMV_08,18,20,0.8431318402290344,0.8839532599667774,0.9368335268940696,0.01,1.0,61.75,8,0.8838511835548173,0.936774988480858,0.01,-0.00010207641196013917,-5.853841321157294e-05,0.0,conditional
43,conditional_XMV_08,19,20,0.8431318402290344,0.9268125830564784,0.9586739346231442,0.01025,1.0,34.0,8,0.9529775747508306,0.9747289964340248,0.01,0.026164991694352158,0.016055061810880566,0.0002500000000000002,conditional
43,conditional_XMV_08,20,20,0.8431318402290344,0.9394311046511628,0.970222726163011,0.01025,1.0,41.05,8,0.9394416320598008,0.9702197119147664,0.01025,1.052740863805024e-05,-3.0142482445594254e-06,0.0,conditional
43,conditional_XMV_08,21,20,0.8431318402290344,0.4986220930232558,0.5984275879779867,0.0105,0.0,302.0,8,0.4988573712624585,0.5982249233290063,0.01125,0.00023527823920271862,-0.00020266464898033298,-0.0007499999999999989,conditional
43,conditional_XMV_08,22,20,0.8431318402290344,0.5636,0.6537643980292361,0.01275,0.0,302.0,8,0.5631645971760797,0.6532031586320565,0.013,-0.0004354028239202945,-0.0005612393971796692,-0.0002500000000000002,conditional
43,conditional_XMV_08,23,20,0.8431318402290344,0.5386118355481727,0.6300450148610703,0.0105,0.0,302.0,8,0.5380577034883721,0.6295229401707889,0.01025,-0.0005541320598005939,-0.0005220746902814266,0.0002500000000000002,conditional
43,conditional_XMV_08,24,20,0.8431318402290344,0.9684886835548172,0.9835838474248856,0.00875,1.0,14.95,8,0.9684987956810632,0.9835692211131628,0.00925,1.0112126246020203e-05,-1.4626311722776286e-05,-0.0004999999999999987,conditional
43,conditional_XMV_08,25,20,0.8431318402290344,0.889936357973422,0.9355461283525502,0.008,1.0,34.9,8,0.890172342192691,0.9358692355876758,0.0075,0.00023598421926906976,0.0003231072351255193,0.0005000000000000004,conditional
43,conditional_XMV_08,26,20,0.8431318402290344,0.9270253737541528,0.9609547379034928,0.00975,1.0,27.55,8,0.9266181893687708,0.9607534572898484,0.0105,-0.00040718438538200896,-0.00020128061364443894,-0.0007500000000000007,conditional
43,conditional_XMV_08,27,20,0.8431318402290344,0.8236414867109635,0.8887973866325495,0.0075,1.0,22.45,8,0.8234334925249169,0.8885581160518617,0.0075,-0.00020799418604655617,-0.00023927058068773377,0.0,conditional
43,conditional_XMV_08,28,20,0.8431318402290344,0.5571198920265781,0.661040846580295,0.009,0.0,302.0,8,0.5576340531561462,0.6613604521533062,0.00925,0.000514161129568147,0.0003196055730111391,-0.0002500000000000002,conditional
43,conditional_XMV_09,1,20,0.8427844047546387,0.9950808139534884,0.9975299277698556,0.00925,1.0,4.45,9,0.9950808139534884,0.9975299277698556,0.00925,0.0,0.0,0.0,conditional
43,conditional_XMV_09,2,20,0.8427844047546387,0.9900240863787376,0.994886186725774,0.01025,1.0,11.25,9,0.9900240863787376,0.994886186725774,0.01025,0.0,0.0,0.0,conditional
43,conditional_XMV_09,3,20,0.8427844047546387,0.5398057516611295,0.6326942756312097,0.0085,0.0,302.0,9,0.5398057516611295,0.6326942756312097,0.0085,0.0,0.0,0.0,conditional
43,conditional_XMV_09,4,20,0.8427844047546387,0.9696671096345516,0.9790255541560424,0.01075,1.0,2.0,9,0.9696671096345516,0.9790255541560424,0.01075,0.0,0.0,0.0,conditional
43,conditional_XMV_09,5,20,0.8427844047546387,0.5019449958471761,0.6074807235892674,0.00975,0.1,272.0,9,0.5019449958471761,0.6074807235892674,0.00975,0.0,0.0,0.0,conditional
43,conditional_XMV_09,6,20,0.8427844047546387,0.9980522840531562,0.999083783878102,0.00825,1.0,1.0,9,0.9980522840531562,0.999083783878102,0.00825,0.0,0.0,0.0,conditional
43,conditional_XMV_09,7,20,0.8427844047546387,0.9966982558139534,0.9983952066733324,0.01025,1.0,2.0,9,0.9966982558139534,0.9983952066733324,0.01025,0.0,0.0,0.0,conditional
43,conditional_XMV_09,8,20,0.8427844047546387,0.9694003737541528,0.9849620659542444,0.009,1.0,23.1,9,0.9694003737541528,0.9849620659542444,0.009,0.0,0.0,0.0,conditional
43,conditional_XMV_09,9,20,0.8427844047546387,0.5422330772425249,0.6365822628693385,0.0105,0.0,302.0,9,0.5422330772425249,0.6365822628693385,0.0105,0.0,0.0,0.0,conditional
43,conditional_XMV_09,10,20,0.8427844047546387,0.9234089700996678,0.9595615085107572,0.00975,1.0,41.95,9,0.9234089700996678,0.9595615085107572,0.00975,0.0,0.0,0.0,conditional
43,conditional_XMV_09,11,20,0.8427844047546387,0.9784831395348838,0.988619439431842,0.01025,1.0,8.7,9,0.9784831395348838,0.988619439431842,0.01025,0.0,0.0,0.0,conditional
43,conditional_XMV_09,12,20,0.8427844047546387,0.7977713455149502,0.8763396958285637,0.01125,1.0,25.65,9,0.7977713455149502,0.8763396958285637,0.01125,0.0,0.0,0.0,conditional
43,conditional_XMV_09,13,20,0.8427844047546387,0.9481636627906976,0.9747970200310933,0.0105,1.0,33.95,9,0.9481636627906976,0.9747970200310933,0.0105,0.0,0.0,0.0,conditional
43,conditional_XMV_09,14,20,0.8427844047546387,0.9954343438538206,0.9977442133008472,0.011,1.0,3.8,9,0.9954343438538206,0.9977442133008472,0.011,0.0,0.0,0.0,conditional
43,conditional_XMV_09,15,20,0.8427844047546387,0.5094419019933555,0.6125112155946453,0.011,0.0,302.0,9,0.5094419019933555,0.6125112155946453,0.011,0.0,0.0,0.0,conditional
43,conditional_XMV_09,16,20,0.8427844047546387,0.5098782392026578,0.6091423355553508,0.013,0.0,302.0,9,0.5098782392026578,0.6091423355553508,0.013,0.0,0.0,0.0,conditional
43,conditional_XMV_09,17,20,0.8427844047546387,0.9521882059800664,0.9768604092665302,0.007,1.0,30.85,9,0.9521882059800664,0.9768604092665302,0.007,0.0,0.0,0.0,conditional
43,conditional_XMV_09,18,20,0.8427844047546387,0.8838511835548173,0.936774988480858,0.01,1.0,61.95,9,0.8838511835548173,0.936774988480858,0.01,0.0,0.0,0.0,conditional
43,conditional_XMV_09,19,20,0.8427844047546387,0.9529775747508306,0.9747289964340248,0.01,1.0,28.35,9,0.9529775747508306,0.9747289964340248,0.01,0.0,0.0,0.0,conditional
43,conditional_XMV_09,20,20,0.8427844047546387,0.9394416320598008,0.9702197119147664,0.01025,1.0,41.05,9,0.9394416320598008,0.9702197119147664,0.01025,0.0,0.0,0.0,conditional
43,conditional_XMV_09,21,20,0.8427844047546387,0.4988573712624585,0.5982249233290063,0.01125,0.0,302.0,9,0.4988573712624585,0.5982249233290063,0.01125,0.0,0.0,0.0,conditional
43,conditional_XMV_09,22,20,0.8427844047546387,0.5631645971760797,0.6532031586320565,0.013,0.0,302.0,9,0.5631645971760797,0.6532031586320565,0.013,0.0,0.0,0.0,conditional
43,conditional_XMV_09,23,20,0.8427844047546387,0.5380577034883721,0.6295229401707889,0.01025,0.0,302.0,9,0.5380577034883721,0.6295229401707889,0.01025,0.0,0.0,0.0,conditional
43,conditional_XMV_09,24,20,0.8427844047546387,0.9684987956810632,0.9835692211131628,0.00925,1.0,14.85,9,0.9684987956810632,0.9835692211131628,0.00925,0.0,0.0,0.0,conditional
43,conditional_XMV_09,25,20,0.8427844047546387,0.890172342192691,0.9358692355876758,0.0075,1.0,34.65,9,0.890172342192691,0.9358692355876758,0.0075,0.0,0.0,0.0,conditional
43,conditional_XMV_09,26,20,0.8427844047546387,0.9266181893687708,0.9607534572898484,0.0105,1.0,28.05,9,0.9266181893687708,0.9607534572898484,0.0105,0.0,0.0,0.0,conditional
43,conditional_XMV_09,27,20,0.8427844047546387,0.8234334925249169,0.8885581160518617,0.0075,1.0,22.45,9,0.8234334925249169,0.8885581160518617,0.0075,0.0,0.0,0.0,conditional
43,conditional_XMV_09,28,20,0.8427844047546387,0.5576340531561462,0.6613604521533062,0.00925,0.0,302.0,9,0.5576340531561462,0.6613604521533062,0.00925,0.0,0.0,0.0,conditional
43,conditional_XMV_10,1,20,0.8430001735687256,0.9950780315614618,0.9975256289458642,0.009,1.0,4.45,10,0.9950808139534884,0.9975299277698556,0.00925,2.7823920265568347e-06,4.298823991444323e-06,-0.0002500000000000002,conditional
43,conditional_XMV_10,2,20,0.8430001735687256,0.9900232558139536,0.9948886728281084,0.00975,1.0,11.25,10,0.9900240863787376,0.994886186725774,0.01025,8.305647840600727e-07,-2.4861023344424638e-06,-0.0005000000000000004,conditional
43,conditional_XMV_10,3,20,0.8430001735687256,0.5388345514950166,0.6317750600221919,0.00825,0.0,302.0,10,0.5398057516611295,0.6326942756312097,0.0085,0.0009712001661129621,0.0009192156090178649,-0.0002500000000000002,conditional
43,conditional_XMV_10,4,20,0.8430001735687256,0.5179125622923588,0.6271110395161432,0.0105,1.0,2.0,10,0.9696671096345516,0.9790255541560424,0.01075,0.4517545473421928,0.3519145146398992,-0.0002499999999999985,conditional
43,conditional_XMV_10,5,20,0.8430001735687256,0.5022823089700996,0.607387545204806,0.01,0.1,272.0,10,0.5019449958471761,0.6074807235892674,0.00975,-0.00033731312292351046,9.317838446143423e-05,0.0002500000000000002,conditional
43,conditional_XMV_10,6,20,0.8430001735687256,0.9980690199335548,0.9990906823845546,0.00825,1.0,1.0,10,0.9980522840531562,0.999083783878102,0.00825,-1.673588039863283e-05,-6.898506452523989e-06,0.0,conditional
43,conditional_XMV_10,7,20,0.8430001735687256,0.9966907392026578,0.9983926812451912,0.01,1.0,2.0,10,0.9966982558139534,0.9983952066733324,0.01025,7.516611295610431e-06,2.5254281411646318e-06,-0.0002500000000000002,conditional
43,conditional_XMV_10,8,20,0.8430001735687256,0.9694058139534883,0.9849740076664524,0.00925,1.0,23.15,10,0.9694003737541528,0.9849620659542444,0.009,-5.440199335571272e-06,-1.1941712207974575e-05,0.0002500000000000002,conditional
43,conditional_XMV_10,9,20,0.8430001735687256,0.5411898878737541,0.6357432423433386,0.0105,0.0,302.0,10,0.5422330772425249,0.6365822628693385,0.0105,0.0010431893687707916,0.0008390205259999339,0.0,conditional
43,conditional_XMV_10,10,20,0.8430001735687256,0.9232833471760796,0.959481418940564,0.00975,1.0,42.05,10,0.9234089700996678,0.9595615085107572,0.00975,0.00012562292358819782,8.008957019312035e-05,0.0,conditional
43,conditional_XMV_10,11,20,0.8430001735687256,0.9539640365448504,0.974930623659507,0.01025,1.0,8.95,10,0.9784831395348838,0.988619439431842,0.01025,0.024519102990033348,0.01368881577233505,0.0,conditional
43,conditional_XMV_10,12,20,0.8430001735687256,0.7973731312292359,0.8760756089101837,0.0115,1.0,25.7,10,0.7977713455149502,0.8763396958285637,0.01125,0.0003982142857142934,0.0002640869183800909,0.0002500000000000002,conditional
43,conditional_XMV_10,13,20,0.8430001735687256,0.9481791528239204,0.974793938602242,0.0115,1.0,34.1,10,0.9481636627906976,0.9747970200310933,0.0105,-1.5490033222764765e-05,3.0814288513036914e-06,0.0009999999999999992,conditional
43,conditional_XMV_10,14,20,0.8430001735687256,0.9953490863787376,0.9976900239164904,0.01125,1.0,4.0,10,0.9954343438538206,0.9977442133008472,0.011,8.52574750829227e-05,5.4189384356750914e-05,0.0002500000000000002,conditional
43,conditional_XMV_10,15,20,0.8430001735687256,0.5095884136212625,0.6131344321880489,0.01125,0.0,302.0,10,0.5094419019933555,0.6125112155946453,0.011,-0.00014651162790702,-0.000623216593403586,0.0002500000000000002,conditional
43,conditional_XMV_10,16,20,0.8430001735687256,0.5102379983388704,0.6093780252276396,0.01225,0.0,302.0,10,0.5098782392026578,0.6091423355553508,0.013,-0.0003597591362125563,-0.0002356896722888191,-0.0007499999999999989,conditional
43,conditional_XMV_10,17,20,0.8430001735687256,0.9525012043189368,0.9770576992996348,0.007,1.0,30.95,10,0.9521882059800664,0.9768604092665302,0.007,-0.0003129983388704405,-0.00019729003310464677,0.0,conditional
43,conditional_XMV_10,18,20,0.8430001735687256,0.8841109634551495,0.9369291540690216,0.00975,1.0,61.95,10,0.8838511835548173,0.936774988480858,0.01,-0.0002597799003322132,-0.0001541655881635018,-0.0002500000000000002,conditional
43,conditional_XMV_10,19,20,0.8430001735687256,0.9530449335548172,0.9747666108086276,0.0105,1.0,28.35,10,0.9529775747508306,0.9747289964340248,0.01,-6.735880398667238e-05,-3.761437460281236e-05,0.0005000000000000004,conditional
43,conditional_XMV_10,20,20,0.8430001735687256,0.9393642026578072,0.9701718743427816,0.01,1.0,41.25,10,0.9394416320598008,0.9702197119147664,0.01025,7.74294019936228e-05,4.7837571984787886e-05,-0.0002500000000000002,conditional
43,conditional_XMV_10,21,20,0.8430001735687256,0.4989483596345515,0.598712481693849,0.0105,0.0,302.0,10,0.4988573712624585,0.5982249233290063,0.01125,-9.09883720929816e-05,-0.00048755836484271065,-0.0007499999999999989,conditional
43,conditional_XMV_10,22,20,0.8430001735687256,0.5621806686046512,0.6522189255515545,0.0125,0.0,302.0,10,0.5631645971760797,0.6532031586320565,0.013,0.0009839285714284829,0.000984233080501995,-0.0004999999999999987,conditional
43,conditional_XMV_10,23,20,0.8430001735687256,0.5382044435215947,0.6293175895204747,0.01025,0.0,302.0,10,0.5380577034883721,0.6295229401707889,0.01025,-0.0001467400332225699,0.00020535065031423994,0.0,conditional
43,conditional_XMV_10,24,20,0.8430001735687256,0.9687022217607972,0.9836733392243618,0.00975,1.0,14.85,10,0.9684987956810632,0.9835692211131628,0.00925,-0.00020342607973400373,-0.00010411811119903636,0.0005000000000000004,conditional
43,conditional_XMV_10,25,20,0.8430001735687256,0.8897434800664452,0.935520917858646,0.0075,1.0,34.3,10,0.890172342192691,0.9358692355876758,0.0075,0.00042886212624582143,0.0003483177290297679,0.0,conditional
43,conditional_XMV_10,26,20,0.8430001735687256,0.926826453488372,0.96081000055255,0.01025,1.0,28.05,10,0.9266181893687708,0.9607534572898484,0.0105,-0.00020826411960117586,-5.654326270154719e-05,-0.0002500000000000002,conditional
43,conditional_XMV_10,27,20,0.8430001735687256,0.7945720514950166,0.8702357775843006,0.00775,1.0,23.5,10,0.8234334925249169,0.8885581160518617,0.0075,0.028861441029900292,0.01832233846756115,0.0002500000000000002,conditional
43,conditional_XMV_10,28,20,0.8430001735687256,0.5577806478405316,0.6613995086209377,0.00925,0.0,302.0,10,0.5576340531561462,0.6613604521533062,0.00925,-0.0001465946843853816,-3.905646763147086e-05,0.0,conditional
43,conditional_XMV_11,1,20,0.8424791097640991,0.9951163205980068,0.9975460302433042,0.0085,1.0,4.45,11,0.9950808139534884,0.9975299277698556,0.00925,-3.550664451845709e-05,-1.610247344863147e-05,-0.0007499999999999989,conditional
43,conditional_XMV_11,2,20,0.8424791097640991,0.9899738787375416,0.9948672963171789,0.01025,1.0,11.3,11,0.9900240863787376,0.994886186725774,0.01025,5.020764119600951e-05,1.8890408595151342e-05,0.0,conditional
43,conditional_XMV_11,3,20,0.8424791097640991,0.5393463247508306,0.6323489986528282,0.009,0.0,302.0,11,0.5398057516611295,0.6326942756312097,0.0085,0.00045942691029898786,0.0003452769783814924,0.0004999999999999987,conditional
43,conditional_XMV_11,4,20,0.8424791097640991,0.9697609634551496,0.9790397609534944,0.01125,1.0,2.0,11,0.9696671096345516,0.9790255541560424,0.01075,-9.385382059801106e-05,-1.4206797452009923e-05,0.0005000000000000004,conditional
43,conditional_XMV_11,5,20,0.8424791097640991,0.501031457641196,0.6067443579117449,0.01025,0.1,272.0,11,0.5019449958471761,0.6074807235892674,0.00975,0.0009135382059800579,0.0007363656775225547,0.0005000000000000004,conditional
43,conditional_XMV_11,6,20,0.8424791097640991,0.9980307724252492,0.9990774352802202,0.008,1.0,1.0,11,0.9980522840531562,0.999083783878102,0.00825,2.1511627906978248e-05,6.348597881844498e-06,-0.0002500000000000002,conditional
43,conditional_XMV_11,7,20,0.8424791097640991,0.9967197259136212,0.9984041565936168,0.01025,1.0,2.0,11,0.9966982558139534,0.9983952066733324,0.01025,-2.147009966779745e-05,-8.949920284440083e-06,0.0,conditional
43,conditional_XMV_11,8,20,0.8424791097640991,0.969333430232558,0.9849352719027702,0.0085,1.0,22.95,11,0.9694003737541528,0.9849620659542444,0.009,6.694352159475336e-05,2.6794051474210434e-05,-0.0004999999999999987,conditional
43,conditional_XMV_11,9,20,0.8424791097640991,0.542191403654485,0.6361296453082209,0.01,0.0,302.0,11,0.5422330772425249,0.6365822628693385,0.0105,4.167358803985888e-05,0.00045261756111758533,-0.0005000000000000004,conditional
43,conditional_XMV_11,10,20,0.8424791097640991,0.9232076827242524,0.9594350354760784,0.01125,1.0,41.95,11,0.9234089700996678,0.9595615085107572,0.00975,0.00020128737541547093,0.00012647303467872018,0.0014999999999999996,conditional
43,conditional_XMV_11,11,20,0.8424791097640991,0.978584219269103,0.9886722642195652,0.01,1.0,8.7,11,0.9784831395348838,0.988619439431842,0.01025,-0.00010107973421924488,-5.282478772317134e-05,-0.0002500000000000002,conditional
43,conditional_XMV_11,12,20,0.8424791097640991,0.7972562707641196,0.8761421822871734,0.01125,1.0,25.65,11,0.7977713455149502,0.8763396958285637,0.01125,0.0005150747508305686,0.00019751354139030397,0.0,conditional
43,conditional_XMV_11,13,20,0.8424791097640991,0.9482986918604652,0.9748335190006072,0.01075,1.0,34.1,11,0.9481636627906976,0.9747970200310933,0.0105,-0.00013502906976758933,-3.649896951396503e-05,0.0002499999999999985,conditional
43,conditional_XMV_11,14,20,0.8424791097640991,0.9954253737541529,0.9977408477141474,0.011,1.0,3.7,11,0.9954343438538206,0.9977442133008472,0.011,8.970099667715559e-06,3.3655866997772677e-06,0.0,conditional
43,conditional_XMV_11,15,20,0.8424791097640991,0.5096803156146179,0.6127522664799085,0.01075,0.0,302.0,11,0.5094419019933555,0.6125112155946453,0.011,-0.00023841362126242327,-0.000241050885263272,-0.0002500000000000002,conditional
43,conditional_XMV_11,16,20,0.8424791097640991,0.5093688745847176,0.6092856286812132,0.01275,0.0,302.0,11,0.5098782392026578,0.6091423355553508,0.013,0.0005093646179402667,-0.00014329312586236487,-0.0002500000000000002,conditional
43,conditional_XMV_11,17,20,0.8424791097640991,0.9521531146179402,0.9768361112882336,0.00725,1.0,30.95,11,0.9521882059800664,0.9768604092665302,0.007,3.5091362126205006e-05,2.429797829661684e-05,0.0002500000000000002,conditional
43,conditional_XMV_11,18,20,0.8424791097640991,0.8837973837209302,0.9367178925285032,0.00975,1.0,61.75,11,0.8838511835548173,0.936774988480858,0.01,5.379983388709153e-05,5.709595235481313e-05,-0.0002500000000000002,conditional
43,conditional_XMV_11,19,20,0.8424791097640991,0.9530674626245847,0.9747707315546802,0.0105,1.0,27.65,11,0.9529775747508306,0.9747289964340248,0.01,-8.988787375419083e-05,-4.173512065541729e-05,0.0005000000000000004,conditional
43,conditional_XMV_11,20,20,0.8424791097640991,0.9394934800664452,0.9702299922961416,0.0105,1.0,41.05,11,0.9394416320598008,0.9702197119147664,0.01025,-5.1848006644372724e-05,-1.0280381375182834e-05,0.0002500000000000002,conditional
43,conditional_XMV_11,21,20,0.8424791097640991,0.4984863164451827,0.5980929425962874,0.01175,0.0,302.0,11,0.4988573712624585,0.5982249233290063,0.01125,0.0003710548172757844,0.00013198073271891708,0.0005000000000000004,conditional
43,conditional_XMV_11,22,20,0.8424791097640991,0.5629073297342193,0.6533007320351223,0.01275,0.0,302.0,11,0.5631645971760797,0.6532031586320565,0.013,0.0002572674418603871,-9.757340306582041e-05,-0.0002500000000000002,conditional
43,conditional_XMV_11,23,20,0.8424791097640991,0.5378154900332226,0.629359818359791,0.0105,0.0,302.0,11,0.5380577034883721,0.6295229401707889,0.01025,0.0002422134551495203,0.00016312181099786827,0.0002500000000000002,conditional
43,conditional_XMV_11,24,20,0.8424791097640991,0.9685887043189368,0.9836163156262584,0.01025,1.0,14.9,11,0.9684987956810632,0.9835692211131628,0.00925,-8.99086378736147e-05,-4.709451309559132e-05,0.0010000000000000009,conditional
43,conditional_XMV_11,25,20,0.8424791097640991,0.8904723006644518,0.9360543840889451,0.0085,1.0,33.1,11,0.890172342192691,0.9358692355876758,0.0075,-0.00029995847176078616,-0.0001851485012693832,0.0010000000000000009,conditional
43,conditional_XMV_11,26,20,0.8424791097640991,0.926869476744186,0.9608521100900844,0.0105,1.0,28.05,11,0.9266181893687708,0.9607534572898484,0.0105,-0.00025128737541513235,-9.865280023602097e-05,0.0,conditional
43,conditional_XMV_11,27,20,0.8424791097640991,0.8239932516611296,0.8890917560916513,0.007,1.0,22.45,11,0.8234334925249169,0.8885581160518617,0.0075,-0.0005597591362126453,-0.0005336400397895069,-0.0004999999999999996,conditional
43,conditional_XMV_11,28,20,0.8424791097640991,0.5573409260797342,0.6611609526883769,0.00925,0.0,302.0,11,0.5576340531561462,0.6613604521533062,0.00925,0.0002931270764120475,0.00019949946492925363,0.0,conditional
44,conditional_XMV_01,1,20,0.8202866911888123,0.9950788205980068,0.9975223691761966,0.00775,1.0,4.4,1,0.9950612126245848,0.9975126542535548,0.0075,-1.7607973421984724e-05,-9.714922641790302e-06,0.0002500000000000002,conditional
44,conditional_XMV_01,2,20,0.8202866911888123,0.9899697674418604,0.994829051258304,0.00875,1.0,11.7,1,0.9896926495016612,0.9946830031096264,0.009,-0.00027711794019913416,-0.00014604814867757998,-0.0002499999999999985,conditional
44,conditional_XMV_01,3,20,0.8202866911888123,0.5397100705980067,0.6348428899435022,0.01025,0.0,302.0,1,0.539765573089701,0.6349504105580798,0.0095,5.550249169428145e-05,0.0001075206145775276,0.0007500000000000007,conditional
44,conditional_XMV_01,4,20,0.8202866911888123,0.8017445390365449,0.8544078097446725,0.0105,1.0,2.0,1,0.8120067275747508,0.8625663082225996,0.01025,0.01026218853820593,0.008158498477927156,0.0002500000000000002,conditional
44,conditional_XMV_01,5,20,0.8202866911888123,0.4996393064784053,0.6055787933233158,0.0115,0.0,302.0,1,0.499765676910299,0.6056371283594,0.01075,0.00012637043189367425,5.8335036084211644e-05,0.0007500000000000007,conditional
44,conditional_XMV_01,6,20,0.8202866911888123,0.9979894518272424,0.999055077287349,0.00775,1.0,1.0,1,0.9979767026578074,0.9990512640711312,0.00825,-1.2749169435055663e-05,-3.813216217785076e-06,-0.0005000000000000004,conditional
44,conditional_XMV_01,7,20,0.8202866911888123,0.9967007890365448,0.9983929163470472,0.00975,1.0,2.0,1,0.9967065199335547,0.9983942231860607,0.00975,5.730897009947888e-06,1.3068390135595465e-06,0.0,conditional
44,conditional_XMV_01,8,20,0.8202866911888123,0.96840207641196,0.984407436162555,0.00925,1.0,23.6,1,0.9682699127906976,0.9843356691374708,0.0085,-0.00013216362126233783,-7.176702508415733e-05,0.0007499999999999989,conditional
44,conditional_XMV_01,9,20,0.8202866911888123,0.539744580564784,0.6362601614358455,0.01275,0.0,302.0,1,0.5397638704318937,0.6362097055470354,0.0125,1.9289867109639758e-05,-5.04558888101414e-05,0.0002499999999999985,conditional
44,conditional_XMV_01,10,20,0.8202866911888123,0.919083741694352,0.9571889683602204,0.01025,1.0,40.75,1,0.9190289036544852,0.9571340460164428,0.01025,-5.4838039866833554e-05,-5.492234377757477e-05,0.0,conditional
44,conditional_XMV_01,11,20,0.8202866911888123,0.9623145556478404,0.9792962300504444,0.0105,1.0,9.15,1,0.9627909676079734,0.9795720779310342,0.01025,0.00047641196013303855,0.0002758478805897635,0.0002500000000000002,conditional
44,conditional_XMV_01,12,20,0.8202866911888123,0.7821823297342193,0.8659838060581224,0.01175,1.0,25.45,1,0.7819095930232558,0.8657635720676901,0.012,-0.00027273671096350594,-0.00022023399043236136,-0.0002500000000000002,conditional
44,conditional_XMV_01,13,20,0.8202866911888123,0.9482566445182724,0.9748117467659486,0.01025,1.0,33.9,1,0.9481240448504984,0.9747409813611346,0.01025,-0.00013259966777401377,-7.07654048139883e-05,0.0,conditional
44,conditional_XMV_01,14,20,0.8202866911888123,0.99308073089701,0.9962644037658884,0.011,1.0,4.15,1,0.9930873338870432,0.9962665338962798,0.011,6.60299003318876e-06,2.1301303914089686e-06,0.0,conditional
44,conditional_XMV_01,15,20,0.8202866911888123,0.5109984634551495,0.6156697199418361,0.01,0.0,302.0,1,0.5110953903654485,0.6156545376361905,0.01,9.692691029894451e-05,-1.5182305645566885e-05,0.0,conditional
44,conditional_XMV_01,16,20,0.8202866911888123,0.5095015988372094,0.6088614612421063,0.0105,0.0,302.0,1,0.509300415282392,0.6089490785981092,0.01075,-0.0002011835548173524,8.761735600293363e-05,-0.0002499999999999985,conditional
44,conditional_XMV_01,17,20,0.8202866911888123,0.9506060838870432,0.9758881756605348,0.01025,1.0,31.5,1,0.9505538621262458,0.975856518360482,0.01,-5.222176079733298e-05,-3.165730005272316e-05,0.0002500000000000002,conditional
44,conditional_XMV_01,18,20,0.8202866911888123,0.8792047134551495,0.9339575014160224,0.0095,1.0,62.1,1,0.8793125207641196,0.9340303251879236,0.0095,0.00010780730897008706,7.282377190120926e-05,0.0,conditional
44,conditional_XMV_01,19,20,0.8202866911888123,0.9371070182724252,0.9654725670823012,0.01025,1.0,31.4,1,0.9362530315614618,0.9650090410196644,0.00925,-0.0008539867109633725,-0.00046352606263677654,0.0010000000000000009,conditional
44,conditional_XMV_01,20,20,0.8202866911888123,0.9390728405315616,0.9699992572536708,0.0105,1.0,41.75,1,0.9391847176079734,0.9700495406791422,0.0105,0.00011187707641180378,5.028342547142017e-05,0.0,conditional
44,conditional_XMV_01,21,20,0.8202866911888123,0.5005565199335548,0.5998228505354322,0.01125,0.0,302.0,1,0.5009509551495016,0.599847108322677,0.01125,0.0003944352159468423,2.425778724479688e-05,0.0,conditional
44,conditional_XMV_01,22,20,0.8202866911888123,0.5570497508305647,0.6493042979494773,0.012,0.0,302.0,1,0.5570834717607973,0.6493169602564582,0.012,3.37209302325725e-05,1.2662306980937288e-05,0.0,conditional
44,conditional_XMV_01,23,20,0.8202866911888123,0.5402584094684385,0.6337945178490169,0.01,0.0,302.0,1,0.5400834094684386,0.6335854732693644,0.01,-0.00017499999999992522,-0.00020904457965242873,0.0,conditional
44,conditional_XMV_01,24,20,0.8202866911888123,0.9653093853820598,0.9818583268623812,0.01,1.0,15.65,1,0.9684058139534883,0.9836018104875256,0.0105,0.0030964285714285555,0.0017434836251444263,-0.0005000000000000004,conditional
44,conditional_XMV_01,25,20,0.8202866911888123,0.9084605066445184,0.9484040309296452,0.009,1.0,27.0,1,0.9153089285714284,0.9527174247148088,0.0095,0.006848421926910042,0.0043133937851635995,-0.0005000000000000004,conditional
44,conditional_XMV_01,26,20,0.8202866911888123,0.9184676287375416,0.9558970151332872,0.00925,1.0,28.9,1,0.918164742524917,0.9557177158784936,0.00925,-0.0003028862126246423,-0.00017929925479354125,0.0,conditional
44,conditional_XMV_01,27,20,0.8202866911888123,0.7900260174418605,0.8662693675033093,0.00825,1.0,25.35,1,0.7909616071428571,0.8668904245464866,0.0085,0.0009355897009966085,0.0006210570431772755,-0.0002500000000000002,conditional
44,conditional_XMV_01,28,20,0.8202866911888123,0.5550092400332226,0.6588243250459459,0.009,0.0,302.0,1,0.5551027408637874,0.6588470646375568,0.0085,9.350083056480774e-05,2.2739591610920762e-05,0.0004999999999999987,conditional
44,conditional_XMV_02,1,20,0.8202881217002869,0.9950552740863788,0.997508915796649,0.00775,1.0,4.5,2,0.9950612126245848,0.9975126542535548,0.0075,5.938538205962907e-06,3.738456905821863e-06,0.0002500000000000002,conditional
44,conditional_XMV_02,2,20,0.8202881217002869,0.9896716362126246,0.99466872659585,0.00925,1.0,12.15,2,0.9896926495016612,0.9946830031096264,0.009,2.1013289036697635e-05,1.4276513776390054e-05,0.0002500000000000002,conditional
44,conditional_XMV_02,3,20,0.8202881217002869,0.5402658430232559,0.6355489910641431,0.0095,0.0,302.0,2,0.539765573089701,0.6349504105580798,0.0095,-0.0005002699335548977,-0.0005985805060633176,0.0,conditional
44,conditional_XMV_02,4,20,0.8202881217002869,0.825548172757475,0.8736178987660179,0.01,1.0,2.0,2,0.8120067275747508,0.8625663082225996,0.01025,-0.013541445182724265,-0.01105159054341831,-0.0002500000000000002,conditional
44,conditional_XMV_02,5,20,0.8202881217002869,0.4999073297342192,0.6058911298660007,0.01075,0.0,302.0,2,0.499765676910299,0.6056371283594,0.01075,-0.00014165282392020195,-0.0002540015066007095,0.0,conditional
44,conditional_XMV_02,6,20,0.8202881217002869,0.9979928571428572,0.999055976927546,0.0085,1.0,1.0,2,0.9979767026578074,0.9990512640711312,0.00825,-1.6154485049879597e-05,-4.712856414790245e-06,0.0002500000000000002,conditional
44,conditional_XMV_02,7,20,0.8202881217002869,0.9967139950166112,0.9983964928561904,0.0105,1.0,2.0,2,0.9967065199335547,0.9983942231860607,0.00975,-7.475083056429632e-06,-2.2696701296176514e-06,0.0007500000000000007,conditional
44,conditional_XMV_02,8,20,0.8202881217002869,0.9682068936877076,0.9843112219004796,0.00825,1.0,23.9,2,0.9682699127906976,0.9843356691374708,0.0085,6.30191029900029e-05,2.444723699124296e-05,-0.0002500000000000002,conditional
44,conditional_XMV_02,9,20,0.8202881217002869,0.5404360880398671,0.6367327246785661,0.01275,0.0,302.0,2,0.5397638704318937,0.6362097055470354,0.0125,-0.0006722176079734243,-0.0005230191315307442,0.0002499999999999985,conditional
44,conditional_XMV_02,10,20,0.8202881217002869,0.9192834925249168,0.9572441479716696,0.01025,1.0,40.3,2,0.9190289036544852,0.9571340460164428,0.01025,-0.0002545888704316157,-0.00011010195522676014,0.0,conditional
44,conditional_XMV_02,11,20,0.8202881217002869,0.9631466569767442,0.9797717949661277,0.0105,1.0,9.15,2,0.9627909676079734,0.9795720779310342,0.01025,-0.00035568936877072854,-0.00019971703509347183,0.0002500000000000002,conditional
44,conditional_XMV_02,12,20,0.8202881217002869,0.7822522217607973,0.866046999010191,0.0125,1.0,25.65,2,0.7819095930232558,0.8657635720676901,0.012,-0.00034262873754153933,-0.0002834269425009417,0.0005000000000000004,conditional
44,conditional_XMV_02,13,20,0.8202881217002869,0.9481804817275749,0.9747674327133627,0.01,1.0,34.1,2,0.9481240448504984,0.9747409813611346,0.01025,-5.643687707646006e-05,-2.6451352228118452e-05,-0.0002500000000000002,conditional
44,conditional_XMV_02,14,20,0.8202881217002869,0.9929978820598008,0.9962137573916808,0.011,1.0,4.15,2,0.9930873338870432,0.9962665338962798,0.011,8.945182724240386e-05,5.277650459900585e-05,0.0,conditional
44,conditional_XMV_02,15,20,0.8202881217002869,0.511174688538206,0.6155832460406335,0.00975,0.0,302.0,2,0.5110953903654485,0.6156545376361905,0.01,-7.929817275753592e-05,7.129159555696596e-05,-0.0002500000000000002,conditional
44,conditional_XMV_02,16,20,0.8202881217002869,0.5094387873754153,0.6091837017483955,0.011,0.0,302.0,2,0.509300415282392,0.6089490785981092,0.01075,-0.00013837209302325348,-0.0002346231502863283,0.0002500000000000002,conditional
44,conditional_XMV_02,17,20,0.8202881217002869,0.9504039867109636,0.9757755182656374,0.01025,1.0,31.5,2,0.9505538621262458,0.975856518360482,0.01,0.00014987541528221904,8.10000948446854e-05,0.0002500000000000002,conditional
44,conditional_XMV_02,18,20,0.8202881217002869,0.8801334509966777,0.934569703831388,0.0085,1.0,62.2,2,0.8793125207641196,0.9340303251879236,0.0095,-0.0008209302325581369,-0.0005393786434644277,-0.0009999999999999992,conditional
44,conditional_XMV_02,19,20,0.8202881217002869,0.9367218853820598,0.965306545070218,0.00925,1.0,31.9,2,0.9362530315614618,0.9650090410196644,0.00925,-0.00046885382059802527,-0.0002975040505535098,0.0,conditional
44,conditional_XMV_02,20,20,0.8202881217002869,0.9391326411960133,0.9700181367092496,0.01025,1.0,41.45,2,0.9391847176079734,0.9700495406791422,0.0105,5.2076411960144675e-05,3.140396989254057e-05,-0.0002500000000000002,conditional
44,conditional_XMV_02,21,20,0.8202881217002869,0.5010487956810631,0.6000764303842164,0.0105,0.0,302.0,2,0.5009509551495016,0.599847108322677,0.01125,-9.78405315614772e-05,-0.000229322061539472,-0.0007499999999999989,conditional
44,conditional_XMV_02,22,20,0.8202881217002869,0.5574973837209303,0.649560788000765,0.0135,0.0,302.0,2,0.5570834717607973,0.6493169602564582,0.012,-0.00041391196013296216,-0.00024382774430675713,0.0014999999999999996,conditional
44,conditional_XMV_02,23,20,0.8202881217002869,0.5398142234219269,0.6331088216421464,0.01,0.0,302.0,2,0.5400834094684386,0.6335854732693644,0.01,0.00026918604651171574,0.00047665162721799437,0.0,conditional
44,conditional_XMV_02,24,20,0.8202881217002869,0.967402699335548,0.9830216562670976,0.01,1.0,14.8,2,0.9684058139534883,0.9836018104875256,0.0105,0.0010031146179403372,0.0005801542204280086,-0.0005000000000000004,conditional
44,conditional_XMV_02,25,20,0.8202881217002869,0.8954507475083057,0.9404005148283237,0.009,1.0,28.55,2,0.9153089285714284,0.9527174247148088,0.0095,0.01985818106312276,0.01231690988648515,-0.0005000000000000004,conditional
44,conditional_XMV_02,26,20,0.8202881217002869,0.917870514950166,0.9555058558135544,0.0095,1.0,29.0,2,0.918164742524917,0.9557177158784936,0.00925,0.0002942275747509493,0.00021186006493922882,0.0002500000000000002,conditional
44,conditional_XMV_02,27,20,0.8202881217002869,0.7916932724252491,0.8672984656416952,0.00875,1.0,25.35,2,0.7909616071428571,0.8668904245464866,0.0085,-0.0007316652823919911,-0.0004080410952086444,0.0002500000000000002,conditional
44,conditional_XMV_02,28,20,0.8202881217002869,0.5553688953488372,0.659154771087115,0.00875,0.0,302.0,2,0.5551027408637874,0.6588470646375568,0.0085,-0.00026615448504974104,-0.00030770644955813165,0.0002500000000000002,conditional
44,conditional_XMV_03,1,20,0.8209479451179504,0.9950465531561462,0.9975061564518596,0.0075,1.0,4.5,3,0.9950612126245848,0.9975126542535548,0.0075,1.465946843859367e-05,6.4978016952599305e-06,0.0,conditional
44,conditional_XMV_03,2,20,0.8209479451179504,0.989690199335548,0.9946819433865955,0.00875,1.0,12.1,3,0.9896926495016612,0.9946830031096264,0.009,2.4501661132214636e-06,1.0597230308828642e-06,-0.0002499999999999985,conditional
44,conditional_XMV_03,3,20,0.8209479451179504,0.5397448089700997,0.6348336721975938,0.00925,0.0,302.0,3,0.539765573089701,0.6349504105580798,0.0095,2.0764119601279774e-05,0.00011673836048597952,-0.0002500000000000002,conditional
44,conditional_XMV_03,4,20,0.8209479451179504,0.8106064161129568,0.8610018135533183,0.01025,1.0,2.0,3,0.8120067275747508,0.8625663082225996,0.01025,0.0014003114617939794,0.0015644946692813244,0.0,conditional
44,conditional_XMV_03,5,20,0.8209479451179504,0.4997500830564784,0.6056095381107934,0.01075,0.0,302.0,3,0.499765676910299,0.6056371283594,0.01075,1.559385382060574e-05,2.759024860654602e-05,0.0,conditional
44,conditional_XMV_03,6,20,0.8209479451179504,0.9979730066445184,0.999050028879912,0.00875,1.0,1.0,3,0.9979767026578074,0.9990512640711312,0.00825,3.6960132889785058e-06,1.235191219195464e-06,0.0005000000000000004,conditional
44,conditional_XMV_03,7,20,0.8209479451179504,0.9966976744186048,0.9983911379291924,0.01025,1.0,2.0,3,0.9967065199335547,0.9983942231860607,0.00975,8.845514949951117e-06,3.085256868318176e-06,0.0005000000000000004,conditional
44,conditional_XMV_03,8,20,0.8209479451179504,0.9682689368770764,0.9843341215463683,0.009,1.0,23.8,3,0.9682699127906976,0.9843356691374708,0.0085,9.75913621248381e-07,1.5475911024909195e-06,0.0004999999999999987,conditional
44,conditional_XMV_03,9,20,0.8209479451179504,0.5398344684385382,0.6361348595162314,0.01275,0.0,302.0,3,0.5397638704318937,0.6362097055470354,0.0125,-7.059800664455107e-05,7.484603080398777e-05,0.0002499999999999985,conditional
44,conditional_XMV_03,10,20,0.8209479451179504,0.919028384551495,0.9571222609443332,0.01025,1.0,40.75,3,0.9190289036544852,0.9571340460164428,0.01025,5.191029901485678e-07,1.1785072109637973e-05,0.0,conditional
44,conditional_XMV_03,11,20,0.8209479451179504,0.9628371677740865,0.9795846100792412,0.0105,1.0,9.15,3,0.9627909676079734,0.9795720779310342,0.01025,-4.620016611300848e-05,-1.2532148207067273e-05,0.0002500000000000002,conditional
44,conditional_XMV_03,12,20,0.8209479451179504,0.7820341777408638,0.8658762220157468,0.012,1.0,25.65,3,0.7819095930232558,0.8657635720676901,0.012,-0.0001245847176080117,-0.00011264994805670892,0.0,conditional
44,conditional_XMV_03,13,20,0.8209479451179504,0.9480751661129568,0.974722567446578,0.011,1.0,33.9,3,0.9481240448504984,0.9747409813611346,0.01025,4.8878737541557804e-05,1.8413914556592026e-05,0.0007499999999999989,conditional
44,conditional_XMV_03,14,20,0.8209479451179504,0.993080315614618,0.9962633501198804,0.011,1.0,4.15,3,0.9930873338870432,0.9962665338962798,0.011,7.018272425218797e-06,3.1837763994069235e-06,0.0,conditional
44,conditional_XMV_03,15,20,0.8209479451179504,0.5111555232558139,0.6153865016156388,0.01025,0.0,302.0,3,0.5110953903654485,0.6156545376361905,0.01,-6.013289036543856e-05,0.0002680360205516985,0.0002500000000000002,conditional
44,conditional_XMV_03,16,20,0.8209479451179504,0.5096268064784053,0.6091308041890914,0.01075,0.0,302.0,3,0.509300415282392,0.6089490785981092,0.01075,-0.00032639119601329813,-0.00018172559098217356,0.0,conditional
44,conditional_XMV_03,17,20,0.8209479451179504,0.950583637873754,0.9758689483711622,0.0105,1.0,31.4,3,0.9505538621262458,0.975856518360482,0.01,-2.977574750817613e-05,-1.2430010680186676e-05,0.0005000000000000004,conditional
44,conditional_XMV_03,18,20,0.8209479451179504,0.8792952657807309,0.9340274856020306,0.0095,1.0,62.2,3,0.8793125207641196,0.9340303251879236,0.0095,1.7254983388670375e-05,2.839585892977503e-06,0.0,conditional
44,conditional_XMV_03,19,20,0.8209479451179504,0.9363681478405316,0.9650815802448788,0.0095,1.0,30.6,3,0.9362530315614618,0.9650090410196644,0.00925,-0.00011511627906979349,-7.253922521432976e-05,0.0002500000000000002,conditional
44,conditional_XMV_03,20,20,0.8209479451179504,0.939133637873754,0.97001826243722,0.0105,1.0,41.45,3,0.9391847176079734,0.9700495406791422,0.0105,5.1079734219361406e-05,3.1278241922172434e-05,0.0,conditional
44,conditional_XMV_03,21,20,0.8209479451179504,0.5009110465116279,0.6000349202756874,0.0115,0.0,302.0,3,0.5009509551495016,0.599847108322677,0.01125,3.990863787373122e-05,-0.00018781195301043052,0.0002500000000000002,conditional
44,conditional_XMV_03,22,20,0.8209479451179504,0.5572415905315614,0.6494946785110668,0.01275,0.0,302.0,3,0.5570834717607973,0.6493169602564582,0.012,-0.00015811877076410408,-0.00017771825460854984,0.0007499999999999989,conditional
44,conditional_XMV_03,23,20,0.8209479451179504,0.5090217815614618,0.6073345334505806,0.00975,0.0,302.0,3,0.5400834094684386,0.6335854732693644,0.01,0.031061627906976752,0.02625093981878379,-0.0002500000000000002,conditional
44,conditional_XMV_03,24,20,0.8209479451179504,0.9683439368770764,0.983569332978559,0.0105,1.0,14.85,3,0.9684058139534883,0.9836018104875256,0.0105,6.18770764119203e-05,3.2477508966621826e-05,0.0,conditional
44,conditional_XMV_03,25,20,0.8209479451179504,0.9148750622923588,0.9524098550179322,0.0095,1.0,26.5,3,0.9153089285714284,0.9527174247148088,0.0095,0.00043386627906960573,0.0003075696968766195,0.0,conditional
44,conditional_XMV_03,26,20,0.8209479451179504,0.918060527408638,0.95562076776602,0.00975,1.0,29.0,3,0.918164742524917,0.9557177158784936,0.00925,0.00010421511627900504,9.694811247362711e-05,0.0005000000000000004,conditional
44,conditional_XMV_03,27,20,0.8209479451179504,0.7909634343853821,0.8669443147508469,0.00825,1.0,25.35,3,0.7909616071428571,0.8668904245464866,0.0085,-1.8272425249543645e-06,-5.389020436030734e-05,-0.0002500000000000002,conditional
44,conditional_XMV_03,28,20,0.8209479451179504,0.5549999169435216,0.6588379050573158,0.0085,0.0,302.0,3,0.5551027408637874,0.6588470646375568,0.0085,0.00010282392026583764,9.15958024105823e-06,0.0,conditional
44,conditional_XMV_04,1,20,0.8235105872154236,0.99498384551495,0.997475731005127,0.00725,1.0,4.7,4,0.9950612126245848,0.9975126542535548,0.0075,7.73671096347961e-05,3.692324842785588e-05,-0.00024999999999999935,conditional
44,conditional_XMV_04,2,20,0.8235105872154236,0.9893010797342192,0.994493466557212,0.00725,1.0,12.65,4,0.9896926495016612,0.9946830031096264,0.009,0.00039156976744203487,0.00018953655241438216,-0.001749999999999999,conditional
44,conditional_XMV_04,3,20,0.8235105872154236,0.5380768480066446,0.6325890571665511,0.0095,0.0,302.0,4,0.539765573089701,0.6349504105580798,0.0095,0.0016887250830563971,0.0023613533915286533,0.0,conditional
44,conditional_XMV_04,4,20,0.8235105872154236,0.8228514950166113,0.8712107842188396,0.01075,1.0,2.0,4,0.8120067275747508,0.8625663082225996,0.01025,-0.01084476744186047,-0.008644475996239964,0.0004999999999999987,conditional
44,conditional_XMV_04,5,20,0.8235105872154236,0.5005917981727575,0.606342672621383,0.01,0.0,302.0,4,0.499765676910299,0.6056371283594,0.01075,-0.0008261212624584569,-0.0007055442619829932,-0.0007499999999999989,conditional
44,conditional_XMV_04,6,20,0.8235105872154236,0.9980074335548172,0.9990620961383964,0.0085,1.0,1.0,4,0.9979767026578074,0.9990512640711312,0.00825,-3.0730897009889624e-05,-1.0832067265154066e-05,0.0002500000000000002,conditional
44,conditional_XMV_04,7,20,0.8235105872154236,0.9967195182724252,0.9983984704091824,0.01,1.0,2.0,4,0.9967065199335547,0.9983942231860607,0.00975,-1.2998338870473525e-05,-4.2472231216450496e-06,0.0002500000000000002,conditional
44,conditional_XMV_04,8,20,0.8235105872154236,0.9680247508305648,0.9841909265491988,0.00875,1.0,24.25,4,0.9682699127906976,0.9843356691374708,0.0085,0.00024516196013280034,0.0001447425882720177,0.0002500000000000002,conditional
44,conditional_XMV_04,9,20,0.8235105872154236,0.5364484634551495,0.6335169528985543,0.013,0.0,302.0,4,0.5397638704318937,0.6362097055470354,0.0125,0.0033154069767441507,0.0026927526484811226,0.0004999999999999987,conditional
44,conditional_XMV_04,10,20,0.8235105872154236,0.9182346760797342,0.956697732515834,0.01025,1.0,41.05,4,0.9190289036544852,0.9571340460164428,0.01025,0.0007942275747510052,0.00043631350060879814,0.0,conditional
44,conditional_XMV_04,11,20,0.8235105872154236,0.9632107558139534,0.9798152854589894,0.01025,1.0,9.15,4,0.9627909676079734,0.9795720779310342,0.01025,-0.00041978820597998734,-0.00024320752795525813,0.0,conditional
44,conditional_XMV_04,12,20,0.8235105872154236,0.7804584717607973,0.8645869932315415,0.012,1.0,26.55,4,0.7819095930232558,0.8657635720676901,0.012,0.001451121262458499,0.001176578836148523,0.0,conditional
44,conditional_XMV_04,13,20,0.8235105872154236,0.9480161129568108,0.9746657700375684,0.01075,1.0,34.3,4,0.9481240448504984,0.9747409813611346,0.01025,0.00010793189368762945,7.521132356624882e-05,0.0004999999999999987,conditional
44,conditional_XMV_04,14,20,0.8235105872154236,0.993013953488372,0.996205795514954,0.011,1.0,4.15,4,0.9930873338870432,0.9962665338962798,0.011,7.338039867121893e-05,6.073838132580889e-05,0.0,conditional
44,conditional_XMV_04,15,20,0.8235105872154236,0.5101851744186047,0.6149697520862786,0.01,0.0,302.0,4,0.5110953903654485,0.6156545376361905,0.01,0.0009102159468438176,0.0006847855499119149,0.0,conditional
44,conditional_XMV_04,16,20,0.8235105872154236,0.5089289244186046,0.6078319762798833,0.01175,0.0,302.0,4,0.509300415282392,0.6089490785981092,0.01075,0.0003714908637874048,0.0011171023182259265,0.0010000000000000009,conditional
44,conditional_XMV_04,17,20,0.8235105872154236,0.9510244601328904,0.9761729196277552,0.00925,1.0,31.7,4,0.9505538621262458,0.975856518360482,0.01,-0.00047059800664461804,-0.00031640126727316975,-0.0007500000000000007,conditional
44,conditional_XMV_04,18,20,0.8235105872154236,0.8781335548172757,0.933321298368431,0.00775,1.0,62.7,4,0.8793125207641196,0.9340303251879236,0.0095,0.0011789659468438574,0.0007090268194925864,-0.0017499999999999998,conditional
44,conditional_XMV_04,19,20,0.8235105872154236,0.9431657392026578,0.9692846917730432,0.00875,1.0,30.65,4,0.9362530315614618,0.9650090410196644,0.00925,-0.006912707641196003,-0.004275650753378768,-0.0004999999999999987,conditional
44,conditional_XMV_04,20,20,0.8235105872154236,0.9389145348837208,0.9698878026670272,0.009,1.0,41.85,4,0.9391847176079734,0.9700495406791422,0.0105,0.00027018272425261003,0.00016173801211494254,-0.0015000000000000013,conditional
44,conditional_XMV_04,21,20,0.8235105872154236,0.501597549833887,0.6005822302747087,0.01225,0.0,302.0,4,0.5009509551495016,0.599847108322677,0.01125,-0.0006465946843854375,-0.0007351219520317365,0.0010000000000000009,conditional
44,conditional_XMV_04,22,20,0.8235105872154236,0.5533607142857143,0.645742401100991,0.013,0.0,302.0,4,0.5570834717607973,0.6493169602564582,0.012,0.003722757475082994,0.0035745591554672274,0.0009999999999999992,conditional
44,conditional_XMV_04,23,20,0.8235105872154236,0.5811437084717608,0.6742032669635267,0.01025,0.0,302.0,4,0.5400834094684386,0.6335854732693644,0.01,-0.0410602990033222,-0.040617793694162296,0.0002500000000000002,conditional
44,conditional_XMV_04,24,20,0.8235105872154236,0.9680208471760796,0.9833956416773032,0.00925,1.0,14.75,4,0.9684058139534883,0.9836018104875256,0.0105,0.0003849667774087351,0.00020616881022239575,-0.0012500000000000011,conditional
44,conditional_XMV_04,25,20,0.8235105872154236,0.913625622923588,0.951666079084806,0.00775,1.0,24.8,4,0.9153089285714284,0.9527174247148088,0.0095,0.0016833056478404718,0.0010513456300027535,-0.0017499999999999998,conditional
44,conditional_XMV_04,26,20,0.8235105872154236,0.829781561461794,0.8982460256657164,0.01,1.0,49.35,4,0.918164742524917,0.9557177158784936,0.00925,0.08838318106312293,0.057471690212777204,0.0007500000000000007,conditional
44,conditional_XMV_04,27,20,0.8235105872154236,0.7904046719269103,0.8664011180228312,0.00775,1.0,25.55,4,0.7909616071428571,0.8668904245464866,0.0085,0.0005569352159467966,0.0004893065236554195,-0.0007500000000000007,conditional
44,conditional_XMV_04,28,20,0.8235105872154236,0.5529537583056479,0.6565696828642117,0.00975,0.0,302.0,4,0.5551027408637874,0.6588470646375568,0.0085,0.002148982558139556,0.002277381773345133,0.0012499999999999994,conditional
44,conditional_XMV_05,1,20,0.8202675580978394,0.9950612126245848,0.9975126542535548,0.0075,1.0,4.5,5,0.9950612126245848,0.9975126542535548,0.0075,0.0,0.0,0.0,conditional
44,conditional_XMV_05,2,20,0.8202675580978394,0.9896926495016612,0.9946830031096264,0.009,1.0,12.1,5,0.9896926495016612,0.9946830031096264,0.009,0.0,0.0,0.0,conditional
44,conditional_XMV_05,3,20,0.8202675580978394,0.539765573089701,0.6349504105580798,0.0095,0.0,302.0,5,0.539765573089701,0.6349504105580798,0.0095,0.0,0.0,0.0,conditional
44,conditional_XMV_05,4,20,0.8202675580978394,0.8120067275747508,0.8625663082225996,0.01025,1.0,2.0,5,0.8120067275747508,0.8625663082225996,0.01025,0.0,0.0,0.0,conditional
44,conditional_XMV_05,5,20,0.8202675580978394,0.499765676910299,0.6056371283594,0.01075,0.0,302.0,5,0.499765676910299,0.6056371283594,0.01075,0.0,0.0,0.0,conditional
44,conditional_XMV_05,6,20,0.8202675580978394,0.9979767026578074,0.9990512640711312,0.00825,1.0,1.0,5,0.9979767026578074,0.9990512640711312,0.00825,0.0,0.0,0.0,conditional
44,conditional_XMV_05,7,20,0.8202675580978394,0.9967065199335547,0.9983942231860607,0.00975,1.0,2.0,5,0.9967065199335547,0.9983942231860607,0.00975,0.0,0.0,0.0,conditional
44,conditional_XMV_05,8,20,0.8202675580978394,0.9682699127906976,0.9843356691374708,0.0085,1.0,23.8,5,0.9682699127906976,0.9843356691374708,0.0085,0.0,0.0,0.0,conditional
44,conditional_XMV_05,9,20,0.8202675580978394,0.5397638704318937,0.6362097055470354,0.0125,0.0,302.0,5,0.5397638704318937,0.6362097055470354,0.0125,0.0,0.0,0.0,conditional
44,conditional_XMV_05,10,20,0.8202675580978394,0.9190289036544852,0.9571340460164428,0.01025,1.0,40.75,5,0.9190289036544852,0.9571340460164428,0.01025,0.0,0.0,0.0,conditional
44,conditional_XMV_05,11,20,0.8202675580978394,0.9627909676079734,0.9795720779310342,0.01025,1.0,9.15,5,0.9627909676079734,0.9795720779310342,0.01025,0.0,0.0,0.0,conditional
44,conditional_XMV_05,12,20,0.8202675580978394,0.7819095930232558,0.8657635720676901,0.012,1.0,25.55,5,0.7819095930232558,0.8657635720676901,0.012,0.0,0.0,0.0,conditional
44,conditional_XMV_05,13,20,0.8202675580978394,0.9481240448504984,0.9747409813611346,0.01025,1.0,34.0,5,0.9481240448504984,0.9747409813611346,0.01025,0.0,0.0,0.0,conditional
44,conditional_XMV_05,14,20,0.8202675580978394,0.9930873338870432,0.9962665338962798,0.011,1.0,4.15,5,0.9930873338870432,0.9962665338962798,0.011,0.0,0.0,0.0,conditional
44,conditional_XMV_05,15,20,0.8202675580978394,0.5110953903654485,0.6156545376361905,0.01,0.0,302.0,5,0.5110953903654485,0.6156545376361905,0.01,0.0,0.0,0.0,conditional
44,conditional_XMV_05,16,20,0.8202675580978394,0.509300415282392,0.6089490785981092,0.01075,0.0,302.0,5,0.509300415282392,0.6089490785981092,0.01075,0.0,0.0,0.0,conditional
44,conditional_XMV_05,17,20,0.8202675580978394,0.9505538621262458,0.975856518360482,0.01,1.0,31.5,5,0.9505538621262458,0.975856518360482,0.01,0.0,0.0,0.0,conditional
44,conditional_XMV_05,18,20,0.8202675580978394,0.8793125207641196,0.9340303251879236,0.0095,1.0,62.1,5,0.8793125207641196,0.9340303251879236,0.0095,0.0,0.0,0.0,conditional
44,conditional_XMV_05,19,20,0.8202675580978394,0.9362530315614618,0.9650090410196644,0.00925,1.0,31.0,5,0.9362530315614618,0.9650090410196644,0.00925,0.0,0.0,0.0,conditional
44,conditional_XMV_05,20,20,0.8202675580978394,0.9391847176079734,0.9700495406791422,0.0105,1.0,41.75,5,0.9391847176079734,0.9700495406791422,0.0105,0.0,0.0,0.0,conditional
44,conditional_XMV_05,21,20,0.8202675580978394,0.5009509551495016,0.599847108322677,0.01125,0.0,302.0,5,0.5009509551495016,0.599847108322677,0.01125,0.0,0.0,0.0,conditional
44,conditional_XMV_05,22,20,0.8202675580978394,0.5570834717607973,0.6493169602564582,0.012,0.0,302.0,5,0.5570834717607973,0.6493169602564582,0.012,0.0,0.0,0.0,conditional
44,conditional_XMV_05,23,20,0.8202675580978394,0.5400834094684386,0.6335854732693644,0.01,0.0,302.0,5,0.5400834094684386,0.6335854732693644,0.01,0.0,0.0,0.0,conditional
44,conditional_XMV_05,24,20,0.8202675580978394,0.9684058139534883,0.9836018104875256,0.0105,1.0,14.85,5,0.9684058139534883,0.9836018104875256,0.0105,0.0,0.0,0.0,conditional
44,conditional_XMV_05,25,20,0.8202675580978394,0.9153089285714284,0.9527174247148088,0.0095,1.0,25.4,5,0.9153089285714284,0.9527174247148088,0.0095,0.0,0.0,0.0,conditional
44,conditional_XMV_05,26,20,0.8202675580978394,0.918164742524917,0.9557177158784936,0.00925,1.0,28.9,5,0.918164742524917,0.9557177158784936,0.00925,0.0,0.0,0.0,conditional
44,conditional_XMV_05,27,20,0.8202675580978394,0.7909616071428571,0.8668904245464866,0.0085,1.0,25.35,5,0.7909616071428571,0.8668904245464866,0.0085,0.0,0.0,0.0,conditional
44,conditional_XMV_05,28,20,0.8202675580978394,0.5551027408637874,0.6588470646375568,0.0085,0.0,302.0,5,0.5551027408637874,0.6588470646375568,0.0085,0.0,0.0,0.0,conditional
44,conditional_XMV_06,1,20,0.820256233215332,0.995058388704319,0.9975104395832752,0.0075,1.0,4.55,6,0.9950612126245848,0.9975126542535548,0.0075,2.823920265848656e-06,2.214670279609976e-06,0.0,conditional
44,conditional_XMV_06,2,20,0.820256233215332,0.9897049418604652,0.9946896796009024,0.009,1.0,12.1,6,0.9896926495016612,0.9946830031096264,0.009,-1.229235880395585e-05,-6.676491275947605e-06,0.0,conditional
44,conditional_XMV_06,3,20,0.820256233215332,0.5399688122923588,0.635070049092447,0.0095,0.0,302.0,6,0.539765573089701,0.6349504105580798,0.0095,-0.00020323920265785667,-0.00011963853436725014,0.0,conditional
44,conditional_XMV_06,4,20,0.820256233215332,0.8211681478405316,0.8701471576752584,0.01025,1.0,2.0,6,0.8120067275747508,0.8625663082225996,0.01025,-0.009161420265780817,-0.0075808494526588,0.0,conditional
44,conditional_XMV_06,5,20,0.820256233215332,0.4995850290697674,0.6055924877360314,0.011,0.0,302.0,6,0.499765676910299,0.6056371283594,0.01075,0.00018064784053162253,4.464062336861918e-05,0.0002500000000000002,conditional
44,conditional_XMV_06,6,20,0.820256233215332,0.9979728820598006,0.9990500786555234,0.00875,1.0,1.0,6,0.9979767026578074,0.9990512640711312,0.00825,3.820598006742948e-06,1.1854156077850675e-06,0.0005000000000000004,conditional
44,conditional_XMV_06,7,20,0.820256233215332,0.9967130398671096,0.9983966834454556,0.01,1.0,2.0,6,0.9967065199335547,0.9983942231860607,0.00975,-6.519933554827162e-06,-2.460259394876374e-06,0.0002500000000000002,conditional
44,conditional_XMV_06,8,20,0.820256233215332,0.9682711378737542,0.9843334237424268,0.0085,1.0,23.8,6,0.9682699127906976,0.9843356691374708,0.0085,-1.2250830565552207e-06,2.245395044009335e-06,0.0,conditional
44,conditional_XMV_06,9,20,0.820256233215332,0.5398175664451828,0.6362848247962651,0.0125,0.0,302.0,6,0.5397638704318937,0.6362097055470354,0.0125,-5.369601328908402e-05,-7.511924922976032e-05,0.0,conditional
44,conditional_XMV_06,10,20,0.820256233215332,0.9181832641196014,0.9566084421721684,0.01025,1.0,40.75,6,0.9190289036544852,0.9571340460164428,0.01025,0.000845639534883813,0.0005256038442743582,0.0,conditional
44,conditional_XMV_06,11,20,0.820256233215332,0.9632238164451828,0.9798128656093836,0.0105,1.0,9.15,6,0.9627909676079734,0.9795720779310342,0.01025,-0.0004328488372093986,-0.00024078767834945225,0.0002500000000000002,conditional
44,conditional_XMV_06,12,20,0.820256233215332,0.7821811669435216,0.8659763437023266,0.012,1.0,25.65,6,0.7819095930232558,0.8657635720676901,0.012,-0.0002715739202657774,-0.0002127716346365105,0.0,conditional
44,conditional_XMV_06,13,20,0.820256233215332,0.9481134551495016,0.9747384288834768,0.01025,1.0,34.0,6,0.9481240448504984,0.9747409813611346,0.01025,1.0589700996765927e-05,2.552477657791208e-06,0.0,conditional
44,conditional_XMV_06,14,20,0.820256233215332,0.9931475498338872,0.9963067438015356,0.011,1.0,4.15,6,0.9930873338870432,0.9962665338962798,0.011,-6.0215946844022206e-05,-4.0209905255772505e-05,0.0,conditional
44,conditional_XMV_06,15,20,0.820256233215332,0.5111006644518272,0.6156328405562667,0.01,0.0,302.0,6,0.5110953903654485,0.6156545376361905,0.01,-5.274086378737053e-06,2.169707992383252e-05,0.0,conditional
44,conditional_XMV_06,16,20,0.820256233215332,0.5092350290697675,0.6090282715181321,0.01075,0.0,302.0,6,0.509300415282392,0.6089490785981092,0.01075,6.53862126245297e-05,-7.91929200228969e-05,0.0,conditional
44,conditional_XMV_06,17,20,0.820256233215332,0.9507814161129567,0.9759950076045816,0.01025,1.0,31.5,6,0.9505538621262458,0.975856518360482,0.01,-0.00022755398671092664,-0.00013848924409953778,0.0002500000000000002,conditional
44,conditional_XMV_06,18,20,0.820256233215332,0.8806849044850499,0.9348993913158395,0.0095,1.0,62.1,6,0.8793125207641196,0.9340303251879236,0.0095,-0.0013723837209302925,-0.0008690661279159295,0.0,conditional
44,conditional_XMV_06,19,20,0.820256233215332,0.9363289036544852,0.9650565257157144,0.00925,1.0,31.0,6,0.9362530315614618,0.9650090410196644,0.00925,-7.587209302339915e-05,-4.7484696049981956e-05,0.0,conditional
44,conditional_XMV_06,20,20,0.820256233215332,0.9393767857142856,0.9701489266773236,0.0105,1.0,41.05,6,0.9391847176079734,0.9700495406791422,0.0105,-0.00019206810631222648,-9.938599818137828e-05,0.0,conditional
44,conditional_XMV_06,21,20,0.820256233215332,0.5009596345514951,0.5997926439789085,0.01175,0.0,302.0,6,0.5009509551495016,0.599847108322677,0.01125,-8.679401993449964e-06,5.446434376843445e-05,0.0005000000000000004,conditional
44,conditional_XMV_06,22,20,0.820256233215332,0.5572138911960133,0.6494938393945489,0.0125,0.0,302.0,6,0.5570834717607973,0.6493169602564582,0.012,-0.0001304194352159671,-0.00017687913809061317,0.0005000000000000004,conditional
44,conditional_XMV_06,23,20,0.820256233215332,0.5402376245847176,0.6336861769071386,0.01,0.0,302.0,6,0.5400834094684386,0.6335854732693644,0.01,-0.00015421511627899953,-0.00010070363777414659,0.0,conditional
44,conditional_XMV_06,24,20,0.820256233215332,0.9685447259136212,0.9836799711260495,0.0105,1.0,14.85,6,0.9684058139534883,0.9836018104875256,0.0105,-0.00013891196013282592,-7.816063852394972e-05,0.0,conditional
44,conditional_XMV_06,25,20,0.820256233215332,0.9151951619601328,0.9526395526280308,0.00975,1.0,26.5,6,0.9153089285714284,0.9527174247148088,0.0095,0.00011376661129558485,7.787208677800805e-05,0.0002500000000000002,conditional
44,conditional_XMV_06,26,20,0.820256233215332,0.918061150332226,0.9556501538454392,0.00925,1.0,28.9,6,0.918164742524917,0.9557177158784936,0.00925,0.00010359219269095998,6.756203305446906e-05,0.0,conditional
44,conditional_XMV_06,27,20,0.820256233215332,0.7923490863787376,0.8678564534151365,0.0085,1.0,25.35,6,0.7909616071428571,0.8668904245464866,0.0085,-0.001387479235880451,-0.0009660288686499374,0.0,conditional
44,conditional_XMV_06,28,20,0.820256233215332,0.5550842400332225,0.6588210736163522,0.00875,0.0,302.0,6,0.5551027408637874,0.6588470646375568,0.0085,1.8500830564871507e-05,2.599102120459662e-05,0.0002500000000000002,conditional
44,conditional_XMV_07,1,20,0.8198719024658203,0.9950543189368772,0.9975090701779558,0.0075,1.0,4.5,7,0.9950612126245848,0.9975126542535548,0.0075,6.893687707565377e-06,3.5840755990834694e-06,0.0,conditional
44,conditional_XMV_07,2,20,0.8198719024658203,0.9895997508305648,0.994632408300104,0.0095,1.0,12.35,7,0.9896926495016612,0.9946830031096264,0.009,9.289867109640859e-05,5.059480952240847e-05,0.0005000000000000004,conditional
44,conditional_XMV_07,3,20,0.8198719024658203,0.539839638704319,0.635253824540408,0.01,0.0,302.0,7,0.539765573089701,0.6349504105580798,0.0095,-7.406561461797967e-05,-0.0003034139823282489,0.0005000000000000004,conditional
44,conditional_XMV_07,4,20,0.8198719024658203,0.8141918812292359,0.8646419259898706,0.01025,1.0,2.0,7,0.8120067275747508,0.8625663082225996,0.01025,-0.002185153654485128,-0.002075617767270943,0.0,conditional
44,conditional_XMV_07,5,20,0.8198719024658203,0.4998339493355482,0.6056263202295062,0.0115,0.0,302.0,7,0.499765676910299,0.6056371283594,0.01075,-6.827242524920507e-05,1.0808129893735696e-05,0.0007500000000000007,conditional
44,conditional_XMV_07,6,20,0.8198719024658203,0.997998172757475,0.9990578748133218,0.0085,1.0,1.0,7,0.9979767026578074,0.9990512640711312,0.00825,-2.1470099667686426e-05,-6.610742190549246e-06,0.0002500000000000002,conditional
44,conditional_XMV_07,7,20,0.8198719024658203,0.9967124169435216,0.9983971000519664,0.009,1.0,2.0,7,0.9967065199335547,0.9983942231860607,0.00975,-5.89700996689313e-06,-2.876865905609982e-06,-0.0007500000000000007,conditional
44,conditional_XMV_07,8,20,0.8198719024658203,0.968319684385382,0.9843574809676336,0.00875,1.0,23.9,7,0.9682699127906976,0.9843356691374708,0.0085,-4.9771594684333564e-05,-2.1811830162810075e-05,0.0002500000000000002,conditional
44,conditional_XMV_07,9,20,0.8198719024658203,0.5398020556478406,0.6363857046141513,0.01325,0.0,302.0,7,0.5397638704318937,0.6362097055470354,0.0125,-3.818521594689539e-05,-0.0001759990671159617,0.0007499999999999989,conditional
44,conditional_XMV_07,10,20,0.8198719024658203,0.9194768272425248,0.95743114790729,0.00975,1.0,40.6,7,0.9190289036544852,0.9571340460164428,0.01025,-0.0004479235880395782,-0.0002971018908471956,-0.0005000000000000004,conditional
44,conditional_XMV_07,11,20,0.8198719024658203,0.9634761004983388,0.9799373519684969,0.00975,1.0,9.15,7,0.9627909676079734,0.9795720779310342,0.01025,-0.0006851328903653142,-0.0003652740374626706,-0.0005000000000000004,conditional
44,conditional_XMV_07,12,20,0.8198719024658203,0.7821990863787376,0.8659736483654858,0.012,1.0,25.65,7,0.7819095930232558,0.8657635720676901,0.012,-0.0002894933554817847,-0.0002100762977957915,0.0,conditional
44,conditional_XMV_07,13,20,0.8198719024658203,0.948147508305648,0.9747485955067547,0.0105,1.0,34.0,7,0.9481240448504984,0.9747409813611346,0.01025,-2.3463455149586032e-05,-7.614145620116197e-06,0.0002500000000000002,conditional
44,conditional_XMV_07,14,20,0.8198719024658203,0.9930373338870432,0.9962312380696589,0.01075,1.0,4.15,7,0.9930873338870432,0.9962665338962798,0.011,4.999999999999449e-05,3.529582662098463e-05,-0.0002500000000000002,conditional
44,conditional_XMV_07,15,20,0.8198719024658203,0.511102553986711,0.6155424409835625,0.01,0.0,302.0,7,0.5110953903654485,0.6156545376361905,0.01,-7.163621262518127e-06,0.00011209665262801316,0.0,conditional
44,conditional_XMV_07,16,20,0.8198719024658203,0.5097202657807309,0.609055606033176,0.01125,0.0,302.0,7,0.509300415282392,0.6089490785981092,0.01075,-0.00041985049833892507,-0.0001065274350667833,0.0005000000000000004,conditional
44,conditional_XMV_07,17,20,0.8198719024658203,0.950860631229236,0.976052170707615,0.01025,1.0,31.5,7,0.9505538621262458,0.975856518360482,0.01,-0.000306769102990212,-0.00019565234713292412,0.0002500000000000002,conditional
44,conditional_XMV_07,18,20,0.8198719024658203,0.8792005606312292,0.9339638387193168,0.009,1.0,62.1,7,0.8793125207641196,0.9340303251879236,0.0095,0.00011196013289038742,6.648646860685226e-05,-0.0005000000000000004,conditional
44,conditional_XMV_07,19,20,0.8198719024658203,0.9167917151162792,0.953551585437286,0.00925,1.0,36.95,7,0.9362530315614618,0.9650090410196644,0.00925,0.019461316445182564,0.011457455582378429,0.0,conditional
44,conditional_XMV_07,20,20,0.8198719024658203,0.93916042358804,0.9700207797545852,0.01025,1.0,41.45,7,0.9391847176079734,0.9700495406791422,0.0105,2.429401993342406e-05,2.8760924556947565e-05,-0.0002500000000000002,conditional
44,conditional_XMV_07,21,20,0.8198719024658203,0.5009354028239202,0.5999347769321625,0.01075,0.0,302.0,7,0.5009509551495016,0.599847108322677,0.01125,1.555232558136943e-05,-8.766860948550281e-05,-0.0005000000000000004,conditional
44,conditional_XMV_07,22,20,0.8198719024658203,0.5570143480066445,0.6492830154673818,0.01275,0.0,302.0,7,0.5570834717607973,0.6493169602564582,0.012,6.912375415280003e-05,3.39447890764788e-05,0.0007499999999999989,conditional
44,conditional_XMV_07,23,20,0.8198719024658203,0.5398875,0.6333193276593623,0.00975,0.0,302.0,7,0.5400834094684386,0.6335854732693644,0.01,0.00019590946843861534,0.0002661456100021553,-0.0002500000000000002,conditional
44,conditional_XMV_07,24,20,0.8198719024658203,0.9678835548172756,0.9833067626522154,0.0105,1.0,14.85,7,0.9684058139534883,0.9836018104875256,0.0105,0.0005222591362127327,0.0002950478353102026,0.0,conditional
44,conditional_XMV_07,25,20,0.8198719024658203,0.913796200166113,0.9517555638543456,0.00925,1.0,27.2,7,0.9153089285714284,0.9527174247148088,0.0095,0.0015127284053154666,0.0009618608604632373,-0.0002500000000000002,conditional
44,conditional_XMV_07,26,20,0.8198719024658203,0.9176750622923588,0.95543043795935,0.0095,1.0,29.0,7,0.918164742524917,0.9557177158784936,0.00925,0.0004896802325581318,0.00028727791914362477,0.0002500000000000002,conditional
44,conditional_XMV_07,27,20,0.8198719024658203,0.7916836794019934,0.8673767847815669,0.00875,1.0,25.35,7,0.7909616071428571,0.8668904245464866,0.0085,-0.0007220722591362305,-0.00048636023508030757,0.0002500000000000002,conditional
44,conditional_XMV_07,28,20,0.8198719024658203,0.5554469892026578,0.6592407130348085,0.0085,0.0,302.0,7,0.5551027408637874,0.6588470646375568,0.0085,-0.00034424833887036765,-0.0003936483972516447,0.0,conditional
44,conditional_XMV_08,1,20,0.8200640678405762,0.9950690199335548,0.9975156267014916,0.0075,1.0,4.4,8,0.9950612126245848,0.9975126542535548,0.0075,-7.807308969987048e-06,-2.972447936788747e-06,0.0,conditional
44,conditional_XMV_08,2,20,0.8200640678405762,0.9897144102990032,0.9946935179874652,0.00875,1.0,12.2,8,0.9896926495016612,0.9946830031096264,0.009,-2.176079734195202e-05,-1.0514877838763148e-05,-0.0002499999999999985,conditional
44,conditional_XMV_08,3,20,0.8200640678405762,0.5395498131229236,0.6347704974563628,0.00975,0.0,302.0,8,0.539765573089701,0.6349504105580798,0.0095,0.00021575996677736242,0.0001799131017169442,0.0002500000000000002,conditional
44,conditional_XMV_08,4,20,0.8200640678405762,0.813456976744186,0.8636196479920064,0.01,1.0,2.0,8,0.8120067275747508,0.8625663082225996,0.01025,-0.0014502491694352582,-0.0010533397694068025,-0.0002500000000000002,conditional
44,conditional_XMV_08,5,20,0.8200640678405762,0.5000093023255814,0.6057051350228407,0.011,0.0,302.0,8,0.499765676910299,0.6056371283594,0.01075,-0.00024362541528238912,-6.800666344075612e-05,0.0002500000000000002,conditional
44,conditional_XMV_08,6,20,0.8200640678405762,0.9979785299003322,0.9990517690800924,0.0085,1.0,1.0,8,0.9979767026578074,0.9990512640711312,0.00825,-1.8272425248433422e-06,-5.050089612046449e-07,0.0002500000000000002,conditional
44,conditional_XMV_08,7,20,0.8200640678405762,0.9966990448504984,0.9983915777632124,0.00925,1.0,2.0,8,0.9967065199335547,0.9983942231860607,0.00975,7.47508305631861e-06,2.6454228483352438e-06,-0.0005000000000000004,conditional
44,conditional_XMV_08,8,20,0.8200640678405762,0.9682891818936876,0.9843474929618928,0.00825,1.0,23.9,8,0.9682699127906976,0.9843356691374708,0.0085,-1.9269102989993847e-05,-1.1823824421997031e-05,-0.0002500000000000002,conditional
44,conditional_XMV_08,9,20,0.8200640678405762,0.5398775332225914,0.6363782628871504,0.0125,0.0,302.0,8,0.5397638704318937,0.6362097055470354,0.0125,-0.00011366279069768837,-0.00016855734011500534,0.0,conditional
44,conditional_XMV_08,10,20,0.8200640678405762,0.9187391818936878,0.9569134379301484,0.01025,1.0,40.75,8,0.9190289036544852,0.9571340460164428,0.01025,0.0002897217607974456,0.00022060808629442707,0.0,conditional
44,conditional_XMV_08,11,20,0.8200640678405762,0.962921615448505,0.97963493437431,0.0105,1.0,9.15,8,0.9627909676079734,0.9795720779310342,0.01025,-0.000130647840531517,-6.285644327586049e-05,0.0002500000000000002,conditional
44,conditional_XMV_08,12,20,0.8200640678405762,0.7822976328903655,0.8660236377134973,0.01225,1.0,25.65,8,0.7819095930232558,0.8657635720676901,0.012,-0.00038803986710966853,-0.00026006564580727254,0.0002500000000000002,conditional
44,conditional_XMV_08,13,20,0.8200640678405762,0.948123172757475,0.9747415332478472,0.0105,1.0,34.0,8,0.9481240448504984,0.9747409813611346,0.01025,8.720930233518942e-07,-5.518867125520188e-07,0.0002500000000000002,conditional
44,conditional_XMV_08,14,20,0.8200640678405762,0.9930582641196012,0.9962479381668736,0.011,1.0,4.15,8,0.9930873338870432,0.9962665338962798,0.011,2.9069767441991523e-05,1.8595729406212236e-05,0.0,conditional
44,conditional_XMV_08,15,20,0.8200640678405762,0.511165365448505,0.6156989240303816,0.00975,0.0,302.0,8,0.5110953903654485,0.6156545376361905,0.01,-6.997508305650602e-05,-4.438639419113155e-05,-0.0002500000000000002,conditional
44,conditional_XMV_08,16,20,0.8200640678405762,0.5094692898671096,0.6093627351037948,0.01075,0.0,302.0,8,0.509300415282392,0.6089490785981092,0.01075,-0.0001688745847175932,-0.000413656505685589,0.0,conditional
44,conditional_XMV_08,17,20,0.8200640678405762,0.9507844684385384,0.976001884752143,0.01025,1.0,31.5,8,0.9505538621262458,0.975856518360482,0.01,-0.00023060631229254724,-0.00014536639166096155,0.0002500000000000002,conditional
44,conditional_XMV_08,18,20,0.8200640678405762,0.8791531976744186,0.933945978561163,0.00875,1.0,62.6,8,0.8793125207641196,0.9340303251879236,0.0095,0.0001593230897010134,8.434662676060078e-05,-0.0007499999999999989,conditional
44,conditional_XMV_08,19,20,0.8200640678405762,0.9025926702657808,0.943947956727462,0.00925,1.0,34.25,8,0.9362530315614618,0.9650090410196644,0.00925,0.03366036129568095,0.021061084292202437,0.0,conditional
44,conditional_XMV_08,20,20,0.8200640678405762,0.9391217400332226,0.9700011129061584,0.01,1.0,41.75,8,0.9391847176079734,0.9700495406791422,0.0105,6.297757475082211e-05,4.842777298375012e-05,-0.0005000000000000004,conditional
44,conditional_XMV_08,21,20,0.8200640678405762,0.5009897009966777,0.6001686626392526,0.0115,0.0,302.0,8,0.5009509551495016,0.599847108322677,0.01125,-3.8745847176113735e-05,-0.00032155431657565625,0.0002500000000000002,conditional
44,conditional_XMV_08,22,20,0.8200640678405762,0.5572171926910299,0.6494479600126084,0.0125,0.0,302.0,8,0.5570834717607973,0.6493169602564582,0.012,-0.00013372093023256149,-0.00013099975615016302,0.0005000000000000004,conditional
44,conditional_XMV_08,23,20,0.8200640678405762,0.5401958471760797,0.6334266669870661,0.01,0.0,302.0,8,0.5400834094684386,0.6335854732693644,0.01,-0.00011243770764113314,0.0001588062822983627,0.0,conditional
44,conditional_XMV_08,24,20,0.8200640678405762,0.968433222591362,0.983614773823417,0.01,1.0,14.85,8,0.9684058139534883,0.9836018104875256,0.0105,-2.7408637873649333e-05,-1.296333589140275e-05,-0.0005000000000000004,conditional
44,conditional_XMV_08,25,20,0.8200640678405762,0.9143821013289036,0.9520816564998807,0.0095,1.0,26.4,8,0.9153089285714284,0.9527174247148088,0.0095,0.000926827242524797,0.0006357682149280564,0.0,conditional
44,conditional_XMV_08,26,20,0.8200640678405762,0.9188892441860466,0.9561131620210396,0.0095,1.0,28.7,8,0.918164742524917,0.9557177158784936,0.00925,-0.000724501661129584,-0.000395446142545941,0.0002500000000000002,conditional
44,conditional_XMV_08,27,20,0.8200640678405762,0.7907371470099668,0.8667685207711213,0.00825,1.0,25.3,8,0.7909616071428571,0.8668904245464866,0.0085,0.00022446013289034727,0.00012190377536525077,-0.0002500000000000002,conditional
44,conditional_XMV_08,28,20,0.8200640678405762,0.5551470514950166,0.6588032420140411,0.00925,0.0,302.0,8,0.5551027408637874,0.6588470646375568,0.0085,-4.4310631229227404e-05,4.382262351576571e-05,0.0007499999999999989,conditional
44,conditional_XMV_09,1,20,0.8202675580978394,0.9950612126245848,0.9975126542535548,0.0075,1.0,4.5,9,0.9950612126245848,0.9975126542535548,0.0075,0.0,0.0,0.0,conditional
44,conditional_XMV_09,2,20,0.8202675580978394,0.9896926495016612,0.9946830031096264,0.009,1.0,12.1,9,0.9896926495016612,0.9946830031096264,0.009,0.0,0.0,0.0,conditional
44,conditional_XMV_09,3,20,0.8202675580978394,0.539765573089701,0.6349504105580798,0.0095,0.0,302.0,9,0.539765573089701,0.6349504105580798,0.0095,0.0,0.0,0.0,conditional
44,conditional_XMV_09,4,20,0.8202675580978394,0.8120067275747508,0.8625663082225996,0.01025,1.0,2.0,9,0.8120067275747508,0.8625663082225996,0.01025,0.0,0.0,0.0,conditional
44,conditional_XMV_09,5,20,0.8202675580978394,0.499765676910299,0.6056371283594,0.01075,0.0,302.0,9,0.499765676910299,0.6056371283594,0.01075,0.0,0.0,0.0,conditional
44,conditional_XMV_09,6,20,0.8202675580978394,0.9979767026578074,0.9990512640711312,0.00825,1.0,1.0,9,0.9979767026578074,0.9990512640711312,0.00825,0.0,0.0,0.0,conditional
44,conditional_XMV_09,7,20,0.8202675580978394,0.9967065199335547,0.9983942231860607,0.00975,1.0,2.0,9,0.9967065199335547,0.9983942231860607,0.00975,0.0,0.0,0.0,conditional
44,conditional_XMV_09,8,20,0.8202675580978394,0.9682699127906976,0.9843356691374708,0.0085,1.0,23.8,9,0.9682699127906976,0.9843356691374708,0.0085,0.0,0.0,0.0,conditional
44,conditional_XMV_09,9,20,0.8202675580978394,0.5397638704318937,0.6362097055470354,0.0125,0.0,302.0,9,0.5397638704318937,0.6362097055470354,0.0125,0.0,0.0,0.0,conditional
44,conditional_XMV_09,10,20,0.8202675580978394,0.9190289036544852,0.9571340460164428,0.01025,1.0,40.75,9,0.9190289036544852,0.9571340460164428,0.01025,0.0,0.0,0.0,conditional
44,conditional_XMV_09,11,20,0.8202675580978394,0.9627909676079734,0.9795720779310342,0.01025,1.0,9.15,9,0.9627909676079734,0.9795720779310342,0.01025,0.0,0.0,0.0,conditional
44,conditional_XMV_09,12,20,0.8202675580978394,0.7819095930232558,0.8657635720676901,0.012,1.0,25.55,9,0.7819095930232558,0.8657635720676901,0.012,0.0,0.0,0.0,conditional
44,conditional_XMV_09,13,20,0.8202675580978394,0.9481240448504984,0.9747409813611346,0.01025,1.0,34.0,9,0.9481240448504984,0.9747409813611346,0.01025,0.0,0.0,0.0,conditional
44,conditional_XMV_09,14,20,0.8202675580978394,0.9930873338870432,0.9962665338962798,0.011,1.0,4.15,9,0.9930873338870432,0.9962665338962798,0.011,0.0,0.0,0.0,conditional
44,conditional_XMV_09,15,20,0.8202675580978394,0.5110953903654485,0.6156545376361905,0.01,0.0,302.0,9,0.5110953903654485,0.6156545376361905,0.01,0.0,0.0,0.0,conditional
44,conditional_XMV_09,16,20,0.8202675580978394,0.509300415282392,0.6089490785981092,0.01075,0.0,302.0,9,0.509300415282392,0.6089490785981092,0.01075,0.0,0.0,0.0,conditional
44,conditional_XMV_09,17,20,0.8202675580978394,0.9505538621262458,0.975856518360482,0.01,1.0,31.5,9,0.9505538621262458,0.975856518360482,0.01,0.0,0.0,0.0,conditional
44,conditional_XMV_09,18,20,0.8202675580978394,0.8793125207641196,0.9340303251879236,0.0095,1.0,62.1,9,0.8793125207641196,0.9340303251879236,0.0095,0.0,0.0,0.0,conditional
44,conditional_XMV_09,19,20,0.8202675580978394,0.9362530315614618,0.9650090410196644,0.00925,1.0,31.0,9,0.9362530315614618,0.9650090410196644,0.00925,0.0,0.0,0.0,conditional
44,conditional_XMV_09,20,20,0.8202675580978394,0.9391847176079734,0.9700495406791422,0.0105,1.0,41.75,9,0.9391847176079734,0.9700495406791422,0.0105,0.0,0.0,0.0,conditional
44,conditional_XMV_09,21,20,0.8202675580978394,0.5009509551495016,0.599847108322677,0.01125,0.0,302.0,9,0.5009509551495016,0.599847108322677,0.01125,0.0,0.0,0.0,conditional
44,conditional_XMV_09,22,20,0.8202675580978394,0.5570834717607973,0.6493169602564582,0.012,0.0,302.0,9,0.5570834717607973,0.6493169602564582,0.012,0.0,0.0,0.0,conditional
44,conditional_XMV_09,23,20,0.8202675580978394,0.5400834094684386,0.6335854732693644,0.01,0.0,302.0,9,0.5400834094684386,0.6335854732693644,0.01,0.0,0.0,0.0,conditional
44,conditional_XMV_09,24,20,0.8202675580978394,0.9684058139534883,0.9836018104875256,0.0105,1.0,14.85,9,0.9684058139534883,0.9836018104875256,0.0105,0.0,0.0,0.0,conditional
44,conditional_XMV_09,25,20,0.8202675580978394,0.9153089285714284,0.9527174247148088,0.0095,1.0,25.4,9,0.9153089285714284,0.9527174247148088,0.0095,0.0,0.0,0.0,conditional
44,conditional_XMV_09,26,20,0.8202675580978394,0.918164742524917,0.9557177158784936,0.00925,1.0,28.9,9,0.918164742524917,0.9557177158784936,0.00925,0.0,0.0,0.0,conditional
44,conditional_XMV_09,27,20,0.8202675580978394,0.7909616071428571,0.8668904245464866,0.0085,1.0,25.35,9,0.7909616071428571,0.8668904245464866,0.0085,0.0,0.0,0.0,conditional
44,conditional_XMV_09,28,20,0.8202675580978394,0.5551027408637874,0.6588470646375568,0.0085,0.0,302.0,9,0.5551027408637874,0.6588470646375568,0.0085,0.0,0.0,0.0,conditional
44,conditional_XMV_10,1,20,0.8200689554214478,0.9950549418604652,0.9975094432233312,0.0075,1.0,4.5,10,0.9950612126245848,0.9975126542535548,0.0075,6.270764119631345e-06,3.211030223604361e-06,0.0,conditional
44,conditional_XMV_10,2,20,0.8200689554214478,0.9896974667774088,0.9946844980472676,0.009,1.0,12.15,10,0.9896926495016612,0.9946830031096264,0.009,-4.817275747526217e-06,-1.4949376411221849e-06,0.0,conditional
44,conditional_XMV_10,3,20,0.8200689554214478,0.5392241071428572,0.6341779294565255,0.00925,0.0,302.0,10,0.539765573089701,0.6349504105580798,0.0095,0.0005414659468437888,0.0007724811015542565,-0.0002500000000000002,conditional
44,conditional_XMV_10,4,20,0.8200689554214478,0.5169484842192691,0.6265208796486672,0.01025,1.0,2.0,10,0.8120067275747508,0.8625663082225996,0.01025,0.2950582433554817,0.2360454285739324,0.0,conditional
44,conditional_XMV_10,5,20,0.8200689554214478,0.4997388704318937,0.605696139858394,0.01125,0.0,302.0,10,0.499765676910299,0.6056371283594,0.01075,2.68064784053057e-05,-5.901149899401048e-05,0.0005000000000000004,conditional
44,conditional_XMV_10,6,20,0.8200689554214478,0.9979759551495015,0.9990510351144306,0.0085,1.0,1.0,10,0.9979767026578074,0.9990512640711312,0.00825,7.475083058094967e-07,2.2895670059863704e-07,0.0002500000000000002,conditional
44,conditional_XMV_10,7,20,0.8200689554214478,0.99672030730897,0.9983986071882104,0.0095,1.0,2.0,10,0.9967065199335547,0.9983942231860607,0.00975,-1.3787375415241776e-05,-4.384002149637745e-06,-0.0002500000000000002,conditional
44,conditional_XMV_10,8,20,0.8200689554214478,0.9681713455149502,0.9842832496413744,0.0085,1.0,23.8,10,0.9682699127906976,0.9843356691374708,0.0085,9.856727574741875e-05,5.2419496096467455e-05,0.0,conditional
44,conditional_XMV_10,9,20,0.8200689554214478,0.5394476328903655,0.6356923360169897,0.01275,0.0,302.0,10,0.5397638704318937,0.6362097055470354,0.0125,0.00031623754152820815,0.0005173695300456638,0.0002499999999999985,conditional
44,conditional_XMV_10,10,20,0.8200689554214478,0.9192218853820598,0.9572394032624404,0.0105,1.0,40.75,10,0.9190289036544852,0.9571340460164428,0.01025,-0.00019298172757464815,-0.00010535724599758378,0.0002500000000000002,conditional
44,conditional_XMV_10,11,20,0.8200689554214478,0.9422269102990032,0.9682202419602336,0.0105,1.0,9.8,10,0.9627909676079734,0.9795720779310342,0.01025,0.020564057308970263,0.011351835970800583,0.0002500000000000002,conditional
44,conditional_XMV_10,12,20,0.8200689554214478,0.7817296926910299,0.8656191812640156,0.01225,1.0,25.65,10,0.7819095930232558,0.8657635720676901,0.012,0.00017990033222592405,0.00014439080367445456,0.0002500000000000002,conditional
44,conditional_XMV_10,13,20,0.8200689554214478,0.9480925456810632,0.9747309786996594,0.01075,1.0,34.0,10,0.9481240448504984,0.9747409813611346,0.01025,3.149916943523401e-05,1.000266147521689e-05,0.0004999999999999987,conditional
44,conditional_XMV_10,14,20,0.8200689554214478,0.99159219269103,0.9953318871438116,0.011,1.0,4.15,10,0.9930873338870432,0.9962665338962798,0.011,0.0014951411960131278,0.0009346467524682378,0.0,conditional
44,conditional_XMV_10,15,20,0.8200689554214478,0.5111553779069767,0.615596422182347,0.00975,0.0,302.0,10,0.5110953903654485,0.6156545376361905,0.01,-5.9987541528250254e-05,5.811545384348804e-05,-0.0002500000000000002,conditional
44,conditional_XMV_10,16,20,0.8200689554214478,0.5094863995016611,0.6090683562383502,0.01075,0.0,302.0,10,0.509300415282392,0.6089490785981092,0.01075,-0.00018598421926907527,-0.00011927764024100007,0.0,conditional
44,conditional_XMV_10,17,20,0.8200689554214478,0.9507914659468438,0.9760030435565497,0.01025,1.0,31.5,10,0.9505538621262458,0.975856518360482,0.01,-0.0002376038205980091,-0.00014652519606761505,0.0002500000000000002,conditional
44,conditional_XMV_10,18,20,0.8200689554214478,0.8789277200996678,0.9338028187167476,0.00925,1.0,62.6,10,0.8793125207641196,0.9340303251879236,0.0095,0.00038480066445178984,0.00022750647117597556,-0.0002500000000000002,conditional
44,conditional_XMV_10,19,20,0.8200689554214478,0.9364234634551496,0.9650926829365596,0.00925,1.0,31.0,10,0.9362530315614618,0.9650090410196644,0.00925,-0.00017043189368781686,-8.364191689513856e-05,0.0,conditional
44,conditional_XMV_10,20,20,0.8200689554214478,0.939146719269103,0.9700312720884764,0.0105,1.0,41.55,10,0.9391847176079734,0.9700495406791422,0.0105,3.799833887041526e-05,1.8268590665782014e-05,0.0,conditional
44,conditional_XMV_10,21,20,0.8200689554214478,0.500983907807309,0.6002006668850138,0.011,0.0,302.0,10,0.5009509551495016,0.599847108322677,0.01125,-3.2952657807339136e-05,-0.0003535585623368753,-0.0002500000000000002,conditional
44,conditional_XMV_10,22,20,0.8200689554214478,0.5567686669435216,0.6485938959026669,0.012,0.0,302.0,10,0.5570834717607973,0.6493169602564582,0.012,0.00031480481727574894,0.000723064353791325,0.0,conditional
44,conditional_XMV_10,23,20,0.8200689554214478,0.5400824543189369,0.6334787056851063,0.01,0.0,302.0,10,0.5400834094684386,0.6335854732693644,0.01,9.551495017134926e-07,0.00010676758425809396,0.0,conditional
44,conditional_XMV_10,24,20,0.8200689554214478,0.968573650332226,0.9836954820281236,0.01025,1.0,14.85,10,0.9684058139534883,0.9836018104875256,0.0105,-0.00016783637873762913,-9.367154059802818e-05,-0.0002500000000000002,conditional
44,conditional_XMV_10,25,20,0.8200689554214478,0.9149574335548172,0.9525011498596176,0.0095,1.0,25.4,10,0.9153089285714284,0.9527174247148088,0.0095,0.0003514950166112474,0.0002162748551911564,0.0,conditional
44,conditional_XMV_10,26,20,0.8200689554214478,0.9178506436877076,0.9555138598266572,0.00925,1.0,28.9,10,0.918164742524917,0.9557177158784936,0.00925,0.0003140988372093423,0.0002038560518364818,0.0,conditional
44,conditional_XMV_10,27,20,0.8200689554214478,0.7715061046511628,0.8535137017718498,0.0085,1.0,26.2,10,0.7909616071428571,0.8668904245464866,0.0085,0.019455502491694365,0.013376722774636751,0.0,conditional
44,conditional_XMV_10,28,20,0.8200689554214478,0.5550870224252492,0.6588471932040737,0.009,0.0,302.0,10,0.5551027408637874,0.6588470646375568,0.0085,1.571843853820365e-05,-1.285665168770933e-07,0.0004999999999999987,conditional
44,conditional_XMV_11,1,20,0.8206557631492615,0.995070514950166,0.9975157130559136,0.00775,1.0,4.4,11,0.9950612126245848,0.9975126542535548,0.0075,-9.302325581161952e-06,-3.0588023587352353e-06,0.0002500000000000002,conditional
44,conditional_XMV_11,2,20,0.8206557631492615,0.9896927325581396,0.994681651238868,0.009,1.0,12.0,11,0.9896926495016612,0.9946830031096264,0.009,-8.305647836159835e-08,1.3518707584481149e-06,0.0,conditional
44,conditional_XMV_11,3,20,0.8206557631492615,0.5395840116279069,0.6347029530248797,0.01,0.0,302.0,11,0.539765573089701,0.6349504105580798,0.0095,0.0001815614617940442,0.00024745753320010166,0.0005000000000000004,conditional
44,conditional_XMV_11,4,20,0.8206557631492615,0.811860153654485,0.862615071051763,0.01025,1.0,2.0,11,0.8120067275747508,0.8625663082225996,0.01025,0.00014657392026573568,-4.87628291634401e-05,0.0,conditional
44,conditional_XMV_11,5,20,0.8206557631492615,0.5000404900332226,0.6059249964411154,0.0115,0.0,302.0,11,0.499765676910299,0.6056371283594,0.01075,-0.0002748131229236006,-0.00028786808171543665,0.0007500000000000007,conditional
44,conditional_XMV_11,6,20,0.8206557631492615,0.9979693521594684,0.9990488327680562,0.0085,1.0,1.0,11,0.9979767026578074,0.9990512640711312,0.00825,7.350498338998257e-06,2.4313030749789633e-06,0.0002500000000000002,conditional
44,conditional_XMV_11,7,20,0.8206557631492615,0.9967316860465116,0.9984037744249052,0.00975,1.0,2.0,11,0.9967065199335547,0.9983942231860607,0.00975,-2.5166112956886977e-05,-9.551238844496268e-06,0.0,conditional
44,conditional_XMV_11,8,20,0.8206557631492615,0.9682199750830564,0.9843079768564912,0.00825,1.0,23.8,11,0.9682699127906976,0.9843356691374708,0.0085,4.9937707641278806e-05,2.769228097965204e-05,-0.0002500000000000002,conditional
44,conditional_XMV_11,9,20,0.8206557631492615,0.5399843646179402,0.6364275409285971,0.01275,0.0,302.0,11,0.5397638704318937,0.6362097055470354,0.0125,-0.00022049418604652704,-0.00021783538156172622,0.0002499999999999985,conditional
44,conditional_XMV_11,10,20,0.8206557631492615,0.9189218023255814,0.9570745579313112,0.01075,1.0,40.75,11,0.9190289036544852,0.9571340460164428,0.01025,0.00010710132890379143,5.9488085131564894e-05,0.0004999999999999987,conditional
44,conditional_XMV_11,11,20,0.8206557631492615,0.9630419435215948,0.9797074131842612,0.01025,1.0,9.15,11,0.9627909676079734,0.9795720779310342,0.01025,-0.00025097591362133187,-0.00013533525322706463,0.0,conditional
44,conditional_XMV_11,12,20,0.8206557631492615,0.7821969061461794,0.8660119029809964,0.01125,1.0,25.65,11,0.7819095930232558,0.8657635720676901,0.012,-0.000287313122923627,-0.0002483309133063383,-0.0007500000000000007,conditional
44,conditional_XMV_11,13,20,0.8206557631492615,0.9481422549833888,0.9747489172827248,0.00975,1.0,34.0,11,0.9481240448504984,0.9747409813611346,0.01025,-1.8210132890383868e-05,-7.935921590207506e-06,-0.0005000000000000004,conditional
44,conditional_XMV_11,14,20,0.8206557631492615,0.9931066860465116,0.9962755684782764,0.0105,1.0,4.15,11,0.9930873338870432,0.9962665338962798,0.011,-1.9352159468466468e-05,-9.034581996525404e-06,-0.0004999999999999987,conditional
44,conditional_XMV_11,15,20,0.8206557631492615,0.510843334717608,0.6156830581234226,0.00925,0.0,302.0,11,0.5110953903654485,0.6156545376361905,0.01,0.00025205564784047674,-2.8520487232119862e-05,-0.0007500000000000007,conditional
44,conditional_XMV_11,16,20,0.8206557631492615,0.5091499169435216,0.6086856305412601,0.0105,0.0,302.0,11,0.509300415282392,0.6089490785981092,0.01075,0.00015049833887037511,0.00026344805684908046,-0.0002499999999999985,conditional
44,conditional_XMV_11,17,20,0.8206557631492615,0.9506929401993356,0.9759301055323168,0.01,1.0,31.5,11,0.9505538621262458,0.975856518360482,0.01,-0.00013907807308977116,-7.358717183481023e-05,0.0,conditional
44,conditional_XMV_11,18,20,0.8206557631492615,0.8794296926910299,0.9341368698539292,0.00925,1.0,62.6,11,0.8793125207641196,0.9340303251879236,0.0095,-0.00011717192691029776,-0.00010654466600557022,-0.0002500000000000002,conditional
44,conditional_XMV_11,19,20,0.8206557631492615,0.9363323504983389,0.965087866313963,0.00875,1.0,31.1,11,0.9362530315614618,0.9650090410196644,0.00925,-7.931893687707081e-05,-7.882529429859009e-05,-0.0004999999999999987,conditional
44,conditional_XMV_11,20,20,0.8206557631492615,0.9392449127906976,0.9700760672325216,0.01025,1.0,41.75,11,0.9391847176079734,0.9700495406791422,0.0105,-6.019518272415425e-05,-2.6526553379424556e-05,-0.0002500000000000002,conditional
44,conditional_XMV_11,21,20,0.8206557631492615,0.5009833471760797,0.6000882000438531,0.011,0.0,302.0,11,0.5009509551495016,0.599847108322677,0.01125,-3.239202657812079e-05,-0.0002410917211761454,-0.0002500000000000002,conditional
44,conditional_XMV_11,22,20,0.8206557631492615,0.5569282807308971,0.6493350043489919,0.012,0.0,302.0,11,0.5570834717607973,0.6493169602564582,0.012,0.0001551910299002479,-1.8044092533697764e-05,0.0,conditional
44,conditional_XMV_11,23,20,0.8206557631492615,0.5398399916943522,0.6334821942267169,0.01,0.0,302.0,11,0.5400834094684386,0.6335854732693644,0.01,0.00024341777408642962,0.00010327904264750831,0.0,conditional
44,conditional_XMV_11,24,20,0.8206557631492615,0.968543853820598,0.9836571759957556,0.0105,1.0,14.85,11,0.9684058139534883,0.9836018104875256,0.0105,-0.00013803986710969607,-5.536550823004305e-05,0.0,conditional
44,conditional_XMV_11,25,20,0.8206557631492615,0.9150921303986712,0.9525718545559034,0.00925,1.0,26.25,11,0.9153089285714284,0.9527174247148088,0.0095,0.00021679817275721547,0.00014557015890537262,-0.0002500000000000002,conditional
44,conditional_XMV_11,26,20,0.8206557631492615,0.9180426910299004,0.9556428848722336,0.0095,1.0,29.0,11,0.918164742524917,0.9557177158784936,0.00925,0.00012205149501653967,7.483100626004546e-05,0.0002500000000000002,conditional
44,conditional_XMV_11,27,20,0.8206557631492615,0.7908118147840532,0.8667335711882593,0.00875,1.0,25.35,11,0.7909616071428571,0.8668904245464866,0.0085,0.00014979235880396846,0.000156853358227238,0.0002500000000000002,conditional
44,conditional_XMV_11,28,20,0.8206557631492615,0.5549486918604651,0.658576815445063,0.008,0.0,302.0,11,0.5551027408637874,0.6588470646375568,0.0085,0.00015404900332227633,0.0002702491924938544,-0.0005000000000000004,conditional
45,conditional_XMV_01,1,20,0.8456340432167053,0.9950642026578072,0.9975201076996386,0.009,1.0,4.2,1,0.9950419019933556,0.9975098706650242,0.01,-2.2300664451524455e-05,-1.0237034614446472e-05,-0.0010000000000000009,conditional
45,conditional_XMV_01,2,20,0.8456340432167053,0.9910049210963456,0.9953390267758876,0.0085,1.0,10.4,1,0.9907769933554816,0.9952258879124548,0.0085,-0.00022792774086399792,-0.00011313886343278234,0.0,conditional
45,conditional_XMV_01,3,20,0.8456340432167053,0.5426486503322259,0.6340379327333283,0.0095,0.0,302.0,1,0.5424895141196013,0.6339631624814935,0.009,-0.00015913621262453326,-7.477025183477704e-05,0.0005000000000000004,conditional
45,conditional_XMV_01,4,20,0.8456340432167053,0.9630692275747508,0.974051904486354,0.0095,1.0,2.0,1,0.9637483803986712,0.9745045150216746,0.00975,0.0006791528239203926,0.0004526105353205301,-0.0002500000000000002,conditional
45,conditional_XMV_01,5,20,0.8456340432167053,0.5005697882059801,0.6059153222194273,0.01175,0.05,287.0,1,0.5006136627906976,0.6057167526060577,0.0115,4.387458471755146e-05,-0.00019856961336961465,0.0002500000000000002,conditional
45,conditional_XMV_01,6,20,0.8456340432167053,0.9979556478405316,0.9990458779241176,0.00825,1.0,1.0,1,0.9979553986710964,0.999044369920558,0.0085,-2.4916943519581736e-07,-1.508003559580473e-06,-0.0002500000000000002,conditional
45,conditional_XMV_01,7,20,0.8456340432167053,0.9966280315614618,0.9983722426930498,0.01125,1.0,2.0,1,0.996640988372093,0.9983767622994084,0.01,1.2956810631181703e-05,4.519606358610595e-06,0.0012499999999999994,conditional
45,conditional_XMV_01,8,20,0.8456340432167053,0.9690485880398672,0.9847871320454828,0.0085,1.0,22.75,1,0.9689607558139536,0.9847339205967168,0.007,-8.783222591357553e-05,-5.3211448766021796e-05,0.0015000000000000005,conditional
45,conditional_XMV_01,9,20,0.8456340432167053,0.5448410299003322,0.6389190118389384,0.01075,0.0,302.0,1,0.5445666112956811,0.6388465407417568,0.0105,-0.00027441860465116097,-7.247109718155897e-05,0.0002499999999999985,conditional
45,conditional_XMV_01,10,20,0.8456340432167053,0.9220471137873754,0.9591956391397464,0.01,1.0,40.55,1,0.9214589285714284,0.9588495555287868,0.00975,-0.0005881852159469458,-0.00034608361095955775,0.0002500000000000002,conditional
45,conditional_XMV_01,11,20,0.8456340432167053,0.9805431478405316,0.9897946256774902,0.009,1.0,8.65,1,0.9809042566445184,0.9899903658334476,0.0095,0.0003611088039867649,0.00019574015595735794,-0.0005000000000000004,conditional
45,conditional_XMV_01,12,20,0.8456340432167053,0.794304318936877,0.8745137287683539,0.0095,1.0,25.05,1,0.7946545473421927,0.874689881477104,0.0095,0.0003502284053156224,0.00017615270875015465,0.0,conditional
45,conditional_XMV_01,13,20,0.8456340432167053,0.9477970099667774,0.9746545582506984,0.01025,1.0,33.45,1,0.947693646179402,0.9746002391504576,0.01,-0.00010336378737541008,-5.431910024078501e-05,0.0002500000000000002,conditional
45,conditional_XMV_01,14,20,0.8456340432167053,0.9953701411960132,0.9977226593847734,0.008,1.0,3.95,1,0.9953485880398673,0.9977122101382772,0.008,-2.1553156145937002e-05,-1.0449246496291309e-05,0.0,conditional
45,conditional_XMV_01,15,20,0.8456340432167053,0.5153345930232558,0.6194820644485197,0.01175,0.0,302.0,1,0.5155019518272426,0.6196057284088096,0.01125,0.0001673588039867724,0.00012366396028984372,0.0005000000000000004,conditional
45,conditional_XMV_01,16,20,0.8456340432167053,0.5090518480066445,0.6087985708293012,0.0125,0.0,302.0,1,0.5088451204318937,0.6084821360944539,0.012,-0.00020672757475082015,-0.0003164347348473262,0.0005000000000000004,conditional
45,conditional_XMV_01,17,20,0.8456340432167053,0.9527902823920266,0.9772330035114112,0.00875,1.0,30.85,1,0.9527898255813954,0.9772403923173034,0.0085,-4.5681063121083554e-07,7.388805892238892e-06,0.0002500000000000002,conditional
45,conditional_XMV_01,18,20,0.8456340432167053,0.8810373338870432,0.93513649663123,0.0095,1.0,60.2,1,0.8811969476744186,0.93529746253947,0.01,0.00015961378737539,0.00016096590823999612,-0.0005000000000000004,conditional
45,conditional_XMV_01,19,20,0.8456340432167053,0.9545950166112956,0.9761297396898748,0.00975,1.0,26.7,1,0.9540115448504984,0.9758153153366168,0.009,-0.0005834717607972051,-0.00031442435325801377,0.0007500000000000007,conditional
45,conditional_XMV_01,20,20,0.8456340432167053,0.9393906976744186,0.970090015189023,0.0105,1.0,41.0,1,0.939454422757475,0.970128231984342,0.01075,6.372508305640956e-05,3.821679531890165e-05,-0.0002499999999999985,conditional
45,conditional_XMV_01,21,20,0.8456340432167053,0.502494684385382,0.60088494158025,0.0095,0.0,302.0,1,0.5023449335548172,0.6007096500891514,0.00975,-0.00014975083056478766,-0.00017529149109851705,-0.0002500000000000002,conditional
45,conditional_XMV_01,22,20,0.8456340432167053,0.5615538828903655,0.6535932075868389,0.013,0.0,302.0,1,0.5614498754152824,0.6531687464531204,0.01225,-0.00010400747508310104,-0.00042446113371852334,0.0007499999999999989,conditional
45,conditional_XMV_01,23,20,0.8456340432167053,0.5358046096345515,0.6283521494066454,0.00975,0.0,302.0,1,0.5356838247508305,0.6285449295853928,0.01,-0.00012078488372091467,0.00019278017874735376,-0.0002500000000000002,conditional
45,conditional_XMV_01,24,20,0.8456340432167053,0.9711986710963456,0.9851796649927111,0.01075,1.0,15.45,1,0.9734254568106312,0.9863832641623768,0.01,0.002226785714285584,0.0012035991696656145,0.0007499999999999989,conditional
45,conditional_XMV_01,25,20,0.8456340432167053,0.900913122923588,0.9437627422953552,0.008,1.0,29.75,1,0.9044997093023256,0.9459864745165794,0.00825,0.003586586378737544,0.002223732221224184,-0.0002500000000000002,conditional
45,conditional_XMV_01,26,20,0.8456340432167053,0.9204143272425248,0.9573214634483076,0.01,1.0,28.1,1,0.9205679401993356,0.9573229999653974,0.01,0.00015361295681082243,1.536517089784084e-06,0.0,conditional
45,conditional_XMV_01,27,20,0.8456340432167053,0.8320779692691029,0.8941834354079657,0.00875,1.0,19.15,1,0.8330642441860465,0.8949459781273176,0.009,0.0009862749169435858,0.000762542719351833,-0.0002499999999999985,conditional
45,conditional_XMV_01,28,20,0.8456340432167053,0.5591437915282392,0.662288469725407,0.00975,0.0,302.0,1,0.5591237333887044,0.662409698620765,0.0095,-2.005813953487312e-05,0.00012122889535803871,0.0002500000000000002,conditional
45,conditional_XMV_02,1,20,0.8454002737998962,0.9950515365448503,0.9975136978380066,0.01025,1.0,4.4,2,0.9950419019933556,0.9975098706650242,0.01,-9.634551494719368e-06,-3.82717298241797e-06,0.0002500000000000002,conditional
45,conditional_XMV_02,2,20,0.8454002737998962,0.990780107973422,0.9952202307838932,0.00875,1.0,10.5,2,0.9907769933554816,0.9952258879124548,0.0085,-3.114617940336295e-06,5.657128561598057e-06,0.0002500000000000002,conditional
45,conditional_XMV_02,3,20,0.8454002737998962,0.5429921096345515,0.6344465694922259,0.009,0.0,302.0,2,0.5424895141196013,0.6339631624814935,0.009,-0.0005025955149501327,-0.0004834070107323507,0.0,conditional
45,conditional_XMV_02,4,20,0.8454002737998962,0.9650563122923588,0.9755684681959156,0.00975,1.0,2.0,2,0.9637483803986712,0.9745045150216746,0.00975,-0.0013079318936876083,-0.0010639531742410169,0.0,conditional
45,conditional_XMV_02,5,20,0.8454002737998962,0.5013206395348837,0.6060967003084783,0.0115,0.05,287.0,2,0.5006136627906976,0.6057167526060577,0.0115,-0.0007069767441860719,-0.00037994770242055775,0.0,conditional
45,conditional_XMV_02,6,20,0.8454002737998962,0.9979615240863788,0.999047101142042,0.008,1.0,1.0,2,0.9979553986710964,0.999044369920558,0.0085,-6.125415282443036e-06,-2.7312214839758653e-06,-0.0005000000000000004,conditional
45,conditional_XMV_02,7,20,0.8454002737998962,0.9966281976744186,0.9983714044928002,0.01025,1.0,2.0,2,0.996640988372093,0.9983767622994084,0.01,1.2790697674458507e-05,5.357806608263793e-06,0.0002500000000000002,conditional
45,conditional_XMV_02,8,20,0.8454002737998962,0.9689031976744186,0.9847350587333584,0.007,1.0,22.85,2,0.9689607558139536,0.9847339205967168,0.007,5.755813953500777e-05,-1.1381366415985639e-06,0.0,conditional
45,conditional_XMV_02,9,20,0.8454002737998962,0.5446044019933555,0.6384433623506593,0.01125,0.0,302.0,2,0.5445666112956811,0.6388465407417568,0.0105,-3.779069767440024e-05,0.00040317839109749176,0.0007499999999999989,conditional
45,conditional_XMV_02,10,20,0.8454002737998962,0.9213677948504984,0.9587155054268616,0.0105,1.0,42.15,2,0.9214589285714284,0.9588495555287868,0.00975,9.113372093005889e-05,0.0001340501019252427,0.0007500000000000007,conditional
45,conditional_XMV_02,11,20,0.8454002737998962,0.9808604235880398,0.9899744549864692,0.00925,1.0,8.35,2,0.9809042566445184,0.9899903658334476,0.0095,4.38330564785927e-05,1.5910846978384185e-05,-0.0002500000000000002,conditional
45,conditional_XMV_02,12,20,0.8454002737998962,0.795182392026578,0.8750197847351612,0.01,1.0,23.95,2,0.7946545473421927,0.874689881477104,0.0095,-0.0005278446843853812,-0.0003299032580571515,0.0005000000000000004,conditional
45,conditional_XMV_02,13,20,0.8454002737998962,0.9477017026578072,0.9746003530180556,0.01075,1.0,33.7,2,0.947693646179402,0.9746002391504576,0.01,-8.056478405182865e-06,-1.1386759801723656e-07,0.0007499999999999989,conditional
45,conditional_XMV_02,14,20,0.8454002737998962,0.995394684385382,0.99773313786567,0.00775,1.0,3.85,2,0.9953485880398673,0.9977122101382772,0.008,-4.6096345514778925e-05,-2.0927727392816564e-05,-0.0002500000000000002,conditional
45,conditional_XMV_02,15,20,0.8454002737998962,0.5156761004983389,0.619892264458497,0.01125,0.0,302.0,2,0.5155019518272426,0.6196057284088096,0.01125,-0.00017414867109633025,-0.00028653604968742474,0.0,conditional
45,conditional_XMV_02,16,20,0.8454002737998962,0.508731665282392,0.608527475197105,0.0125,0.0,302.0,2,0.5088451204318937,0.6084821360944539,0.012,0.00011345514950167335,-4.533910265114294e-05,0.0005000000000000004,conditional
45,conditional_XMV_02,17,20,0.8454002737998962,0.9527253322259136,0.977214997068089,0.00925,1.0,30.9,2,0.9527898255813954,0.9772403923173034,0.0085,6.449335548175394e-05,2.5395249214410498e-05,0.0007499999999999989,conditional
45,conditional_XMV_02,18,20,0.8454002737998962,0.8808796511627907,0.935108633445178,0.0095,1.0,60.05,2,0.8811969476744186,0.93529746253947,0.01,0.00031729651162792916,0.0001888290942919646,-0.0005000000000000004,conditional
45,conditional_XMV_02,19,20,0.8454002737998962,0.9546053779069767,0.9760952878433272,0.00975,1.0,26.85,2,0.9540115448504984,0.9758153153366168,0.009,-0.0005938330564783101,-0.00027997250671041307,0.0007500000000000007,conditional
45,conditional_XMV_02,20,20,0.8454002737998962,0.9394959302325582,0.9701570158174816,0.011,1.0,41.1,2,0.939454422757475,0.970128231984342,0.01075,-4.150747508313568e-05,-2.8783833139645054e-05,0.0002500000000000002,conditional
45,conditional_XMV_02,21,20,0.8454002737998962,0.5021765780730897,0.6004659012862809,0.00975,0.0,302.0,2,0.5023449335548172,0.6007096500891514,0.00975,0.00016835548172755566,0.00024374880287059142,0.0,conditional
45,conditional_XMV_02,22,20,0.8454002737998962,0.5616617732558139,0.6533388796406407,0.01225,0.0,302.0,2,0.5614498754152824,0.6531687464531204,0.01225,-0.0002118978405315497,-0.00017013318752034934,0.0,conditional
45,conditional_XMV_02,23,20,0.8454002737998962,0.5351769310631229,0.6272405472177113,0.01,0.0,302.0,2,0.5356838247508305,0.6285449295853928,0.01,0.0005068936877076213,0.0013043823676814892,0.0,conditional
45,conditional_XMV_02,24,20,0.8454002737998962,0.9729303986710964,0.9861017743036754,0.01075,1.0,15.05,2,0.9734254568106312,0.9863832641623768,0.01,0.0004950581395347653,0.0002814898587013559,0.0007499999999999989,conditional
45,conditional_XMV_02,25,20,0.8454002737998962,0.8811819767441861,0.9311906292155248,0.00875,1.0,31.25,2,0.9044997093023256,0.9459864745165794,0.00825,0.023317732558139515,0.0147958453010546,0.0005000000000000004,conditional
45,conditional_XMV_02,26,20,0.8454002737998962,0.9199362956810632,0.9569477101223928,0.00925,1.0,28.6,2,0.9205679401993356,0.9573229999653974,0.01,0.0006316445182724673,0.00037528984300461143,-0.0007500000000000007,conditional
45,conditional_XMV_02,27,20,0.8454002737998962,0.8345049210963456,0.8958209665685428,0.00925,1.0,18.4,2,0.8330642441860465,0.8949459781273176,0.009,-0.0014406769102990324,-0.000874988441225244,0.0002500000000000002,conditional
45,conditional_XMV_02,28,20,0.8454002737998962,0.5592645764119601,0.6629554340503797,0.01,0.0,302.0,2,0.5591237333887044,0.662409698620765,0.0095,-0.0001408430232557878,-0.0005457354296146688,0.0005000000000000004,conditional
45,conditional_XMV_03,1,20,0.845323383808136,0.9950252491694352,0.9975030737739076,0.01,1.0,4.4,3,0.9950419019933556,0.9975098706650242,0.01,1.6652823920382254e-05,6.796891116600534e-06,0.0,conditional
45,conditional_XMV_03,2,20,0.845323383808136,0.990735049833887,0.9952081793171694,0.009,1.0,10.8,3,0.9907769933554816,0.9952258879124548,0.0085,4.1943521594589583e-05,1.7708595285381712e-05,0.0004999999999999987,conditional
45,conditional_XMV_03,3,20,0.845323383808136,0.5422512458471761,0.6340261388834438,0.0085,0.0,302.0,3,0.5424895141196013,0.6339631624814935,0.009,0.00023826827242523496,-6.297640195029874e-05,-0.0004999999999999987,conditional
45,conditional_XMV_03,4,20,0.845323383808136,0.9636796719269104,0.9745275910131584,0.01,1.0,2.0,3,0.9637483803986712,0.9745045150216746,0.00975,6.870847176077e-05,-2.307599148387851e-05,0.0002500000000000002,conditional
45,conditional_XMV_03,5,20,0.845323383808136,0.5007840531561462,0.6060329531006657,0.012,0.05,301.7,3,0.5006136627906976,0.6057167526060577,0.0115,-0.00017039036544852504,-0.0003162004946080099,0.0005000000000000004,conditional
45,conditional_XMV_03,6,20,0.845323383808136,0.9979687292358804,0.9990495478077074,0.00825,1.0,1.0,3,0.9979553986710964,0.999044369920558,0.0085,-1.333056478403094e-05,-5.177887149376836e-06,-0.0002500000000000002,conditional
45,conditional_XMV_03,7,20,0.845323383808136,0.996654277408638,0.9983807615101254,0.0105,1.0,2.0,3,0.996640988372093,0.9983767622994084,0.01,-1.3289036544961164e-05,-3.999210717031687e-06,0.0005000000000000004,conditional
45,conditional_XMV_03,8,20,0.845323383808136,0.9689346760797344,0.9847300436740004,0.0075,1.0,22.75,3,0.9689607558139536,0.9847339205967168,0.007,2.6079734219197626e-05,3.876922716417042e-06,0.0004999999999999996,conditional
45,conditional_XMV_03,9,20,0.845323383808136,0.5444955149501661,0.6384242953896349,0.0115,0.0,302.0,3,0.5445666112956811,0.6388465407417568,0.0105,7.10963455149427e-05,0.000422245352121986,0.0009999999999999992,conditional
45,conditional_XMV_03,10,20,0.845323383808136,0.9214591777408638,0.9588587712941856,0.0095,1.0,41.75,3,0.9214589285714284,0.9588495555287868,0.00975,-2.4916943541786196e-07,-9.215765398806752e-06,-0.0002500000000000002,conditional
45,conditional_XMV_03,11,20,0.845323383808136,0.9808675664451828,0.989966295252476,0.0095,1.0,8.65,3,0.9809042566445184,0.9899903658334476,0.0095,3.6690199335609464e-05,2.4070580971535804e-05,0.0,conditional
45,conditional_XMV_03,12,20,0.845323383808136,0.7948957433554817,0.8748214824273356,0.01,1.0,22.65,3,0.7946545473421927,0.874689881477104,0.0095,-0.00024119601328909113,-0.0001316009502315696,0.0005000000000000004,conditional
45,conditional_XMV_03,13,20,0.845323383808136,0.9476478820598008,0.9745867508513671,0.01025,1.0,33.6,3,0.947693646179402,0.9746002391504576,0.01,4.576411960122151e-05,1.3488299090425038e-05,0.0002500000000000002,conditional
45,conditional_XMV_03,14,20,0.845323383808136,0.99532969269103,0.9977067374188684,0.00875,1.0,3.85,3,0.9953485880398673,0.9977122101382772,0.008,1.8895348837255632e-05,5.472719408761151e-06,0.0007500000000000007,conditional
45,conditional_XMV_03,15,20,0.845323383808136,0.5154730481727575,0.6189006513274544,0.0115,0.0,302.0,3,0.5155019518272426,0.6196057284088096,0.01125,2.8903654485046282e-05,0.0007050770813551432,0.0002500000000000002,conditional
45,conditional_XMV_03,16,20,0.845323383808136,0.5091066445182725,0.608935786984167,0.012,0.0,302.0,3,0.5088451204318937,0.6084821360944539,0.012,-0.000261524086378806,-0.0004536508897130531,0.0,conditional
45,conditional_XMV_03,17,20,0.845323383808136,0.9528092607973422,0.9772409942936764,0.00825,1.0,30.7,3,0.9527898255813954,0.9772403923173034,0.0085,-1.9435215946828066e-05,-6.019763729714356e-07,-0.0002500000000000002,conditional
45,conditional_XMV_03,18,20,0.845323383808136,0.8813366279069768,0.9352949355188412,0.01,1.0,60.05,3,0.8811969476744186,0.93529746253947,0.01,-0.0001396802325581703,2.5270206287508756e-06,0.0,conditional
45,conditional_XMV_03,19,20,0.845323383808136,0.9538774294019934,0.9757441016752092,0.00875,1.0,26.75,3,0.9540115448504984,0.9758153153366168,0.009,0.00013411544850505663,7.121366140760976e-05,-0.0002499999999999985,conditional
45,conditional_XMV_03,20,20,0.845323383808136,0.9394511004983388,0.9701347431823756,0.01125,1.0,41.0,3,0.939454422757475,0.970128231984342,0.01075,3.322259136240291e-06,-6.511198033631871e-06,0.0005000000000000004,conditional
45,conditional_XMV_03,21,20,0.845323383808136,0.5023876868770765,0.6012394993737236,0.01,0.0,302.0,3,0.5023449335548172,0.6007096500891514,0.00975,-4.275332225922579e-05,-0.0005298492845721148,0.0002500000000000002,conditional
45,conditional_XMV_03,22,20,0.845323383808136,0.5613828280730897,0.6531682473030906,0.01275,0.0,302.0,3,0.5614498754152824,0.6531687464531204,0.01225,6.704734219264985e-05,4.991500297535367e-07,0.0004999999999999987,conditional
45,conditional_XMV_03,23,20,0.845323383808136,0.5093823504983389,0.6064591631857883,0.01,0.0,302.0,3,0.5356838247508305,0.6285449295853928,0.01,0.02630147425249163,0.022085766399604467,0.0,conditional
45,conditional_XMV_03,24,20,0.845323383808136,0.9733431686046512,0.9863381353169404,0.01025,1.0,15.05,3,0.9734254568106312,0.9863832641623768,0.01,8.228820597999675e-05,4.512884543639295e-05,0.0002500000000000002,conditional
45,conditional_XMV_03,25,20,0.845323383808136,0.904384323089701,0.9458596806136774,0.009,1.0,29.05,3,0.9044997093023256,0.9459864745165794,0.00825,0.00011538621262463522,0.00012679390290193382,0.0007499999999999989,conditional
45,conditional_XMV_03,26,20,0.845323383808136,0.9204203488372094,0.9572316619426704,0.01,1.0,29.1,3,0.9205679401993356,0.9573229999653974,0.01,0.00014759136212627588,9.133802272698333e-05,0.0,conditional
45,conditional_XMV_03,27,20,0.845323383808136,0.8331943936877076,0.8949202345194534,0.0095,1.0,17.95,3,0.8330642441860465,0.8949459781273176,0.009,-0.00013014950166112538,2.5743607864225915e-05,0.0005000000000000004,conditional
45,conditional_XMV_03,28,20,0.845323383808136,0.5591551079734219,0.6624796717550842,0.0095,0.0,302.0,3,0.5591237333887044,0.662409698620765,0.0095,-3.137458471758059e-05,-6.997313431911234e-05,0.0,conditional
45,conditional_XMV_04,1,20,0.8477120995521545,0.9950068106312292,0.997488102581652,0.009,1.0,4.45,4,0.9950419019933556,0.9975098706650242,0.01,3.509136212642705e-05,2.1768083372175617e-05,-0.0010000000000000009,conditional
45,conditional_XMV_04,2,20,0.8477120995521545,0.9905113372093024,0.9950956178273074,0.008,1.0,10.9,4,0.9907769933554816,0.9952258879124548,0.0085,0.0002656561461792384,0.00013027008514743255,-0.0005000000000000004,conditional
45,conditional_XMV_04,3,20,0.8477120995521545,0.5414864825581396,0.633103482494025,0.0085,0.0,302.0,4,0.5424895141196013,0.6339631624814935,0.009,0.0010030315614617535,0.0008596799874684979,-0.0004999999999999987,conditional
45,conditional_XMV_04,4,20,0.8477120995521545,0.962768957641196,0.9739623969835002,0.0095,1.0,2.0,4,0.9637483803986712,0.9745045150216746,0.00975,0.0009794227574752012,0.0005421180381743884,-0.0002500000000000002,conditional
45,conditional_XMV_04,5,20,0.8477120995521545,0.5003428363787376,0.606001403931116,0.01125,0.05,287.0,4,0.5006136627906976,0.6057167526060577,0.0115,0.00027082641196007895,-0.0002846513250582827,-0.0002500000000000002,conditional
45,conditional_XMV_04,6,20,0.8477120995521545,0.998014742524917,0.99906332887371,0.0095,1.0,1.0,4,0.9979553986710964,0.999044369920558,0.0085,-5.934385382055929e-05,-1.8958953151959612e-05,0.0009999999999999992,conditional
45,conditional_XMV_04,7,20,0.8477120995521545,0.9966696428571428,0.9983860027420745,0.0085,1.0,2.0,4,0.996640988372093,0.9983767622994084,0.01,-2.8654485049739442e-05,-9.240442666036408e-06,-0.0014999999999999996,conditional
45,conditional_XMV_04,8,20,0.8477120995521545,0.9687707641196012,0.9846169441799,0.00725,1.0,23.15,4,0.9689607558139536,0.9847339205967168,0.007,0.00018999169435240937,0.00011697641681684967,0.0002500000000000002,conditional
45,conditional_XMV_04,9,20,0.8477120995521545,0.5419200996677741,0.6364837529401859,0.0105,0.0,302.0,4,0.5445666112956811,0.6388465407417568,0.0105,0.0026465116279069667,0.0023627878015709536,0.0,conditional
45,conditional_XMV_04,10,20,0.8477120995521545,0.9204550664451828,0.9582944157039264,0.01075,1.0,42.55,4,0.9214589285714284,0.9588495555287868,0.00975,0.0010038621262455916,0.00055513982486044,0.0009999999999999992,conditional
45,conditional_XMV_04,11,20,0.8477120995521545,0.9808670265780732,0.990014124952078,0.008,1.0,8.65,4,0.9809042566445184,0.9899903658334476,0.0095,3.72300664451819e-05,-2.375911863039537e-05,-0.0014999999999999996,conditional
45,conditional_XMV_04,12,20,0.8477120995521545,0.7933083264119601,0.8737369561809185,0.00975,1.0,23.85,4,0.7946545473421927,0.874689881477104,0.0095,0.0013462209302325112,0.0009529252961855139,0.0002500000000000002,conditional
45,conditional_XMV_04,13,20,0.8477120995521545,0.9477253322259136,0.9745914337256713,0.0105,1.0,33.65,4,0.947693646179402,0.9746002391504576,0.01,-3.1686046511603116e-05,8.80542478631785e-06,0.0005000000000000004,conditional
45,conditional_XMV_04,14,20,0.8477120995521545,0.9954163621262458,0.997740243639625,0.00825,1.0,3.85,4,0.9953485880398673,0.9977122101382772,0.008,-6.777408637859139e-05,-2.8033501347835e-05,0.0002500000000000002,conditional
45,conditional_XMV_04,15,20,0.8477120995521545,0.5147750830564785,0.6185051208628088,0.01075,0.0,302.0,4,0.5155019518272426,0.6196057284088096,0.01125,0.0007268687707641108,0.0011006075460007203,-0.0005000000000000004,conditional
45,conditional_XMV_04,16,20,0.8477120995521545,0.5083019933554818,0.6085032706542117,0.01275,0.0,302.0,4,0.5088451204318937,0.6084821360944539,0.012,0.0005431270764119089,-2.1134559757829408e-05,0.0007499999999999989,conditional
45,conditional_XMV_04,17,20,0.8477120995521545,0.9528786337209302,0.9772565079013829,0.0085,1.0,30.8,4,0.9527898255813954,0.9772403923173034,0.0085,-8.880813953482392e-05,-1.6115584079434697e-05,0.0,conditional
45,conditional_XMV_04,18,20,0.8477120995521545,0.8806718023255814,0.934981940208452,0.00875,1.0,60.6,4,0.8811969476744186,0.93529746253947,0.01,0.000525145348837186,0.0003155223310179478,-0.0012499999999999994,conditional
45,conditional_XMV_04,19,20,0.8477120995521545,0.955670514950166,0.976806628164226,0.009,1.0,26.8,4,0.9540115448504984,0.9758153153366168,0.009,-0.0016589700996675338,-0.0009913128276092253,0.0,conditional
45,conditional_XMV_04,20,20,0.8477120995521545,0.9393757890365448,0.9700654364790464,0.00875,1.0,41.1,4,0.939454422757475,0.970128231984342,0.01075,7.863372093019905e-05,6.279550529553202e-05,-0.0019999999999999983,conditional
45,conditional_XMV_04,21,20,0.8477120995521545,0.5029253322259136,0.6009966770284937,0.01,0.0,302.0,4,0.5023449335548172,0.6007096500891514,0.00975,-0.0005803986710963827,-0.00028702693934223866,0.0002500000000000002,conditional
45,conditional_XMV_04,22,20,0.8477120995521545,0.5580486295681063,0.6499285768749828,0.012,0.0,302.0,4,0.5614498754152824,0.6531687464531204,0.01225,0.0034012458471760487,0.003240169578137553,-0.0002500000000000002,conditional
45,conditional_XMV_04,23,20,0.8477120995521545,0.575863642026578,0.66751416492826,0.01025,0.0,302.0,4,0.5356838247508305,0.6285449295853928,0.01,-0.04017981727574749,-0.038969235342867226,0.0002500000000000002,conditional
45,conditional_XMV_04,24,20,0.8477120995521545,0.9722044435215946,0.9857606600318684,0.01,1.0,15.05,4,0.9734254568106312,0.9863832641623768,0.01,0.0012210132890365655,0.0006226041305084085,0.0,conditional
45,conditional_XMV_04,25,20,0.8477120995521545,0.9017865448504984,0.9441948606434842,0.008,1.0,29.05,4,0.9044997093023256,0.9459864745165794,0.00825,0.0027131644518272324,0.0017916138730951214,-0.0002500000000000002,conditional
45,conditional_XMV_04,26,20,0.8477120995521545,0.8391732350498339,0.9060505239525252,0.01025,1.0,46.9,4,0.9205679401993356,0.9573229999653974,0.01,0.08139470514950176,0.051272476012872215,0.0002500000000000002,conditional
45,conditional_XMV_04,27,20,0.8477120995521545,0.8333474667774087,0.8949338554441871,0.01,1.0,19.9,4,0.8330642441860465,0.8949459781273176,0.009,-0.00028322259136215333,1.21226831304444e-05,0.0010000000000000009,conditional
45,conditional_XMV_04,28,20,0.8477120995521545,0.5567857142857143,0.6607362220494974,0.0085,0.0,302.0,4,0.5591237333887044,0.662409698620765,0.0095,0.00233801910299003,0.0016734765712675959,-0.0009999999999999992,conditional
45,conditional_XMV_05,1,20,0.845441460609436,0.9950419019933556,0.9975098706650242,0.01,1.0,4.4,5,0.9950419019933556,0.9975098706650242,0.01,0.0,0.0,0.0,conditional
45,conditional_XMV_05,2,20,0.845441460609436,0.9907769933554816,0.9952258879124548,0.0085,1.0,10.8,5,0.9907769933554816,0.9952258879124548,0.0085,0.0,0.0,0.0,conditional
45,conditional_XMV_05,3,20,0.845441460609436,0.5424895141196013,0.6339631624814935,0.009,0.0,302.0,5,0.5424895141196013,0.6339631624814935,0.009,0.0,0.0,0.0,conditional
45,conditional_XMV_05,4,20,0.845441460609436,0.9637483803986712,0.9745045150216746,0.00975,1.0,2.0,5,0.9637483803986712,0.9745045150216746,0.00975,0.0,0.0,0.0,conditional
45,conditional_XMV_05,5,20,0.845441460609436,0.5006136627906976,0.6057167526060577,0.0115,0.0,302.0,5,0.5006136627906976,0.6057167526060577,0.0115,0.0,0.0,0.0,conditional
45,conditional_XMV_05,6,20,0.845441460609436,0.9979553986710964,0.999044369920558,0.0085,1.0,1.0,5,0.9979553986710964,0.999044369920558,0.0085,0.0,0.0,0.0,conditional
45,conditional_XMV_05,7,20,0.845441460609436,0.996640988372093,0.9983767622994084,0.01,1.0,2.0,5,0.996640988372093,0.9983767622994084,0.01,0.0,0.0,0.0,conditional
45,conditional_XMV_05,8,20,0.845441460609436,0.9689607558139536,0.9847339205967168,0.007,1.0,22.75,5,0.9689607558139536,0.9847339205967168,0.007,0.0,0.0,0.0,conditional
45,conditional_XMV_05,9,20,0.845441460609436,0.5445666112956811,0.6388465407417568,0.0105,0.0,302.0,5,0.5445666112956811,0.6388465407417568,0.0105,0.0,0.0,0.0,conditional
45,conditional_XMV_05,10,20,0.845441460609436,0.9214589285714284,0.9588495555287868,0.00975,1.0,42.25,5,0.9214589285714284,0.9588495555287868,0.00975,0.0,0.0,0.0,conditional
45,conditional_XMV_05,11,20,0.845441460609436,0.9809042566445184,0.9899903658334476,0.0095,1.0,8.65,5,0.9809042566445184,0.9899903658334476,0.0095,0.0,0.0,0.0,conditional
45,conditional_XMV_05,12,20,0.845441460609436,0.7946545473421927,0.874689881477104,0.0095,1.0,22.65,5,0.7946545473421927,0.874689881477104,0.0095,0.0,0.0,0.0,conditional
45,conditional_XMV_05,13,20,0.845441460609436,0.947693646179402,0.9746002391504576,0.01,1.0,33.7,5,0.947693646179402,0.9746002391504576,0.01,0.0,0.0,0.0,conditional
45,conditional_XMV_05,14,20,0.845441460609436,0.9953485880398673,0.9977122101382772,0.008,1.0,3.85,5,0.9953485880398673,0.9977122101382772,0.008,0.0,0.0,0.0,conditional
45,conditional_XMV_05,15,20,0.845441460609436,0.5155019518272426,0.6196057284088096,0.01125,0.0,302.0,5,0.5155019518272426,0.6196057284088096,0.01125,0.0,0.0,0.0,conditional
45,conditional_XMV_05,16,20,0.845441460609436,0.5088451204318937,0.6084821360944539,0.012,0.0,302.0,5,0.5088451204318937,0.6084821360944539,0.012,0.0,0.0,0.0,conditional
45,conditional_XMV_05,17,20,0.845441460609436,0.9527898255813954,0.9772403923173034,0.0085,1.0,30.7,5,0.9527898255813954,0.9772403923173034,0.0085,0.0,0.0,0.0,conditional
45,conditional_XMV_05,18,20,0.845441460609436,0.8811969476744186,0.93529746253947,0.01,1.0,60.05,5,0.8811969476744186,0.93529746253947,0.01,0.0,0.0,0.0,conditional
45,conditional_XMV_05,19,20,0.845441460609436,0.9540115448504984,0.9758153153366168,0.009,1.0,26.7,5,0.9540115448504984,0.9758153153366168,0.009,0.0,0.0,0.0,conditional
45,conditional_XMV_05,20,20,0.845441460609436,0.939454422757475,0.970128231984342,0.01075,1.0,41.0,5,0.939454422757475,0.970128231984342,0.01075,0.0,0.0,0.0,conditional
45,conditional_XMV_05,21,20,0.845441460609436,0.5023449335548172,0.6007096500891514,0.00975,0.0,302.0,5,0.5023449335548172,0.6007096500891514,0.00975,0.0,0.0,0.0,conditional
45,conditional_XMV_05,22,20,0.845441460609436,0.5614498754152824,0.6531687464531204,0.01225,0.0,302.0,5,0.5614498754152824,0.6531687464531204,0.01225,0.0,0.0,0.0,conditional
45,conditional_XMV_05,23,20,0.845441460609436,0.5356838247508305,0.6285449295853928,0.01,0.0,302.0,5,0.5356838247508305,0.6285449295853928,0.01,0.0,0.0,0.0,conditional
45,conditional_XMV_05,24,20,0.845441460609436,0.9734254568106312,0.9863832641623768,0.01,1.0,15.05,5,0.9734254568106312,0.9863832641623768,0.01,0.0,0.0,0.0,conditional
45,conditional_XMV_05,25,20,0.845441460609436,0.9044997093023256,0.9459864745165794,0.00825,1.0,29.05,5,0.9044997093023256,0.9459864745165794,0.00825,0.0,0.0,0.0,conditional
45,conditional_XMV_05,26,20,0.845441460609436,0.9205679401993356,0.9573229999653974,0.01,1.0,28.6,5,0.9205679401993356,0.9573229999653974,0.01,0.0,0.0,0.0,conditional
45,conditional_XMV_05,27,20,0.845441460609436,0.8330642441860465,0.8949459781273176,0.009,1.0,17.95,5,0.8330642441860465,0.8949459781273176,0.009,0.0,0.0,0.0,conditional
45,conditional_XMV_05,28,20,0.845441460609436,0.5591237333887044,0.662409698620765,0.0095,0.0,302.0,5,0.5591237333887044,0.662409698620765,0.0095,0.0,0.0,0.0,conditional
45,conditional_XMV_06,1,20,0.8454409837722778,0.9950418604651164,0.9975097418813776,0.01,1.0,4.4,6,0.9950419019933556,0.9975098706650242,0.01,4.1528239180799176e-08,1.2878364652468832e-07,0.0,conditional
45,conditional_XMV_06,2,20,0.8454409837722778,0.9907568521594684,0.9952161624121796,0.009,1.0,10.7,6,0.9907769933554816,0.9952258879124548,0.0085,2.014119601323472e-05,9.725500275226118e-06,0.0004999999999999987,conditional
45,conditional_XMV_06,3,20,0.8454409837722778,0.5426987956810632,0.6342247846998884,0.00925,0.0,302.0,6,0.5424895141196013,0.6339631624814935,0.009,-0.00020928156146182708,-0.00026162221839487465,0.0002500000000000002,conditional
45,conditional_XMV_06,4,20,0.8454409837722778,0.9661424833887045,0.9765809012396918,0.01,1.0,2.0,6,0.9637483803986712,0.9745045150216746,0.00975,-0.0023941029900332866,-0.002076386218017201,0.0002500000000000002,conditional
45,conditional_XMV_06,5,20,0.8454409837722778,0.5006855274086379,0.6056945597549235,0.01125,0.0,302.0,6,0.5006136627906976,0.6057167526060577,0.0115,-7.186461794028709e-05,2.2192851134250624e-05,-0.0002500000000000002,conditional
45,conditional_XMV_06,6,20,0.8454409837722778,0.997954111295681,0.9990440350389818,0.0085,1.0,1.0,6,0.9979553986710964,0.999044369920558,0.0085,1.2873754153819306e-06,3.348815762471702e-07,0.0,conditional
45,conditional_XMV_06,7,20,0.8454409837722778,0.9966443936877076,0.998377957179849,0.01025,1.0,2.0,6,0.996640988372093,0.9983767622994084,0.01,-3.4053156146018893e-06,-1.1948804405914615e-06,0.0002500000000000002,conditional
45,conditional_XMV_06,8,20,0.8454409837722778,0.9689459302325582,0.984724686748892,0.00725,1.0,22.75,6,0.9689607558139536,0.9847339205967168,0.007,1.482558139542789e-05,9.23384782480774e-06,0.0002500000000000002,conditional
45,conditional_XMV_06,9,20,0.8454409837722778,0.5445492524916944,0.638814747697955,0.01075,0.0,302.0,6,0.5445666112956811,0.6388465407417568,0.0105,1.7358803986677884e-05,3.1793043801853216e-05,0.0002499999999999985,conditional
45,conditional_XMV_06,10,20,0.8454409837722778,0.920926868770764,0.9585379674352348,0.0095,1.0,42.25,6,0.9214589285714284,0.9588495555287868,0.00975,0.0005320598006643973,0.00031158809355202877,-0.0002500000000000002,conditional
45,conditional_XMV_06,11,20,0.8454409837722778,0.980963745847176,0.9900277797599802,0.00975,1.0,8.65,6,0.9809042566445184,0.9899903658334476,0.0095,-5.9489202657636575e-05,-3.741392653267006e-05,0.0002500000000000002,conditional
45,conditional_XMV_06,12,20,0.8454409837722778,0.7947484011627907,0.8747609808904313,0.00975,1.0,23.75,6,0.7946545473421927,0.874689881477104,0.0095,-9.385382059801106e-05,-7.10994133272802e-05,0.0002500000000000002,conditional
45,conditional_XMV_06,13,20,0.8454409837722778,0.9477164867109634,0.9746060508320404,0.01,1.0,33.7,6,0.947693646179402,0.9746002391504576,0.01,-2.2840531561429955e-05,-5.8116815828679336e-06,0.0,conditional
45,conditional_XMV_06,14,20,0.8454409837722778,0.9953518272425248,0.9977159605318744,0.00825,1.0,3.85,6,0.9953485880398673,0.9977122101382772,0.008,-3.2392026575456256e-06,-3.7503935972349467e-06,0.0002500000000000002,conditional
45,conditional_XMV_06,15,20,0.8454409837722778,0.515312811461794,0.619377399672607,0.01125,0.0,302.0,6,0.5155019518272426,0.6196057284088096,0.01125,0.00018914036544859236,0.00022832873620259875,0.0,conditional
45,conditional_XMV_06,16,20,0.8454409837722778,0.5088186877076412,0.6085948500718,0.012,0.0,302.0,6,0.5088451204318937,0.6084821360944539,0.012,2.6432724252511974e-05,-0.00011271397734613497,0.0,conditional
45,conditional_XMV_06,17,20,0.8454409837722778,0.9527765780730896,0.9772390707951448,0.00875,1.0,30.7,6,0.9527898255813954,0.9772403923173034,0.0085,1.3247508305780364e-05,1.321522158592714e-06,0.0002500000000000002,conditional
45,conditional_XMV_06,18,20,0.8454409837722778,0.8813417774086378,0.9353663687363318,0.00975,1.0,60.1,6,0.8811969476744186,0.93529746253947,0.01,-0.00014482973421925394,-6.890619686183985e-05,-0.0002500000000000002,conditional
45,conditional_XMV_06,19,20,0.8454409837722778,0.9540031146179402,0.9758095974721006,0.009,1.0,26.7,6,0.9540115448504984,0.9758153153366168,0.009,8.430232558254147e-06,5.7178645161970465e-06,0.0,conditional
45,conditional_XMV_06,20,20,0.8454409837722778,0.9396623546511628,0.9702304960595888,0.01075,1.0,41.0,6,0.939454422757475,0.970128231984342,0.01075,-0.00020793189368772946,-0.00010226407524682735,0.0,conditional
45,conditional_XMV_06,21,20,0.8454409837722778,0.5020743355481727,0.6006071185737211,0.00975,0.0,302.0,6,0.5023449335548172,0.6007096500891514,0.00975,0.00027059800664452904,0.00010253151543038186,0.0,conditional
45,conditional_XMV_06,22,20,0.8454409837722778,0.5615442483388704,0.6536013719955973,0.01275,0.0,302.0,6,0.5614498754152824,0.6531687464531204,0.01225,-9.437292358804861e-05,-0.00043262554247691654,0.0004999999999999987,conditional
45,conditional_XMV_06,23,20,0.8454409837722778,0.5359951827242525,0.6285948474792643,0.01025,0.0,302.0,6,0.5356838247508305,0.6285449295853928,0.01,-0.00031135797342196625,-4.991789387154277e-05,0.0002500000000000002,conditional
45,conditional_XMV_06,24,20,0.8454409837722778,0.97342707641196,0.9863846071629307,0.00975,1.0,15.05,6,0.9734254568106312,0.9863832641623768,0.01,-1.619601328828324e-06,-1.3430005539882828e-06,-0.0002500000000000002,conditional
45,conditional_XMV_06,25,20,0.8454409837722778,0.9048302740863788,0.946161997919754,0.00825,1.0,29.05,6,0.9044997093023256,0.9459864745165794,0.00825,-0.0003305647840532444,-0.00017552340317461557,0.0,conditional
45,conditional_XMV_06,26,20,0.8454409837722778,0.9203913413621262,0.9572347769110752,0.00975,1.0,28.1,6,0.9205679401993356,0.9573229999653974,0.01,0.0001765988372094407,8.822305432221178e-05,-0.0002500000000000002,conditional
45,conditional_XMV_06,27,20,0.8454409837722778,0.8342920265780731,0.8958412291889399,0.009,1.0,17.95,6,0.8330642441860465,0.8949459781273176,0.009,-0.0012277823920265885,-0.0008952510616223597,0.0,conditional
45,conditional_XMV_06,28,20,0.8454409837722778,0.5588991901993355,0.6623116129278742,0.00925,0.0,302.0,6,0.5591237333887044,0.662409698620765,0.0095,0.0002245431893688199,9.80856928908258e-05,-0.0002500000000000002,conditional
45,conditional_XMV_07,1,20,0.8449532985687256,0.9949900332225914,0.9974846178295242,0.00975,1.0,4.4,7,0.9950419019933556,0.9975098706650242,0.01,5.186877076424068e-05,2.5252835499922632e-05,-0.0002500000000000002,conditional
45,conditional_XMV_07,2,20,0.8449532985687256,0.9907032392026578,0.9951837023653368,0.009,1.0,10.8,7,0.9907769933554816,0.9952258879124548,0.0085,7.375415282384612e-05,4.218554711798994e-05,0.0004999999999999987,conditional
45,conditional_XMV_07,3,20,0.8449532985687256,0.5429853197674419,0.6343630550523526,0.009,0.0,302.0,7,0.5424895141196013,0.6339631624814935,0.009,-0.0004958056478405748,-0.0003998925708590395,0.0,conditional
45,conditional_XMV_07,4,20,0.8449532985687256,0.9646512873754152,0.9753812585687416,0.01025,1.0,2.0,7,0.9637483803986712,0.9745045150216746,0.00975,-0.0009029069767440001,-0.000876743547067016,0.0005000000000000004,conditional
45,conditional_XMV_07,5,20,0.8449532985687256,0.5008018895348837,0.6058025776407825,0.01175,0.05,287.0,7,0.5006136627906976,0.6057167526060577,0.0115,-0.00018822674418605967,-8.582503472476244e-05,0.0002500000000000002,conditional
45,conditional_XMV_07,6,20,0.8449532985687256,0.9979613787375416,0.9990464026181644,0.008,1.0,1.0,7,0.9979553986710964,0.999044369920558,0.0085,-5.980066445254728e-06,-2.032697606346723e-06,-0.0005000000000000004,conditional
45,conditional_XMV_07,7,20,0.8449532985687256,0.9966372508305648,0.9983749759850082,0.0105,1.0,2.0,7,0.996640988372093,0.9983767622994084,0.01,3.7375415282703273e-06,1.786314400176181e-06,0.0005000000000000004,conditional
45,conditional_XMV_07,8,20,0.8449532985687256,0.968780315614618,0.9846552629055962,0.00675,1.0,22.85,7,0.9689607558139536,0.9847339205967168,0.007,0.0001804401993356075,7.865769112058718e-05,-0.0002500000000000002,conditional
45,conditional_XMV_07,9,20,0.8449532985687256,0.5437237956810631,0.6380984251789946,0.011,0.0,302.0,7,0.5445666112956811,0.6388465407417568,0.0105,0.0008428156146179644,0.0007481155627622194,0.0004999999999999987,conditional
45,conditional_XMV_07,10,20,0.8449532985687256,0.9229298795681063,0.9597259288201386,0.011,1.0,40.25,7,0.9214589285714284,0.9588495555287868,0.00975,-0.0014709509966779333,-0.0008763732913518174,0.0012499999999999994,conditional
45,conditional_XMV_07,11,20,0.8449532985687256,0.980949169435216,0.9900519153272838,0.00925,1.0,8.65,7,0.9809042566445184,0.9899903658334476,0.0095,-4.491279069762655e-05,-6.154949383618824e-05,-0.0002500000000000002,conditional
45,conditional_XMV_07,12,20,0.8449532985687256,0.7946862333887044,0.8747697473458951,0.00975,1.0,24.05,7,0.7946545473421927,0.874689881477104,0.0095,-3.168604651171414e-05,-7.98658687910514e-05,0.0002500000000000002,conditional
45,conditional_XMV_07,13,20,0.8449532985687256,0.94774219269103,0.974600652656565,0.01,1.0,33.6,7,0.947693646179402,0.9746002391504576,0.01,-4.854651162800039e-05,-4.13506107466155e-07,0.0,conditional
45,conditional_XMV_07,14,20,0.8449532985687256,0.9953493355481728,0.9977129330610957,0.008,1.0,3.85,7,0.9953485880398673,0.9977122101382772,0.008,-7.475083055874521e-07,-7.229228184968406e-07,0.0,conditional
45,conditional_XMV_07,15,20,0.8449532985687256,0.5156988372093023,0.6200077815859668,0.011,0.0,302.0,7,0.5155019518272426,0.6196057284088096,0.01125,-0.0001968853820597527,-0.00040205317715724664,-0.0002500000000000002,conditional
45,conditional_XMV_07,16,20,0.8449532985687256,0.5092345514950166,0.6087786417233862,0.01175,0.0,302.0,7,0.5088451204318937,0.6084821360944539,0.012,-0.00038943106312294695,-0.0002965056289323531,-0.0002500000000000002,conditional
45,conditional_XMV_07,17,20,0.8449532985687256,0.9528884551495016,0.9772793981987842,0.00825,1.0,30.9,7,0.9527898255813954,0.9772403923173034,0.0085,-9.862956810624546e-05,-3.900588148075812e-05,-0.0002500000000000002,conditional
45,conditional_XMV_07,18,20,0.8449532985687256,0.8815257682724252,0.9354586904705976,0.00925,1.0,59.95,7,0.8811969476744186,0.93529746253947,0.01,-0.00032882059800665164,-0.00016122793112760547,-0.0007500000000000007,conditional
45,conditional_XMV_07,19,20,0.8449532985687256,0.9403456395348836,0.9679479789332428,0.0095,1.0,31.2,7,0.9540115448504984,0.9758153153366168,0.009,0.013665905315614846,0.007867336403374003,0.0005000000000000004,conditional
45,conditional_XMV_07,20,20,0.8449532985687256,0.9393508098006644,0.9700401043739336,0.01075,1.0,41.0,7,0.939454422757475,0.970128231984342,0.01075,0.0001036129568106059,8.81276104083284e-05,0.0,conditional
45,conditional_XMV_07,21,20,0.8449532985687256,0.5023147217607974,0.6007142396562216,0.0095,0.0,302.0,7,0.5023449335548172,0.6007096500891514,0.00975,3.021179401985208e-05,-4.589567070167888e-06,-0.0002500000000000002,conditional
45,conditional_XMV_07,22,20,0.8449532985687256,0.5618065406976744,0.6535369267973662,0.01275,0.0,302.0,7,0.5614498754152824,0.6531687464531204,0.01225,-0.00035666528239208795,-0.00036818034424579427,0.0004999999999999987,conditional
45,conditional_XMV_07,23,20,0.8449532985687256,0.5358737749169435,0.628457305952383,0.01,0.0,302.0,7,0.5356838247508305,0.6285449295853928,0.01,-0.00018995016611300652,8.762363300973686e-05,0.0,conditional
45,conditional_XMV_07,24,20,0.8449532985687256,0.9733348629568106,0.9863158969984394,0.01075,1.0,15.05,7,0.9734254568106312,0.9863832641623768,0.01,9.059385382059748e-05,6.736716393740405e-05,0.0007499999999999989,conditional
45,conditional_XMV_07,25,20,0.8449532985687256,0.9037532184385382,0.945461166262109,0.00825,1.0,29.35,7,0.9044997093023256,0.9459864745165794,0.00825,0.000746490863787419,0.0005253082544703913,0.0,conditional
45,conditional_XMV_07,26,20,0.8449532985687256,0.9203798380398672,0.9572579267607066,0.0095,1.0,28.1,7,0.9205679401993356,0.9573229999653974,0.01,0.00018810215946840625,6.507320469073541e-05,-0.0005000000000000004,conditional
45,conditional_XMV_07,27,20,0.8449532985687256,0.8339844476744186,0.8952873220723121,0.00975,1.0,18.15,7,0.8330642441860465,0.8949459781273176,0.009,-0.0009202034883720733,-0.00034134394499452103,0.0007500000000000007,conditional
45,conditional_XMV_07,28,20,0.8449532985687256,0.5593569975083057,0.6626345511450641,0.00975,0.0,302.0,7,0.5591237333887044,0.662409698620765,0.0095,-0.00023326411960133964,-0.00022485252429904623,0.0002500000000000002,conditional
45,conditional_XMV_08,1,20,0.8452494144439697,0.9950355897009968,0.9975060625031305,0.00925,1.0,4.3,8,0.9950419019933556,0.9975098706650242,0.01,6.312292358812144e-06,3.80816189371469e-06,-0.0007500000000000007,conditional
45,conditional_XMV_08,2,20,0.8452494144439697,0.990738953488372,0.995213013445956,0.009,1.0,10.9,8,0.9907769933554816,0.9952258879124548,0.0085,3.803986710959606e-05,1.2874466498780102e-05,0.0004999999999999987,conditional
45,conditional_XMV_08,3,20,0.8452494144439697,0.5433608596345515,0.6351140261656328,0.009,0.0,302.0,8,0.5424895141196013,0.6339631624814935,0.009,-0.0008713455149501614,-0.0011508636841393027,0.0,conditional
45,conditional_XMV_08,4,20,0.8452494144439697,0.9624470099667776,0.9735168482598642,0.01,1.0,2.0,8,0.9637483803986712,0.9745045150216746,0.00975,0.0013013704318936004,0.0009876667618103907,0.0002500000000000002,conditional
45,conditional_XMV_08,5,20,0.8452494144439697,0.5014276162790697,0.6065216007728383,0.0105,0.0,302.0,8,0.5006136627906976,0.6057167526060577,0.0115,-0.0008139534883720989,-0.000804848166780614,-0.0009999999999999992,conditional
45,conditional_XMV_08,6,20,0.8452494144439697,0.9979858803986712,0.99905545335073,0.008,1.0,1.0,8,0.9979553986710964,0.999044369920558,0.0085,-3.048172757480483e-05,-1.1083430171976438e-05,-0.0005000000000000004,conditional
45,conditional_XMV_08,7,20,0.8452494144439697,0.9966526578073088,0.998378359725134,0.01075,1.0,2.0,8,0.996640988372093,0.9983767622994084,0.01,-1.1669435215799773e-05,-1.5974257255857438e-06,0.0007499999999999989,conditional
45,conditional_XMV_08,8,20,0.8452494144439697,0.9688059800664452,0.9846515561407932,0.00725,1.0,22.85,8,0.9689607558139536,0.9847339205967168,0.007,0.0001547757475083289,8.23644559235781e-05,0.0002500000000000002,conditional
45,conditional_XMV_08,9,20,0.8452494144439697,0.5443355274086379,0.6386169872036059,0.01175,0.0,302.0,8,0.5445666112956811,0.6388465407417568,0.0105,0.00023108388704318195,0.00022955353815090618,0.0012499999999999994,conditional
45,conditional_XMV_08,10,20,0.8452494144439697,0.9213470099667774,0.9587992260182276,0.01025,1.0,42.25,8,0.9214589285714284,0.9588495555287868,0.00975,0.00011191860465098458,5.0329510559166124e-05,0.0005000000000000004,conditional
45,conditional_XMV_08,11,20,0.8452494144439697,0.9808504568106312,0.9899584946016796,0.00925,1.0,8.65,8,0.9809042566445184,0.9899903658334476,0.0095,5.379983388720255e-05,3.187123176795481e-05,-0.0002500000000000002,conditional
45,conditional_XMV_08,12,20,0.8452494144439697,0.7944619393687707,0.8746285960683884,0.00975,1.0,25.25,8,0.7946545473421927,0.874689881477104,0.0095,0.00019260797342190994,6.128540871563892e-05,0.0002500000000000002,conditional
45,conditional_XMV_08,13,20,0.8452494144439697,0.9477468023255814,0.9746128360955248,0.01075,1.0,33.7,8,0.947693646179402,0.9746002391504576,0.01,-5.3156146179400565e-05,-1.2596945067278043e-05,0.0007499999999999989,conditional
45,conditional_XMV_08,14,20,0.8452494144439697,0.9953530315614618,0.9977143995326986,0.008,1.0,3.95,8,0.9953485880398673,0.9977122101382772,0.008,-4.443521594565958e-06,-2.189394421425739e-06,0.0,conditional
45,conditional_XMV_08,15,20,0.8452494144439697,0.514428592192691,0.6188143398542383,0.0105,0.0,302.0,8,0.5155019518272426,0.6196057284088096,0.01125,0.001073359634551574,0.0007913885545712818,-0.0007499999999999989,conditional
45,conditional_XMV_08,16,20,0.8452494144439697,0.5091450581395349,0.6090954200529755,0.01125,0.0,302.0,8,0.5088451204318937,0.6084821360944539,0.012,-0.00029993770764125127,-0.0006132839585215599,-0.0007500000000000007,conditional
45,conditional_XMV_08,17,20,0.8452494144439697,0.9526859842192692,0.977192458513258,0.008,1.0,30.65,8,0.9527898255813954,0.9772403923173034,0.0085,0.0001038413621261558,4.793380404544134e-05,-0.0005000000000000004,conditional
45,conditional_XMV_08,18,20,0.8452494144439697,0.8804225083056478,0.9347572471434278,0.01,1.0,60.5,8,0.8811969476744186,0.93529746253947,0.01,0.0007744393687707518,0.0005402153960422096,0.0,conditional
45,conditional_XMV_08,19,20,0.8452494144439697,0.9288114410299004,0.9610721964850574,0.00825,1.0,30.8,8,0.9540115448504984,0.9758153153366168,0.009,0.025200103820598008,0.014743118851559434,-0.0007499999999999989,conditional
45,conditional_XMV_08,20,20,0.8452494144439697,0.9394035714285714,0.9701062104105456,0.01075,1.0,41.1,8,0.939454422757475,0.970128231984342,0.01075,5.0851328903589454e-05,2.2021573796382476e-05,0.0,conditional
45,conditional_XMV_08,21,20,0.8452494144439697,0.5016849875415282,0.6003562476239603,0.01,0.0,302.0,8,0.5023449335548172,0.6007096500891514,0.00975,0.0006599460132890034,0.0003534024651911105,0.0002500000000000002,conditional
45,conditional_XMV_08,22,20,0.8452494144439697,0.562116507475083,0.65342349295151,0.01275,0.0,302.0,8,0.5614498754152824,0.6531687464531204,0.01225,-0.0006666320598006648,-0.00025474649838963526,0.0004999999999999987,conditional
45,conditional_XMV_08,23,20,0.8452494144439697,0.5353363995016611,0.6284753069228586,0.00975,0.0,302.0,8,0.5356838247508305,0.6285449295853928,0.01,0.00034742524916941964,6.962266253418559e-05,-0.0002500000000000002,conditional
45,conditional_XMV_08,24,20,0.8452494144439697,0.973389161129568,0.9863696066867352,0.01025,1.0,15.05,8,0.9734254568106312,0.9863832641623768,0.01,3.629568106322534e-05,1.3657475641526418e-05,0.0002500000000000002,conditional
45,conditional_XMV_08,25,20,0.8452494144439697,0.9031861710963456,0.9451027416973268,0.00825,1.0,28.4,8,0.9044997093023256,0.9459864745165794,0.00825,0.0013135382059800138,0.0008837328192525806,0.0,conditional
45,conditional_XMV_08,26,20,0.8452494144439697,0.9205907184385382,0.9573009821517874,0.011,1.0,28.6,8,0.9205679401993356,0.9573229999653974,0.01,-2.2778239202603245e-05,2.2017813609997994e-05,0.0009999999999999992,conditional
45,conditional_XMV_08,27,20,0.8452494144439697,0.8332583887043189,0.895056261952604,0.0085,1.0,17.3,8,0.8330642441860465,0.8949459781273176,0.009,-0.00019414451827237666,-0.0001102838252864391,-0.0004999999999999987,conditional
45,conditional_XMV_08,28,20,0.8452494144439697,0.558844892026578,0.6627195482547013,0.009,0.0,302.0,8,0.5591237333887044,0.662409698620765,0.0095,0.00027884136212630306,-0.00030984963393621,-0.0005000000000000004,conditional
45,conditional_XMV_09,1,20,0.845441460609436,0.9950419019933556,0.9975098706650242,0.01,1.0,4.4,9,0.9950419019933556,0.9975098706650242,0.01,0.0,0.0,0.0,conditional
45,conditional_XMV_09,2,20,0.845441460609436,0.9907769933554816,0.9952258879124548,0.0085,1.0,10.8,9,0.9907769933554816,0.9952258879124548,0.0085,0.0,0.0,0.0,conditional
45,conditional_XMV_09,3,20,0.845441460609436,0.5424895141196013,0.6339631624814935,0.009,0.0,302.0,9,0.5424895141196013,0.6339631624814935,0.009,0.0,0.0,0.0,conditional
45,conditional_XMV_09,4,20,0.845441460609436,0.9637483803986712,0.9745045150216746,0.00975,1.0,2.0,9,0.9637483803986712,0.9745045150216746,0.00975,0.0,0.0,0.0,conditional
45,conditional_XMV_09,5,20,0.845441460609436,0.5006136627906976,0.6057167526060577,0.0115,0.0,302.0,9,0.5006136627906976,0.6057167526060577,0.0115,0.0,0.0,0.0,conditional
45,conditional_XMV_09,6,20,0.845441460609436,0.9979553986710964,0.999044369920558,0.0085,1.0,1.0,9,0.9979553986710964,0.999044369920558,0.0085,0.0,0.0,0.0,conditional
45,conditional_XMV_09,7,20,0.845441460609436,0.996640988372093,0.9983767622994084,0.01,1.0,2.0,9,0.996640988372093,0.9983767622994084,0.01,0.0,0.0,0.0,conditional
45,conditional_XMV_09,8,20,0.845441460609436,0.9689607558139536,0.9847339205967168,0.007,1.0,22.75,9,0.9689607558139536,0.9847339205967168,0.007,0.0,0.0,0.0,conditional
45,conditional_XMV_09,9,20,0.845441460609436,0.5445666112956811,0.6388465407417568,0.0105,0.0,302.0,9,0.5445666112956811,0.6388465407417568,0.0105,0.0,0.0,0.0,conditional
45,conditional_XMV_09,10,20,0.845441460609436,0.9214589285714284,0.9588495555287868,0.00975,1.0,42.25,9,0.9214589285714284,0.9588495555287868,0.00975,0.0,0.0,0.0,conditional
45,conditional_XMV_09,11,20,0.845441460609436,0.9809042566445184,0.9899903658334476,0.0095,1.0,8.65,9,0.9809042566445184,0.9899903658334476,0.0095,0.0,0.0,0.0,conditional
45,conditional_XMV_09,12,20,0.845441460609436,0.7946545473421927,0.874689881477104,0.0095,1.0,22.65,9,0.7946545473421927,0.874689881477104,0.0095,0.0,0.0,0.0,conditional
45,conditional_XMV_09,13,20,0.845441460609436,0.947693646179402,0.9746002391504576,0.01,1.0,33.7,9,0.947693646179402,0.9746002391504576,0.01,0.0,0.0,0.0,conditional
45,conditional_XMV_09,14,20,0.845441460609436,0.9953485880398673,0.9977122101382772,0.008,1.0,3.85,9,0.9953485880398673,0.9977122101382772,0.008,0.0,0.0,0.0,conditional
45,conditional_XMV_09,15,20,0.845441460609436,0.5155019518272426,0.6196057284088096,0.01125,0.0,302.0,9,0.5155019518272426,0.6196057284088096,0.01125,0.0,0.0,0.0,conditional
45,conditional_XMV_09,16,20,0.845441460609436,0.5088451204318937,0.6084821360944539,0.012,0.0,302.0,9,0.5088451204318937,0.6084821360944539,0.012,0.0,0.0,0.0,conditional
45,conditional_XMV_09,17,20,0.845441460609436,0.9527898255813954,0.9772403923173034,0.0085,1.0,30.7,9,0.9527898255813954,0.9772403923173034,0.0085,0.0,0.0,0.0,conditional
45,conditional_XMV_09,18,20,0.845441460609436,0.8811969476744186,0.93529746253947,0.01,1.0,60.05,9,0.8811969476744186,0.93529746253947,0.01,0.0,0.0,0.0,conditional
45,conditional_XMV_09,19,20,0.845441460609436,0.9540115448504984,0.9758153153366168,0.009,1.0,26.7,9,0.9540115448504984,0.9758153153366168,0.009,0.0,0.0,0.0,conditional
45,conditional_XMV_09,20,20,0.845441460609436,0.939454422757475,0.970128231984342,0.01075,1.0,41.0,9,0.939454422757475,0.970128231984342,0.01075,0.0,0.0,0.0,conditional
45,conditional_XMV_09,21,20,0.845441460609436,0.5023449335548172,0.6007096500891514,0.00975,0.0,302.0,9,0.5023449335548172,0.6007096500891514,0.00975,0.0,0.0,0.0,conditional
45,conditional_XMV_09,22,20,0.845441460609436,0.5614498754152824,0.6531687464531204,0.01225,0.0,302.0,9,0.5614498754152824,0.6531687464531204,0.01225,0.0,0.0,0.0,conditional
45,conditional_XMV_09,23,20,0.845441460609436,0.5356838247508305,0.6285449295853928,0.01,0.0,302.0,9,0.5356838247508305,0.6285449295853928,0.01,0.0,0.0,0.0,conditional
45,conditional_XMV_09,24,20,0.845441460609436,0.9734254568106312,0.9863832641623768,0.01,1.0,15.05,9,0.9734254568106312,0.9863832641623768,0.01,0.0,0.0,0.0,conditional
45,conditional_XMV_09,25,20,0.845441460609436,0.9044997093023256,0.9459864745165794,0.00825,1.0,29.05,9,0.9044997093023256,0.9459864745165794,0.00825,0.0,0.0,0.0,conditional
45,conditional_XMV_09,26,20,0.845441460609436,0.9205679401993356,0.9573229999653974,0.01,1.0,28.6,9,0.9205679401993356,0.9573229999653974,0.01,0.0,0.0,0.0,conditional
45,conditional_XMV_09,27,20,0.845441460609436,0.8330642441860465,0.8949459781273176,0.009,1.0,17.95,9,0.8330642441860465,0.8949459781273176,0.009,0.0,0.0,0.0,conditional
45,conditional_XMV_09,28,20,0.845441460609436,0.5591237333887044,0.662409698620765,0.0095,0.0,302.0,9,0.5591237333887044,0.662409698620765,0.0095,0.0,0.0,0.0,conditional
45,conditional_XMV_10,1,20,0.8454830050468445,0.9950306893687708,0.9975021297207692,0.00875,1.0,4.3,10,0.9950419019933556,0.9975098706650242,0.01,1.1212624584810982e-05,7.740944254930326e-06,-0.0012499999999999994,conditional
45,conditional_XMV_10,2,20,0.8454830050468445,0.9906896179401994,0.9951894766191546,0.00875,1.0,10.8,10,0.9907769933554816,0.9952258879124548,0.0085,8.737541528225368e-05,3.6411293300231407e-05,0.0002500000000000002,conditional
45,conditional_XMV_10,3,20,0.8454830050468445,0.5425174833887043,0.6341628245856278,0.0085,0.0,302.0,10,0.5424895141196013,0.6339631624814935,0.009,-2.79692691029787e-05,-0.00019966210413424612,-0.0004999999999999987,conditional
45,conditional_XMV_10,4,20,0.8454830050468445,0.5184861503322259,0.6301032793754909,0.0095,1.0,2.0,10,0.9637483803986712,0.9745045150216746,0.00975,0.4452622300664453,0.34440123564618363,-0.0002500000000000002,conditional
45,conditional_XMV_10,5,20,0.8454830050468445,0.5007245639534884,0.60558975944194,0.01175,0.0,302.0,10,0.5006136627906976,0.6057167526060577,0.0115,-0.00011090116279077744,0.00012699316411768358,0.0002500000000000002,conditional
45,conditional_XMV_10,6,20,0.8454830050468445,0.997971303986711,0.99905024769249,0.008,1.0,1.0,10,0.9979553986710964,0.999044369920558,0.0085,-1.5905315614572757e-05,-5.877771931950271e-06,-0.0005000000000000004,conditional
45,conditional_XMV_10,7,20,0.8454830050468445,0.9966318521594684,0.9983692855946298,0.01025,1.0,2.0,10,0.996640988372093,0.9983767622994084,0.01,9.1362126246608e-06,7.476704778630605e-06,0.0002500000000000002,conditional
45,conditional_XMV_10,8,20,0.8454830050468445,0.9688662790697674,0.9846882457180296,0.00675,1.0,22.75,10,0.9689607558139536,0.9847339205967168,0.007,9.447674418616714e-05,4.5674878687229636e-05,-0.0002500000000000002,conditional
45,conditional_XMV_10,9,20,0.8454830050468445,0.5447039036544851,0.6390317517298759,0.0115,0.0,302.0,10,0.5445666112956811,0.6388465407417568,0.0105,-0.0001372923588039976,-0.00018521098811907777,0.0009999999999999992,conditional
45,conditional_XMV_10,10,20,0.8454830050468445,0.9211018480066444,0.9586404692199472,0.01025,1.0,42.35,10,0.9214589285714284,0.9588495555287868,0.00975,0.00035708056478400696,0.00020908630883964552,0.0005000000000000004,conditional
45,conditional_XMV_10,11,20,0.8454830050468445,0.9509794435215948,0.9733242141561196,0.0095,1.0,8.8,10,0.9809042566445184,0.9899903658334476,0.0095,0.02992481312292361,0.01666615167732799,0.0,conditional
45,conditional_XMV_10,12,20,0.8454830050468445,0.79490155730897,0.87493710767552,0.01,1.0,23.65,10,0.7946545473421927,0.874689881477104,0.0095,-0.0002470099667774006,-0.00024722619841599514,0.0005000000000000004,conditional
45,conditional_XMV_10,13,20,0.8454830050468445,0.947621137873754,0.9745695100132516,0.0105,1.0,33.7,10,0.947693646179402,0.9746002391504576,0.01,7.250830564797806e-05,3.072913720592041e-05,0.0005000000000000004,conditional
45,conditional_XMV_10,14,20,0.8454830050468445,0.9951595514950166,0.9975856539956768,0.0075,1.0,4.05,10,0.9953485880398673,0.9977122101382772,0.008,0.00018903654485069588,0.00012655614260037584,-0.0005000000000000004,conditional
45,conditional_XMV_10,15,20,0.8454830050468445,0.5151281353820598,0.6190883468115986,0.01075,0.0,302.0,10,0.5155019518272426,0.6196057284088096,0.01125,0.0003738164451827508,0.0005173815972109308,-0.0005000000000000004,conditional
45,conditional_XMV_10,16,20,0.8454830050468445,0.5086700789036545,0.6090044787786177,0.0115,0.0,302.0,10,0.5088451204318937,0.6084821360944539,0.012,0.00017504152823921704,-0.0005223426841638457,-0.0005000000000000004,conditional
45,conditional_XMV_10,17,20,0.8454830050468445,0.952965157807309,0.9773218100115918,0.008,1.0,30.8,10,0.9527898255813954,0.9772403923173034,0.0085,-0.00017533222591359365,-8.141769428837708e-05,-0.0005000000000000004,conditional
45,conditional_XMV_10,18,20,0.8454830050468445,0.8809965946843854,0.9351426635876248,0.00975,1.0,60.05,10,0.8811969476744186,0.93529746253947,0.01,0.0002003529900331813,0.0001547989518452253,-0.0002500000000000002,conditional
45,conditional_XMV_10,19,20,0.8454830050468445,0.954029215116279,0.9758112045970244,0.009,1.0,26.5,10,0.9540115448504984,0.9758153153366168,0.009,-1.767026578058939e-05,4.110739592388946e-06,0.0,conditional
45,conditional_XMV_10,20,20,0.8454830050468445,0.9395490448504984,0.9701440674192546,0.01075,1.0,41.1,10,0.939454422757475,0.970128231984342,0.01075,-9.462209302335545e-05,-1.5835434912681023e-05,0.0,conditional
45,conditional_XMV_10,21,20,0.8454830050468445,0.5022071013289037,0.6005842050285636,0.00925,0.0,302.0,10,0.5023449335548172,0.6007096500891514,0.00975,0.00013783222591357003,0.00012544506058786986,-0.0005000000000000004,conditional
45,conditional_XMV_10,22,20,0.8454830050468445,0.5610034260797342,0.6529749444288462,0.012,0.0,302.0,10,0.5614498754152824,0.6531687464531204,0.01225,0.00044644933554816024,0.00019380202427421445,-0.0002500000000000002,conditional
45,conditional_XMV_10,23,20,0.8454830050468445,0.5358560838870432,0.6292193128334356,0.00875,0.0,302.0,10,0.5356838247508305,0.6285449295853928,0.01,-0.0001722591362126602,-0.0006743832480428091,-0.0012499999999999994,conditional
45,conditional_XMV_10,24,20,0.8454830050468445,0.9734825166112956,0.9864307786622872,0.01,1.0,15.1,10,0.9734254568106312,0.9863832641623768,0.01,-5.705980066439409e-05,-4.751449991047263e-05,0.0,conditional
45,conditional_XMV_10,25,20,0.8454830050468445,0.9040602367109636,0.945617986395122,0.0085,1.0,28.05,10,0.9044997093023256,0.9459864745165794,0.00825,0.0004394725913620112,0.00036848812145739984,0.0002500000000000002,conditional
45,conditional_XMV_10,26,20,0.8454830050468445,0.9207231727574752,0.9574331935556584,0.01,1.0,28.6,10,0.9205679401993356,0.9573229999653974,0.01,-0.00015523255813953973,-0.0001101935902609874,0.0,conditional
45,conditional_XMV_10,27,20,0.8454830050468445,0.79599948089701,0.8716563675344671,0.0085,1.0,22.65,10,0.8330642441860465,0.8949459781273176,0.009,0.03706476328903652,0.023289610592850507,-0.0004999999999999987,conditional
45,conditional_XMV_10,28,20,0.8454830050468445,0.5588191237541528,0.6622806124480105,0.00975,0.0,302.0,10,0.5591237333887044,0.662409698620765,0.0095,0.0003046096345515892,0.00012908617275453338,0.0002500000000000002,conditional
45,conditional_XMV_11,1,20,0.8446422815322876,0.9950281976744186,0.9974993394038216,0.00875,1.0,4.3,11,0.9950419019933556,0.9975098706650242,0.01,1.37043189369912e-05,1.0531261202539888e-05,-0.0012499999999999994,conditional
45,conditional_XMV_11,2,20,0.8446422815322876,0.9908453903654484,0.99525812712498,0.00925,1.0,10.7,11,0.9907769933554816,0.9952258879124548,0.0085,-6.839700996674747e-05,-3.2239212525153604e-05,0.0007499999999999989,conditional
45,conditional_XMV_11,3,20,0.8446422815322876,0.5434094061461794,0.6343374862333218,0.009,0.0,302.0,11,0.5424895141196013,0.6339631624814935,0.009,-0.0009198920265780508,-0.00037432375182822053,0.0,conditional
45,conditional_XMV_11,4,20,0.8446422815322876,0.963701972591362,0.9744735997665008,0.01,1.0,2.0,11,0.9637483803986712,0.9745045150216746,0.00975,4.640780730913452e-05,3.091525517373572e-05,0.0002500000000000002,conditional
45,conditional_XMV_11,5,20,0.8446422815322876,0.5002010174418605,0.6056441167294482,0.0115,0.05,287.0,11,0.5006136627906976,0.6057167526060577,0.0115,0.0004126453488371151,7.263587660955029e-05,0.0,conditional
45,conditional_XMV_11,6,20,0.8446422815322876,0.997969061461794,0.9990490872729302,0.00775,1.0,1.0,11,0.9979553986710964,0.999044369920558,0.0085,-1.3662790697588356e-05,-4.71735237217441e-06,-0.0007500000000000007,conditional
45,conditional_XMV_11,7,20,0.8446422815322876,0.9966446013289036,0.998374811439991,0.0105,1.0,2.0,11,0.996640988372093,0.9983767622994084,0.01,-3.6129568106169074e-06,1.9508594174544314e-06,0.0005000000000000004,conditional
45,conditional_XMV_11,8,20,0.8446422815322876,0.9688420265780732,0.9846870206266032,0.007,1.0,22.85,11,0.9689607558139536,0.9847339205967168,0.007,0.0001187292358804104,4.689997011364522e-05,0.0,conditional
45,conditional_XMV_11,9,20,0.8446422815322876,0.5442988787375416,0.6380780369412847,0.01125,0.0,302.0,11,0.5445666112956811,0.6388465407417568,0.0105,0.0002677325581394996,0.000768503800472109,0.0007499999999999989,conditional
45,conditional_XMV_11,10,20,0.8446422815322876,0.921476868770764,0.9588485252222098,0.01,1.0,41.8,11,0.9214589285714284,0.9588495555287868,0.00975,-1.794019933554214e-05,1.0303065770544961e-06,0.0002500000000000002,conditional
45,conditional_XMV_11,11,20,0.8446422815322876,0.9809349667774088,0.9900235942392308,0.00925,1.0,8.65,11,0.9809042566445184,0.9899903658334476,0.0095,-3.0710132890354735e-05,-3.32284057832366e-05,-0.0002500000000000002,conditional
45,conditional_XMV_11,12,20,0.8446422815322876,0.7948234426910299,0.8749879922327739,0.00975,1.0,22.85,11,0.7946545473421927,0.874689881477104,0.0095,-0.0001688953488372391,-0.0002981107556698781,0.0002500000000000002,conditional
45,conditional_XMV_11,13,20,0.8446422815322876,0.9477051910299004,0.9746177835277782,0.00975,1.0,33.7,11,0.947693646179402,0.9746002391504576,0.01,-1.1544850498368397e-05,-1.7544377320599658e-05,-0.0002500000000000002,conditional
45,conditional_XMV_11,14,20,0.8446422815322876,0.9953625,0.9977191697950611,0.00825,1.0,3.85,11,0.9953485880398673,0.9977122101382772,0.008,-1.3911960132784174e-05,-6.959656783989132e-06,0.0002500000000000002,conditional
45,conditional_XMV_11,15,20,0.8446422815322876,0.515379111295681,0.6188402224774799,0.01075,0.0,302.0,11,0.5155019518272426,0.6196057284088096,0.01125,0.00012284053156152996,0.0007655059313296242,-0.0005000000000000004,conditional
45,conditional_XMV_11,16,20,0.8446422815322876,0.5085002284053156,0.6090097964672515,0.011,0.0,302.0,11,0.5088451204318937,0.6084821360944539,0.012,0.0003448920265780586,-0.0005276603727976115,-0.0010000000000000009,conditional
45,conditional_XMV_11,17,20,0.8446422815322876,0.9527951827242525,0.9772041408139546,0.00875,1.0,30.75,11,0.9527898255813954,0.9772403923173034,0.0085,-5.357142857098651e-06,3.6251503348849745e-05,0.0002500000000000002,conditional
45,conditional_XMV_11,18,20,0.8446422815322876,0.8810622093023256,0.935253187438386,0.00975,1.0,59.75,11,0.8811969476744186,0.93529746253947,0.01,0.00013473837209299067,4.427510108395705e-05,-0.0002500000000000002,conditional
45,conditional_XMV_11,19,20,0.8446422815322876,0.9540164451827242,0.9758192105297409,0.00925,1.0,26.95,11,0.9540115448504984,0.9758153153366168,0.009,-4.900332225776793e-06,-3.895193124048291e-06,0.0002500000000000002,conditional
45,conditional_XMV_11,20,20,0.8446422815322876,0.9392990033222592,0.9700532156277124,0.0105,1.0,41.0,11,0.939454422757475,0.970128231984342,0.01075,0.00015541943521579782,7.501635662954254e-05,-0.0002499999999999985,conditional
45,conditional_XMV_11,21,20,0.8446422815322876,0.500775415282392,0.5994581388630298,0.00975,0.0,302.0,11,0.5023449335548172,0.6007096500891514,0.00975,0.001569518272425241,0.0012515112261216599,0.0,conditional
45,conditional_XMV_11,22,20,0.8446422815322876,0.5623987333887043,0.6539156740733008,0.0115,0.0,302.0,11,0.5614498754152824,0.6531687464531204,0.01225,-0.0009488579734219238,-0.0007469276201803599,-0.0007500000000000007,conditional
45,conditional_XMV_11,23,20,0.8446422815322876,0.5365134759136213,0.62883193011392,0.01,0.0,302.0,11,0.5356838247508305,0.6285449295853928,0.01,-0.0008296511627907677,-0.0002870005285272592,0.0,conditional
45,conditional_XMV_11,24,20,0.8446422815322876,0.973179318936877,0.98624393249449,0.0115,1.0,15.05,11,0.9734254568106312,0.9863832641623768,0.01,0.00024613787375415974,0.0001393316678867107,0.0014999999999999996,conditional
45,conditional_XMV_11,25,20,0.8446422815322876,0.9049626453488372,0.9462204759660372,0.008,1.0,29.1,11,0.9044997093023256,0.9459864745165794,0.00825,-0.00046293604651159725,-0.0002340014494578435,-0.0002500000000000002,conditional
45,conditional_XMV_11,26,20,0.8446422815322876,0.9206989825581396,0.9573926252363706,0.00925,1.0,28.6,11,0.9205679401993356,0.9573229999653974,0.01,-0.00013104235880401216,-6.962527097320592e-05,-0.0007500000000000007,conditional
45,conditional_XMV_11,27,20,0.8446422815322876,0.8333792151162791,0.8949981165747458,0.00875,1.0,17.15,11,0.8330642441860465,0.8949459781273176,0.009,-0.00031497093023258316,-5.2138447428240475e-05,-0.0002499999999999985,conditional
45,conditional_XMV_11,28,20,0.8446422815322876,0.5596574127906977,0.6629629704738469,0.0085,0.0,302.0,11,0.5591237333887044,0.662409698620765,0.0095,-0.0005336794019933366,-0.0005532718530818492,-0.0009999999999999992,conditional
46,conditional_XMV_01,1,20,0.8468353152275085,0.9952786544850498,0.997629582748334,0.00975,1.0,4.05,1,0.9952463870431894,0.9976134653165624,0.00975,-3.226744186046737e-05,-1.6117431771656143e-05,0.0,conditional
46,conditional_XMV_01,2,20,0.8468353152275085,0.99070573089701,0.9952407947516692,0.00925,1.0,10.2,1,0.9905171511627908,0.9951476925018228,0.0095,-0.00018857973421915197,-9.310224984637738e-05,-0.0002500000000000002,conditional
46,conditional_XMV_01,3,20,0.8468353152275085,0.544724896179402,0.6347368157784172,0.0095,0.0,302.0,1,0.5452817898671096,0.6354919040269659,0.00975,0.0005568936877076158,0.000755088248548641,-0.0002500000000000002,conditional
46,conditional_XMV_01,4,20,0.8468353152275085,0.9772083887043188,0.984232236204407,0.01025,1.0,2.0,1,0.9766724252491694,0.9837427305784876,0.0105,-0.0005359634551493908,-0.0004895056259194286,-0.0002500000000000002,conditional
46,conditional_XMV_01,5,20,0.8468353152275085,0.5010849667774087,0.6060394410192641,0.00975,0.0,302.0,1,0.5011724044850498,0.6062131167695718,0.01,8.743770764119141e-05,0.00017367575030768911,-0.0002500000000000002,conditional
46,conditional_XMV_01,6,20,0.8468353152275085,0.997993646179402,0.99905965755834,0.00875,1.0,1.0,1,0.997984634551495,0.9990578482963844,0.00925,-9.01162790700738e-06,-1.8092619555876155e-06,-0.0004999999999999987,conditional
46,conditional_XMV_01,7,20,0.8468353152275085,0.9966762873754152,0.9983844487216113,0.01125,1.0,2.0,1,0.996690365448505,0.9983899315191876,0.01175,1.4078073089729415e-05,5.4827975763949155e-06,-0.0005000000000000004,conditional
46,conditional_XMV_01,8,20,0.8468353152275085,0.9697249169435216,0.985154344149128,0.00975,1.0,22.85,1,0.9695984634551496,0.9850933078899736,0.0095,-0.00012645348837203585,-6.103625915432342e-05,0.0002500000000000002,conditional
46,conditional_XMV_01,9,20,0.8468353152275085,0.5433020141196013,0.6377453633056946,0.013,0.0,302.0,1,0.5435752491694352,0.6383396334346886,0.01275,0.00027323504983389757,0.0005942701289939345,0.0002500000000000002,conditional
46,conditional_XMV_01,10,20,0.8468353152275085,0.9228947466777409,0.959497768489726,0.0125,1.0,41.35,1,0.923210568936877,0.9596207570658852,0.01125,0.0003158222591361781,0.00012298857615922199,0.0012500000000000011,conditional
46,conditional_XMV_01,11,20,0.8468353152275085,0.9825485049833887,0.9909306676453812,0.00825,1.0,8.35,1,0.9824344061461794,0.9908795838918288,0.00825,-0.00011409883720936431,-5.108375355233896e-05,0.0,conditional
46,conditional_XMV_01,12,20,0.8468353152275085,0.8027375207641196,0.8799478691748489,0.011,1.0,25.3,1,0.8029352159468438,0.8800314933533525,0.01125,0.00019769518272416686,8.362417850360515e-05,-0.0002500000000000002,conditional
46,conditional_XMV_01,13,20,0.8468353152275085,0.9478845514950166,0.9746818636284832,0.01125,1.0,33.7,1,0.9477892857142856,0.9746389297372916,0.01125,-9.526578073104641e-05,-4.293389119158775e-05,0.0,conditional
46,conditional_XMV_01,14,20,0.8468353152275085,0.9956672757475084,0.9978531394342248,0.00975,1.0,3.75,1,0.9956656976744186,0.997849755012782,0.0095,-1.578073089758547e-06,-3.3844214428757624e-06,0.0002500000000000002,conditional
46,conditional_XMV_01,15,20,0.8468353152275085,0.5124196636212625,0.6161711579402194,0.0115,0.0,302.0,1,0.5122161337209302,0.6159625027773169,0.01175,-0.00020352990033223328,-0.00020865516290247133,-0.0002500000000000002,conditional
46,conditional_XMV_01,16,20,0.8468353152275085,0.5144313745847177,0.6142840421804218,0.0095,0.0,302.0,1,0.5141187084717608,0.6140962232550335,0.00975,-0.00031266611295688307,-0.00018781892538821676,-0.0002500000000000002,conditional
46,conditional_XMV_01,17,20,0.8468353152275085,0.9527178363787376,0.9772240855171728,0.00825,1.0,30.75,1,0.9526912375415284,0.9772149537686164,0.008,-2.659883720923517e-05,-9.131748556323593e-06,0.0002500000000000002,conditional
46,conditional_XMV_01,18,20,0.8468353152275085,0.8860086171096345,0.9381370045237112,0.0105,1.0,62.45,1,0.8856800041528239,0.9379143755589736,0.01075,-0.0003286129568106366,-0.0002226289647375701,-0.0002499999999999985,conditional
46,conditional_XMV_01,19,20,0.8468353152275085,0.9544116279069768,0.975741123059195,0.01,1.0,27.35,1,0.9542154900332226,0.9755953682323236,0.00975,-0.00019613787375416525,-0.00014575482687140262,0.0002500000000000002,conditional
46,conditional_XMV_01,20,20,0.8468353152275085,0.9394024086378736,0.970286281529884,0.0095,1.0,40.7,1,0.9394400332225914,0.9702826747183746,0.009,3.762458471778807e-05,-3.6068115094600728e-06,0.0005000000000000004,conditional
46,conditional_XMV_01,21,20,0.8468353152275085,0.4978238787375415,0.5972119453009423,0.01075,0.0,302.0,1,0.4984669850498339,0.5975427313288815,0.01025,0.000643106312292363,0.0003307860279391228,0.0004999999999999987,conditional
46,conditional_XMV_01,22,20,0.8468353152275085,0.567712707641196,0.6560179397360523,0.01075,0.0,302.0,1,0.5675300664451828,0.656049473409075,0.01075,-0.00018264119601318907,3.1533673022776654e-05,0.0,conditional
46,conditional_XMV_01,23,20,0.8468353152275085,0.5354493563122924,0.6279029079128542,0.00975,0.0,302.0,1,0.5355757059800664,0.6278469803772752,0.0095,0.00012634966777402834,-5.5927535579036736e-05,0.0002500000000000002,conditional
46,conditional_XMV_01,24,20,0.8468353152275085,0.9692675249169436,0.9840311016698844,0.01025,1.0,15.5,1,0.9718053571428572,0.9854357087539476,0.011,0.0025378322259136388,0.001404607084063203,-0.0007499999999999989,conditional
46,conditional_XMV_01,25,20,0.8468353152275085,0.8842551287375415,0.9313821924888132,0.00775,1.0,33.55,1,0.8932264742524917,0.9375149328330558,0.00775,0.008971345514950158,0.006132740344242604,0.0,conditional
46,conditional_XMV_01,26,20,0.8468353152275085,0.9245087209302324,0.9594783381751032,0.01,1.0,29.5,1,0.9239101951827242,0.959121884148731,0.01025,-0.0005985257475081829,-0.00035645402637218826,-0.0002500000000000002,conditional
46,conditional_XMV_01,27,20,0.8468353152275085,0.8750323712624585,0.9228208194756408,0.00925,1.0,15.8,1,0.8750355689368771,0.9227458907556544,0.01,3.197674418586871e-06,-7.492871998637796e-05,-0.0007500000000000007,conditional
46,conditional_XMV_01,28,20,0.8468353152275085,0.5561889119601329,0.6607823971519527,0.01,0.0,302.0,1,0.5562675249169435,0.6607830869573832,0.009,7.861295681066416e-05,6.898054304427248e-07,0.0010000000000000009,conditional
46,conditional_XMV_02,1,20,0.8473880290985107,0.9952514950166113,0.997612967947735,0.0105,1.0,4.05,2,0.9952463870431894,0.9976134653165624,0.00975,-5.107973421902834e-06,4.973688273457455e-07,0.0007500000000000007,conditional
46,conditional_XMV_02,2,20,0.8473880290985107,0.9905027823920266,0.9951351168744952,0.0095,1.0,10.2,2,0.9905171511627908,0.9951476925018228,0.0095,1.4368770764217054e-05,1.257562732759343e-05,0.0,conditional
46,conditional_XMV_02,3,20,0.8473880290985107,0.5452726744186046,0.6356255140545598,0.009,0.0,302.0,2,0.5452817898671096,0.6354919040269659,0.00975,9.11544850501489e-06,-0.00013361002759393337,-0.0007500000000000007,conditional
46,conditional_XMV_02,4,20,0.8473880290985107,0.9757230689368772,0.982936045060108,0.01025,1.0,2.0,2,0.9766724252491694,0.9837427305784876,0.0105,0.0009493563122922044,0.0008066855183795907,-0.0002500000000000002,conditional
46,conditional_XMV_02,5,20,0.8473880290985107,0.500834842192691,0.605969369750661,0.01075,0.0,302.0,2,0.5011724044850498,0.6062131167695718,0.01,0.0003375622923588173,0.00024374701891083372,0.0007499999999999989,conditional
46,conditional_XMV_02,6,20,0.8473880290985107,0.9979802740863788,0.999056745063229,0.00875,1.0,1.0,2,0.997984634551495,0.9990578482963844,0.00925,4.3604651162043595e-06,1.1032331554972075e-06,-0.0004999999999999987,conditional
46,conditional_XMV_02,7,20,0.8473880290985107,0.9966623754152824,0.9983797463963654,0.01225,1.0,2.0,2,0.996690365448505,0.9983899315191876,0.01175,2.799003322262461e-05,1.018512282224826e-05,0.0005000000000000004,conditional
46,conditional_XMV_02,8,20,0.8473880290985107,0.9696680024916944,0.985116855203204,0.01025,1.0,22.85,2,0.9695984634551496,0.9850933078899736,0.0095,-6.953903654483007e-05,-2.3547313230398714e-05,0.0007500000000000007,conditional
46,conditional_XMV_02,9,20,0.8473880290985107,0.5447911337209302,0.6387371258823135,0.012,0.0,302.0,2,0.5435752491694352,0.6383396334346886,0.01275,-0.0012158845514950167,-0.0003974924476248809,-0.0007499999999999989,conditional
46,conditional_XMV_02,10,20,0.8473880290985107,0.9232176910299004,0.9595700152703182,0.01075,1.0,41.45,2,0.923210568936877,0.9596207570658852,0.01125,-7.122093023337328e-06,5.0741795567077475e-05,-0.0005000000000000004,conditional
46,conditional_XMV_02,11,20,0.8473880290985107,0.9826429817275748,0.9909638864609678,0.00825,1.0,8.35,2,0.9824344061461794,0.9908795838918288,0.00825,-0.00020857558139542043,-8.430256913893874e-05,0.0,conditional
46,conditional_XMV_02,12,20,0.8473880290985107,0.8037339493355482,0.8806074622309042,0.00975,1.0,25.45,2,0.8029352159468438,0.8800314933533525,0.01125,-0.0007987333887043979,-0.0005759688775517358,-0.0014999999999999996,conditional
46,conditional_XMV_02,13,20,0.8473880290985107,0.9477927740863789,0.9746467166664065,0.01125,1.0,33.7,2,0.9477892857142856,0.9746389297372916,0.01125,-3.4883720932965545e-06,-7.786929114850238e-06,0.0,conditional
46,conditional_XMV_02,14,20,0.8473880290985107,0.9956484634551496,0.9978451764669514,0.00925,1.0,3.75,2,0.9956656976744186,0.997849755012782,0.0095,1.7234219269024464e-05,4.578545830580261e-06,-0.0002500000000000002,conditional
46,conditional_XMV_02,15,20,0.8473880290985107,0.5126036129568107,0.6163556171104906,0.012,0.0,302.0,2,0.5122161337209302,0.6159625027773169,0.01175,-0.0003874792358804502,-0.00039311433317368305,0.0002500000000000002,conditional
46,conditional_XMV_02,16,20,0.8473880290985107,0.5142258098006645,0.6141952742815551,0.00925,0.0,302.0,2,0.5141187084717608,0.6140962232550335,0.00975,-0.0001071013289036804,-9.905102652152387e-05,-0.0005000000000000004,conditional
46,conditional_XMV_02,17,20,0.8473880290985107,0.9526200581395348,0.9771830314234312,0.008,1.0,30.75,2,0.9526912375415284,0.9772149537686164,0.008,7.117940199363737e-05,3.192234518523129e-05,0.0,conditional
46,conditional_XMV_02,18,20,0.8473880290985107,0.8851377906976744,0.93756430950379,0.0095,1.0,62.25,2,0.8856800041528239,0.9379143755589736,0.01075,0.0005422134551494873,0.00035006605518361766,-0.0012499999999999994,conditional
46,conditional_XMV_02,19,20,0.8473880290985107,0.953338226744186,0.9750641810327269,0.00975,1.0,27.75,2,0.9542154900332226,0.9755953682323236,0.00975,0.0008772632890365895,0.0005311871995967721,0.0,conditional
46,conditional_XMV_02,20,20,0.8473880290985107,0.9395168189368772,0.9702998298906444,0.00925,1.0,40.7,2,0.9394400332225914,0.9702826747183746,0.009,-7.678571428582082e-05,-1.7155172269855967e-05,0.0002500000000000002,conditional
46,conditional_XMV_02,21,20,0.8473880290985107,0.4987133928571428,0.5976014043121288,0.01,0.0,302.0,2,0.4984669850498339,0.5975427313288815,0.01025,-0.00024640780730889045,-5.867298324735426e-05,-0.0002500000000000002,conditional
46,conditional_XMV_02,22,20,0.8473880290985107,0.5679739410299003,0.6556579128030599,0.0105,0.0,302.0,2,0.5675300664451828,0.656049473409075,0.01075,-0.0004438745847175074,0.0003915606060151955,-0.0002499999999999985,conditional
46,conditional_XMV_02,23,20,0.8473880290985107,0.5352218853820598,0.6275119875465812,0.00925,0.0,302.0,2,0.5355757059800664,0.6278469803772752,0.0095,0.0003538205980065934,0.0003349928306939365,-0.0002500000000000002,conditional
46,conditional_XMV_02,24,20,0.8473880290985107,0.9712428571428572,0.9851298066238195,0.01,1.0,14.7,2,0.9718053571428572,0.9854357087539476,0.011,0.0005625000000000213,0.000305902130128044,-0.0009999999999999992,conditional
46,conditional_XMV_02,25,20,0.8473880290985107,0.8782340323920266,0.927721655838759,0.00775,1.0,34.95,2,0.8932264742524917,0.9375149328330558,0.00775,0.014992441860465111,0.009793276994296773,0.0,conditional
46,conditional_XMV_02,26,20,0.8473880290985107,0.9237733596345516,0.9590515492392492,0.011,1.0,30.05,2,0.9239101951827242,0.959121884148731,0.01025,0.00013683554817256471,7.033490948182841e-05,0.0007499999999999989,conditional
46,conditional_XMV_02,27,20,0.8473880290985107,0.875709219269103,0.9232436625607794,0.009,1.0,15.9,2,0.8750355689368771,0.9227458907556544,0.01,-0.0006736503322258836,-0.0004977718051250024,-0.0010000000000000009,conditional
46,conditional_XMV_02,28,20,0.8473880290985107,0.5564300664451827,0.6605014896752837,0.009,0.0,302.0,2,0.5562675249169435,0.6607830869573832,0.009,-0.00016254152823913515,0.0002815972820995327,0.0,conditional
46,conditional_XMV_03,1,20,0.8473002314567566,0.9952482973421928,0.9976172622068326,0.01,1.0,4.05,3,0.9952463870431894,0.9976134653165624,0.00975,-1.910299003426985e-06,-3.7968902701912555e-06,0.0002500000000000002,conditional
46,conditional_XMV_03,2,20,0.8473002314567566,0.9904941445182724,0.9951342793471866,0.009,1.0,10.2,3,0.9905171511627908,0.9951476925018228,0.0095,2.3006644518375197e-05,1.34131546362104e-05,-0.0005000000000000004,conditional
46,conditional_XMV_03,3,20,0.8473002314567566,0.5455374584717608,0.6360659548489821,0.0095,0.0,302.0,3,0.5452817898671096,0.6354919040269659,0.00975,-0.00025566860465120467,-0.0005740508220162255,-0.0002500000000000002,conditional
46,conditional_XMV_03,4,20,0.8473002314567566,0.9768562292358804,0.983890342887458,0.01075,1.0,2.0,3,0.9766724252491694,0.9837427305784876,0.0105,-0.0001838039867110286,-0.000147612308970424,0.0002499999999999985,conditional
46,conditional_XMV_03,5,20,0.8473002314567566,0.5010379775747509,0.6062076217038956,0.0105,0.0,302.0,3,0.5011724044850498,0.6062131167695718,0.01,0.00013442691029896814,5.49506567615321e-06,0.0005000000000000004,conditional
46,conditional_XMV_03,6,20,0.8473002314567566,0.9979925664451827,0.9990606722619454,0.00875,1.0,1.0,3,0.997984634551495,0.9990578482963844,0.00925,-7.93189368775149e-06,-2.8239655609496594e-06,-0.0004999999999999987,conditional
46,conditional_XMV_03,7,20,0.8473002314567566,0.99669375,0.9983913506051808,0.01125,1.0,2.0,3,0.996690365448505,0.9983899315191876,0.01175,-3.384551495067001e-06,-1.4190859931595412e-06,-0.0005000000000000004,conditional
46,conditional_XMV_03,8,20,0.8473002314567566,0.9695914451827242,0.985083290060931,0.00975,1.0,22.95,3,0.9695984634551496,0.9850933078899736,0.0095,7.018272425329819e-06,1.0017829042641146e-05,0.0002500000000000002,conditional
46,conditional_XMV_03,9,20,0.8473002314567566,0.5437422342192691,0.6384197968649631,0.01175,0.0,302.0,3,0.5435752491694352,0.6383396334346886,0.01275,-0.00016698504983392315,-8.016343027450468e-05,-0.0009999999999999992,conditional
46,conditional_XMV_03,10,20,0.8473002314567566,0.9230194975083056,0.9594992524262363,0.0115,1.0,41.5,3,0.923210568936877,0.9596207570658852,0.01125,0.00019107142857144321,0.00012150463964888392,0.0002500000000000002,conditional
46,conditional_XMV_03,11,20,0.8473002314567566,0.9824587209302326,0.9908896640784128,0.0085,1.0,8.55,3,0.9824344061461794,0.9908795838918288,0.00825,-2.4314784053180993e-05,-1.00801865839939e-05,0.0002500000000000002,conditional
46,conditional_XMV_03,12,20,0.8473002314567566,0.8031799210963455,0.880200096920085,0.01125,1.0,25.25,3,0.8029352159468438,0.8800314933533525,0.01125,-0.0002447051495017005,-0.00016860356673253918,0.0,conditional
46,conditional_XMV_03,13,20,0.8473002314567566,0.947780107973422,0.9746342020040764,0.0115,1.0,33.6,3,0.9477892857142856,0.9746389297372916,0.01125,9.177740863508532e-06,4.727733215248442e-06,0.0002500000000000002,conditional
46,conditional_XMV_03,14,20,0.8473002314567566,0.9956504568106312,0.9978431118730108,0.00975,1.0,3.75,3,0.9956656976744186,0.997849755012782,0.0095,1.5240863787346903e-05,6.643139771167483e-06,0.0002500000000000002,conditional
46,conditional_XMV_03,15,20,0.8473002314567566,0.5125225705980067,0.6159553292630076,0.01175,0.0,302.0,3,0.5122161337209302,0.6159625027773169,0.01175,-0.0003064368770764325,7.17351430934432e-06,0.0,conditional
46,conditional_XMV_03,16,20,0.8473002314567566,0.5141355689368771,0.6138536195215448,0.0095,0.0,302.0,3,0.5141187084717608,0.6140962232550335,0.00975,-1.686046511628625e-05,0.0002426037334887221,-0.0002500000000000002,conditional
46,conditional_XMV_03,17,20,0.8473002314567566,0.9527251245847176,0.9772321725011976,0.0085,1.0,30.75,3,0.9526912375415284,0.9772149537686164,0.008,-3.3887043189184674e-05,-1.7218732581203433e-05,0.0005000000000000004,conditional
46,conditional_XMV_03,18,20,0.8473002314567566,0.88574271179402,0.9379685394872322,0.01025,1.0,62.25,3,0.8856800041528239,0.9379143755589736,0.01075,-6.27076411960914e-05,-5.416392825863259e-05,-0.0004999999999999987,conditional
46,conditional_XMV_03,19,20,0.8473002314567566,0.9541662167774086,0.975561592305848,0.01,1.0,27.35,3,0.9542154900332226,0.9755953682323236,0.00975,4.927325581394193e-05,3.377592647557659e-05,0.0002500000000000002,conditional
46,conditional_XMV_03,20,20,0.8473002314567566,0.939414431063123,0.9702780157923522,0.0095,1.0,40.7,3,0.9394400332225914,0.9702826747183746,0.009,2.56021594684519e-05,4.658926022416132e-06,0.0005000000000000004,conditional
46,conditional_XMV_03,21,20,0.8473002314567566,0.4980433970099668,0.5978027610848674,0.00975,0.0,302.0,3,0.4984669850498339,0.5975427313288815,0.01025,0.0004235880398670844,-0.0002600297559859355,-0.0005000000000000004,conditional
46,conditional_XMV_03,22,20,0.8473002314567566,0.5678760589700996,0.656094208236645,0.0105,0.0,302.0,3,0.5675300664451828,0.656049473409075,0.01075,-0.0003459925249168494,-4.473482756994773e-05,-0.0002499999999999985,conditional
46,conditional_XMV_03,23,20,0.8473002314567566,0.5147779069767442,0.6109933349210032,0.00975,0.0,302.0,3,0.5355757059800664,0.6278469803772752,0.0095,0.020797799003322237,0.016853645456271993,0.0002500000000000002,conditional
46,conditional_XMV_03,24,20,0.8473002314567566,0.9717109219269104,0.985393798457308,0.01025,1.0,14.85,3,0.9718053571428572,0.9854357087539476,0.011,9.44352159467643e-05,4.1910296639580125e-05,-0.0007499999999999989,conditional
46,conditional_XMV_03,25,20,0.8473002314567566,0.89300625,0.9374027852975034,0.00775,1.0,31.2,3,0.8932264742524917,0.9375149328330558,0.00775,0.0002202242524916853,0.00011214753555233159,0.0,conditional
46,conditional_XMV_03,26,20,0.8473002314567566,0.9238426702657808,0.9591101410875196,0.01075,1.0,30.05,3,0.9239101951827242,0.959121884148731,0.01025,6.752491694339557e-05,1.1743061211433314e-05,0.0004999999999999987,conditional
46,conditional_XMV_03,27,20,0.8473002314567566,0.8748231727574751,0.9226899093760113,0.00975,1.0,16.0,3,0.8750355689368771,0.9227458907556544,0.01,0.00021239617940194133,5.598137964313299e-05,-0.0002500000000000002,conditional
46,conditional_XMV_03,28,20,0.8473002314567566,0.5562430440199335,0.6608738624298205,0.01,0.0,302.0,3,0.5562675249169435,0.6607830869573832,0.009,2.4480897010015212e-05,-9.077547243729889e-05,0.0010000000000000009,conditional
46,conditional_XMV_04,1,20,0.8499171137809753,0.9951971760797342,0.9975929920261516,0.00975,1.0,4.2,4,0.9952463870431894,0.9976134653165624,0.00975,4.921096345511522e-05,2.047329041077184e-05,0.0,conditional
46,conditional_XMV_04,2,20,0.8499171137809753,0.9902252906976744,0.99502179997556,0.00875,1.0,10.6,4,0.9905171511627908,0.9951476925018228,0.0095,0.0002918604651164225,0.00012589252626282743,-0.0007499999999999989,conditional
46,conditional_XMV_04,3,20,0.8499171137809753,0.5437355274086378,0.6341088579187573,0.0095,0.0,302.0,4,0.5452817898671096,0.6354919040269659,0.00975,0.001546262458471781,0.0013830461082086076,-0.0002500000000000002,conditional
46,conditional_XMV_04,4,20,0.8499171137809753,0.974359634551495,0.9821170171595698,0.01025,1.0,2.0,4,0.9766724252491694,0.9837427305784876,0.0105,0.0023127906976744272,0.001625713418917818,-0.0002500000000000002,conditional
46,conditional_XMV_04,5,20,0.8499171137809753,0.5018784468438539,0.6067577488906244,0.00875,0.0,302.0,4,0.5011724044850498,0.6062131167695718,0.01,-0.0007060423588040043,-0.0005446321210526017,-0.0012499999999999994,conditional
46,conditional_XMV_04,6,20,0.8499171137809753,0.9980367109634553,0.9990766725887792,0.0085,1.0,1.0,4,0.997984634551495,0.9990578482963844,0.00925,-5.20764119602557e-05,-1.882429239474792e-05,-0.0007499999999999989,conditional
46,conditional_XMV_04,7,20,0.8499171137809753,0.9967298172757476,0.9984082147286104,0.0115,1.0,2.0,4,0.996690365448505,0.9983899315191876,0.01175,-3.945182724263141e-05,-1.8283209422764735e-05,-0.0002500000000000002,conditional
46,conditional_XMV_04,8,20,0.8499171137809753,0.9694033222591362,0.9849805398905558,0.009,1.0,23.2,4,0.9695984634551496,0.9850933078899736,0.0095,0.00019514119601338198,0.00011276799941783988,-0.0005000000000000004,conditional
46,conditional_XMV_04,9,20,0.8499171137809753,0.5409755398671097,0.6356724684931889,0.01275,0.0,302.0,4,0.5435752491694352,0.6383396334346886,0.01275,0.002599709302325559,0.0026671649414996557,0.0,conditional
46,conditional_XMV_04,10,20,0.8499171137809753,0.9222322259136212,0.9591388985709208,0.00975,1.0,41.5,4,0.923210568936877,0.9596207570658852,0.01125,0.0009783430232558343,0.00048185849496440447,-0.0014999999999999996,conditional
46,conditional_XMV_04,11,20,0.8499171137809753,0.9824120431893688,0.9908667955585944,0.007,1.0,8.5,4,0.9824344061461794,0.9908795838918288,0.00825,2.236295681057321e-05,1.2788333234481364e-05,-0.0012500000000000002,conditional
46,conditional_XMV_04,12,20,0.8499171137809753,0.8013731312292359,0.8788295940664355,0.01,1.0,25.25,4,0.8029352159468438,0.8800314933533525,0.01125,0.0015620847176078811,0.001201899286917052,-0.0012499999999999994,conditional
46,conditional_XMV_04,13,20,0.8499171137809753,0.9476937292358804,0.9745846080285716,0.01175,1.0,33.6,4,0.9477892857142856,0.9746389297372916,0.01125,9.555647840520098e-05,5.432170871999542e-05,0.0005000000000000004,conditional
46,conditional_XMV_04,14,20,0.8499171137809753,0.9957054817275748,0.9978678052778636,0.009,1.0,3.85,4,0.9956656976744186,0.997849755012782,0.0095,-3.9784053156188826e-05,-1.8050265081615002e-05,-0.0005000000000000004,conditional
46,conditional_XMV_04,15,20,0.8499171137809753,0.5116211378737542,0.6154107163377862,0.01175,0.0,302.0,4,0.5122161337209302,0.6159625027773169,0.01175,0.0005949958471760386,0.0005517864395306882,0.0,conditional
46,conditional_XMV_04,16,20,0.8499171137809753,0.5128864202657807,0.6125135396046127,0.01075,0.0,302.0,4,0.5141187084717608,0.6140962232550335,0.00975,0.0012322882059800921,0.001582683650420802,0.0009999999999999992,conditional
46,conditional_XMV_04,17,20,0.8499171137809753,0.9526446220930233,0.9771884970607796,0.00725,1.0,30.75,4,0.9526912375415284,0.9772149537686164,0.008,4.661544850514954e-05,2.6456707836852722e-05,-0.0007499999999999998,conditional
46,conditional_XMV_04,18,20,0.8499171137809753,0.8852263704318937,0.9377097601717632,0.00925,1.0,62.7,4,0.8856800041528239,0.9379143755589736,0.01075,0.00045363372093021326,0.00020461538721039396,-0.0014999999999999996,conditional
46,conditional_XMV_04,19,20,0.8499171137809753,0.9564894518272424,0.9768908164890896,0.0085,1.0,27.75,4,0.9542154900332226,0.9755953682323236,0.00975,-0.002273961794019841,-0.0012954482567659742,-0.0012499999999999994,conditional
46,conditional_XMV_04,20,20,0.8499171137809753,0.9393737126245848,0.9702032774945708,0.00925,1.0,40.7,4,0.9394400332225914,0.9702826747183746,0.009,6.632059800659729e-05,7.939722380378988e-05,0.0002500000000000002,conditional
46,conditional_XMV_04,21,20,0.8499171137809753,0.4988303779069767,0.5975591779327996,0.01075,0.0,302.0,4,0.4984669850498339,0.5975427313288815,0.01025,-0.0003633928571428191,-1.64466039180855e-05,0.0004999999999999987,conditional
46,conditional_XMV_04,22,20,0.8499171137809753,0.5641140365448505,0.6527420028206112,0.01175,0.0,302.0,4,0.5675300664451828,0.656049473409075,0.01075,0.003416029900332296,0.0033074705884638123,0.0010000000000000009,conditional
46,conditional_XMV_04,23,20,0.8499171137809753,0.5675437084717608,0.6583693612829133,0.01125,0.0,302.0,4,0.5355757059800664,0.6278469803772752,0.0095,-0.0319680024916944,-0.03052238090563819,0.0017499999999999998,conditional
46,conditional_XMV_04,24,20,0.8499171137809753,0.9714302325581397,0.9852563980337664,0.0095,1.0,14.95,4,0.9718053571428572,0.9854357087539476,0.011,0.0003751245847175566,0.00017931072018118055,-0.0014999999999999996,conditional
46,conditional_XMV_04,25,20,0.8499171137809753,0.8906803571428571,0.9359153055611148,0.00775,1.0,31.6,4,0.8932264742524917,0.9375149328330558,0.00775,0.0025461171096345936,0.001599627271940962,0.0,conditional
46,conditional_XMV_04,26,20,0.8499171137809753,0.8356455357142857,0.9028148568519831,0.0095,1.0,53.95,4,0.9239101951827242,0.959121884148731,0.01025,0.08826465946843853,0.05630702729674786,-0.0007500000000000007,conditional
46,conditional_XMV_04,27,20,0.8499171137809753,0.8754660091362126,0.9229462581066196,0.00975,1.0,16.95,4,0.8750355689368771,0.9227458907556544,0.01,-0.00043044019933558,-0.00020036735096518044,-0.0002500000000000002,conditional
46,conditional_XMV_04,28,20,0.8499171137809753,0.5543059593023256,0.6585196053245409,0.01025,0.0,302.0,4,0.5562675249169435,0.6607830869573832,0.009,0.0019615656146179106,0.00226348163284229,0.0012500000000000011,conditional
46,conditional_XMV_05,1,20,0.8465240597724915,0.9952463870431894,0.9976134653165624,0.00975,1.0,4.05,5,0.9952463870431894,0.9976134653165624,0.00975,0.0,0.0,0.0,conditional
46,conditional_XMV_05,2,20,0.8465240597724915,0.9905171511627908,0.9951476925018228,0.0095,1.0,10.2,5,0.9905171511627908,0.9951476925018228,0.0095,0.0,0.0,0.0,conditional
46,conditional_XMV_05,3,20,0.8465240597724915,0.5452817898671096,0.6354919040269659,0.00975,0.0,302.0,5,0.5452817898671096,0.6354919040269659,0.00975,0.0,0.0,0.0,conditional
46,conditional_XMV_05,4,20,0.8465240597724915,0.9766724252491694,0.9837427305784876,0.0105,1.0,2.0,5,0.9766724252491694,0.9837427305784876,0.0105,0.0,0.0,0.0,conditional
46,conditional_XMV_05,5,20,0.8465240597724915,0.5011724044850498,0.6062131167695718,0.01,0.0,302.0,5,0.5011724044850498,0.6062131167695718,0.01,0.0,0.0,0.0,conditional
46,conditional_XMV_05,6,20,0.8465240597724915,0.997984634551495,0.9990578482963844,0.00925,1.0,1.0,5,0.997984634551495,0.9990578482963844,0.00925,0.0,0.0,0.0,conditional
46,conditional_XMV_05,7,20,0.8465240597724915,0.996690365448505,0.9983899315191876,0.01175,1.0,2.0,5,0.996690365448505,0.9983899315191876,0.01175,0.0,0.0,0.0,conditional
46,conditional_XMV_05,8,20,0.8465240597724915,0.9695984634551496,0.9850933078899736,0.0095,1.0,22.85,5,0.9695984634551496,0.9850933078899736,0.0095,0.0,0.0,0.0,conditional
46,conditional_XMV_05,9,20,0.8465240597724915,0.5435752491694352,0.6383396334346886,0.01275,0.0,302.0,5,0.5435752491694352,0.6383396334346886,0.01275,0.0,0.0,0.0,conditional
46,conditional_XMV_05,10,20,0.8465240597724915,0.923210568936877,0.9596207570658852,0.01125,1.0,41.65,5,0.923210568936877,0.9596207570658852,0.01125,0.0,0.0,0.0,conditional
46,conditional_XMV_05,11,20,0.8465240597724915,0.9824344061461794,0.9908795838918288,0.00825,1.0,8.35,5,0.9824344061461794,0.9908795838918288,0.00825,0.0,0.0,0.0,conditional
46,conditional_XMV_05,12,20,0.8465240597724915,0.8029352159468438,0.8800314933533525,0.01125,1.0,25.2,5,0.8029352159468438,0.8800314933533525,0.01125,0.0,0.0,0.0,conditional
46,conditional_XMV_05,13,20,0.8465240597724915,0.9477892857142856,0.9746389297372916,0.01125,1.0,33.7,5,0.9477892857142856,0.9746389297372916,0.01125,0.0,0.0,0.0,conditional
46,conditional_XMV_05,14,20,0.8465240597724915,0.9956656976744186,0.997849755012782,0.0095,1.0,3.75,5,0.9956656976744186,0.997849755012782,0.0095,0.0,0.0,0.0,conditional
46,conditional_XMV_05,15,20,0.8465240597724915,0.5122161337209302,0.6159625027773169,0.01175,0.0,302.0,5,0.5122161337209302,0.6159625027773169,0.01175,0.0,0.0,0.0,conditional
46,conditional_XMV_05,16,20,0.8465240597724915,0.5141187084717608,0.6140962232550335,0.00975,0.0,302.0,5,0.5141187084717608,0.6140962232550335,0.00975,0.0,0.0,0.0,conditional
46,conditional_XMV_05,17,20,0.8465240597724915,0.9526912375415284,0.9772149537686164,0.008,1.0,30.75,5,0.9526912375415284,0.9772149537686164,0.008,0.0,0.0,0.0,conditional
46,conditional_XMV_05,18,20,0.8465240597724915,0.8856800041528239,0.9379143755589736,0.01075,1.0,62.25,5,0.8856800041528239,0.9379143755589736,0.01075,0.0,0.0,0.0,conditional
46,conditional_XMV_05,19,20,0.8465240597724915,0.9542154900332226,0.9755953682323236,0.00975,1.0,27.7,5,0.9542154900332226,0.9755953682323236,0.00975,0.0,0.0,0.0,conditional
46,conditional_XMV_05,20,20,0.8465240597724915,0.9394400332225914,0.9702826747183746,0.009,1.0,40.7,5,0.9394400332225914,0.9702826747183746,0.009,0.0,0.0,0.0,conditional
46,conditional_XMV_05,21,20,0.8465240597724915,0.4984669850498339,0.5975427313288815,0.01025,0.0,302.0,5,0.4984669850498339,0.5975427313288815,0.01025,0.0,0.0,0.0,conditional
46,conditional_XMV_05,22,20,0.8465240597724915,0.5675300664451828,0.656049473409075,0.01075,0.0,302.0,5,0.5675300664451828,0.656049473409075,0.01075,0.0,0.0,0.0,conditional
46,conditional_XMV_05,23,20,0.8465240597724915,0.5355757059800664,0.6278469803772752,0.0095,0.0,302.0,5,0.5355757059800664,0.6278469803772752,0.0095,0.0,0.0,0.0,conditional
46,conditional_XMV_05,24,20,0.8465240597724915,0.9718053571428572,0.9854357087539476,0.011,1.0,14.95,5,0.9718053571428572,0.9854357087539476,0.011,0.0,0.0,0.0,conditional
46,conditional_XMV_05,25,20,0.8465240597724915,0.8932264742524917,0.9375149328330558,0.00775,1.0,31.2,5,0.8932264742524917,0.9375149328330558,0.00775,0.0,0.0,0.0,conditional
46,conditional_XMV_05,26,20,0.8465240597724915,0.9239101951827242,0.959121884148731,0.01025,1.0,29.75,5,0.9239101951827242,0.959121884148731,0.01025,0.0,0.0,0.0,conditional
46,conditional_XMV_05,27,20,0.8465240597724915,0.8750355689368771,0.9227458907556544,0.01,1.0,16.1,5,0.8750355689368771,0.9227458907556544,0.01,0.0,0.0,0.0,conditional
46,conditional_XMV_05,28,20,0.8465240597724915,0.5562675249169435,0.6607830869573832,0.009,0.0,302.0,5,0.5562675249169435,0.6607830869573832,0.009,0.0,0.0,0.0,conditional
46,conditional_XMV_06,1,20,0.8466965556144714,0.9952399916943522,0.9976103263683592,0.0095,1.0,4.05,6,0.9952463870431894,0.9976134653165624,0.00975,6.395348837173742e-06,3.1389482031407567e-06,-0.0002500000000000002,conditional
46,conditional_XMV_06,2,20,0.8466965556144714,0.990510631229236,0.9951450553411152,0.0095,1.0,10.2,6,0.9905171511627908,0.9951476925018228,0.0095,6.519933554827162e-06,2.637160707585906e-06,0.0,conditional
46,conditional_XMV_06,3,20,0.8466965556144714,0.5453508305647841,0.6354794416863077,0.00975,0.0,302.0,6,0.5452817898671096,0.6354919040269659,0.00975,-6.904069767443843e-05,1.2462340658214721e-05,0.0,conditional
46,conditional_XMV_06,4,20,0.8466965556144714,0.9761289451827244,0.9833178814883438,0.01025,1.0,2.0,6,0.9766724252491694,0.9837427305784876,0.0105,0.0005434800664450012,0.00042484909014384176,-0.0002500000000000002,conditional
46,conditional_XMV_06,5,20,0.8466965556144714,0.5010776370431894,0.6062204510830463,0.00975,0.0,302.0,6,0.5011724044850498,0.6062131167695718,0.01,9.476744186043273e-05,-7.334313474549603e-06,-0.0002500000000000002,conditional
46,conditional_XMV_06,6,20,0.8466965556144714,0.9979853820598008,0.9990582206438836,0.00925,1.0,1.0,6,0.997984634551495,0.9990578482963844,0.00925,-7.475083058094967e-07,-3.723474991668141e-07,0.0,conditional
46,conditional_XMV_06,7,20,0.8466965556144714,0.9966855066445184,0.998388162745671,0.01125,1.0,2.0,6,0.996690365448505,0.9983899315191876,0.01175,4.858803986595994e-06,1.7687735166527219e-06,-0.0005000000000000004,conditional
46,conditional_XMV_06,8,20,0.8466965556144714,0.969601723421927,0.985094740990682,0.00975,1.0,22.85,6,0.9695984634551496,0.9850933078899736,0.0095,-3.259966777413581e-06,-1.4331007083256964e-06,0.0002500000000000002,conditional
46,conditional_XMV_06,9,20,0.8466965556144714,0.5435322882059801,0.6383795294560022,0.01275,0.0,302.0,6,0.5435752491694352,0.6383396334346886,0.01275,4.2960963455129786e-05,-3.989602131360126e-05,0.0,conditional
46,conditional_XMV_06,10,20,0.8466965556144714,0.9232136627906976,0.9596342104550742,0.01125,1.0,41.35,6,0.923210568936877,0.9596207570658852,0.01125,-3.093853820579362e-06,-1.3453389189010956e-05,0.0,conditional
46,conditional_XMV_06,11,20,0.8466965556144714,0.9824219476744186,0.9908688676297068,0.00825,1.0,8.35,6,0.9824344061461794,0.9908795838918288,0.00825,1.2458471760790069e-05,1.0716262122012488e-05,0.0,conditional
46,conditional_XMV_06,12,20,0.8466965556144714,0.8031084094684385,0.8800650637027514,0.011,1.0,25.2,6,0.8029352159468438,0.8800314933533525,0.01125,-0.00017319352159472778,-3.357034939888148e-05,-0.0002500000000000002,conditional
46,conditional_XMV_06,13,20,0.8466965556144714,0.947803446843854,0.9746471508059472,0.01125,1.0,33.7,6,0.9477892857142856,0.9746389297372916,0.01125,-1.416112956842408e-05,-8.221068655611674e-06,0.0,conditional
46,conditional_XMV_06,14,20,0.8466965556144714,0.9956652823920266,0.9978495967182712,0.009,1.0,3.75,6,0.9956656976744186,0.997849755012782,0.0095,4.1528239203003636e-07,1.5829451072146838e-07,-0.0005000000000000004,conditional
46,conditional_XMV_06,15,20,0.8466965556144714,0.5121294227574751,0.6158942440580432,0.0115,0.0,302.0,6,0.5122161337209302,0.6159625027773169,0.01175,8.671096345513885e-05,6.825871927373939e-05,-0.0002500000000000002,conditional
46,conditional_XMV_06,16,20,0.8466965556144714,0.5140517026578073,0.6141012016636763,0.0095,0.0,302.0,6,0.5141187084717608,0.6140962232550335,0.00975,6.700581395346905e-05,-4.978408642775101e-06,-0.0002500000000000002,conditional
46,conditional_XMV_06,17,20,0.8466965556144714,0.9526654069767442,0.9771996968561552,0.008,1.0,30.75,6,0.9526912375415284,0.9772149537686164,0.008,2.5830564784223853e-05,1.5256912461292238e-05,0.0,conditional
46,conditional_XMV_06,18,20,0.8466965556144714,0.8862934593023256,0.938285684267657,0.011,1.0,62.05,6,0.8856800041528239,0.9379143755589736,0.01075,-0.0006134551495017293,-0.0003713087086834044,0.0002500000000000002,conditional
46,conditional_XMV_06,19,20,0.8466965556144714,0.954254796511628,0.9756223910047692,0.00975,1.0,27.65,6,0.9542154900332226,0.9755953682323236,0.00975,-3.93064784054431e-05,-2.7022772445595145e-05,0.0,conditional
46,conditional_XMV_06,20,20,0.8466965556144714,0.9396031976744186,0.9703701862921916,0.009,1.0,40.6,6,0.9394400332225914,0.9702826747183746,0.009,-0.0001631644518271802,-8.7511573817034e-05,0.0,conditional
46,conditional_XMV_06,21,20,0.8466965556144714,0.4982959302325581,0.5974746631823148,0.01025,0.0,302.0,6,0.4984669850498339,0.5975427313288815,0.01025,0.0001710548172758064,6.806814656667992e-05,0.0,conditional
46,conditional_XMV_06,22,20,0.8466965556144714,0.5676717815614618,0.656047615339011,0.011,0.0,302.0,6,0.5675300664451828,0.656049473409075,0.01075,-0.00014171511627902866,1.8580700640313808e-06,0.0002500000000000002,conditional
46,conditional_XMV_06,23,20,0.8466965556144714,0.5358264950166113,0.6279940251049626,0.0095,0.0,302.0,6,0.5355757059800664,0.6278469803772752,0.0095,-0.00025078903654485174,-0.00014704472768745092,0.0,conditional
46,conditional_XMV_06,24,20,0.8466965556144714,0.9717861295681064,0.9854297285782072,0.01075,1.0,14.65,6,0.9718053571428572,0.9854357087539476,0.011,1.9227574750813048e-05,5.980175740383231e-06,-0.0002500000000000002,conditional
46,conditional_XMV_06,25,20,0.8466965556144714,0.8934388081395349,0.9376587733827504,0.0075,1.0,31.2,6,0.8932264742524917,0.9375149328330558,0.00775,-0.00021233388704322564,-0.00014384054969462934,-0.0002500000000000002,conditional
46,conditional_XMV_06,26,20,0.8466965556144714,0.9240109219269104,0.959192674196815,0.00975,1.0,29.75,6,0.9239101951827242,0.959121884148731,0.01025,-0.00010072674418615257,-7.079004808396849e-05,-0.0005000000000000004,conditional
46,conditional_XMV_06,27,20,0.8466965556144714,0.8755251661129568,0.92313318174375,0.0105,1.0,15.85,6,0.8750355689368771,0.9227458907556544,0.01,-0.0004895971760797702,-0.00038729098809564544,0.0005000000000000004,conditional
46,conditional_XMV_06,28,20,0.8466965556144714,0.5560899086378738,0.6606430100198618,0.00925,0.0,302.0,6,0.5562675249169435,0.6607830869573832,0.009,0.00017761627906975885,0.00014007693752138284,0.0002500000000000002,conditional
46,conditional_XMV_07,1,20,0.8463332653045654,0.9952212209302326,0.997605957134631,0.00925,1.0,4.05,7,0.9952463870431894,0.9976134653165624,0.00975,2.5166112956775955e-05,7.50818193140379e-06,-0.0005000000000000004,conditional
46,conditional_XMV_07,2,20,0.8463332653045654,0.9904595930232558,0.995116743689823,0.00925,1.0,10.2,7,0.9905171511627908,0.9951476925018228,0.0095,5.755813953500777e-05,3.094881199983135e-05,-0.0002500000000000002,conditional
46,conditional_XMV_07,3,20,0.8463332653045654,0.5458109011627907,0.6360199338138798,0.00925,0.0,302.0,7,0.5452817898671096,0.6354919040269659,0.00975,-0.0005291112956811173,-0.0005280297869139083,-0.0005000000000000004,conditional
46,conditional_XMV_07,4,20,0.8463332653045654,0.97678905730897,0.9838556480982146,0.0105,1.0,2.0,7,0.9766724252491694,0.9837427305784876,0.0105,-0.00011663205980061431,-0.00011291751972697384,0.0,conditional
46,conditional_XMV_07,5,20,0.8463332653045654,0.5012099044850499,0.6064928833347698,0.00975,0.0,302.0,7,0.5011724044850498,0.6062131167695718,0.01,-3.7500000000023626e-05,-0.00027976656519801413,-0.0002500000000000002,conditional
46,conditional_XMV_07,6,20,0.8463332653045654,0.998002657807309,0.9990619267076752,0.00875,1.0,1.0,7,0.997984634551495,0.9990578482963844,0.00925,-1.802325581401476e-05,-4.078411290797668e-06,-0.0004999999999999987,conditional
46,conditional_XMV_07,7,20,0.8463332653045654,0.996677450166113,0.998386835583118,0.011,1.0,2.0,7,0.996690365448505,0.9983899315191876,0.01175,1.2915282392000904e-05,3.0959360696192206e-06,-0.0007500000000000007,conditional
46,conditional_XMV_07,8,20,0.8463332653045654,0.9695650747508304,0.9850721459310467,0.00975,1.0,23.15,7,0.9695984634551496,0.9850933078899736,0.0095,3.3388704319126106e-05,2.1161958926874114e-05,0.0002500000000000002,conditional
46,conditional_XMV_07,9,20,0.8463332653045654,0.5433319975083056,0.6377268983063269,0.0135,0.0,302.0,7,0.5435752491694352,0.6383396334346886,0.01275,0.0002432516611295954,0.0006127351283616855,0.0007500000000000007,conditional
46,conditional_XMV_07,10,20,0.8463332653045654,0.9236411337209304,0.9598948462668484,0.0115,1.0,41.75,7,0.923210568936877,0.9596207570658852,0.01125,-0.0004305647840533444,-0.0002740892009631679,0.0002500000000000002,conditional
46,conditional_XMV_07,11,20,0.8463332653045654,0.9826114202657809,0.9909425086244787,0.00825,1.0,8.35,7,0.9824344061461794,0.9908795838918288,0.00825,-0.00017701411960147073,-6.292473264990495e-05,0.0,conditional
46,conditional_XMV_07,12,20,0.8463332653045654,0.8028626245847176,0.8798637303029679,0.00975,1.0,25.95,7,0.8029352159468438,0.8800314933533525,0.01125,7.259136212622863e-05,0.00016776305038457284,-0.0014999999999999996,conditional
46,conditional_XMV_07,13,20,0.8463332653045654,0.9478066237541528,0.9746609274851996,0.01175,1.0,33.6,7,0.9477892857142856,0.9746389297372916,0.01125,-1.7338039867254018e-05,-2.1997747908009124e-05,0.0005000000000000004,conditional
46,conditional_XMV_07,14,20,0.8463332653045654,0.9956474252491694,0.9978441636608149,0.00925,1.0,3.85,7,0.9956656976744186,0.997849755012782,0.0095,1.8272425249210578e-05,5.591351967093594e-06,-0.0002500000000000002,conditional
46,conditional_XMV_07,15,20,0.8463332653045654,0.51236353820598,0.6158949226919667,0.01225,0.0,302.0,7,0.5122161337209302,0.6159625027773169,0.01175,-0.00014740448504979575,6.75800853502384e-05,0.0005000000000000004,conditional
46,conditional_XMV_07,16,20,0.8463332653045654,0.5137717607973422,0.6141429163231474,0.01,0.0,302.0,7,0.5141187084717608,0.6140962232550335,0.00975,0.0003469476744185629,-4.669306811388996e-05,0.0002500000000000002,conditional
46,conditional_XMV_07,17,20,0.8463332653045654,0.9527711171096346,0.9772364464882513,0.00775,1.0,30.8,7,0.9526912375415284,0.9772149537686164,0.008,-7.987956810617813e-05,-2.1492719634808033e-05,-0.0002500000000000002,conditional
46,conditional_XMV_07,18,20,0.8463332653045654,0.8861534260797342,0.9381819120164432,0.01125,1.0,62.25,7,0.8856800041528239,0.9379143755589736,0.01075,-0.00047342192691035567,-0.0002675364574695749,0.0005000000000000004,conditional
46,conditional_XMV_07,19,20,0.8463332653045654,0.9417647425249168,0.9683593912932578,0.01075,1.0,31.65,7,0.9542154900332226,0.9755953682323236,0.00975,0.01245074750830577,0.007235976939065858,0.0009999999999999992,conditional
46,conditional_XMV_07,20,20,0.8463332653045654,0.9394382059800664,0.9702394189166345,0.00925,1.0,40.7,7,0.9394400332225914,0.9702826747183746,0.009,1.8272425249543645e-06,4.3255801740138544e-05,0.0002500000000000002,conditional
46,conditional_XMV_07,21,20,0.8463332653045654,0.4985878737541528,0.5976559276239786,0.0105,0.0,302.0,7,0.4984669850498339,0.5975427313288815,0.01025,-0.00012088870431892218,-0.0001131962950970955,0.0002500000000000002,conditional
46,conditional_XMV_07,22,20,0.8463332653045654,0.5672944767441861,0.655430053884274,0.0105,0.0,302.0,7,0.5675300664451828,0.656049473409075,0.01075,0.00023558970099668564,0.0006194195248010459,-0.0002499999999999985,conditional
46,conditional_XMV_07,23,20,0.8463332653045654,0.5360461378737541,0.6285708852339595,0.0095,0.0,302.0,7,0.5355757059800664,0.6278469803772752,0.0095,-0.0004704318936876728,-0.0007239048566843875,0.0,conditional
46,conditional_XMV_07,24,20,0.8463332653045654,0.9714627906976744,0.9852457647265026,0.0105,1.0,14.95,7,0.9718053571428572,0.9854357087539476,0.011,0.00034256644518282364,0.00018994402744498817,-0.0004999999999999987,conditional
46,conditional_XMV_07,25,20,0.8463332653045654,0.8916643272425249,0.9365283265869364,0.00775,1.0,31.3,7,0.8932264742524917,0.9375149328330558,0.00775,0.0015621470099668189,0.000986606246119348,0.0,conditional
46,conditional_XMV_07,26,20,0.8463332653045654,0.923580627076412,0.9589702286950624,0.0105,1.0,29.7,7,0.9239101951827242,0.959121884148731,0.01025,0.0003295681063122391,0.00015165545366857547,0.0002500000000000002,conditional
46,conditional_XMV_07,27,20,0.8463332653045654,0.8763889327242524,0.9237355752242904,0.00975,1.0,16.15,7,0.8750355689368771,0.9227458907556544,0.01,-0.0013533637873753834,-0.0009896844686360096,-0.0002500000000000002,conditional
46,conditional_XMV_07,28,20,0.8463332653045654,0.5566234634551495,0.6605257969790812,0.00975,0.0,302.0,7,0.5562675249169435,0.6607830869573832,0.009,-0.00035593853820592436,0.00025728997830198885,0.0007500000000000007,conditional
46,conditional_XMV_08,1,20,0.8469963073730469,0.995335672757475,0.9976590916682088,0.01025,1.0,4.2,8,0.9952463870431894,0.9976134653165624,0.00975,-8.928571428568066e-05,-4.56263516463995e-05,0.0005000000000000004,conditional
46,conditional_XMV_08,2,20,0.8469963073730469,0.9904767857142858,0.9951206024347312,0.0085,1.0,10.2,8,0.9905171511627908,0.9951476925018228,0.0095,4.036544850505308e-05,2.709006709156192e-05,-0.0009999999999999992,conditional
46,conditional_XMV_08,3,20,0.8469963073730469,0.5453898463455149,0.6359840476713761,0.0095,0.0,302.0,8,0.5452817898671096,0.6354919040269659,0.00975,-0.00010805647840528287,-0.0004921436444101923,-0.0002500000000000002,conditional
46,conditional_XMV_08,4,20,0.8469963073730469,0.9768812915282392,0.983844877930128,0.01025,1.0,2.0,8,0.9766724252491694,0.9837427305784876,0.0105,-0.00020886627906979705,-0.00010214735164038036,-0.0002500000000000002,conditional
46,conditional_XMV_08,5,20,0.8469963073730469,0.5008634343853821,0.6059519476677467,0.011,0.0,302.0,8,0.5011724044850498,0.6062131167695718,0.01,0.00030897009966779354,0.00026116910182505393,0.0009999999999999992,conditional
46,conditional_XMV_08,6,20,0.8469963073730469,0.9979833887043188,0.9990565391144636,0.009,1.0,1.0,8,0.997984634551495,0.9990578482963844,0.00925,1.2458471762011314e-06,1.309181920872149e-06,-0.0002500000000000002,conditional
46,conditional_XMV_08,7,20,0.8469963073730469,0.996677657807309,0.9983848237478384,0.0115,1.0,2.0,8,0.996690365448505,0.9983899315191876,0.01175,1.2707641195985886e-05,5.107771349210921e-06,-0.0002500000000000002,conditional
46,conditional_XMV_08,8,20,0.8469963073730469,0.969498131229236,0.9850277145563544,0.009,1.0,23.2,8,0.9695984634551496,0.9850933078899736,0.0095,0.0001003322259135464,6.559333361921826e-05,-0.0005000000000000004,conditional
46,conditional_XMV_08,9,20,0.8469963073730469,0.5439339700996678,0.6381214562737658,0.01225,0.0,302.0,8,0.5435752491694352,0.6383396334346886,0.01275,-0.0003587209302325922,0.00021817716092276118,-0.0004999999999999987,conditional
46,conditional_XMV_08,10,20,0.8469963073730469,0.9230942483388704,0.9594893342280806,0.01125,1.0,41.7,8,0.923210568936877,0.9596207570658852,0.01125,0.00011632059800659178,0.00013142283780465114,0.0,conditional
46,conditional_XMV_08,11,20,0.8469963073730469,0.9823989202657808,0.9908540038829862,0.00825,1.0,8.35,8,0.9824344061461794,0.9908795838918288,0.00825,3.548588039858913e-05,2.5580008842673863e-05,0.0,conditional
46,conditional_XMV_08,12,20,0.8469963073730469,0.8033835548172757,0.880295971765102,0.011,1.0,26.05,8,0.8029352159468438,0.8800314933533525,0.01125,-0.0004483388704319413,-0.0002644784117494803,-0.0002500000000000002,conditional
46,conditional_XMV_08,13,20,0.8469963073730469,0.9477566029900332,0.9746187790417644,0.01125,1.0,33.6,8,0.9477892857142856,0.9746389297372916,0.01125,3.2682724252386386e-05,2.0150695527187956e-05,0.0,conditional
46,conditional_XMV_08,14,20,0.8469963073730469,0.9956877491694353,0.9978565687373712,0.00975,1.0,3.75,8,0.9956656976744186,0.997849755012782,0.0095,-2.2051495016661704e-05,-6.813724589216363e-06,0.0002500000000000002,conditional
46,conditional_XMV_08,15,20,0.8469963073730469,0.5125001453488373,0.6165993788503886,0.01125,0.0,302.0,8,0.5122161337209302,0.6159625027773169,0.01175,-0.0002840116279070326,-0.0006368760730717238,-0.0005000000000000004,conditional
46,conditional_XMV_08,16,20,0.8469963073730469,0.5143295058139535,0.6138023239026636,0.00925,0.0,302.0,8,0.5141187084717608,0.6140962232550335,0.00975,-0.00021079734219275892,0.0002938993523698974,-0.0005000000000000004,conditional
46,conditional_XMV_08,17,20,0.8469963073730469,0.9527373754152824,0.9772198151201954,0.008,1.0,30.75,8,0.9526912375415284,0.9772149537686164,0.008,-4.6137873753959724e-05,-4.861351578955286e-06,0.0,conditional
46,conditional_XMV_08,18,20,0.8469963073730469,0.8858349875415282,0.9379876929379618,0.0105,1.0,62.25,8,0.8856800041528239,0.9379143755589736,0.01075,-0.00015498338870434392,-7.331737898819135e-05,-0.0002499999999999985,conditional
46,conditional_XMV_08,19,20,0.8469963073730469,0.9259944559800664,0.958754333315648,0.01,1.0,31.6,8,0.9542154900332226,0.9755953682323236,0.00975,0.028221034053156235,0.016841034916675657,0.0002500000000000002,conditional
46,conditional_XMV_08,20,20,0.8469963073730469,0.9395093023255814,0.9702884830371886,0.00925,1.0,40.7,8,0.9394400332225914,0.9702826747183746,0.009,-6.926910298998834e-05,-5.808318814026769e-06,0.0002500000000000002,conditional
46,conditional_XMV_08,21,20,0.8469963073730469,0.4984662583056478,0.5973878199346239,0.01075,0.0,302.0,8,0.4984669850498339,0.5975427313288815,0.01025,7.267441861080748e-07,0.00015491139425760636,0.0004999999999999987,conditional
46,conditional_XMV_08,22,20,0.8469963073730469,0.5673427533222591,0.6554841478358483,0.011,0.0,302.0,8,0.5675300664451828,0.656049473409075,0.01075,0.000187313122923638,0.0005653255732267493,0.0002500000000000002,conditional
46,conditional_XMV_08,23,20,0.8469963073730469,0.5356265365448505,0.6280041008101038,0.00975,0.0,302.0,8,0.5355757059800664,0.6278469803772752,0.0095,-5.0830564784054566e-05,-0.00015712043282867239,0.0002500000000000002,conditional
46,conditional_XMV_08,24,20,0.8469963073730469,0.9716546096345516,0.9853641127176128,0.01075,1.0,14.9,8,0.9718053571428572,0.9854357087539476,0.011,0.00015074750830557093,7.159603633477563e-05,-0.0002500000000000002,conditional
46,conditional_XMV_08,25,20,0.8469963073730469,0.8919649294019933,0.9367357553732966,0.0075,1.0,30.0,8,0.8932264742524917,0.9375149328330558,0.00775,0.0012615448504983418,0.000779177459759195,-0.0002500000000000002,conditional
46,conditional_XMV_08,26,20,0.8469963073730469,0.923753758305648,0.9590650983998988,0.0105,1.0,29.75,8,0.9239101951827242,0.959121884148731,0.01025,0.000156436877076227,5.678574883216658e-05,0.0002500000000000002,conditional
46,conditional_XMV_08,27,20,0.8469963073730469,0.8748701411960133,0.9227021880761336,0.00925,1.0,16.1,8,0.8750355689368771,0.9227458907556544,0.01,0.0001654277408638105,4.370267952080731e-05,-0.0007500000000000007,conditional
46,conditional_XMV_08,28,20,0.8469963073730469,0.5578758305647841,0.6615415799470339,0.009,0.0,302.0,8,0.5562675249169435,0.6607830869573832,0.009,-0.0016083056478405355,-0.0007584929896506942,0.0,conditional
46,conditional_XMV_09,1,20,0.8465240597724915,0.9952463870431894,0.9976134653165624,0.00975,1.0,4.05,9,0.9952463870431894,0.9976134653165624,0.00975,0.0,0.0,0.0,conditional
46,conditional_XMV_09,2,20,0.8465240597724915,0.9905171511627908,0.9951476925018228,0.0095,1.0,10.2,9,0.9905171511627908,0.9951476925018228,0.0095,0.0,0.0,0.0,conditional
46,conditional_XMV_09,3,20,0.8465240597724915,0.5452817898671096,0.6354919040269659,0.00975,0.0,302.0,9,0.5452817898671096,0.6354919040269659,0.00975,0.0,0.0,0.0,conditional
46,conditional_XMV_09,4,20,0.8465240597724915,0.9766724252491694,0.9837427305784876,0.0105,1.0,2.0,9,0.9766724252491694,0.9837427305784876,0.0105,0.0,0.0,0.0,conditional
46,conditional_XMV_09,5,20,0.8465240597724915,0.5011724044850498,0.6062131167695718,0.01,0.0,302.0,9,0.5011724044850498,0.6062131167695718,0.01,0.0,0.0,0.0,conditional
46,conditional_XMV_09,6,20,0.8465240597724915,0.997984634551495,0.9990578482963844,0.00925,1.0,1.0,9,0.997984634551495,0.9990578482963844,0.00925,0.0,0.0,0.0,conditional
46,conditional_XMV_09,7,20,0.8465240597724915,0.996690365448505,0.9983899315191876,0.01175,1.0,2.0,9,0.996690365448505,0.9983899315191876,0.01175,0.0,0.0,0.0,conditional
46,conditional_XMV_09,8,20,0.8465240597724915,0.9695984634551496,0.9850933078899736,0.0095,1.0,22.85,9,0.9695984634551496,0.9850933078899736,0.0095,0.0,0.0,0.0,conditional
46,conditional_XMV_09,9,20,0.8465240597724915,0.5435752491694352,0.6383396334346886,0.01275,0.0,302.0,9,0.5435752491694352,0.6383396334346886,0.01275,0.0,0.0,0.0,conditional
46,conditional_XMV_09,10,20,0.8465240597724915,0.923210568936877,0.9596207570658852,0.01125,1.0,41.65,9,0.923210568936877,0.9596207570658852,0.01125,0.0,0.0,0.0,conditional
46,conditional_XMV_09,11,20,0.8465240597724915,0.9824344061461794,0.9908795838918288,0.00825,1.0,8.35,9,0.9824344061461794,0.9908795838918288,0.00825,0.0,0.0,0.0,conditional
46,conditional_XMV_09,12,20,0.8465240597724915,0.8029352159468438,0.8800314933533525,0.01125,1.0,25.2,9,0.8029352159468438,0.8800314933533525,0.01125,0.0,0.0,0.0,conditional
46,conditional_XMV_09,13,20,0.8465240597724915,0.9477892857142856,0.9746389297372916,0.01125,1.0,33.7,9,0.9477892857142856,0.9746389297372916,0.01125,0.0,0.0,0.0,conditional
46,conditional_XMV_09,14,20,0.8465240597724915,0.9956656976744186,0.997849755012782,0.0095,1.0,3.75,9,0.9956656976744186,0.997849755012782,0.0095,0.0,0.0,0.0,conditional
46,conditional_XMV_09,15,20,0.8465240597724915,0.5122161337209302,0.6159625027773169,0.01175,0.0,302.0,9,0.5122161337209302,0.6159625027773169,0.01175,0.0,0.0,0.0,conditional
46,conditional_XMV_09,16,20,0.8465240597724915,0.5141187084717608,0.6140962232550335,0.00975,0.0,302.0,9,0.5141187084717608,0.6140962232550335,0.00975,0.0,0.0,0.0,conditional
46,conditional_XMV_09,17,20,0.8465240597724915,0.9526912375415284,0.9772149537686164,0.008,1.0,30.75,9,0.9526912375415284,0.9772149537686164,0.008,0.0,0.0,0.0,conditional
46,conditional_XMV_09,18,20,0.8465240597724915,0.8856800041528239,0.9379143755589736,0.01075,1.0,62.25,9,0.8856800041528239,0.9379143755589736,0.01075,0.0,0.0,0.0,conditional
46,conditional_XMV_09,19,20,0.8465240597724915,0.9542154900332226,0.9755953682323236,0.00975,1.0,27.7,9,0.9542154900332226,0.9755953682323236,0.00975,0.0,0.0,0.0,conditional
46,conditional_XMV_09,20,20,0.8465240597724915,0.9394400332225914,0.9702826747183746,0.009,1.0,40.7,9,0.9394400332225914,0.9702826747183746,0.009,0.0,0.0,0.0,conditional
46,conditional_XMV_09,21,20,0.8465240597724915,0.4984669850498339,0.5975427313288815,0.01025,0.0,302.0,9,0.4984669850498339,0.5975427313288815,0.01025,0.0,0.0,0.0,conditional
46,conditional_XMV_09,22,20,0.8465240597724915,0.5675300664451828,0.656049473409075,0.01075,0.0,302.0,9,0.5675300664451828,0.656049473409075,0.01075,0.0,0.0,0.0,conditional
46,conditional_XMV_09,23,20,0.8465240597724915,0.5355757059800664,0.6278469803772752,0.0095,0.0,302.0,9,0.5355757059800664,0.6278469803772752,0.0095,0.0,0.0,0.0,conditional
46,conditional_XMV_09,24,20,0.8465240597724915,0.9718053571428572,0.9854357087539476,0.011,1.0,14.95,9,0.9718053571428572,0.9854357087539476,0.011,0.0,0.0,0.0,conditional
46,conditional_XMV_09,25,20,0.8465240597724915,0.8932264742524917,0.9375149328330558,0.00775,1.0,31.2,9,0.8932264742524917,0.9375149328330558,0.00775,0.0,0.0,0.0,conditional
46,conditional_XMV_09,26,20,0.8465240597724915,0.9239101951827242,0.959121884148731,0.01025,1.0,29.75,9,0.9239101951827242,0.959121884148731,0.01025,0.0,0.0,0.0,conditional
46,conditional_XMV_09,27,20,0.8465240597724915,0.8750355689368771,0.9227458907556544,0.01,1.0,16.1,9,0.8750355689368771,0.9227458907556544,0.01,0.0,0.0,0.0,conditional
46,conditional_XMV_09,28,20,0.8465240597724915,0.5562675249169435,0.6607830869573832,0.009,0.0,302.0,9,0.5562675249169435,0.6607830869573832,0.009,0.0,0.0,0.0,conditional
46,conditional_XMV_10,1,20,0.8470283150672913,0.9952943936877076,0.9976327748473324,0.00925,1.0,4.05,10,0.9952463870431894,0.9976134653165624,0.00975,-4.800664451820591e-05,-1.930953077000641e-05,-0.0005000000000000004,conditional
46,conditional_XMV_10,2,20,0.8470283150672913,0.9904889742524916,0.9951308143242704,0.0095,1.0,10.3,10,0.9905171511627908,0.9951476925018228,0.0095,2.8176910299215763e-05,1.6878177552359652e-05,0.0,conditional
46,conditional_XMV_10,3,20,0.8470283150672913,0.5443857765780731,0.6342852510811349,0.0095,0.0,302.0,10,0.5452817898671096,0.6354919040269659,0.00975,0.0008960132890365458,0.0012066529458309994,-0.0002500000000000002,conditional
46,conditional_XMV_10,4,20,0.8470283150672913,0.5194134551495017,0.6292596086868493,0.01175,1.0,2.0,10,0.9766724252491694,0.9837427305784876,0.0105,0.45725897009966776,0.35448312189163833,0.0012499999999999994,conditional
46,conditional_XMV_10,5,20,0.8470283150672913,0.501206353820598,0.606394904296757,0.01025,0.0,302.0,10,0.5011724044850498,0.6062131167695718,0.01,-3.3949335548122406e-05,-0.00018178752718522873,0.0002500000000000002,conditional
46,conditional_XMV_10,6,20,0.8470283150672913,0.9980275332225914,0.9990775103138376,0.009,1.0,1.0,10,0.997984634551495,0.9990578482963844,0.00925,-4.28986710964141e-05,-1.9662017453181413e-05,-0.0002500000000000002,conditional
46,conditional_XMV_10,7,20,0.8470283150672913,0.9966732142857144,0.9983845177747934,0.0105,1.0,2.0,10,0.996690365448505,0.9983899315191876,0.01175,1.7151162790551844e-05,5.413744394222597e-06,-0.0012499999999999994,conditional
46,conditional_XMV_10,8,20,0.8470283150672913,0.9696075166112956,0.985096193029847,0.0095,1.0,22.95,10,0.9695984634551496,0.9850933078899736,0.0095,-9.053156146077157e-06,-2.8851398733431566e-06,0.0,conditional
46,conditional_XMV_10,9,20,0.8470283150672913,0.5438442275747508,0.637650448213382,0.01275,0.0,302.0,10,0.5435752491694352,0.6383396334346886,0.01275,-0.0002689784053155897,0.0006891852213065652,0.0,conditional
46,conditional_XMV_10,10,20,0.8470283150672913,0.922952284053156,0.9594405372673094,0.0115,1.0,41.75,10,0.923210568936877,0.9596207570658852,0.01125,0.0002582848837210383,0.00018021979857585357,0.0002500000000000002,conditional
46,conditional_XMV_10,11,20,0.8470283150672913,0.9593854651162792,0.977929068261237,0.00825,1.0,8.7,10,0.9824344061461794,0.9908795838918288,0.00825,0.023048941029900183,0.012950515630591797,0.0,conditional
46,conditional_XMV_10,12,20,0.8470283150672913,0.802297653654485,0.8794284264563351,0.0115,1.0,26.25,10,0.8029352159468438,0.8800314933533525,0.01125,0.0006375622923587843,0.0006030668970173902,0.0002500000000000002,conditional
46,conditional_XMV_10,13,20,0.8470283150672913,0.9476098421926912,0.9745495377962404,0.012,1.0,33.6,10,0.9477892857142856,0.9746389297372916,0.01125,0.00017944352159438015,8.939194105117565e-05,0.0007500000000000007,conditional
46,conditional_XMV_10,14,20,0.8470283150672913,0.9955150747508306,0.9977700968739768,0.00925,1.0,4.05,10,0.9956656976744186,0.997849755012782,0.0095,0.00015062292358802853,7.965813880517203e-05,-0.0002500000000000002,conditional
46,conditional_XMV_10,15,20,0.8470283150672913,0.5123788205980067,0.615740056022309,0.01175,0.0,302.0,10,0.5122161337209302,0.6159625027773169,0.01175,-0.00016268687707643448,0.00022244675500793232,0.0,conditional
46,conditional_XMV_10,16,20,0.8470283150672913,0.5138319975083057,0.6134630497540371,0.0095,0.0,302.0,10,0.5141187084717608,0.6140962232550335,0.00975,0.0002867109634551168,0.0006331735009964534,-0.0002500000000000002,conditional
46,conditional_XMV_10,17,20,0.8470283150672913,0.9526450166112956,0.9772029547469414,0.0085,1.0,30.75,10,0.9526912375415284,0.9772149537686164,0.008,4.622093023276541e-05,1.1999021675035415e-05,0.0005000000000000004,conditional
46,conditional_XMV_10,18,20,0.8470283150672913,0.8859837624584718,0.9380832151751244,0.01025,1.0,62.3,10,0.8856800041528239,0.9379143755589736,0.01075,-0.0003037583056478832,-0.00016883961615077325,-0.0004999999999999987,conditional
46,conditional_XMV_10,19,20,0.8470283150672913,0.9546751661129568,0.9758051140052656,0.01,1.0,27.55,10,0.9542154900332226,0.9755953682323236,0.00975,-0.0004596760797341837,-0.0002097457729419716,0.0002500000000000002,conditional
46,conditional_XMV_10,20,20,0.8470283150672913,0.9395201411960132,0.9703131471867776,0.01,1.0,40.7,10,0.9394400332225914,0.9702826747183746,0.009,-8.010797342183906e-05,-3.0472468403042186e-05,0.0010000000000000009,conditional
46,conditional_XMV_10,21,20,0.8470283150672913,0.4975199958471761,0.5968564986081851,0.01025,0.0,302.0,10,0.4984669850498339,0.5975427313288815,0.01025,0.0009469892026577886,0.0006862327206963448,0.0,conditional
46,conditional_XMV_10,22,20,0.8470283150672913,0.5662926287375415,0.6550653334844728,0.01,0.0,302.0,10,0.5675300664451828,0.656049473409075,0.01075,0.0012374377076412868,0.000984139924602223,-0.0007499999999999989,conditional
46,conditional_XMV_10,23,20,0.8470283150672913,0.5359093853820598,0.6287488657247147,0.009,0.0,302.0,10,0.5355757059800664,0.6278469803772752,0.0095,-0.00033367940199335866,-0.0009018853474395128,-0.0005000000000000004,conditional
46,conditional_XMV_10,24,20,0.8470283150672913,0.97160469269103,0.9853143153275516,0.01025,1.0,14.8,10,0.9718053571428572,0.9854357087539476,0.011,0.00020066445182720383,0.00012139342639594375,-0.0007499999999999989,conditional
46,conditional_XMV_10,25,20,0.8470283150672913,0.8923924626245847,0.9370687034956716,0.00775,1.0,31.2,10,0.8932264742524917,0.9375149328330558,0.00775,0.000834011627906972,0.00044622933738414083,0.0,conditional
46,conditional_XMV_10,26,20,0.8470283150672913,0.9227802740863787,0.9585263964249242,0.011,1.0,29.7,10,0.9239101951827242,0.959121884148731,0.01025,0.0011299210963454653,0.0005954877238067979,0.0007499999999999989,conditional
46,conditional_XMV_10,27,20,0.8470283150672913,0.8140871885382059,0.88361207407533,0.0095,1.0,22.6,10,0.8750355689368771,0.9227458907556544,0.01,0.06094838039867112,0.03913381668032434,-0.0005000000000000004,conditional
46,conditional_XMV_10,28,20,0.8470283150672913,0.557214846345515,0.6615734169563883,0.008,0.0,302.0,10,0.5562675249169435,0.6607830869573832,0.009,-0.0009473214285714571,-0.0007903299990050794,-0.0009999999999999992,conditional
46,conditional_XMV_11,1,20,0.8471517562866211,0.995314784053156,0.997647920644567,0.01,1.0,4.05,11,0.9952463870431894,0.9976134653165624,0.00975,-6.839700996663645e-05,-3.445532800461226e-05,0.0002500000000000002,conditional
46,conditional_XMV_11,2,20,0.8471517562866211,0.9905879983388703,0.99517652322455,0.009,1.0,10.2,11,0.9905171511627908,0.9951476925018228,0.0095,-7.084717607952484e-05,-2.8830722727191116e-05,-0.0005000000000000004,conditional
46,conditional_XMV_11,3,20,0.8471517562866211,0.5458256852159469,0.6352559498506274,0.009,0.0,302.0,11,0.5452817898671096,0.6354919040269659,0.00975,-0.0005438953488372533,0.00023595417633848204,-0.0007500000000000007,conditional
46,conditional_XMV_11,4,20,0.8471517562866211,0.9768697674418604,0.9838046363661188,0.0105,1.0,2.0,11,0.9766724252491694,0.9837427305784876,0.0105,-0.00019734219269096354,-6.190578763121124e-05,0.0,conditional
46,conditional_XMV_11,5,20,0.8471517562866211,0.500134426910299,0.6060571774159035,0.01075,0.0,302.0,11,0.5011724044850498,0.6062131167695718,0.01,0.0010379775747508813,0.0001559393536683107,0.0007499999999999989,conditional
46,conditional_XMV_11,6,20,0.8471517562866211,0.9979742940199336,0.9990540478385808,0.00825,1.0,1.0,11,0.997984634551495,0.9990578482963844,0.00925,1.0340531561348065e-05,3.8004578036821e-06,-0.0009999999999999992,conditional
46,conditional_XMV_11,7,20,0.8471517562866211,0.9966764119601328,0.9983869616885336,0.01175,1.0,2.0,11,0.996690365448505,0.9983899315191876,0.01175,1.3953488372187017e-05,2.9698306540648645e-06,0.0,conditional
46,conditional_XMV_11,8,20,0.8471517562866211,0.9696805024916944,0.9851146038496824,0.01,1.0,22.95,11,0.9695984634551496,0.9850933078899736,0.0095,-8.203903654480094e-05,-2.129595970878917e-05,0.0005000000000000004,conditional
46,conditional_XMV_11,9,20,0.8471517562866211,0.5437352367109635,0.6388300607814855,0.0125,0.0,302.0,11,0.5435752491694352,0.6383396334346886,0.01275,-0.00015998754152823924,-0.00049042734679694,-0.0002499999999999985,conditional
46,conditional_XMV_11,10,20,0.8471517562866211,0.9232098629568106,0.959605154962108,0.01175,1.0,41.35,11,0.923210568936877,0.9596207570658852,0.01125,7.059800664066529e-07,1.5602103777268006e-05,0.0005000000000000004,conditional
46,conditional_XMV_11,11,20,0.8471517562866211,0.9824292774086378,0.9908761933085752,0.008,1.0,8.35,11,0.9824344061461794,0.9908795838918288,0.00825,5.128737541548745e-06,3.3905832536040847e-06,-0.0002500000000000002,conditional
46,conditional_XMV_11,12,20,0.8471517562866211,0.8030911752491694,0.8801173936602715,0.0105,1.0,25.2,11,0.8029352159468438,0.8800314933533525,0.01125,-0.0001559593023255923,-8.590030691901784e-05,-0.0007499999999999989,conditional
46,conditional_XMV_11,13,20,0.8471517562866211,0.9477192068106312,0.9746095921684882,0.01175,1.0,33.6,11,0.9477892857142856,0.9746389297372916,0.01125,7.00789036544025e-05,2.933756880341143e-05,0.0005000000000000004,conditional
46,conditional_XMV_11,14,20,0.8471517562866211,0.9956394102990032,0.9978410601848816,0.01,1.0,3.75,11,0.9956656976744186,0.997849755012782,0.0095,2.628737541543469e-05,8.694827900335156e-06,0.0005000000000000004,conditional
46,conditional_XMV_11,15,20,0.8471517562866211,0.5129805440199335,0.6164816892316078,0.0125,0.0,302.0,11,0.5122161337209302,0.6159625027773169,0.01175,-0.0007644102990033153,-0.000519186454290943,0.0007500000000000007,conditional
46,conditional_XMV_11,16,20,0.8471517562866211,0.5140123546511628,0.6139093707168289,0.00925,0.0,302.0,11,0.5141187084717608,0.6140962232550335,0.00975,0.00010635382059798193,0.00018685253820460712,-0.0005000000000000004,conditional
46,conditional_XMV_11,17,20,0.8471517562866211,0.9528125830564784,0.9772473871258316,0.00775,1.0,30.75,11,0.9526912375415284,0.9772149537686164,0.008,-0.00012134551495002199,-3.243335721514473e-05,-0.0002500000000000002,conditional
46,conditional_XMV_11,18,20,0.8471517562866211,0.8861649294019933,0.9382165334400902,0.009,1.0,62.45,11,0.8856800041528239,0.9379143755589736,0.01075,-0.00048492524916943225,-0.0003021578811165382,-0.0017499999999999998,conditional
46,conditional_XMV_11,19,20,0.8471517562866211,0.9542229443521596,0.9755668225903223,0.009,1.0,27.7,11,0.9542154900332226,0.9755953682323236,0.00975,-7.454318937005766e-06,2.8545642001276406e-05,-0.0007500000000000007,conditional
46,conditional_XMV_11,20,20,0.8471517562866211,0.939506146179402,0.9702962918511636,0.00775,1.0,40.7,11,0.9394400332225914,0.9702826747183746,0.009,-6.611295681058227e-05,-1.3617132789023323e-05,-0.0012499999999999994,conditional
46,conditional_XMV_11,21,20,0.8471517562866211,0.4982778031561461,0.5972226567603368,0.00975,0.0,302.0,11,0.4984669850498339,0.5975427313288815,0.01025,0.00018918189368777316,0.0003200745685446593,-0.0005000000000000004,conditional
46,conditional_XMV_11,22,20,0.8471517562866211,0.566953280730897,0.6548277430781202,0.012,0.0,302.0,11,0.5675300664451828,0.656049473409075,0.01075,0.0005767857142857657,0.001221730330954851,0.0012500000000000011,conditional
46,conditional_XMV_11,23,20,0.8471517562866211,0.5357759136212624,0.6277967652327896,0.01,0.0,302.0,11,0.5355757059800664,0.6278469803772752,0.0095,-0.000200207641195993,5.021514448555475e-05,0.0005000000000000004,conditional
46,conditional_XMV_11,24,20,0.8471517562866211,0.971685008305648,0.9853710579467392,0.01025,1.0,14.9,11,0.9718053571428572,0.9854357087539476,0.011,0.00012034883720923872,6.465080720841065e-05,-0.0007499999999999989,conditional
46,conditional_XMV_11,25,20,0.8471517562866211,0.8921451411960133,0.9368743344150082,0.0075,1.0,29.75,11,0.8932264742524917,0.9375149328330558,0.00775,0.0010813330564783952,0.0006405984180475333,-0.0002500000000000002,conditional
46,conditional_XMV_11,26,20,0.8471517562866211,0.9237102574750832,0.9590744859863366,0.00975,1.0,29.75,11,0.9239101951827242,0.959121884148731,0.01025,0.00019993770764104024,4.739816239440753e-05,-0.0005000000000000004,conditional
46,conditional_XMV_11,27,20,0.8471517562866211,0.8744630191029901,0.9226282189952149,0.00975,1.0,16.05,11,0.8750355689368771,0.9227458907556544,0.01,0.0005725498338869928,0.00011767176043953054,-0.0002500000000000002,conditional
46,conditional_XMV_11,28,20,0.8471517562866211,0.5563897425249169,0.6602192021631521,0.0095,0.0,302.0,11,0.5562675249169435,0.6607830869573832,0.009,-0.0001222176079733739,0.0005638847942310843,0.0005000000000000004,conditional
42,occlude_XMV_01,1,20,0.8641973733901978,0.994854007475083,0.997406690916475,0.00775,1.0,5.0,1,0.9950453488372092,0.9975019488558962,0.00875,0.00019134136212617392,9.525793942111171e-05,-0.0010000000000000009,zero
42,occlude_XMV_01,2,20,0.8641973733901978,0.9889252906976744,0.9943679685176916,0.0105,1.0,13.4,1,0.9897280315614618,0.9947176269467548,0.0095,0.000802740863787399,0.0003496584290632043,0.0010000000000000009,zero
42,occlude_XMV_01,3,20,0.8641973733901978,0.5308792566445183,0.6226691047804906,0.01125,0.0,302.0,1,0.5401351328903654,0.6339151595443463,0.01075,0.009255876245847117,0.01124605476385565,0.0005000000000000004,zero
42,occlude_XMV_01,4,20,0.8641973733901978,0.9409171096345514,0.9574284870948232,0.00875,1.0,2.0,1,0.9623112126245849,0.9731175611431904,0.0115,0.021394102990033415,0.01568907404836717,-0.002749999999999999,zero
42,occlude_XMV_01,5,20,0.8641973733901978,0.4995806063122923,0.6041603621720267,0.00925,0.05,287.0,1,0.501271511627907,0.6062633073090348,0.0115,0.0016909053156146658,0.0021029451370080388,-0.0022500000000000003,zero
42,occlude_XMV_01,6,20,0.8641973733901978,0.9980482558139536,0.9990826119304748,0.01,1.0,1.0,1,0.9979763289036544,0.999053047335399,0.008,-7.192691029922482e-05,-2.956459507574838e-05,0.002,zero
42,occlude_XMV_01,7,20,0.8641973733901978,0.99679426910299,0.998449157288072,0.0075,1.0,2.0,1,0.9967485049833888,0.9984144720614974,0.011,-4.576411960111049e-05,-3.4685226574682204e-05,-0.0034999999999999996,zero
42,occlude_XMV_01,8,20,0.8641973733901978,0.9683202657807308,0.984287614550827,0.0085,1.0,24.0,1,0.9684860880398672,0.9844352303969036,0.0095,0.00016582225913641668,0.0001476158460765875,-0.0009999999999999992,zero
42,occlude_XMV_01,9,20,0.8641973733901978,0.5325132890365448,0.6306689269483239,0.0095,0.0,302.0,1,0.5411786752491694,0.636443170526248,0.012,0.008665386212624582,0.00577424357792411,-0.0025000000000000005,zero
42,occlude_XMV_01,10,20,0.8641973733901978,0.90746615448505,0.9499206777673824,0.01625,1.0,44.0,1,0.9153458679401992,0.9548864845659164,0.01075,0.007879713455149262,0.004965806798533978,0.005500000000000001,zero
42,occlude_XMV_01,11,20,0.8641973733901978,0.968701827242525,0.9828822713565464,0.00775,1.0,8.9,1,0.9713864825581396,0.9844883718970426,0.01075,0.0026846553156146813,0.001606100540496258,-0.002999999999999999,zero
42,occlude_XMV_01,12,20,0.8641973733901978,0.750999584717608,0.8428384932915984,0.0105,1.0,29.2,1,0.7727283430232558,0.8590352291185905,0.01125,0.0217287583056478,0.016196735826992104,-0.0007499999999999989,zero
42,occlude_XMV_01,13,20,0.8641973733901978,0.9468058970099668,0.9741182788499042,0.00775,1.0,34.6,1,0.9480479651162792,0.9747228581028424,0.0105,0.001242068106312444,0.0006045792529382199,-0.0027500000000000007,zero
42,occlude_XMV_01,14,20,0.8641973733901978,0.9935582225913622,0.9965541851260084,0.0115,1.0,4.3,1,0.9943271179401992,0.9970330030988448,0.01175,0.000768895348837062,0.0004788179728364428,-0.0002500000000000002,zero
42,occlude_XMV_01,15,20,0.8641973733901978,0.510771511627907,0.6138766945477416,0.0085,0.0,302.0,1,0.5134059385382059,0.6168732403019865,0.00975,0.002634426910298915,0.002996545754244906,-0.0012499999999999994,zero
42,occlude_XMV_01,16,20,0.8641973733901978,0.5062735465116279,0.604557661656935,0.01275,0.0,302.0,1,0.5082352159468438,0.6079852292590551,0.01025,0.001961669435215918,0.0034275676021200407,0.0024999999999999988,zero
42,occlude_XMV_01,17,20,0.8641973733901978,0.950053903654485,0.9754864543641356,0.01125,1.0,31.4,1,0.9507947051495016,0.9760426805688116,0.0085,0.0007408014950165409,0.0005562262046759914,0.002749999999999999,zero
42,occlude_XMV_01,18,20,0.8641973733901978,0.8669627906976745,0.9263386442970306,0.01125,1.0,64.1,1,0.8746010382059801,0.9312041601317644,0.00975,0.007638247508305662,0.0048655158347338245,0.0014999999999999996,zero
42,occlude_XMV_01,19,20,0.8641973733901978,0.9358279277408638,0.9647098495270834,0.0125,1.0,33.1,1,0.9407816860465116,0.968092005024265,0.01,0.004953758305647815,0.0033821554971815715,0.0025000000000000005,zero
42,occlude_XMV_01,20,20,0.8641973733901978,0.9398370639534884,0.9703034113716504,0.01025,1.0,41.75,1,0.9393603820598008,0.9701203008228004,0.01025,-0.00047668189368765823,-0.00018311054885000733,0.0,zero
42,occlude_XMV_01,21,20,0.8641973733901978,0.5097881436877076,0.6112390957890568,0.006,0.0,302.0,1,0.5010575166112957,0.6005253488590919,0.01075,-0.008730627076411923,-0.010713746929964851,-0.004749999999999999,zero
42,occlude_XMV_01,22,20,0.8641973733901978,0.5506522217607973,0.6476406042297279,0.00975,0.0,302.0,1,0.5580262666112957,0.6488839134900278,0.01375,0.007374044850498418,0.0012433092602999185,-0.004,zero
42,occlude_XMV_01,23,20,0.8641973733901978,0.5286306063122923,0.6236753132022699,0.01075,0.0,302.0,1,0.5385429609634551,0.6322182187672772,0.00925,0.009912354651162802,0.008542905565007364,0.0014999999999999996,zero
42,occlude_XMV_01,24,20,0.8641973733901978,0.8973390780730897,0.9415332947859842,0.011,1.0,23.2,1,0.9685969684385382,0.9836734159911134,0.00975,0.0712578903654485,0.04214012120512911,0.0012499999999999994,zero
42,occlude_XMV_01,25,20,0.8641973733901978,0.8598593438538206,0.9146589298010296,0.00775,1.0,42.9,1,0.870930419435216,0.9224774787576954,0.009,0.011071075581395418,0.007818548956665783,-0.0012499999999999994,zero
42,occlude_XMV_01,26,20,0.8641973733901978,0.9160750415282392,0.9541734157830328,0.0085,1.0,30.35,1,0.9226222799003322,0.958210787147706,0.009,0.006547238372093034,0.004037371364673192,-0.0004999999999999987,zero
42,occlude_XMV_01,27,20,0.8641973733901978,0.7887063122923588,0.8641840513069451,0.01,1.0,28.45,1,0.8054270971760797,0.8766934314632385,0.01,0.016720784883720974,0.012509380156293437,0.0,zero
42,occlude_XMV_01,28,20,0.8641973733901978,0.5443362956810631,0.6465004128987455,0.012,0.0,302.0,1,0.5542116486710963,0.6585390269685509,0.009,0.00987535299003317,0.012038614069805442,0.003000000000000001,zero
42,occlude_XMV_02,1,20,0.8812377452850342,0.9946548172757476,0.9973187014981366,0.01275,1.0,5.1,2,0.9950453488372092,0.9975019488558962,0.00875,0.0003905315614616267,0.0001832473577595417,0.003999999999999998,zero
42,occlude_XMV_02,2,20,0.8812377452850342,0.9890081395348838,0.9943638642587076,0.00875,1.0,13.45,2,0.9897280315614618,0.9947176269467548,0.0095,0.0007198920265780728,0.00035376268804721,-0.0007499999999999989,zero
42,occlude_XMV_02,3,20,0.8812377452850342,0.5366588662790698,0.6310642715935291,0.0105,0.0,302.0,2,0.5401351328903654,0.6339151595443463,0.01075,0.003476266611295631,0.002850887950817227,-0.0002499999999999985,zero
42,occlude_XMV_02,4,20,0.8812377452850342,0.9471332018272424,0.961331057796762,0.0105,1.0,2.0,2,0.9623112126245849,0.9731175611431904,0.0115,0.01517801079734249,0.01178650334642839,-0.0009999999999999992,zero
42,occlude_XMV_02,5,20,0.8812377452850342,0.4980036129568106,0.6027362161717426,0.01075,0.0,302.0,2,0.501271511627907,0.6062633073090348,0.0115,0.0032678986710963365,0.0035270911372922154,-0.0007500000000000007,zero
42,occlude_XMV_02,6,20,0.8812377452850342,0.9980555647840532,0.99908757320134,0.00775,1.0,1.0,2,0.9979763289036544,0.999053047335399,0.008,-7.923588039882024e-05,-3.452586594099305e-05,-0.0002500000000000002,zero
42,occlude_XMV_02,7,20,0.8812377452850342,0.9968272009966778,0.9984450341481784,0.00975,1.0,2.0,2,0.9967485049833888,0.9984144720614974,0.011,-7.869601328891473e-05,-3.056208668106297e-05,-0.0012499999999999994,zero
42,occlude_XMV_02,8,20,0.8812377452850342,0.96800103820598,0.984174392594348,0.0085,1.0,24.2,2,0.9684860880398672,0.9844352303969036,0.0095,0.0004850498338871967,0.0002608378025555913,-0.0009999999999999992,zero
42,occlude_XMV_02,9,20,0.8812377452850342,0.5330455149501662,0.6230101721166941,0.011,0.0,302.0,2,0.5411786752491694,0.636443170526248,0.012,0.00813316029900324,0.01343299840955392,-0.0010000000000000009,zero
42,occlude_XMV_02,10,20,0.8812377452850342,0.9059617317275748,0.9489153869310952,0.0175,1.0,43.0,2,0.9153458679401992,0.9548864845659164,0.01075,0.009384136212624461,0.005971097634821176,0.0067500000000000025,zero
42,occlude_XMV_02,11,20,0.8812377452850342,0.9676333056478406,0.982187294311202,0.009,1.0,10.3,2,0.9713864825581396,0.9844883718970426,0.01075,0.003753176910299083,0.0023010775858406385,-0.0017499999999999998,zero
42,occlude_XMV_02,12,20,0.8812377452850342,0.7482404900332226,0.8403175093081005,0.01125,1.0,30.45,2,0.7727283430232558,0.8590352291185905,0.01125,0.0244878529900332,0.018717719810490085,0.0,zero
42,occlude_XMV_02,13,20,0.8812377452850342,0.9464350913621262,0.9740679834429812,0.0075,1.0,34.25,2,0.9480479651162792,0.9747228581028424,0.0105,0.001612873754152977,0.0006548746598612487,-0.003000000000000001,zero
42,occlude_XMV_02,14,20,0.8812377452850342,0.9931335548172756,0.996254676594315,0.00875,1.0,4.2,2,0.9943271179401992,0.9970330030988448,0.01175,0.0011935631229236243,0.0007783265045298027,-0.002999999999999999,zero
42,occlude_XMV_02,15,20,0.8812377452850342,0.5037233181063123,0.6074936108730755,0.01125,0.0,302.0,2,0.5134059385382059,0.6168732403019865,0.00975,0.009682620431893607,0.009379629428911018,0.0014999999999999996,zero
42,occlude_XMV_02,16,20,0.8812377452850342,0.5049462832225914,0.6069895301704903,0.0105,0.0,302.0,2,0.5082352159468438,0.6079852292590551,0.01025,0.003288932724252458,0.0009956990885647832,0.0002500000000000002,zero
42,occlude_XMV_02,17,20,0.8812377452850342,0.9498857973421928,0.9753648679272297,0.0125,1.0,31.4,2,0.9507947051495016,0.9760426805688116,0.0085,0.0009089078073087897,0.0006778126415819541,0.004,zero
42,occlude_XMV_02,18,20,0.8812377452850342,0.8663133928571428,0.9258684755025663,0.01,1.0,64.8,2,0.8746010382059801,0.9312041601317644,0.00975,0.008287645348837303,0.00533568462919809,0.0002500000000000002,zero
42,occlude_XMV_02,19,20,0.8812377452850342,0.9319590946843854,0.9623872975284056,0.01125,1.0,33.1,2,0.9407816860465116,0.968092005024265,0.01,0.008822591362126153,0.005704707495859385,0.0012499999999999994,zero
42,occlude_XMV_02,20,20,0.8812377452850342,0.9390384551495016,0.9698319297010162,0.00775,1.0,41.75,2,0.9393603820598008,0.9701203008228004,0.01025,0.0003219269102991973,0.00028837112178425883,-0.0025000000000000005,zero
42,occlude_XMV_02,21,20,0.8812377452850342,0.5140902823920266,0.6157274774921809,0.0085,0.0,302.0,2,0.5010575166112957,0.6005253488590919,0.01075,-0.01303276578073087,-0.015202128633089007,-0.0022499999999999985,zero
42,occlude_XMV_02,22,20,0.8812377452850342,0.5539500622923588,0.6430025654350455,0.01175,0.0,302.0,2,0.5580262666112957,0.6488839134900278,0.01375,0.00407620431893696,0.005881348054982305,-0.002,zero
42,occlude_XMV_02,23,20,0.8812377452850342,0.5232267026578074,0.6148517383451477,0.013,0.0,302.0,2,0.5385429609634551,0.6322182187672772,0.00925,0.015316258305647756,0.017366480422129515,0.00375,zero
42,occlude_XMV_02,24,20,0.8812377452850342,0.964018542358804,0.9810574965370394,0.01225,1.0,15.35,2,0.9685969684385382,0.9836734159911134,0.00975,0.0045784260797341325,0.0026159194540739117,0.0025000000000000005,zero
42,occlude_XMV_02,25,20,0.8812377452850342,0.6585954111295681,0.7565289761480355,0.0075,0.55,216.2,2,0.870930419435216,0.9224774787576954,0.009,0.2123350083056479,0.16594850260965988,-0.0014999999999999996,zero
42,occlude_XMV_02,26,20,0.8812377452850342,0.91329792358804,0.9525983376317346,0.009,1.0,29.65,2,0.9226222799003322,0.958210787147706,0.009,0.009324356312292226,0.005612449515971396,0.0,zero
42,occlude_XMV_02,27,20,0.8812377452850342,0.7883375830564784,0.8618894991096387,0.01075,1.0,30.15,2,0.8054270971760797,0.8766934314632385,0.01,0.017089514119601357,0.01480393235359978,0.0007499999999999989,zero
42,occlude_XMV_02,28,20,0.8812377452850342,0.5409630606312292,0.6438199323877277,0.01275,0.0,302.0,2,0.5542116486710963,0.6585390269685509,0.009,0.01324858803986706,0.014719094580823211,0.00375,zero
42,occlude_XMV_03,1,20,0.8465259075164795,0.9949745016611296,0.997472834955313,0.009,1.0,4.55,3,0.9950453488372092,0.9975019488558962,0.00875,7.084717607963587e-05,2.9113900583133123e-05,0.0002499999999999985,zero
42,occlude_XMV_03,2,20,0.8465259075164795,0.9894214700996676,0.994561424847892,0.00925,1.0,12.15,3,0.9897280315614618,0.9947176269467548,0.0095,0.00030656146179419697,0.000156202098862801,-0.0002500000000000002,zero
42,occlude_XMV_03,3,20,0.8465259075164795,0.5375928571428571,0.6317013008975143,0.01075,0.0,302.0,3,0.5401351328903654,0.6339151595443463,0.01075,0.0025422757475083158,0.00221385864683199,0.0,zero
42,occlude_XMV_03,4,20,0.8465259075164795,0.9523243355481728,0.965082704577942,0.01175,1.0,2.0,3,0.9623112126245849,0.9731175611431904,0.0115,0.009986877076412104,0.008034856565248383,0.0002500000000000002,zero
42,occlude_XMV_03,5,20,0.8465259075164795,0.5003593853820598,0.6059198451795049,0.01125,0.0,302.0,3,0.501271511627907,0.6062633073090348,0.0115,0.0009121262458471335,0.0003434621295298479,-0.0002500000000000002,zero
42,occlude_XMV_03,6,20,0.8465259075164795,0.9980365033222592,0.999071128564576,0.00875,1.0,1.0,3,0.9979763289036544,0.999053047335399,0.008,-6.0174418604841406e-05,-1.8081229177013824e-05,0.0007500000000000007,zero
42,occlude_XMV_03,7,20,0.8465259075164795,0.996694892026578,0.9983887706292002,0.0115,1.0,2.0,3,0.9967485049833888,0.9984144720614974,0.011,5.3612956810833445e-05,2.5701432297187132e-05,0.0005000000000000004,zero
42,occlude_XMV_03,8,20,0.8465259075164795,0.9690679401993356,0.9847744262076902,0.012,1.0,23.05,3,0.9684860880398672,0.9844352303969036,0.0095,-0.0005818521594683768,-0.00033919581078656336,0.0025000000000000005,zero
42,occlude_XMV_03,9,20,0.8465259075164795,0.542585465116279,0.6376749689191095,0.01275,0.0,302.0,3,0.5411786752491694,0.636443170526248,0.012,-0.0014067898671096257,-0.0012317983928614717,0.0007499999999999989,zero
42,occlude_XMV_03,10,20,0.8465259075164795,0.91243280730897,0.9531014763190786,0.011,1.0,43.1,3,0.9153458679401992,0.9548864845659164,0.01075,0.002913060631229203,0.0017850082468378048,0.0002500000000000002,zero
42,occlude_XMV_03,11,20,0.8465259075164795,0.9699615863787376,0.9836955634316766,0.00875,1.0,9.1,3,0.9713864825581396,0.9844883718970426,0.01075,0.001424896179402002,0.0007928084653660017,-0.0019999999999999983,zero
42,occlude_XMV_03,12,20,0.8465259075164795,0.7664609634551495,0.8543572249077914,0.01225,1.0,28.4,3,0.7727283430232558,0.8590352291185905,0.01125,0.006267379568106302,0.004678004210799114,0.0010000000000000009,zero
42,occlude_XMV_03,13,20,0.8465259075164795,0.9482611295681064,0.9747475406255924,0.00925,1.0,34.2,3,0.9480479651162792,0.9747228581028424,0.0105,-0.0002131644518271747,-2.468252275000804e-05,-0.0012500000000000011,zero
42,occlude_XMV_03,14,20,0.8465259075164795,0.9939406561461794,0.9967943176654366,0.0105,1.0,4.25,3,0.9943271179401992,0.9970330030988448,0.01175,0.00038646179401979897,0.00023868543340821446,-0.0012499999999999994,zero
42,occlude_XMV_03,15,20,0.8465259075164795,0.5074685215946844,0.610089047586612,0.014,0.0,302.0,3,0.5134059385382059,0.6168732403019865,0.00975,0.005937416943521567,0.00678419271537456,0.00425,zero
42,occlude_XMV_03,16,20,0.8465259075164795,0.5116133928571429,0.6094259378489976,0.0105,0.0,302.0,3,0.5082352159468438,0.6079852292590551,0.01025,-0.003378176910299069,-0.0014407085899424965,0.0002500000000000002,zero
42,occlude_XMV_03,17,20,0.8465259075164795,0.9508953903654483,0.9759844100970614,0.00925,1.0,31.4,3,0.9507947051495016,0.9760426805688116,0.0085,-0.00010068521594674973,5.8270471750221375e-05,0.0007499999999999989,zero
42,occlude_XMV_03,18,20,0.8465259075164795,0.8729549418604651,0.9300245932624552,0.00775,1.0,63.65,3,0.8746010382059801,0.9312041601317644,0.00975,0.0016460963455150468,0.001179566869309201,-0.002,zero
42,occlude_XMV_03,19,20,0.8465259075164795,0.939591196013289,0.9672560264736764,0.0095,1.0,31.15,3,0.9407816860465116,0.968092005024265,0.01,0.0011904900332225798,0.0008359785505885897,-0.0005000000000000004,zero
42,occlude_XMV_03,20,20,0.8465259075164795,0.9394015365448504,0.97010430651644,0.01225,1.0,41.15,3,0.9393603820598008,0.9701203008228004,0.01025,-4.115448504959929e-05,1.599430636045618e-05,0.002,zero
42,occlude_XMV_03,21,20,0.8465259075164795,0.4949645764119601,0.5949154614813241,0.013,0.0,302.0,3,0.5010575166112957,0.6005253488590919,0.01075,0.006092940199335595,0.005609887377767797,0.0022500000000000003,zero
42,occlude_XMV_03,22,20,0.8465259075164795,0.5570253529900332,0.6491957442699583,0.01275,0.0,302.0,3,0.5580262666112957,0.6488839134900278,0.01375,0.0010009136212625336,-0.0003118307799304665,-0.0010000000000000009,zero
42,occlude_XMV_03,23,20,0.8465259075164795,0.5149918812292359,0.6130852762825766,0.00925,0.0,302.0,3,0.5385429609634551,0.6322182187672772,0.00925,0.023551079734219216,0.019132942484700655,0.0,zero
42,occlude_XMV_03,24,20,0.8465259075164795,0.9668251868770764,0.9827566392558932,0.011,1.0,15.0,3,0.9685969684385382,0.9836734159911134,0.00975,0.0017717815614617383,0.0009167767352201706,0.0012499999999999994,zero
42,occlude_XMV_03,25,20,0.8465259075164795,0.8661741279069768,0.9190503674160632,0.00825,1.0,36.9,3,0.870930419435216,0.9224774787576954,0.009,0.004756291528239198,0.003427111341632205,-0.0007499999999999989,zero
42,occlude_XMV_03,26,20,0.8465259075164795,0.920275830564784,0.956858511822579,0.00975,1.0,29.9,3,0.9226222799003322,0.958210787147706,0.009,0.002346449335548173,0.0013522753251270503,0.0007500000000000007,zero
42,occlude_XMV_03,27,20,0.8465259075164795,0.7955830980066445,0.8697035479865404,0.0095,1.0,25.75,3,0.8054270971760797,0.8766934314632385,0.01,0.009843999169435236,0.0069898834766981555,-0.0005000000000000004,zero
42,occlude_XMV_03,28,20,0.8465259075164795,0.5501520764119602,0.6529352667621088,0.01125,0.0,302.0,3,0.5542116486710963,0.6585390269685509,0.009,0.004059572259136113,0.005603760206442154,0.0022500000000000003,zero
42,occlude_XMV_04,1,20,0.8413684964179993,0.9948466777408638,0.9974125541022624,0.00925,1.0,4.7,4,0.9950453488372092,0.9975019488558962,0.00875,0.00019867109634541524,8.93947536337869e-05,0.0004999999999999987,zero
42,occlude_XMV_04,2,20,0.8413684964179993,0.989213953488372,0.9944894521346264,0.00975,1.0,12.4,4,0.9897280315614618,0.9947176269467548,0.0095,0.0005140780730897854,0.00022817481212844548,0.0002500000000000002,zero
42,occlude_XMV_04,3,20,0.8413684964179993,0.5361834509966777,0.6299058535676965,0.0105,0.0,302.0,4,0.5401351328903654,0.6339151595443463,0.01075,0.003951681893687664,0.004009305976649835,-0.0002499999999999985,zero
42,occlude_XMV_04,4,20,0.8413684964179993,0.9569629983388704,0.9691689904065368,0.00875,1.0,2.0,4,0.9623112126245849,0.9731175611431904,0.0115,0.005348214285714414,0.003948570736653556,-0.002749999999999999,zero
42,occlude_XMV_04,5,20,0.8413684964179993,0.4992681893687707,0.604793157742618,0.00975,0.0,302.0,4,0.501271511627907,0.6062633073090348,0.0115,0.002003322259136242,0.0014701495664167785,-0.0017499999999999998,zero
42,occlude_XMV_04,6,20,0.8413684964179993,0.9979822674418604,0.9990567493266332,0.00775,1.0,1.0,4,0.9979763289036544,0.999053047335399,0.008,-5.938538205962907e-06,-3.70199123422843e-06,-0.0002500000000000002,zero
42,occlude_XMV_04,7,20,0.8413684964179993,0.5693503529900332,0.6937730513072202,0.01025,1.0,2.0,4,0.9967485049833888,0.9984144720614974,0.011,0.4273981519933556,0.30464142075427714,-0.0007499999999999989,zero
42,occlude_XMV_04,8,20,0.8413684964179993,0.9681401162790698,0.984272526169388,0.01075,1.0,24.0,4,0.9684860880398672,0.9844352303969036,0.0095,0.00034597176079742553,0.00016270422751563096,0.0012499999999999994,zero
42,occlude_XMV_04,9,20,0.8413684964179993,0.5382730689368771,0.6344150744974247,0.01025,0.0,302.0,4,0.5411786752491694,0.636443170526248,0.012,0.002905606312292308,0.0020280960288232563,-0.0017499999999999998,zero
42,occlude_XMV_04,10,20,0.8413684964179993,0.9122875207641196,0.9531151223445722,0.01,1.0,43.5,4,0.9153458679401992,0.9548864845659164,0.01075,0.0030583471760796677,0.0017713622213442193,-0.0007499999999999989,zero
42,occlude_XMV_04,11,20,0.8413684964179993,0.9697853820598008,0.9836194976672782,0.00925,1.0,9.05,4,0.9713864825581396,0.9844883718970426,0.01075,0.0016011004983388366,0.0008688742297644492,-0.0014999999999999996,zero
42,occlude_XMV_04,12,20,0.8413684964179993,0.7635014327242525,0.8521363665844945,0.00875,1.0,28.4,4,0.7727283430232558,0.8590352291185905,0.01125,0.009226910299003244,0.006898862534095995,-0.0024999999999999988,zero
42,occlude_XMV_04,13,20,0.8413684964179993,0.9480426287375416,0.974684584194928,0.00925,1.0,34.25,4,0.9480479651162792,0.9747228581028424,0.0105,5.336378737563763e-06,3.8273907914443406e-05,-0.0012500000000000011,zero
42,occlude_XMV_04,14,20,0.8413684964179993,0.9941983803986713,0.996912457972446,0.01075,1.0,4.25,4,0.9943271179401992,0.9970330030988448,0.01175,0.000128737541527979,0.00012054512639880777,-0.0010000000000000009,zero
42,occlude_XMV_04,15,20,0.8413684964179993,0.5108379360465116,0.6148329814609255,0.00975,0.0,302.0,4,0.5134059385382059,0.6168732403019865,0.00975,0.00256800249169431,0.002040258841061071,0.0,zero
42,occlude_XMV_04,16,20,0.8413684964179993,0.5049606519933555,0.6045650885459724,0.0105,0.0,302.0,4,0.5082352159468438,0.6079852292590551,0.01025,0.003274563953488352,0.00342014071308272,0.0002500000000000002,zero
42,occlude_XMV_04,17,20,0.8413684964179993,0.9504850290697674,0.9758803481066056,0.00925,1.0,31.6,4,0.9507947051495016,0.9760426805688116,0.0085,0.0003096760797342002,0.00016233246220598296,0.0007499999999999989,zero
42,occlude_XMV_04,18,20,0.8413684964179993,0.871440988372093,0.9291511632664676,0.0075,1.0,63.35,4,0.8746010382059801,0.9312041601317644,0.00975,0.0031600498338870686,0.002052996865296808,-0.0022500000000000003,zero
42,occlude_XMV_04,19,20,0.8413684964179993,0.9383574335548172,0.966646378163246,0.0095,1.0,31.85,4,0.9407816860465116,0.968092005024265,0.01,0.002424252491694423,0.0014456268610190115,-0.0005000000000000004,zero
42,occlude_XMV_04,20,20,0.8413684964179993,0.9392004360465116,0.9699771554853616,0.00875,1.0,41.75,4,0.9393603820598008,0.9701203008228004,0.01025,0.00015994601328916946,0.00014314533743886582,-0.0014999999999999996,zero
42,occlude_XMV_04,21,20,0.8413684964179993,0.499296303986711,0.5996304056063965,0.0125,0.0,302.0,4,0.5010575166112957,0.6005253488590919,0.01075,0.0017612126245847293,0.000894943252695457,0.0017500000000000016,zero
42,occlude_XMV_04,22,20,0.8413684964179993,0.5527875207641196,0.6424327782196575,0.01325,0.0,302.0,4,0.5580262666112957,0.6488839134900278,0.01375,0.005238745847176096,0.006451135270370334,-0.0005000000000000004,zero
42,occlude_XMV_04,23,20,0.8413684964179993,0.5369463662790698,0.6294029707212205,0.01175,0.0,302.0,4,0.5385429609634551,0.6322182187672772,0.00925,0.001596594684385333,0.0028152480460567064,0.0025000000000000005,zero
42,occlude_XMV_04,24,20,0.8413684964179993,0.9670466362126244,0.9828635417650694,0.00725,1.0,15.2,4,0.9685969684385382,0.9836734159911134,0.00975,0.0015503322259137198,0.0008098742260439495,-0.0024999999999999996,zero
42,occlude_XMV_04,25,20,0.8413684964179993,0.8629152823920265,0.916885837372852,0.0075,1.0,37.65,4,0.870930419435216,0.9224774787576954,0.009,0.008015137043189458,0.00559164138484336,-0.0014999999999999996,zero
42,occlude_XMV_04,26,20,0.8413684964179993,0.5527865656146179,0.6546366715233082,0.011,0.15,275.7,4,0.9226222799003322,0.958210787147706,0.009,0.36983571428571427,0.30357411562439784,0.002,zero
42,occlude_XMV_04,27,20,0.8413684964179993,0.7973748754152824,0.8701379935342675,0.0095,1.0,26.1,4,0.8054270971760797,0.8766934314632385,0.01,0.00805222176079734,0.006555437928971064,-0.0005000000000000004,zero
42,occlude_XMV_04,28,20,0.8413684964179993,0.5450408014950167,0.6492641639739575,0.011,0.0,302.0,4,0.5542116486710963,0.6585390269685509,0.009,0.009170847176079633,0.009274862994593458,0.002,zero
42,occlude_XMV_05,1,20,0.8194200396537781,0.9950453488372092,0.9975019488558962,0.00875,1.0,4.35,5,0.9950453488372092,0.9975019488558962,0.00875,0.0,0.0,0.0,zero
42,occlude_XMV_05,2,20,0.8194200396537781,0.9897280315614618,0.9947176269467548,0.0095,1.0,11.95,5,0.9897280315614618,0.9947176269467548,0.0095,0.0,0.0,0.0,zero
42,occlude_XMV_05,3,20,0.8194200396537781,0.5401351328903654,0.6339151595443463,0.01075,0.0,302.0,5,0.5401351328903654,0.6339151595443463,0.01075,0.0,0.0,0.0,zero
42,occlude_XMV_05,4,20,0.8194200396537781,0.9623112126245849,0.9731175611431904,0.0115,1.0,2.0,5,0.9623112126245849,0.9731175611431904,0.0115,0.0,0.0,0.0,zero
42,occlude_XMV_05,5,20,0.8194200396537781,0.501271511627907,0.6062633073090348,0.0115,0.05,287.0,5,0.501271511627907,0.6062633073090348,0.0115,0.0,0.0,0.0,zero
42,occlude_XMV_05,6,20,0.8194200396537781,0.9979763289036544,0.999053047335399,0.008,1.0,1.0,5,0.9979763289036544,0.999053047335399,0.008,0.0,0.0,0.0,zero
42,occlude_XMV_05,7,20,0.8194200396537781,0.9967485049833888,0.9984144720614974,0.011,1.0,2.0,5,0.9967485049833888,0.9984144720614974,0.011,0.0,0.0,0.0,zero
42,occlude_XMV_05,8,20,0.8194200396537781,0.9684860880398672,0.9844352303969036,0.0095,1.0,23.25,5,0.9684860880398672,0.9844352303969036,0.0095,0.0,0.0,0.0,zero
42,occlude_XMV_05,9,20,0.8194200396537781,0.5411786752491694,0.636443170526248,0.012,0.0,302.0,5,0.5411786752491694,0.636443170526248,0.012,0.0,0.0,0.0,zero
42,occlude_XMV_05,10,20,0.8194200396537781,0.9153458679401992,0.9548864845659164,0.01075,1.0,43.2,5,0.9153458679401992,0.9548864845659164,0.01075,0.0,0.0,0.0,zero
42,occlude_XMV_05,11,20,0.8194200396537781,0.9713864825581396,0.9844883718970426,0.01075,1.0,9.0,5,0.9713864825581396,0.9844883718970426,0.01075,0.0,0.0,0.0,zero
42,occlude_XMV_05,12,20,0.8194200396537781,0.7727283430232558,0.8590352291185905,0.01125,1.0,25.5,5,0.7727283430232558,0.8590352291185905,0.01125,0.0,0.0,0.0,zero
42,occlude_XMV_05,13,20,0.8194200396537781,0.9480479651162792,0.9747228581028424,0.0105,1.0,34.0,5,0.9480479651162792,0.9747228581028424,0.0105,0.0,0.0,0.0,zero
42,occlude_XMV_05,14,20,0.8194200396537781,0.9943271179401992,0.9970330030988448,0.01175,1.0,4.05,5,0.9943271179401992,0.9970330030988448,0.01175,0.0,0.0,0.0,zero
42,occlude_XMV_05,15,20,0.8194200396537781,0.5134059385382059,0.6168732403019865,0.00975,0.0,302.0,5,0.5134059385382059,0.6168732403019865,0.00975,0.0,0.0,0.0,zero
42,occlude_XMV_05,16,20,0.8194200396537781,0.5082352159468438,0.6079852292590551,0.01025,0.0,302.0,5,0.5082352159468438,0.6079852292590551,0.01025,0.0,0.0,0.0,zero
42,occlude_XMV_05,17,20,0.8194200396537781,0.9507947051495016,0.9760426805688116,0.0085,1.0,31.4,5,0.9507947051495016,0.9760426805688116,0.0085,0.0,0.0,0.0,zero
42,occlude_XMV_05,18,20,0.8194200396537781,0.8746010382059801,0.9312041601317644,0.00975,1.0,63.0,5,0.8746010382059801,0.9312041601317644,0.00975,0.0,0.0,0.0,zero
42,occlude_XMV_05,19,20,0.8194200396537781,0.9407816860465116,0.968092005024265,0.01,1.0,30.3,5,0.9407816860465116,0.968092005024265,0.01,0.0,0.0,0.0,zero
42,occlude_XMV_05,20,20,0.8194200396537781,0.9393603820598008,0.9701203008228004,0.01025,1.0,41.25,5,0.9393603820598008,0.9701203008228004,0.01025,0.0,0.0,0.0,zero
42,occlude_XMV_05,21,20,0.8194200396537781,0.5010575166112957,0.6005253488590919,0.01075,0.0,302.0,5,0.5010575166112957,0.6005253488590919,0.01075,0.0,0.0,0.0,zero
42,occlude_XMV_05,22,20,0.8194200396537781,0.5580262666112957,0.6488839134900278,0.01375,0.0,302.0,5,0.5580262666112957,0.6488839134900278,0.01375,0.0,0.0,0.0,zero
42,occlude_XMV_05,23,20,0.8194200396537781,0.5385429609634551,0.6322182187672772,0.00925,0.0,302.0,5,0.5385429609634551,0.6322182187672772,0.00925,0.0,0.0,0.0,zero
42,occlude_XMV_05,24,20,0.8194200396537781,0.9685969684385382,0.9836734159911134,0.00975,1.0,14.95,5,0.9685969684385382,0.9836734159911134,0.00975,0.0,0.0,0.0,zero
42,occlude_XMV_05,25,20,0.8194200396537781,0.870930419435216,0.9224774787576954,0.009,1.0,35.45,5,0.870930419435216,0.9224774787576954,0.009,0.0,0.0,0.0,zero
42,occlude_XMV_05,26,20,0.8194200396537781,0.9226222799003322,0.958210787147706,0.009,1.0,28.9,5,0.9226222799003322,0.958210787147706,0.009,0.0,0.0,0.0,zero
42,occlude_XMV_05,27,20,0.8194200396537781,0.8054270971760797,0.8766934314632385,0.01,1.0,24.55,5,0.8054270971760797,0.8766934314632385,0.01,0.0,0.0,0.0,zero
42,occlude_XMV_05,28,20,0.8194200396537781,0.5542116486710963,0.6585390269685509,0.009,0.0,302.0,5,0.5542116486710963,0.6585390269685509,0.009,0.0,0.0,0.0,zero
42,occlude_XMV_06,1,20,0.8508460521697998,0.9950105897009968,0.997477383588198,0.0095,1.0,4.5,6,0.9950453488372092,0.9975019488558962,0.00875,3.4759136212425545e-05,2.4565267698117843e-05,0.0007499999999999989,zero
42,occlude_XMV_06,2,20,0.8508460521697998,0.9899653239202658,0.9948612639431232,0.008,1.0,11.6,6,0.9897280315614618,0.9947176269467548,0.0095,-0.00023729235880398658,-0.00014363699636843474,-0.0014999999999999996,zero
42,occlude_XMV_06,3,20,0.8508460521697998,0.5384427325581396,0.6341166935285233,0.00975,0.0,302.0,6,0.5401351328903654,0.6339151595443463,0.01075,0.0016924003322258407,-0.00020153398417699364,-0.0009999999999999992,zero
42,occlude_XMV_06,4,20,0.8508460521697998,0.951544580564784,0.9639162560685284,0.01225,1.0,2.0,6,0.9623112126245849,0.9731175611431904,0.0115,0.010766632059800885,0.009201305074661992,0.0007500000000000007,zero
42,occlude_XMV_06,5,20,0.8508460521697998,0.5053231312292359,0.6088539713851053,0.011,0.0,302.0,6,0.501271511627907,0.6062633073090348,0.0115,-0.004051619601328937,-0.002590664076070559,-0.0005000000000000004,zero
42,occlude_XMV_06,6,20,0.8508460521697998,0.9979788205980068,0.9990565000118404,0.00825,1.0,1.0,6,0.9979763289036544,0.999053047335399,0.008,-2.4916943524022628e-06,-3.452676441417779e-06,0.0002500000000000002,zero
42,occlude_XMV_06,7,20,0.8508460521697998,0.9966696013289036,0.998383933004212,0.009,1.0,2.0,6,0.9967485049833888,0.9984144720614974,0.011,7.890365448526282e-05,3.053905728533923e-05,-0.002,zero
42,occlude_XMV_06,8,20,0.8508460521697998,0.9689253737541528,0.9846584156575588,0.009,1.0,23.5,6,0.9684860880398672,0.9844352303969036,0.0095,-0.0004392857142855311,-0.00022318526065523425,-0.0005000000000000004,zero
42,occlude_XMV_06,9,20,0.8508460521697998,0.544831665282392,0.6400004700294778,0.01175,0.0,302.0,6,0.5411786752491694,0.636443170526248,0.012,-0.003652990033222614,-0.003557299503229805,-0.0002500000000000002,zero
42,occlude_XMV_06,10,20,0.8508460521697998,0.9123411544850498,0.9532281544372252,0.01025,1.0,43.7,6,0.9153458679401992,0.9548864845659164,0.01075,0.0030047134551494104,0.00165833012869121,-0.0004999999999999987,zero
42,occlude_XMV_06,11,20,0.8508460521697998,0.9732344684385382,0.9855247914965352,0.01,1.0,8.95,6,0.9713864825581396,0.9844883718970426,0.01075,-0.0018479858803985838,-0.0010364195994925218,-0.0007499999999999989,zero
42,occlude_XMV_06,12,20,0.8508460521697998,0.7824412167774086,0.8653431986691921,0.01175,1.0,27.7,6,0.7727283430232558,0.8590352291185905,0.01125,-0.009712873754152862,-0.006307969550601533,0.0005000000000000004,zero
42,occlude_XMV_06,13,20,0.8508460521697998,0.948387084717608,0.974861389974548,0.0105,1.0,33.8,6,0.9480479651162792,0.9747228581028424,0.0105,-0.0003391196013288189,-0.00013853187170553838,0.0,zero
42,occlude_XMV_06,14,20,0.8508460521697998,0.9940831810631228,0.9968776916436072,0.0105,1.0,4.15,6,0.9943271179401992,0.9970330030988448,0.01175,0.00024393687707646716,0.0001553114552376167,-0.0012499999999999994,zero
42,occlude_XMV_06,15,20,0.8508460521697998,0.512320411129568,0.6163816158492927,0.01025,0.0,302.0,6,0.5134059385382059,0.6168732403019865,0.00975,0.0010855274086378763,0.0004916244526937952,0.0005000000000000004,zero
42,occlude_XMV_06,16,20,0.8508460521697998,0.5064164244186047,0.606476785801268,0.01075,0.0,302.0,6,0.5082352159468438,0.6079852292590551,0.01025,0.001818791528239161,0.001508443457787112,0.0004999999999999987,zero
42,occlude_XMV_06,17,20,0.8508460521697998,0.9502575373754152,0.9759143012362892,0.00875,1.0,31.4,6,0.9507947051495016,0.9760426805688116,0.0085,0.0005371677740864111,0.0001283793325224103,0.0002500000000000002,zero
42,occlude_XMV_06,18,20,0.8508460521697998,0.8733310631229236,0.9304928887858016,0.009,1.0,63.85,6,0.8746010382059801,0.9312041601317644,0.00975,0.0012699750830564849,0.0007112713459628273,-0.0007500000000000007,zero
42,occlude_XMV_06,19,20,0.8508460521697998,0.9404195598006644,0.9677742871038536,0.01075,1.0,31.65,6,0.9407816860465116,0.968092005024265,0.01,0.0003621262458471941,0.0003177179204113534,0.0007499999999999989,zero
42,occlude_XMV_06,20,20,0.8508460521697998,0.9388987749169436,0.9698740805410464,0.0085,1.0,40.95,6,0.9393603820598008,0.9701203008228004,0.01025,0.00046160714285714555,0.0002462202817540282,-0.0017499999999999998,zero
42,occlude_XMV_06,21,20,0.8508460521697998,0.4982151993355482,0.5981431902354033,0.0105,0.0,302.0,6,0.5010575166112957,0.6005253488590919,0.01075,0.002842317275747519,0.002382158623688624,-0.0002499999999999985,zero
42,occlude_XMV_06,22,20,0.8508460521697998,0.5674909053156146,0.6569285477257423,0.01175,0.0,302.0,6,0.5580262666112957,0.6488839134900278,0.01375,-0.009464638704318906,-0.008044634235714443,-0.002,zero
42,occlude_XMV_06,23,20,0.8508460521697998,0.5374689161129568,0.6307861060716575,0.01,0.0,302.0,6,0.5385429609634551,0.6322182187672772,0.00925,0.0010740448504983346,0.0014321126956197139,0.0007500000000000007,zero
42,occlude_XMV_06,24,20,0.8508460521697998,0.9719190199335548,0.9855596066535952,0.01,1.0,15.25,6,0.9685969684385382,0.9836734159911134,0.00975,-0.0033220514950166313,-0.001886190662481857,0.0002500000000000002,zero
42,occlude_XMV_06,25,20,0.8508460521697998,0.8727210132890365,0.9232809893184925,0.00975,1.0,35.05,6,0.870930419435216,0.9224774787576954,0.009,-0.0017905938538205213,-0.0008035105607970827,0.0007500000000000007,zero
42,occlude_XMV_06,26,20,0.8508460521697998,0.9229826619601328,0.9584135863503884,0.0095,1.0,29.7,6,0.9226222799003322,0.958210787147706,0.009,-0.00036038205980060134,-0.00020279920268240215,0.0005000000000000004,zero
42,occlude_XMV_06,27,20,0.8508460521697998,0.8084903654485049,0.8784694205778898,0.0105,1.0,23.0,6,0.8054270971760797,0.8766934314632385,0.01,-0.0030632682724252014,-0.0017759891146512663,0.0005000000000000004,zero
42,occlude_XMV_06,28,20,0.8508460521697998,0.557042815614618,0.6595278844869996,0.01075,0.0,302.0,6,0.5542116486710963,0.6585390269685509,0.009,-0.0028311669435217013,-0.0009888575184486825,0.0017499999999999998,zero
42,occlude_XMV_07,1,20,0.821911633014679,0.9949965946843854,0.9974759464009564,0.00825,1.0,4.4,7,0.9950453488372092,0.9975019488558962,0.00875,4.875415282379336e-05,2.6002454939777486e-05,-0.0005000000000000004,zero
42,occlude_XMV_07,2,20,0.821911633014679,0.9895845099667774,0.9946459204382564,0.0095,1.0,12.35,7,0.9897280315614618,0.9947176269467548,0.0095,0.00014352159468444814,7.170650849841476e-05,0.0,zero
42,occlude_XMV_07,3,20,0.821911633014679,0.5403375207641196,0.6337651068785211,0.01075,0.0,302.0,7,0.5401351328903654,0.6339151595443463,0.01075,-0.00020238787375415068,0.0001500526658252399,0.0,zero
42,occlude_XMV_07,4,20,0.821911633014679,0.9608290905315616,0.971950655790404,0.01075,1.0,2.0,7,0.9623112126245849,0.9731175611431904,0.0115,0.0014821220930232304,0.001166905352786407,-0.0007500000000000007,zero
42,occlude_XMV_07,5,20,0.821911633014679,0.5021141403654485,0.6069474218575883,0.01175,0.0,302.0,7,0.501271511627907,0.6062633073090348,0.0115,-0.0008426287375415953,-0.0006841145485535494,0.0002500000000000002,zero
42,occlude_XMV_07,6,20,0.821911633014679,0.997985049833887,0.9990558867976014,0.00875,1.0,1.0,7,0.9979763289036544,0.999053047335399,0.008,-8.720930232630764e-06,-2.8394622023641958e-06,0.0007500000000000007,zero
42,occlude_XMV_07,7,20,0.821911633014679,0.9967729235880398,0.998426303094845,0.011,1.0,2.0,7,0.9967485049833888,0.9984144720614974,0.011,-2.4418604650966458e-05,-1.1831033347675657e-05,0.0,zero
42,occlude_XMV_07,8,20,0.821911633014679,0.9684130398671096,0.9843676073058488,0.00975,1.0,23.45,7,0.9684860880398672,0.9844352303969036,0.0095,7.304817275766151e-05,6.762309105479147e-05,0.0002500000000000002,zero
42,occlude_XMV_07,9,20,0.821911633014679,0.541746407807309,0.6367357675821044,0.012,0.0,302.0,7,0.5411786752491694,0.636443170526248,0.012,-0.0005677325581395776,-0.00029259705585638063,0.0,zero
42,occlude_XMV_07,10,20,0.821911633014679,0.9143278446843852,0.9542558370271732,0.01025,1.0,43.2,7,0.9153458679401992,0.9548864845659164,0.01075,0.0010180232558140156,0.0006306475387432009,-0.0004999999999999987,zero
42,occlude_XMV_07,11,20,0.821911633014679,0.9719601328903654,0.9848004088086436,0.01175,1.0,8.9,7,0.9713864825581396,0.9844883718970426,0.01075,-0.0005736503322257835,-0.0003120369116009769,0.0010000000000000009,zero
42,occlude_XMV_07,12,20,0.821911633014679,0.7731386420265781,0.8596380452425273,0.0115,1.0,25.1,7,0.7727283430232558,0.8590352291185905,0.01125,-0.00041029900332234526,-0.0006028161239367558,0.0002500000000000002,zero
42,occlude_XMV_07,13,20,0.821911633014679,0.94788905730897,0.9746388688689926,0.01125,1.0,34.1,7,0.9480479651162792,0.9747228581028424,0.0105,0.0001589078073092054,8.398923384977941e-05,0.0007499999999999989,zero
42,occlude_XMV_07,14,20,0.821911633014679,0.9943129568106313,0.9970210148244132,0.011,1.0,4.05,7,0.9943271179401992,0.9970330030988448,0.01175,1.4161129567979991e-05,1.1988274431606882e-05,-0.0007500000000000007,zero
42,occlude_XMV_07,15,20,0.821911633014679,0.5121440406976744,0.6157977434035483,0.00975,0.0,302.0,7,0.5134059385382059,0.6168732403019865,0.00975,0.001261897840531545,0.0010754968984382218,0.0,zero
42,occlude_XMV_07,16,20,0.821911633014679,0.5084033637873754,0.6077297226578814,0.01025,0.0,302.0,7,0.5082352159468438,0.6079852292590551,0.01025,-0.00016814784053154064,0.00025550660117368285,0.0,zero
42,occlude_XMV_07,17,20,0.821911633014679,0.951312292358804,0.9762998806624188,0.009,1.0,31.4,7,0.9507947051495016,0.9760426805688116,0.0085,-0.0005175872093023948,-0.00025720009360719054,0.0004999999999999987,zero
42,occlude_XMV_07,18,20,0.821911633014679,0.8724752699335548,0.9298360859919828,0.00925,1.0,62.9,7,0.8746010382059801,0.9312041601317644,0.00975,0.002125768272425277,0.0013680741397816831,-0.0005000000000000004,zero
42,occlude_XMV_07,19,20,0.821911633014679,0.8570037375415283,0.9187281120687462,0.0105,1.0,41.6,7,0.9407816860465116,0.968092005024265,0.01,0.08377794850498332,0.049363892955518796,0.0005000000000000004,zero
42,occlude_XMV_07,20,20,0.821911633014679,0.939362603820598,0.9700935776325011,0.01125,1.0,41.15,7,0.9393603820598008,0.9701203008228004,0.01025,-2.2217607972274678e-06,2.6723190299282606e-05,0.0009999999999999992,zero
42,occlude_XMV_07,21,20,0.821911633014679,0.5009858596345514,0.6003833414984362,0.01,0.0,302.0,7,0.5010575166112957,0.6005253488590919,0.01075,7.165697674427207e-05,0.00014200736065572706,-0.0007499999999999989,zero
42,occlude_XMV_07,22,20,0.821911633014679,0.5578405938538206,0.6483915757214217,0.01375,0.0,302.0,7,0.5580262666112957,0.6488839134900278,0.01375,0.00018567275747516376,0.0004923377686061325,0.0,zero
42,occlude_XMV_07,23,20,0.821911633014679,0.5386103197674419,0.632274740386662,0.00925,0.0,302.0,7,0.5385429609634551,0.6322182187672772,0.00925,-6.73588039867834e-05,-5.652161938474176e-05,0.0,zero
42,occlude_XMV_07,24,20,0.821911633014679,0.9685578903654484,0.983642337116902,0.00975,1.0,14.95,7,0.9685969684385382,0.9836734159911134,0.00975,3.907807308978217e-05,3.1078874211387664e-05,0.0,zero
42,occlude_XMV_07,25,20,0.821911633014679,0.8695884759136213,0.921712147566817,0.0085,1.0,35.65,7,0.870930419435216,0.9224774787576954,0.009,0.0013419435215946685,0.0007653311908784044,-0.0004999999999999987,zero
42,occlude_XMV_07,26,20,0.821911633014679,0.9220209094684384,0.957867848937698,0.01,1.0,29.2,7,0.9226222799003322,0.958210787147706,0.009,0.0006013704318937885,0.0003429382100079703,0.0010000000000000009,zero
42,occlude_XMV_07,27,20,0.821911633014679,0.8054220514950167,0.8767572289120296,0.00975,1.0,23.95,7,0.8054270971760797,0.8766934314632385,0.01,5.045681063076124e-06,-6.379744879103644e-05,-0.0002500000000000002,zero
42,occlude_XMV_07,28,20,0.821911633014679,0.5539262458471761,0.6582194683060603,0.0095,0.0,302.0,7,0.5542116486710963,0.6585390269685509,0.009,0.0002854028239202,0.000319558662490671,0.0005000000000000004,zero
42,occlude_XMV_08,1,20,0.8192602396011353,0.9950336378737542,0.9974974812810686,0.009,1.0,4.4,8,0.9950453488372092,0.9975019488558962,0.00875,1.1710963454980572e-05,4.46757482752691e-06,0.0002499999999999985,zero
42,occlude_XMV_08,2,20,0.8192602396011353,0.9897092607973422,0.9947071099319555,0.009,1.0,11.95,8,0.9897280315614618,0.9947176269467548,0.0095,1.8770764119602212e-05,1.0517014799260593e-05,-0.0005000000000000004,zero
42,occlude_XMV_08,3,20,0.8192602396011353,0.5403678363787375,0.6343049136099423,0.01075,0.0,302.0,8,0.5401351328903654,0.6339151595443463,0.01075,-0.0002327034883721213,-0.0003897540655960485,0.0,zero
42,occlude_XMV_08,4,20,0.8192602396011353,0.962160527408638,0.9729811528020736,0.012,1.0,2.0,8,0.9623112126245849,0.9731175611431904,0.0115,0.00015068521594685524,0.00013640834111672273,0.0005000000000000004,zero
42,occlude_XMV_08,5,20,0.8192602396011353,0.50138698089701,0.6063286374474817,0.01125,0.05,287.0,8,0.501271511627907,0.6062633073090348,0.0115,-0.00011546926910299682,-6.533013844689517e-05,-0.0002500000000000002,zero
42,occlude_XMV_08,6,20,0.8192602396011353,0.9979744601328904,0.9990522856473054,0.00825,1.0,1.0,8,0.9979763289036544,0.999053047335399,0.008,1.8687707640241413e-06,7.616880935978898e-07,0.0002500000000000002,zero
42,occlude_XMV_08,7,20,0.8192602396011353,0.9967470099667776,0.9984138152314268,0.01075,1.0,2.0,8,0.9967485049833888,0.9984144720614974,0.011,1.4950166112859264e-06,6.56830070555614e-07,-0.0002500000000000002,zero
42,occlude_XMV_08,8,20,0.8192602396011353,0.9684845099667774,0.9844385064643784,0.00975,1.0,23.25,8,0.9684860880398672,0.9844352303969036,0.0095,1.5780730898695694e-06,-3.276067474744515e-06,0.0002500000000000002,zero
42,occlude_XMV_08,9,20,0.8192602396011353,0.541071615448505,0.6364914881979731,0.0125,0.0,302.0,8,0.5411786752491694,0.636443170526248,0.012,0.00010705980066438858,-4.831767172508439e-05,0.0005000000000000004,zero
42,occlude_XMV_08,10,20,0.8192602396011353,0.9151336586378738,0.9547236098002052,0.0105,1.0,43.1,8,0.9153458679401992,0.9548864845659164,0.01075,0.0002122093023254612,0.0001628747657111962,-0.0002499999999999985,zero
42,occlude_XMV_08,11,20,0.8192602396011353,0.9712823712624584,0.9844296679188224,0.0105,1.0,9.0,8,0.9713864825581396,0.9844883718970426,0.01075,0.00010411129568121957,5.870397822027584e-05,-0.0002499999999999985,zero
42,occlude_XMV_08,12,20,0.8192602396011353,0.7727328073089701,0.8589955583502608,0.0115,1.0,25.4,8,0.7727283430232558,0.8590352291185905,0.01125,-4.464285714322891e-06,3.967076832978034e-05,0.0002500000000000002,zero
42,occlude_XMV_08,13,20,0.8192602396011353,0.9480488787375416,0.9747221134702582,0.011,1.0,34.0,8,0.9480479651162792,0.9747228581028424,0.0105,-9.136212624216711e-07,7.44632584259719e-07,0.0004999999999999987,zero
42,occlude_XMV_08,14,20,0.8192602396011353,0.9943161129568108,0.99702315164994,0.01225,1.0,4.05,8,0.9943271179401992,0.9970330030988448,0.01175,1.1004983388462897e-05,9.85144890475187e-06,0.0005000000000000004,zero
42,occlude_XMV_08,15,20,0.8192602396011353,0.5136595099667774,0.6169963018560396,0.00975,0.0,302.0,8,0.5134059385382059,0.6168732403019865,0.00975,-0.0002535714285715196,-0.00012306155405306107,0.0,zero
42,occlude_XMV_08,16,20,0.8192602396011353,0.5082989825581395,0.6080294675631882,0.0105,0.0,302.0,8,0.5082352159468438,0.6079852292590551,0.01025,-6.376661129570138e-05,-4.423830413313734e-05,0.0002500000000000002,zero
42,occlude_XMV_08,17,20,0.8192602396011353,0.9507453488372092,0.9760290966380216,0.00925,1.0,31.4,8,0.9507947051495016,0.9760426805688116,0.0085,4.935631229241455e-05,1.3583930789984322e-05,0.0007499999999999989,zero
42,occlude_XMV_08,18,20,0.8192602396011353,0.874775622923588,0.9312568614685314,0.00975,1.0,63.0,8,0.8746010382059801,0.9312041601317644,0.00975,-0.00017458471760789518,-5.2701336766936e-05,0.0,zero
42,occlude_XMV_08,19,20,0.8192602396011353,0.8748410714285715,0.9272608619644797,0.00975,1.0,37.95,8,0.9407816860465116,0.968092005024265,0.01,0.0659406146179401,0.0408311430597853,-0.0002500000000000002,zero
42,occlude_XMV_08,20,20,0.8192602396011353,0.9393375830564784,0.9700918918900294,0.01025,1.0,41.25,8,0.9393603820598008,0.9701203008228004,0.01025,2.279900332236018e-05,2.8408932771006867e-05,0.0,zero
42,occlude_XMV_08,21,20,0.8192602396011353,0.5010721137873754,0.6006621177360159,0.01075,0.0,302.0,8,0.5010575166112957,0.6005253488590919,0.01075,-1.4597176079655938e-05,-0.0001367688769239317,0.0,zero
42,occlude_XMV_08,22,20,0.8192602396011353,0.5579322674418604,0.6487295656919265,0.014,0.0,302.0,8,0.5580262666112957,0.6488839134900278,0.01375,9.399916943531039e-05,0.0001543477981013064,0.0002500000000000002,zero
42,occlude_XMV_08,23,20,0.8192602396011353,0.538578073089701,0.6321757164780305,0.0095,0.0,302.0,8,0.5385429609634551,0.6322182187672772,0.00925,-3.5112126245850916e-05,4.250228924673749e-05,0.0002500000000000002,zero
42,occlude_XMV_08,24,20,0.8192602396011353,0.9684333471760798,0.98357221947937,0.00975,1.0,14.95,8,0.9685969684385382,0.9836734159911134,0.00975,0.00016362126245839104,0.00010119651174333999,0.0,zero
42,occlude_XMV_08,25,20,0.8192602396011353,0.8708975913621263,0.9224487056591332,0.00975,1.0,35.4,8,0.870930419435216,0.9224774787576954,0.009,3.2828073089685716e-05,2.8773098562195898e-05,0.0007500000000000007,zero
42,occlude_XMV_08,26,20,0.8192602396011353,0.9227007890365448,0.958246218855098,0.00925,1.0,29.1,8,0.9226222799003322,0.958210787147706,0.009,-7.850913621265665e-05,-3.5431707391953005e-05,0.0002500000000000002,zero
42,occlude_XMV_08,27,20,0.8192602396011353,0.8049084094684386,0.8763418368894605,0.00925,1.0,24.55,8,0.8054270971760797,0.8766934314632385,0.01,0.0005186877076411855,0.0003515945737779802,-0.0007500000000000007,zero
42,occlude_XMV_08,28,20,0.8192602396011353,0.5539959509966778,0.658260152169273,0.00975,0.0,302.0,8,0.5542116486710963,0.6585390269685509,0.009,0.0002156976744185357,0.00027887479927790615,0.0007500000000000007,zero
42,occlude_XMV_09,1,20,0.8194200396537781,0.9950453488372092,0.9975019488558962,0.00875,1.0,4.35,9,0.9950453488372092,0.9975019488558962,0.00875,0.0,0.0,0.0,zero
42,occlude_XMV_09,2,20,0.8194200396537781,0.9897280315614618,0.9947176269467548,0.0095,1.0,11.95,9,0.9897280315614618,0.9947176269467548,0.0095,0.0,0.0,0.0,zero
42,occlude_XMV_09,3,20,0.8194200396537781,0.5401351328903654,0.6339151595443463,0.01075,0.0,302.0,9,0.5401351328903654,0.6339151595443463,0.01075,0.0,0.0,0.0,zero
42,occlude_XMV_09,4,20,0.8194200396537781,0.9623112126245849,0.9731175611431904,0.0115,1.0,2.0,9,0.9623112126245849,0.9731175611431904,0.0115,0.0,0.0,0.0,zero
42,occlude_XMV_09,5,20,0.8194200396537781,0.501271511627907,0.6062633073090348,0.0115,0.05,287.0,9,0.501271511627907,0.6062633073090348,0.0115,0.0,0.0,0.0,zero
42,occlude_XMV_09,6,20,0.8194200396537781,0.9979763289036544,0.999053047335399,0.008,1.0,1.0,9,0.9979763289036544,0.999053047335399,0.008,0.0,0.0,0.0,zero
42,occlude_XMV_09,7,20,0.8194200396537781,0.9967485049833888,0.9984144720614974,0.011,1.0,2.0,9,0.9967485049833888,0.9984144720614974,0.011,0.0,0.0,0.0,zero
42,occlude_XMV_09,8,20,0.8194200396537781,0.9684860880398672,0.9844352303969036,0.0095,1.0,23.25,9,0.9684860880398672,0.9844352303969036,0.0095,0.0,0.0,0.0,zero
42,occlude_XMV_09,9,20,0.8194200396537781,0.5411786752491694,0.636443170526248,0.012,0.0,302.0,9,0.5411786752491694,0.636443170526248,0.012,0.0,0.0,0.0,zero
42,occlude_XMV_09,10,20,0.8194200396537781,0.9153458679401992,0.9548864845659164,0.01075,1.0,43.2,9,0.9153458679401992,0.9548864845659164,0.01075,0.0,0.0,0.0,zero
42,occlude_XMV_09,11,20,0.8194200396537781,0.9713864825581396,0.9844883718970426,0.01075,1.0,9.0,9,0.9713864825581396,0.9844883718970426,0.01075,0.0,0.0,0.0,zero
42,occlude_XMV_09,12,20,0.8194200396537781,0.7727283430232558,0.8590352291185905,0.01125,1.0,25.5,9,0.7727283430232558,0.8590352291185905,0.01125,0.0,0.0,0.0,zero
42,occlude_XMV_09,13,20,0.8194200396537781,0.9480479651162792,0.9747228581028424,0.0105,1.0,34.0,9,0.9480479651162792,0.9747228581028424,0.0105,0.0,0.0,0.0,zero
42,occlude_XMV_09,14,20,0.8194200396537781,0.9943271179401992,0.9970330030988448,0.01175,1.0,4.05,9,0.9943271179401992,0.9970330030988448,0.01175,0.0,0.0,0.0,zero
42,occlude_XMV_09,15,20,0.8194200396537781,0.5134059385382059,0.6168732403019865,0.00975,0.0,302.0,9,0.5134059385382059,0.6168732403019865,0.00975,0.0,0.0,0.0,zero
42,occlude_XMV_09,16,20,0.8194200396537781,0.5082352159468438,0.6079852292590551,0.01025,0.0,302.0,9,0.5082352159468438,0.6079852292590551,0.01025,0.0,0.0,0.0,zero
42,occlude_XMV_09,17,20,0.8194200396537781,0.9507947051495016,0.9760426805688116,0.0085,1.0,31.4,9,0.9507947051495016,0.9760426805688116,0.0085,0.0,0.0,0.0,zero
42,occlude_XMV_09,18,20,0.8194200396537781,0.8746010382059801,0.9312041601317644,0.00975,1.0,63.0,9,0.8746010382059801,0.9312041601317644,0.00975,0.0,0.0,0.0,zero
42,occlude_XMV_09,19,20,0.8194200396537781,0.9407816860465116,0.968092005024265,0.01,1.0,30.3,9,0.9407816860465116,0.968092005024265,0.01,0.0,0.0,0.0,zero
42,occlude_XMV_09,20,20,0.8194200396537781,0.9393603820598008,0.9701203008228004,0.01025,1.0,41.25,9,0.9393603820598008,0.9701203008228004,0.01025,0.0,0.0,0.0,zero
42,occlude_XMV_09,21,20,0.8194200396537781,0.5010575166112957,0.6005253488590919,0.01075,0.0,302.0,9,0.5010575166112957,0.6005253488590919,0.01075,0.0,0.0,0.0,zero
42,occlude_XMV_09,22,20,0.8194200396537781,0.5580262666112957,0.6488839134900278,0.01375,0.0,302.0,9,0.5580262666112957,0.6488839134900278,0.01375,0.0,0.0,0.0,zero
42,occlude_XMV_09,23,20,0.8194200396537781,0.5385429609634551,0.6322182187672772,0.00925,0.0,302.0,9,0.5385429609634551,0.6322182187672772,0.00925,0.0,0.0,0.0,zero
42,occlude_XMV_09,24,20,0.8194200396537781,0.9685969684385382,0.9836734159911134,0.00975,1.0,14.95,9,0.9685969684385382,0.9836734159911134,0.00975,0.0,0.0,0.0,zero
42,occlude_XMV_09,25,20,0.8194200396537781,0.870930419435216,0.9224774787576954,0.009,1.0,35.45,9,0.870930419435216,0.9224774787576954,0.009,0.0,0.0,0.0,zero
42,occlude_XMV_09,26,20,0.8194200396537781,0.9226222799003322,0.958210787147706,0.009,1.0,28.9,9,0.9226222799003322,0.958210787147706,0.009,0.0,0.0,0.0,zero
42,occlude_XMV_09,27,20,0.8194200396537781,0.8054270971760797,0.8766934314632385,0.01,1.0,24.55,9,0.8054270971760797,0.8766934314632385,0.01,0.0,0.0,0.0,zero
42,occlude_XMV_09,28,20,0.8194200396537781,0.5542116486710963,0.6585390269685509,0.009,0.0,302.0,9,0.5542116486710963,0.6585390269685509,0.009,0.0,0.0,0.0,zero
42,occlude_XMV_10,1,20,0.819113552570343,0.9950597176079734,0.9975075960219252,0.0095,1.0,4.45,10,0.9950453488372092,0.9975019488558962,0.00875,-1.4368770764217054e-05,-5.647166029021378e-06,0.0007499999999999989,zero
42,occlude_XMV_10,2,20,0.819113552570343,0.9897601744186046,0.994733582694287,0.00925,1.0,11.9,10,0.9897280315614618,0.9947176269467548,0.0095,-3.214285714281395e-05,-1.5955747532214737e-05,-0.0002500000000000002,zero
42,occlude_XMV_10,3,20,0.819113552570343,0.5394873131229236,0.6333827603183101,0.01075,0.0,302.0,10,0.5401351328903654,0.6339151595443463,0.01075,0.0006478197674417707,0.0005323992260362065,0.0,zero
42,occlude_XMV_10,4,20,0.819113552570343,0.5157868147840532,0.6254644321506165,0.0115,1.0,2.0,10,0.9623112126245849,0.9731175611431904,0.0115,0.44652439784053166,0.34765312899257383,0.0,zero
42,occlude_XMV_10,5,20,0.819113552570343,0.5014721760797343,0.6065022741654051,0.01175,0.05,287.0,10,0.501271511627907,0.6062633073090348,0.0115,-0.00020066445182731485,-0.00023896685637037063,0.0002500000000000002,zero
42,occlude_XMV_10,6,20,0.819113552570343,0.9979737956810631,0.999052115618963,0.0075,1.0,1.0,10,0.9979763289036544,0.999053047335399,0.008,2.533222591249995e-06,9.317164360034269e-07,-0.0005000000000000004,zero
42,occlude_XMV_10,7,20,0.819113552570343,0.9967526578073088,0.9984166008482602,0.011,1.0,2.0,10,0.9967485049833888,0.9984144720614974,0.011,-4.152823919967297e-06,-2.1287867628672075e-06,0.0,zero
42,occlude_XMV_10,8,20,0.819113552570343,0.968446719269103,0.984409741173064,0.00975,1.0,23.25,10,0.9684860880398672,0.9844352303969036,0.0095,3.936877076426981e-05,2.548922383960317e-05,0.0002500000000000002,zero
42,occlude_XMV_10,9,20,0.819113552570343,0.5412033222591363,0.6364804265807865,0.012,0.0,302.0,10,0.5411786752491694,0.636443170526248,0.012,-2.464700996684943e-05,-3.7256054538525873e-05,0.0,zero
42,occlude_XMV_10,10,20,0.819113552570343,0.9153722176079734,0.95489314238033,0.0105,1.0,43.1,10,0.9153458679401992,0.9548864845659164,0.01075,-2.6349667774150376e-05,-6.657814413557617e-06,-0.0002499999999999985,zero
42,occlude_XMV_10,11,20,0.819113552570343,0.9499491901993355,0.9725108377066513,0.011,1.0,9.15,10,0.9713864825581396,0.9844883718970426,0.01075,0.021437292358804094,0.011977534190391381,0.0002500000000000002,zero
42,occlude_XMV_10,12,20,0.819113552570343,0.7722100083056478,0.858647886819346,0.01125,1.0,25.5,10,0.7727283430232558,0.8590352291185905,0.01125,0.0005183347176079822,0.0003873422992445308,0.0,zero
42,occlude_XMV_10,13,20,0.819113552570343,0.9480753737541529,0.9747346482431438,0.01075,1.0,33.9,10,0.9480479651162792,0.9747228581028424,0.0105,-2.7408637873649333e-05,-1.1790140301393137e-05,0.0002499999999999985,zero
42,occlude_XMV_10,14,20,0.819113552570343,0.993877450166113,0.996743048759736,0.012,1.0,4.15,10,0.9943271179401992,0.9970330030988448,0.01175,0.000449667774086282,0.0002899543391088333,0.0002500000000000002,zero
42,occlude_XMV_10,15,20,0.819113552570343,0.5136232973421927,0.6171094570231309,0.00975,0.0,302.0,10,0.5134059385382059,0.6168732403019865,0.00975,-0.00021735880398676688,-0.00023621672114437775,0.0,zero
42,occlude_XMV_10,16,20,0.819113552570343,0.5085108388704319,0.6081479246417322,0.0105,0.0,302.0,10,0.5082352159468438,0.6079852292590551,0.01025,-0.0002756229235880703,-0.0001626953826771027,0.0002500000000000002,zero
42,occlude_XMV_10,17,20,0.819113552570343,0.9503413413621262,0.9757409897193264,0.0085,1.0,31.4,10,0.9507947051495016,0.9760426805688116,0.0085,0.00045336378737537153,0.00030169084948517,0.0,zero
42,occlude_XMV_10,18,20,0.819113552570343,0.8752611710963455,0.931594163724754,0.01,1.0,63.0,10,0.8746010382059801,0.9312041601317644,0.00975,-0.0006601328903653725,-0.000390003592989574,0.0002500000000000002,zero
42,occlude_XMV_10,19,20,0.819113552570343,0.9407091362126244,0.9680250703309374,0.01,1.0,30.3,10,0.9407816860465116,0.968092005024265,0.01,7.254983388715885e-05,6.6934693327525e-05,0.0,zero
42,occlude_XMV_10,20,20,0.819113552570343,0.9394115448504984,0.9701397651776772,0.01025,1.0,41.25,10,0.9393603820598008,0.9701203008228004,0.01025,-5.116279069761198e-05,-1.946435487676368e-05,0.0,zero
42,occlude_XMV_10,21,20,0.819113552570343,0.5011170058139535,0.6005844807144963,0.011,0.0,302.0,10,0.5010575166112957,0.6005253488590919,0.01075,-5.94892026577476e-05,-5.913185540440402e-05,0.0002500000000000002,zero
42,occlude_XMV_10,22,20,0.819113552570343,0.5579647840531562,0.6485076211089011,0.01425,0.0,302.0,10,0.5580262666112957,0.6488839134900278,0.01375,6.148255813953618e-05,0.00037629238112668606,0.0005000000000000004,zero
42,occlude_XMV_10,23,20,0.819113552570343,0.5386022840531561,0.6321103457893277,0.00925,0.0,302.0,10,0.5385429609634551,0.6322182187672772,0.00925,-5.93230897010244e-05,0.00010787297794956352,0.0,zero
42,occlude_XMV_10,24,20,0.819113552570343,0.9684732558139536,0.983609076809288,0.00975,1.0,14.95,10,0.9685969684385382,0.9836734159911134,0.00975,0.0001237126245845488,6.433918182535692e-05,0.0,zero
42,occlude_XMV_10,25,20,0.819113552570343,0.8710558970099668,0.9225849425735246,0.0095,1.0,35.45,10,0.870930419435216,0.9224774787576954,0.009,-0.00012547757475078747,-0.00010746381582926734,0.0005000000000000004,zero
42,occlude_XMV_10,26,20,0.819113552570343,0.9223913828903656,0.9580815414200594,0.0095,1.0,28.8,10,0.9226222799003322,0.958210787147706,0.009,0.0002308970099665908,0.0001292457276466097,0.0005000000000000004,zero
42,occlude_XMV_10,27,20,0.819113552570343,0.7847960755813953,0.8630247973184513,0.01,1.0,25.7,10,0.8054270971760797,0.8766934314632385,0.01,0.02063102159468444,0.01366863414478725,0.0,zero
42,occlude_XMV_10,28,20,0.819113552570343,0.5540485049833888,0.6582323323309693,0.0095,0.0,302.0,10,0.5542116486710963,0.6585390269685509,0.009,0.0001631436877075343,0.0003066946375815949,0.0005000000000000004,zero
42,occlude_XMV_11,1,20,0.8194270730018616,0.9950467607973422,0.9975025034408695,0.00925,1.0,4.35,11,0.9950453488372092,0.9975019488558962,0.00875,-1.4119601330353504e-06,-5.545849733890051e-07,0.0004999999999999987,zero
42,occlude_XMV_11,2,20,0.8194270730018616,0.9897359634551496,0.9947198472146508,0.00925,1.0,11.95,11,0.9897280315614618,0.9947176269467548,0.0095,-7.93189368775149e-06,-2.220267895980399e-06,-0.0002500000000000002,zero
42,occlude_XMV_11,3,20,0.8194270730018616,0.5401445805647841,0.6340568331432058,0.01075,0.0,302.0,11,0.5401351328903654,0.6339151595443463,0.01075,-9.447674418683327e-06,-0.00014167359885952635,0.0,zero
42,occlude_XMV_11,4,20,0.8194270730018616,0.9622521387043188,0.9730677158468344,0.012,1.0,2.0,11,0.9623112126245849,0.9731175611431904,0.0115,5.907392026605063e-05,4.984529635598811e-05,0.0005000000000000004,zero
42,occlude_XMV_11,5,20,0.8194270730018616,0.5007268064784053,0.606027926952757,0.01125,0.05,287.0,11,0.501271511627907,0.6062633073090348,0.0115,0.0005447051495016675,0.0002353803562777923,-0.0002500000000000002,zero
42,occlude_XMV_11,6,20,0.8194270730018616,0.9979706810631228,0.9990510401483108,0.008,1.0,1.0,11,0.9979763289036544,0.999053047335399,0.008,5.64784053158629e-06,2.007187088204354e-06,0.0,zero
42,occlude_XMV_11,7,20,0.8194270730018616,0.9967533637873754,0.9984165753620696,0.011,1.0,2.0,11,0.9967485049833888,0.9984144720614974,0.011,-4.858803986595994e-06,-2.1033005722648213e-06,0.0,zero
42,occlude_XMV_11,8,20,0.8194270730018616,0.9685020556478404,0.984444506087272,0.00975,1.0,23.25,11,0.9684860880398672,0.9844352303969036,0.0095,-1.5967607973177422e-05,-9.275690368348855e-06,0.0002500000000000002,zero
42,occlude_XMV_11,9,20,0.8194270730018616,0.5413168812292359,0.6367308811491992,0.01175,0.0,302.0,11,0.5411786752491694,0.636443170526248,0.012,-0.0001382059800665303,-0.0002877106229511872,-0.0002500000000000002,zero
42,occlude_XMV_11,10,20,0.8194270730018616,0.9151788828903654,0.9548130032708508,0.0105,1.0,43.1,11,0.9153458679401992,0.9548864845659164,0.01075,0.00016698504983381213,7.348129506556944e-05,-0.0002499999999999985,zero
42,occlude_XMV_11,11,20,0.8194270730018616,0.9713472591362128,0.9844603902865044,0.01075,1.0,9.0,11,0.9713864825581396,0.9844883718970426,0.01075,3.922342192685946e-05,2.798161053818582e-05,0.0,zero
42,occlude_XMV_11,12,20,0.8194270730018616,0.7718181063122923,0.8584588743194939,0.011,1.0,25.4,11,0.7727283430232558,0.8590352291185905,0.01125,0.0009102367109634635,0.0005763547990966789,-0.0002500000000000002,zero
42,occlude_XMV_11,13,20,0.8194270730018616,0.9481007890365448,0.9747392097990728,0.01075,1.0,34.0,11,0.9480479651162792,0.9747228581028424,0.0105,-5.2823920265621105e-05,-1.635169623037669e-05,0.0002499999999999985,zero
42,occlude_XMV_11,14,20,0.8194270730018616,0.9943137873754152,0.9970244492460668,0.012,1.0,4.05,11,0.9943271179401992,0.9970330030988448,0.01175,1.333056478403094e-05,8.553852777981596e-06,0.0002500000000000002,zero
42,occlude_XMV_11,15,20,0.8194270730018616,0.5134182516611295,0.6169549580703833,0.0095,0.0,302.0,11,0.5134059385382059,0.6168732403019865,0.00975,-1.231312292360176e-05,-8.17177683967163e-05,-0.0002500000000000002,zero
42,occlude_XMV_11,16,20,0.8194270730018616,0.5080355897009967,0.6077910143694347,0.01075,0.0,302.0,11,0.5082352159468438,0.6079852292590551,0.01025,0.00019962624584712874,0.00019421488962034772,0.0004999999999999987,zero
42,occlude_XMV_11,17,20,0.8194270730018616,0.9508565199335548,0.9760702855572208,0.009,1.0,31.4,11,0.9507947051495016,0.9760426805688116,0.0085,-6.181478405320462e-05,-2.7604988409146713e-05,0.0004999999999999987,zero
42,occlude_XMV_11,18,20,0.8194270730018616,0.8744333471760798,0.9311184515422166,0.01025,1.0,63.0,11,0.8746010382059801,0.9312041601317644,0.00975,0.0001676910299003298,8.570858954781713e-05,0.0005000000000000004,zero
42,occlude_XMV_11,19,20,0.8194270730018616,0.9406676910299004,0.9680217628551115,0.01,1.0,30.45,11,0.9407816860465116,0.968092005024265,0.01,0.00011399501661113476,7.024216915341164e-05,0.0,zero
42,occlude_XMV_11,20,20,0.8194270730018616,0.9394465116279068,0.9701502459785064,0.011,1.0,41.35,11,0.9393603820598008,0.9701203008228004,0.01025,-8.612956810605255e-05,-2.994515570597933e-05,0.0007499999999999989,zero
42,occlude_XMV_11,21,20,0.8194270730018616,0.500892815614618,0.6004030804768641,0.01075,0.0,302.0,11,0.5010575166112957,0.6005253488590919,0.01075,0.00016470099667775795,0.00012226838222784142,0.0,zero
42,occlude_XMV_11,22,20,0.8194270730018616,0.5579263496677741,0.648997901726069,0.0135,0.0,302.0,11,0.5580262666112957,0.6488839134900278,0.01375,9.991694352162739e-05,-0.00011398823604114039,-0.0002500000000000002,zero
42,occlude_XMV_11,23,20,0.8194270730018616,0.5383617940199336,0.631828411101347,0.00925,0.0,302.0,11,0.5385429609634551,0.6322182187672772,0.00925,0.00018116694352154905,0.00038980766593021965,0.0,zero
42,occlude_XMV_11,24,20,0.8194270730018616,0.9685973837209302,0.9836688876587538,0.0105,1.0,14.95,11,0.9685969684385382,0.9836734159911134,0.00975,-4.1528239203003636e-07,4.528332359532428e-06,0.0007500000000000007,zero
42,occlude_XMV_11,25,20,0.8194270730018616,0.871035465116279,0.9225790942660916,0.0095,1.0,35.1,11,0.870930419435216,0.9224774787576954,0.009,-0.00010504568106306511,-0.00010161550839626887,0.0005000000000000004,zero
42,occlude_XMV_11,26,20,0.8194270730018616,0.9224102574750832,0.9580812559016388,0.0095,1.0,29.0,11,0.9226222799003322,0.958210787147706,0.009,0.00021202242524898107,0.0001295312460671827,0.0005000000000000004,zero
42,occlude_XMV_11,27,20,0.8194270730018616,0.8054195182724252,0.8765871432541463,0.01,1.0,24.55,11,0.8054270971760797,0.8766934314632385,0.01,7.578903654548164e-06,0.00010628820909219794,0.0,zero
42,occlude_XMV_11,28,20,0.8194270730018616,0.5539269725913621,0.6581191508263042,0.00925,0.0,302.0,11,0.5542116486710963,0.6585390269685509,0.009,0.00028467607973414744,0.0004198761422467001,0.0002500000000000002,zero
43,occlude_XMV_01,1,20,0.8812617659568787,0.9949076411960132,0.9974402654644892,0.0075,1.0,4.95,1,0.9950808139534884,0.9975299277698556,0.00925,0.0001731727574751929,8.96623053664447e-05,-0.0017499999999999998,zero
43,occlude_XMV_01,2,20,0.8812617659568787,0.9894377906976743,0.9946395825808308,0.00775,1.0,12.3,1,0.9900240863787376,0.994886186725774,0.01025,0.0005862956810632758,0.0002466041449431522,-0.0025000000000000005,zero
43,occlude_XMV_01,3,20,0.8812617659568787,0.5345453696013289,0.6255800869353462,0.01175,0.0,302.0,1,0.5398057516611295,0.6326942756312097,0.0085,0.005260382059800617,0.007114188695863555,0.0032499999999999994,zero
43,occlude_XMV_01,4,20,0.8812617659568787,0.9641452242524916,0.974698621690574,0.01025,1.0,2.0,1,0.9696671096345516,0.9790255541560424,0.01075,0.005521885382059999,0.004326932465468447,-0.0004999999999999987,zero
43,occlude_XMV_01,5,20,0.8812617659568787,0.5009731727574751,0.6055496527510996,0.01025,0.15,257.0,1,0.5019449958471761,0.6074807235892674,0.00975,0.0009718230897010072,0.0019310708381677921,0.0005000000000000004,zero
43,occlude_XMV_01,6,20,0.8812617659568787,0.998116569767442,0.9991088346193596,0.0075,1.0,1.0,1,0.9980522840531562,0.999083783878102,0.00825,-6.428571428584995e-05,-2.5050741257581777e-05,-0.0007500000000000007,zero
43,occlude_XMV_01,7,20,0.8812617659568787,0.9967462209302326,0.9984286811719962,0.01025,1.0,2.0,1,0.9966982558139534,0.9983952066733324,0.01025,-4.796511627913613e-05,-3.347449866386576e-05,0.0,zero
43,occlude_XMV_01,8,20,0.8812617659568787,0.968986254152824,0.9847017098293857,0.009,1.0,23.35,1,0.9694003737541528,0.9849620659542444,0.009,0.00041411960132875514,0.0002603561248587516,0.0,zero
43,occlude_XMV_01,9,20,0.8812617659568787,0.5346788621262458,0.6313050883415006,0.00875,0.0,302.0,1,0.5422330772425249,0.6365822628693385,0.0105,0.007554215116279073,0.005277174527837936,-0.0017499999999999998,zero
43,occlude_XMV_01,10,20,0.8812617659568787,0.9184683554817276,0.956491960803342,0.01425,1.0,42.65,1,0.9234089700996678,0.9595615085107572,0.00975,0.004940614617940264,0.003069547707415188,0.0045000000000000005,zero
43,occlude_XMV_01,11,20,0.8812617659568787,0.9773648878737542,0.987888882924944,0.00725,1.0,8.8,1,0.9784831395348838,0.988619439431842,0.01025,0.0011182516611295545,0.0007305565068980169,-0.003,zero
43,occlude_XMV_01,12,20,0.8812617659568787,0.7796400747508305,0.8627584425139018,0.0115,1.0,26.65,1,0.7977713455149502,0.8763396958285637,0.01125,0.01813127076411969,0.013581253314661978,0.0002500000000000002,zero
43,occlude_XMV_01,13,20,0.8812617659568787,0.9471293604651164,0.9742965911923704,0.009,1.0,34.6,1,0.9481636627906976,0.9747970200310933,0.0105,0.0010343023255812156,0.0005004288387228106,-0.0015000000000000013,zero
43,occlude_XMV_01,14,20,0.8812617659568787,0.9952905315614616,0.9976594280159374,0.00925,1.0,4.2,1,0.9954343438538206,0.9977442133008472,0.011,0.00014381229235893578,8.478528490973858e-05,-0.0017499999999999998,zero
43,occlude_XMV_01,15,20,0.8812617659568787,0.5053115033222592,0.6077027649924652,0.0105,0.0,302.0,1,0.5094419019933555,0.6125112155946453,0.011,0.004130398671096325,0.004808450602180048,-0.0004999999999999987,zero
43,occlude_XMV_01,16,20,0.8812617659568787,0.5081591985049834,0.6071136411153535,0.01175,0.0,302.0,1,0.5098782392026578,0.6091423355553508,0.013,0.0017190406976744788,0.002028694439997314,-0.0012499999999999994,zero
43,occlude_XMV_01,17,20,0.8812617659568787,0.9522590531561462,0.9767759867943278,0.00975,1.0,30.95,1,0.9521882059800664,0.9768604092665302,0.007,-7.084717607985791e-05,8.442247220241672e-05,0.00275,zero
43,occlude_XMV_01,18,20,0.8812617659568787,0.8779181478405316,0.9332215492239028,0.0115,1.0,63.2,1,0.8838511835548173,0.936774988480858,0.01,0.005933035714285717,0.003553439256955282,0.0014999999999999996,zero
43,occlude_XMV_01,19,20,0.8812617659568787,0.9468193521594684,0.9709143813804988,0.012,1.0,30.2,1,0.9529775747508306,0.9747289964340248,0.01,0.006158222591362117,0.0038146150535259826,0.002,zero
43,occlude_XMV_01,20,20,0.8812617659568787,0.9395712624584718,0.9702275516944152,0.00925,1.0,41.75,1,0.9394416320598008,0.9702197119147664,0.01025,-0.0001296303986709768,-7.83977964879945e-06,-0.0010000000000000009,zero
43,occlude_XMV_01,21,20,0.8812617659568787,0.5077414451827242,0.6082311979827347,0.0095,0.0,302.0,1,0.4988573712624585,0.5982249233290063,0.01125,-0.008884073920265745,-0.010006274653728386,-0.0017499999999999998,zero
43,occlude_XMV_01,22,20,0.8812617659568787,0.5561823297342192,0.6522544561753695,0.01075,0.0,302.0,1,0.5631645971760797,0.6532031586320565,0.013,0.006982267441860479,0.0009487024566869895,-0.0022500000000000003,zero
43,occlude_XMV_01,23,20,0.8812617659568787,0.5326143064784054,0.6250908553491383,0.0115,0.0,302.0,1,0.5380577034883721,0.6295229401707889,0.01025,0.005443397009966766,0.004432084821650584,0.0012499999999999994,zero
43,occlude_XMV_01,24,20,0.8812617659568787,0.9084435215946844,0.9482625338839972,0.01175,1.0,23.55,1,0.9684987956810632,0.9835692211131628,0.00925,0.060055274086378785,0.035306687229165634,0.0025000000000000005,zero
43,occlude_XMV_01,25,20,0.8812617659568787,0.882756665282392,0.9308150784272204,0.00725,1.0,36.1,1,0.890172342192691,0.9358692355876758,0.0075,0.007415676910298985,0.005054157160455319,-0.00024999999999999935,zero
43,occlude_XMV_01,26,20,0.8812617659568787,0.9220726328903656,0.9578508756309017,0.0085,1.0,28.85,1,0.9266181893687708,0.9607534572898484,0.0105,0.004545556478405266,0.0029025816589467457,-0.002,zero
43,occlude_XMV_01,27,20,0.8812617659568787,0.8136965531561462,0.8813462302274042,0.0095,1.0,24.85,1,0.8234334925249169,0.8885581160518617,0.0075,0.009736939368770736,0.007211885824457531,0.002,zero
43,occlude_XMV_01,28,20,0.8812617659568787,0.5486230066445182,0.6502691145902731,0.011,0.0,302.0,1,0.5576340531561462,0.6613604521533062,0.00925,0.009011046511627985,0.011091337563033044,0.0017499999999999998,zero
43,occlude_XMV_02,1,20,0.8933148980140686,0.9946887873754152,0.9973429911644356,0.011,1.0,4.85,2,0.9950808139534884,0.9975299277698556,0.00925,0.0003920265780731347,0.00018693660542001833,0.0017499999999999998,zero
43,occlude_XMV_02,2,20,0.8933148980140686,0.9896169642857144,0.9946748904849464,0.009,1.0,12.85,2,0.9900240863787376,0.994886186725774,0.01025,0.00040712209302318225,0.00021129624082760756,-0.0012500000000000011,zero
43,occlude_XMV_02,3,20,0.8933148980140686,0.5376431270764119,0.631448143816527,0.0095,0.0,302.0,2,0.5398057516611295,0.6326942756312097,0.0085,0.0021626245847176095,0.0012461318146826939,0.0009999999999999992,zero
43,occlude_XMV_02,4,20,0.8933148980140686,0.9613891196013288,0.9724220919585138,0.01025,1.0,2.0,2,0.9696671096345516,0.9790255541560424,0.01075,0.008277990033222826,0.006603462197528609,-0.0004999999999999987,zero
43,occlude_XMV_02,5,20,0.8933148980140686,0.4972923380398671,0.6027916909555704,0.011,0.0,302.0,2,0.5019449958471761,0.6074807235892674,0.00975,0.004652657807309002,0.004689032633697021,0.0012499999999999994,zero
43,occlude_XMV_02,6,20,0.8933148980140686,0.998130315614618,0.9991191196394764,0.00825,1.0,1.0,2,0.9980522840531562,0.999083783878102,0.00825,-7.80315614617999e-05,-3.533576137437766e-05,0.0,zero
43,occlude_XMV_02,7,20,0.8933148980140686,0.9966715946843854,0.998385571313105,0.01125,1.0,2.0,2,0.9966982558139534,0.9983952066733324,0.01025,2.666112956806188e-05,9.635360227355783e-06,0.0009999999999999992,zero
43,occlude_XMV_02,8,20,0.8933148980140686,0.9692166528239202,0.9848901464285328,0.00825,1.0,23.4,2,0.9694003737541528,0.9849620659542444,0.009,0.00018372093023255598,7.191952571161675e-05,-0.0007499999999999989,zero
43,occlude_XMV_02,9,20,0.8933148980140686,0.5376232558139535,0.6261768758584795,0.01175,0.0,302.0,2,0.5422330772425249,0.6365822628693385,0.0105,0.004609821428571359,0.010405387010859024,0.0012499999999999994,zero
43,occlude_XMV_02,10,20,0.8933148980140686,0.9146524086378738,0.9542016938830236,0.016,1.0,42.25,2,0.9234089700996678,0.9595615085107572,0.00975,0.008756561461794043,0.005359814627733606,0.00625,zero
43,occlude_XMV_02,11,20,0.8933148980140686,0.9758735257475084,0.987084672898476,0.00825,1.0,8.9,2,0.9784831395348838,0.988619439431842,0.01025,0.0026096137873753422,0.0015347665333660387,-0.002,zero
43,occlude_XMV_02,12,20,0.8933148980140686,0.7770778862126246,0.8611609265115571,0.00975,1.0,25.9,2,0.7977713455149502,0.8763396958285637,0.01125,0.02069345930232558,0.01517876931700668,-0.0014999999999999996,zero
43,occlude_XMV_02,13,20,0.8933148980140686,0.9465425664451828,0.9741213800166876,0.008,1.0,34.15,2,0.9481636627906976,0.9747970200310933,0.0105,0.001621096345514883,0.0006756400144056762,-0.0025000000000000005,zero
43,occlude_XMV_02,14,20,0.8933148980140686,0.9952914036544852,0.9976521761611604,0.009,1.0,4.0,2,0.9954343438538206,0.9977442133008472,0.011,0.00014294019933536184,9.203713968675142e-05,-0.002,zero
43,occlude_XMV_02,15,20,0.8933148980140686,0.5027313122923588,0.6055727793080841,0.01175,0.0,302.0,2,0.5094419019933555,0.6125112155946453,0.011,0.006710589700996694,0.0069384362865612115,0.0007500000000000007,zero
43,occlude_XMV_02,16,20,0.8933148980140686,0.504408907807309,0.6067851567995023,0.0105,0.0,302.0,2,0.5098782392026578,0.6091423355553508,0.013,0.0054693313953488865,0.0023571787558485102,-0.0024999999999999988,zero
43,occlude_XMV_02,17,20,0.8933148980140686,0.9516318106312291,0.9764654718162104,0.01025,1.0,30.95,2,0.9521882059800664,0.9768604092665302,0.007,0.0005563953488372242,0.0003949374503198211,0.0032500000000000003,zero
43,occlude_XMV_02,18,20,0.8933148980140686,0.8751728820598007,0.9314235714786724,0.01,1.0,63.15,2,0.8838511835548173,0.936774988480858,0.01,0.008678301495016583,0.0053514170021856655,0.0,zero
43,occlude_XMV_02,19,20,0.8933148980140686,0.945720930232558,0.9702662491985168,0.00975,1.0,30.9,2,0.9529775747508306,0.9747289964340248,0.01,0.00725664451827257,0.004462747235507991,-0.0002500000000000002,zero
43,occlude_XMV_02,20,20,0.8933148980140686,0.9392436669435216,0.970030512977092,0.00825,1.0,41.75,2,0.9394416320598008,0.9702197119147664,0.01025,0.00019796511627923064,0.00018919893767443963,-0.002,zero
43,occlude_XMV_02,21,20,0.8933148980140686,0.5120493978405316,0.613021807886623,0.00875,0.0,302.0,2,0.4988573712624585,0.5982249233290063,0.01125,-0.013192026578073113,-0.01479688455761663,-0.0024999999999999988,zero
43,occlude_XMV_02,22,20,0.8933148980140686,0.561297446013289,0.6490136797378792,0.0105,0.0,302.0,2,0.5631645971760797,0.6532031586320565,0.013,0.0018671511627906812,0.004189478894177312,-0.0024999999999999988,zero
43,occlude_XMV_02,23,20,0.8933148980140686,0.5250493355481728,0.6152862846640783,0.01325,0.0,302.0,2,0.5380577034883721,0.6295229401707889,0.01025,0.013008367940199328,0.014236655506710605,0.002999999999999999,zero
43,occlude_XMV_02,24,20,0.8933148980140686,0.9650350290697676,0.9815815396299368,0.01075,1.0,15.15,2,0.9684987956810632,0.9835692211131628,0.00925,0.00346376661129566,0.0019876814832260337,0.0014999999999999996,zero
43,occlude_XMV_02,25,20,0.8933148980140686,0.6710842400332226,0.7671415191154589,0.007,0.7,171.7,2,0.890172342192691,0.9358692355876758,0.0075,0.2190881021594684,0.16872771647221685,-0.0004999999999999996,zero
43,occlude_XMV_02,26,20,0.8933148980140686,0.9192399501661128,0.9563534768831068,0.00825,1.0,28.55,2,0.9266181893687708,0.9607534572898484,0.0105,0.00737823920265801,0.00439998040674161,-0.0022500000000000003,zero
43,occlude_XMV_02,27,20,0.8933148980140686,0.8097930855481728,0.8772615786601156,0.00925,1.0,27.7,2,0.8234334925249169,0.8885581160518617,0.0075,0.01364040697674418,0.011296537391746186,0.0017499999999999998,zero
43,occlude_XMV_02,28,20,0.8933148980140686,0.5440285506644519,0.647868680428944,0.01125,0.0,302.0,2,0.5576340531561462,0.6613604521533062,0.00925,0.013605502491694343,0.013491771724362223,0.002,zero
43,occlude_XMV_03,1,20,0.864880383014679,0.995044476744186,0.997515706406928,0.0105,1.0,4.5,3,0.9950808139534884,0.9975299277698556,0.00925,3.633720930240614e-05,1.4221362927613335e-05,0.0012500000000000011,zero
43,occlude_XMV_03,2,20,0.864880383014679,0.9897654069767442,0.994756464870141,0.009,1.0,11.85,3,0.9900240863787376,0.994886186725774,0.01025,0.00025867940199342243,0.00012972185563298044,-0.0012500000000000011,zero
43,occlude_XMV_03,3,20,0.864880383014679,0.5372399916943522,0.6302634655992739,0.00875,0.0,302.0,3,0.5398057516611295,0.6326942756312097,0.0085,0.0025657599667773257,0.002430810031935793,0.0002500000000000002,zero
43,occlude_XMV_03,4,20,0.864880383014679,0.9652666320598008,0.9755436042982089,0.0115,1.0,2.0,3,0.9696671096345516,0.9790255541560424,0.01075,0.004400477574750816,0.003481949857833566,0.0007500000000000007,zero
43,occlude_XMV_03,5,20,0.864880383014679,0.5010986088039867,0.6069672488002932,0.00925,0.1,272.0,3,0.5019449958471761,0.6074807235892674,0.00975,0.0008463870431894005,0.000513474788974233,-0.0005000000000000004,zero
43,occlude_XMV_03,6,20,0.864880383014679,0.998110631229236,0.9991008470236756,0.00925,1.0,1.0,3,0.9980522840531562,0.999083783878102,0.00825,-5.834717607988704e-05,-1.7063145573592564e-05,0.0009999999999999992,zero
43,occlude_XMV_03,7,20,0.864880383014679,0.9966794850498338,0.9983843651176484,0.01175,1.0,2.0,3,0.9966982558139534,0.9983952066733324,0.01025,1.8770764119602212e-05,1.0841555683982484e-05,0.0014999999999999996,zero
43,occlude_XMV_03,8,20,0.864880383014679,0.9695108596345516,0.9850406470046602,0.009,1.0,23.05,3,0.9694003737541528,0.9849620659542444,0.009,-0.00011048588039885843,-7.858105041580465e-05,0.0,zero
43,occlude_XMV_03,9,20,0.864880383014679,0.5423596553156146,0.636714535228346,0.01125,0.0,302.0,3,0.5422330772425249,0.6365822628693385,0.0105,-0.00012657807308968927,-0.00013227235900747925,0.0007499999999999989,zero
43,occlude_XMV_03,10,20,0.864880383014679,0.9212362956810632,0.9582300415246542,0.0095,1.0,42.5,3,0.9234089700996678,0.9595615085107572,0.00975,0.002172674418604581,0.0013314669861029804,-0.0002500000000000002,zero
43,occlude_XMV_03,11,20,0.864880383014679,0.9774144933554816,0.9880457285866712,0.00875,1.0,8.85,3,0.9784831395348838,0.988619439431842,0.01025,0.0010686461794021662,0.0005737108451708828,-0.0014999999999999996,zero
43,occlude_XMV_03,12,20,0.864880383014679,0.7911196636212624,0.871653827783657,0.01175,1.0,25.85,3,0.7977713455149502,0.8763396958285637,0.01125,0.006651681893687811,0.0046858680449067824,0.0005000000000000004,zero
43,occlude_XMV_03,13,20,0.864880383014679,0.9482786129568106,0.9747713141981552,0.0095,1.0,34.1,3,0.9481636627906976,0.9747970200310933,0.0105,-0.00011495016611295927,2.5705832938038853e-05,-0.0010000000000000009,zero
43,occlude_XMV_03,14,20,0.864880383014679,0.9953627906976744,0.9976961399944052,0.0095,1.0,4.0,3,0.9954343438538206,0.9977442133008472,0.011,7.155315614615354e-05,4.8073306441964725e-05,-0.0014999999999999996,zero
43,occlude_XMV_03,15,20,0.864880383014679,0.505589742524917,0.6072582417248891,0.01325,0.0,302.0,3,0.5094419019933555,0.6125112155946453,0.011,0.003852159468438532,0.005252973869756206,0.0022500000000000003,zero
43,occlude_XMV_03,16,20,0.864880383014679,0.512297030730897,0.6104603830377279,0.01175,0.0,302.0,3,0.5098782392026578,0.6091423355553508,0.013,-0.002418791528239206,-0.0013180474823770716,-0.0012499999999999994,zero
43,occlude_XMV_03,17,20,0.864880383014679,0.9522626453488372,0.9767958829030592,0.0085,1.0,31.0,3,0.9521882059800664,0.9768604092665302,0.007,-7.44393687708289e-05,6.452636347098473e-05,0.0015000000000000005,zero
43,occlude_XMV_03,18,20,0.864880383014679,0.8824098837209302,0.9358937429495364,0.009,1.0,62.05,3,0.8838511835548173,0.936774988480858,0.01,0.0014412998338870775,0.0008812455313216283,-0.0010000000000000009,zero
43,occlude_XMV_03,19,20,0.864880383014679,0.9518036129568106,0.973912188617908,0.008,1.0,30.3,3,0.9529775747508306,0.9747289964340248,0.01,0.001173961794019962,0.0008168078161168157,-0.002,zero
43,occlude_XMV_03,20,20,0.864880383014679,0.9392564784053156,0.9701030537939654,0.01175,1.0,41.15,3,0.9394416320598008,0.9702197119147664,0.01025,0.00018515365448523724,0.00011665812080097204,0.0014999999999999996,zero
43,occlude_XMV_03,21,20,0.864880383014679,0.4953777408637874,0.5948089230373229,0.0135,0.0,302.0,3,0.4988573712624585,0.5982249233290063,0.01125,0.0034796303986711075,0.0034160002916834298,0.0022500000000000003,zero
43,occlude_XMV_03,22,20,0.864880383014679,0.5613424626245848,0.6525776979783681,0.013,0.0,302.0,3,0.5631645971760797,0.6532031586320565,0.013,0.001822134551494936,0.0006254606536884033,0.0,zero
43,occlude_XMV_03,23,20,0.864880383014679,0.5176642649501662,0.613290483377384,0.00925,0.0,302.0,3,0.5380577034883721,0.6295229401707889,0.01025,0.020393438538205966,0.016232456793404904,-0.0010000000000000009,zero
43,occlude_XMV_03,24,20,0.864880383014679,0.9667861710963456,0.9826418894020664,0.00975,1.0,14.9,3,0.9684987956810632,0.9835692211131628,0.00925,0.001712624584717659,0.0009273317110963797,0.0005000000000000004,zero
43,occlude_XMV_03,25,20,0.864880383014679,0.887005627076412,0.9336149910331124,0.008,1.0,36.05,3,0.890172342192691,0.9358692355876758,0.0075,0.003166715116279084,0.002254244554563356,0.0005000000000000004,zero
43,occlude_XMV_03,26,20,0.864880383014679,0.9242409260797342,0.9593337451818448,0.01,1.0,28.6,3,0.9266181893687708,0.9607534572898484,0.0105,0.0023772632890366463,0.0014197121080036235,-0.0005000000000000004,zero
43,occlude_XMV_03,27,20,0.864880383014679,0.8156045681063123,0.8831533090523082,0.00775,1.0,24.2,3,0.8234334925249169,0.8885581160518617,0.0075,0.00782892441860461,0.005404806999553591,0.0002500000000000002,zero
43,occlude_XMV_03,28,20,0.864880383014679,0.5534995224252491,0.6561854480741669,0.01,0.0,302.0,3,0.5576340531561462,0.6613604521533062,0.00925,0.00413453073089709,0.005175004079139289,0.0007500000000000007,zero
43,occlude_XMV_04,1,20,0.8614185452461243,0.9949412375415282,0.9974643778213994,0.009,1.0,4.75,4,0.9950808139534884,0.9975299277698556,0.00925,0.0001395764119601628,6.554994845620055e-05,-0.0002500000000000002,zero
43,occlude_XMV_04,2,20,0.8614185452461243,0.9894948504983389,0.9946490498767326,0.009,1.0,11.65,4,0.9900240863787376,0.994886186725774,0.01025,0.0005292358803987707,0.0002371368490413639,-0.0012500000000000011,zero
43,occlude_XMV_04,3,20,0.8614185452461243,0.5349524709302326,0.6287946414413255,0.01,0.0,302.0,4,0.5398057516611295,0.6326942756312097,0.0085,0.004853280730896969,0.00389963418988426,0.0014999999999999996,zero
43,occlude_XMV_04,4,20,0.8614185452461243,0.9656683970099668,0.9762958727369588,0.00925,1.0,2.0,4,0.9696671096345516,0.9790255541560424,0.01075,0.003998712624584844,0.002729681419083585,-0.0014999999999999996,zero
43,occlude_XMV_04,5,20,0.8614185452461243,0.4991419019933555,0.6058163896809472,0.009,0.05,287.0,4,0.5019449958471761,0.6074807235892674,0.00975,0.002803093853820604,0.0016643339083202147,-0.0007500000000000007,zero
43,occlude_XMV_04,6,20,0.8614185452461243,0.9980542774086378,0.99908915705998,0.00825,1.0,1.0,4,0.9980522840531562,0.999083783878102,0.00825,-1.993355481677561e-06,-5.373181877987854e-06,0.0,zero
43,occlude_XMV_04,7,20,0.8614185452461243,0.5892480274086379,0.7095273544526057,0.01125,1.0,2.0,4,0.9966982558139534,0.9983952066733324,0.01025,0.40745022840531553,0.28886785222072664,0.0009999999999999992,zero
43,occlude_XMV_04,8,20,0.8614185452461243,0.9692173172757476,0.9848980225292356,0.0095,1.0,23.4,4,0.9694003737541528,0.9849620659542444,0.009,0.0001830564784052191,6.404342500876403e-05,0.0005000000000000004,zero
43,occlude_XMV_04,9,20,0.8614185452461243,0.5398662583056478,0.6341472761467223,0.0085,0.0,302.0,4,0.5422330772425249,0.6365822628693385,0.0105,0.0023668189368770687,0.002434986722616217,-0.002,zero
43,occlude_XMV_04,10,20,0.8614185452461243,0.9212111710963456,0.9583371700959554,0.0105,1.0,42.5,4,0.9234089700996678,0.9595615085107572,0.00975,0.002197799003322176,0.00122433841480174,0.0007500000000000007,zero
43,occlude_XMV_04,11,20,0.8614185452461243,0.9772557516611295,0.9879337445403752,0.00825,1.0,8.8,4,0.9784831395348838,0.988619439431842,0.01025,0.0012273878737542043,0.0006856948914668592,-0.002,zero
43,occlude_XMV_04,12,20,0.8614185452461243,0.7903396802325582,0.8706802522681701,0.01075,1.0,25.65,4,0.7977713455149502,0.8763396958285637,0.01125,0.00743166528239203,0.005659443560393607,-0.0005000000000000004,zero
43,occlude_XMV_04,13,20,0.8614185452461243,0.9481919019933556,0.974770364321499,0.0115,1.0,34.4,4,0.9481636627906976,0.9747970200310933,0.0105,-2.823920265793145e-05,2.665570959425878e-05,0.0009999999999999992,zero
43,occlude_XMV_04,14,20,0.8614185452461243,0.9955573504983388,0.9977852092192844,0.00875,1.0,4.05,4,0.9954343438538206,0.9977442133008472,0.011,-0.00012300664451825316,-4.0995918437203294e-05,-0.0022499999999999985,zero
43,occlude_XMV_04,15,20,0.8614185452461243,0.5069464908637874,0.6112196916263252,0.0105,0.0,302.0,4,0.5094419019933555,0.6125112155946453,0.011,0.0024954111295680814,0.0012915239683201074,-0.0004999999999999987,zero
43,occlude_XMV_04,16,20,0.8614185452461243,0.5062481519933555,0.6051312983879353,0.01175,0.0,302.0,4,0.5098782392026578,0.6091423355553508,0.013,0.0036300872093023573,0.0040110371674154655,-0.0012499999999999994,zero
43,occlude_XMV_04,17,20,0.8614185452461243,0.9519642441860464,0.9767528937600924,0.0075,1.0,30.85,4,0.9521882059800664,0.9768604092665302,0.007,0.00022396179401995564,0.00010751550643772756,0.0004999999999999996,zero
43,occlude_XMV_04,18,20,0.8614185452461243,0.8802230689368771,0.93461227532172,0.00925,1.0,62.55,4,0.8838511835548173,0.936774988480858,0.01,0.0036281146179402146,0.0021627131591380744,-0.0007500000000000007,zero
43,occlude_XMV_04,19,20,0.8614185452461243,0.9516642026578072,0.9739103999880078,0.0085,1.0,29.1,4,0.9529775747508306,0.9747289964340248,0.01,0.0013133720930234016,0.0008185964460170059,-0.0014999999999999996,zero
43,occlude_XMV_04,20,20,0.8614185452461243,0.939346926910299,0.970131400680511,0.009,1.0,41.75,4,0.9394416320598008,0.9702197119147664,0.01025,9.470514950182807e-05,8.831123425545595e-05,-0.0012500000000000011,zero
43,occlude_XMV_04,21,20,0.8614185452461243,0.4966741279069767,0.5970792040552462,0.012,0.0,302.0,4,0.4988573712624585,0.5982249233290063,0.01125,0.002183243355481812,0.0011457192737601707,0.0007500000000000007,zero
43,occlude_XMV_04,22,20,0.8614185452461243,0.5579328696013289,0.6470154599107381,0.0115,0.0,302.0,4,0.5631645971760797,0.6532031586320565,0.013,0.005231727574750766,0.006187698721318413,-0.0014999999999999996,zero
43,occlude_XMV_04,23,20,0.8614185452461243,0.5363189368770764,0.6278795547467775,0.0105,0.0,302.0,4,0.5380577034883721,0.6295229401707889,0.01025,0.0017387666112956834,0.0016433854240114343,0.0002500000000000002,zero
43,occlude_XMV_04,24,20,0.8614185452461243,0.9680559177740864,0.9833380406957912,0.0075,1.0,15.05,4,0.9684987956810632,0.9835692211131628,0.00925,0.00044287790697683516,0.00023118041737157924,-0.0017499999999999998,zero
43,occlude_XMV_04,25,20,0.8614185452461243,0.886093127076412,0.9329922708403362,0.00725,1.0,35.15,4,0.890172342192691,0.9358692355876758,0.0075,0.004079215116279067,0.002876964747339561,-0.00024999999999999935,zero
43,occlude_XMV_04,26,20,0.8614185452461243,0.5566919019933555,0.6548804767001325,0.0105,0.15,275.7,4,0.9266181893687708,0.9607534572898484,0.0105,0.36992628737541533,0.3058729805897159,0.0,zero
43,occlude_XMV_04,27,20,0.8614185452461243,0.8166398255813954,0.8832970007109301,0.00775,1.0,23.2,4,0.8234334925249169,0.8885581160518617,0.0075,0.00679366694352157,0.005261115340931655,0.0002500000000000002,zero
43,occlude_XMV_04,28,20,0.8614185452461243,0.5489195390365449,0.6528285722265722,0.0105,0.0,302.0,4,0.5576340531561462,0.6613604521533062,0.00925,0.008714514119601335,0.008531879926733987,0.0012500000000000011,zero
43,occlude_XMV_05,1,20,0.8427844047546387,0.9950808139534884,0.9975299277698556,0.00925,1.0,4.45,5,0.9950808139534884,0.9975299277698556,0.00925,0.0,0.0,0.0,zero
43,occlude_XMV_05,2,20,0.8427844047546387,0.9900240863787376,0.994886186725774,0.01025,1.0,11.25,5,0.9900240863787376,0.994886186725774,0.01025,0.0,0.0,0.0,zero
43,occlude_XMV_05,3,20,0.8427844047546387,0.5398057516611295,0.6326942756312097,0.0085,0.0,302.0,5,0.5398057516611295,0.6326942756312097,0.0085,0.0,0.0,0.0,zero
43,occlude_XMV_05,4,20,0.8427844047546387,0.9696671096345516,0.9790255541560424,0.01075,1.0,2.0,5,0.9696671096345516,0.9790255541560424,0.01075,0.0,0.0,0.0,zero
43,occlude_XMV_05,5,20,0.8427844047546387,0.5019449958471761,0.6074807235892674,0.00975,0.1,272.0,5,0.5019449958471761,0.6074807235892674,0.00975,0.0,0.0,0.0,zero
43,occlude_XMV_05,6,20,0.8427844047546387,0.9980522840531562,0.999083783878102,0.00825,1.0,1.0,5,0.9980522840531562,0.999083783878102,0.00825,0.0,0.0,0.0,zero
43,occlude_XMV_05,7,20,0.8427844047546387,0.9966982558139534,0.9983952066733324,0.01025,1.0,2.0,5,0.9966982558139534,0.9983952066733324,0.01025,0.0,0.0,0.0,zero
43,occlude_XMV_05,8,20,0.8427844047546387,0.9694003737541528,0.9849620659542444,0.009,1.0,23.1,5,0.9694003737541528,0.9849620659542444,0.009,0.0,0.0,0.0,zero
43,occlude_XMV_05,9,20,0.8427844047546387,0.5422330772425249,0.6365822628693385,0.0105,0.0,302.0,5,0.5422330772425249,0.6365822628693385,0.0105,0.0,0.0,0.0,zero
43,occlude_XMV_05,10,20,0.8427844047546387,0.9234089700996678,0.9595615085107572,0.00975,1.0,41.95,5,0.9234089700996678,0.9595615085107572,0.00975,0.0,0.0,0.0,zero
43,occlude_XMV_05,11,20,0.8427844047546387,0.9784831395348838,0.988619439431842,0.01025,1.0,8.7,5,0.9784831395348838,0.988619439431842,0.01025,0.0,0.0,0.0,zero
43,occlude_XMV_05,12,20,0.8427844047546387,0.7977713455149502,0.8763396958285637,0.01125,1.0,25.65,5,0.7977713455149502,0.8763396958285637,0.01125,0.0,0.0,0.0,zero
43,occlude_XMV_05,13,20,0.8427844047546387,0.9481636627906976,0.9747970200310933,0.0105,1.0,33.95,5,0.9481636627906976,0.9747970200310933,0.0105,0.0,0.0,0.0,zero
43,occlude_XMV_05,14,20,0.8427844047546387,0.9954343438538206,0.9977442133008472,0.011,1.0,3.8,5,0.9954343438538206,0.9977442133008472,0.011,0.0,0.0,0.0,zero
43,occlude_XMV_05,15,20,0.8427844047546387,0.5094419019933555,0.6125112155946453,0.011,0.0,302.0,5,0.5094419019933555,0.6125112155946453,0.011,0.0,0.0,0.0,zero
43,occlude_XMV_05,16,20,0.8427844047546387,0.5098782392026578,0.6091423355553508,0.013,0.0,302.0,5,0.5098782392026578,0.6091423355553508,0.013,0.0,0.0,0.0,zero
43,occlude_XMV_05,17,20,0.8427844047546387,0.9521882059800664,0.9768604092665302,0.007,1.0,30.85,5,0.9521882059800664,0.9768604092665302,0.007,0.0,0.0,0.0,zero
43,occlude_XMV_05,18,20,0.8427844047546387,0.8838511835548173,0.936774988480858,0.01,1.0,61.95,5,0.8838511835548173,0.936774988480858,0.01,0.0,0.0,0.0,zero
43,occlude_XMV_05,19,20,0.8427844047546387,0.9529775747508306,0.9747289964340248,0.01,1.0,28.35,5,0.9529775747508306,0.9747289964340248,0.01,0.0,0.0,0.0,zero
43,occlude_XMV_05,20,20,0.8427844047546387,0.9394416320598008,0.9702197119147664,0.01025,1.0,41.05,5,0.9394416320598008,0.9702197119147664,0.01025,0.0,0.0,0.0,zero
43,occlude_XMV_05,21,20,0.8427844047546387,0.4988573712624585,0.5982249233290063,0.01125,0.0,302.0,5,0.4988573712624585,0.5982249233290063,0.01125,0.0,0.0,0.0,zero
43,occlude_XMV_05,22,20,0.8427844047546387,0.5631645971760797,0.6532031586320565,0.013,0.0,302.0,5,0.5631645971760797,0.6532031586320565,0.013,0.0,0.0,0.0,zero
43,occlude_XMV_05,23,20,0.8427844047546387,0.5380577034883721,0.6295229401707889,0.01025,0.0,302.0,5,0.5380577034883721,0.6295229401707889,0.01025,0.0,0.0,0.0,zero
43,occlude_XMV_05,24,20,0.8427844047546387,0.9684987956810632,0.9835692211131628,0.00925,1.0,14.85,5,0.9684987956810632,0.9835692211131628,0.00925,0.0,0.0,0.0,zero
43,occlude_XMV_05,25,20,0.8427844047546387,0.890172342192691,0.9358692355876758,0.0075,1.0,34.65,5,0.890172342192691,0.9358692355876758,0.0075,0.0,0.0,0.0,zero
43,occlude_XMV_05,26,20,0.8427844047546387,0.9266181893687708,0.9607534572898484,0.0105,1.0,28.05,5,0.9266181893687708,0.9607534572898484,0.0105,0.0,0.0,0.0,zero
43,occlude_XMV_05,27,20,0.8427844047546387,0.8234334925249169,0.8885581160518617,0.0075,1.0,22.45,5,0.8234334925249169,0.8885581160518617,0.0075,0.0,0.0,0.0,zero
43,occlude_XMV_05,28,20,0.8427844047546387,0.5576340531561462,0.6613604521533062,0.00925,0.0,302.0,5,0.5576340531561462,0.6613604521533062,0.00925,0.0,0.0,0.0,zero
43,occlude_XMV_06,1,20,0.875391960144043,0.995047549833887,0.9975015426420752,0.00925,1.0,4.65,6,0.9950808139534884,0.9975299277698556,0.00925,3.3264119601361664e-05,2.8385127780361508e-05,0.0,zero
43,occlude_XMV_06,2,20,0.875391960144043,0.9899245016611296,0.994842755363783,0.0095,1.0,11.75,6,0.9900240863787376,0.994886186725774,0.01025,9.958471760806997e-05,4.3431361991030926e-05,-0.0007500000000000007,zero
43,occlude_XMV_06,3,20,0.875391960144043,0.538794372923588,0.6334159797303127,0.00775,0.0,302.0,6,0.5398057516611295,0.6326942756312097,0.0085,0.001011378737541535,-0.0007217040991029933,-0.0007500000000000007,zero
43,occlude_XMV_06,4,20,0.875391960144043,0.9659172549833888,0.9757551835224156,0.01225,1.0,2.0,6,0.9696671096345516,0.9790255541560424,0.01075,0.0037498546511628428,0.0032703706336267846,0.0015000000000000013,zero
43,occlude_XMV_06,5,20,0.875391960144043,0.5058702242524917,0.6099482745438098,0.0105,0.05,287.0,6,0.5019449958471761,0.6074807235892674,0.00975,-0.003925228405315617,-0.00246755095454243,0.0007500000000000007,zero
43,occlude_XMV_06,6,20,0.875391960144043,0.9980539867109636,0.999086631004647,0.00825,1.0,1.0,6,0.9980522840531562,0.999083783878102,0.00825,-1.702657807411967e-06,-2.847126544969214e-06,0.0,zero
43,occlude_XMV_06,7,20,0.875391960144043,0.9966058762458472,0.9983608647876014,0.0095,1.0,2.0,6,0.9966982558139534,0.9983952066733324,0.01025,9.237956810626002e-05,3.4341885730926336e-05,-0.0007500000000000007,zero
43,occlude_XMV_06,8,20,0.875391960144043,0.9693762873754151,0.9849159380926906,0.0075,1.0,23.25,6,0.9694003737541528,0.9849620659542444,0.009,2.4086378737631087e-05,4.612786155377968e-05,-0.0014999999999999996,zero
43,occlude_XMV_06,9,20,0.875391960144043,0.5444223006644519,0.6385681077841668,0.01075,0.0,302.0,6,0.5422330772425249,0.6365822628693385,0.0105,-0.0021892234219269557,-0.0019858449148283386,0.0002499999999999985,zero
43,occlude_XMV_06,10,20,0.875391960144043,0.91991823089701,0.9576186780781984,0.0095,1.0,40.95,6,0.9234089700996678,0.9595615085107572,0.00975,0.0034907392026578554,0.0019428304325587176,-0.0002500000000000002,zero
43,occlude_XMV_06,11,20,0.875391960144043,0.9788326827242524,0.9888109001427048,0.009,1.0,8.85,6,0.9784831395348838,0.988619439431842,0.01025,-0.0003495431893686396,-0.0001914607108627342,-0.0012500000000000011,zero
43,occlude_XMV_06,12,20,0.875391960144043,0.798916196013289,0.8766334694274134,0.01025,1.0,22.85,6,0.7977713455149502,0.8763396958285637,0.01125,-0.0011448504983387897,-0.0002937735988496337,-0.0009999999999999992,zero
43,occlude_XMV_06,13,20,0.875391960144043,0.9483407392026578,0.9748547923286344,0.00925,1.0,34.0,6,0.9481636627906976,0.9747970200310933,0.0105,-0.00017707641196018642,-5.777229754111435e-05,-0.0012500000000000011,zero
43,occlude_XMV_06,14,20,0.875391960144043,0.9953478820598006,0.9977011727290128,0.00975,1.0,3.8,6,0.9954343438538206,0.9977442133008472,0.011,8.646179401994303e-05,4.304057183435184e-05,-0.0012499999999999994,zero
43,occlude_XMV_06,15,20,0.875391960144043,0.5094792981727575,0.6136570686723218,0.00925,0.0,302.0,6,0.5094419019933555,0.6125112155946453,0.011,-3.7396179402016116e-05,-0.0011458530776765619,-0.0017499999999999998,zero
43,occlude_XMV_06,16,20,0.875391960144043,0.5072077865448505,0.6071802277332436,0.01175,0.0,302.0,6,0.5098782392026578,0.6091423355553508,0.013,0.0026704526578072985,0.001962107822107151,-0.0012499999999999994,zero
43,occlude_XMV_06,17,20,0.875391960144043,0.9508365240863788,0.9762783842866938,0.007,1.0,30.95,6,0.9521882059800664,0.9768604092665302,0.007,0.0013516818936876174,0.000582024979836393,0.0,zero
43,occlude_XMV_06,18,20,0.875391960144043,0.8820572051495017,0.9358038037581972,0.009,1.0,62.55,6,0.8838511835548173,0.936774988480858,0.01,0.0017939784053155883,0.0009711847226608894,-0.0010000000000000009,zero
43,occlude_XMV_06,19,20,0.875391960144043,0.951634260797342,0.9739539191034832,0.01,1.0,30.45,6,0.9529775747508306,0.9747289964340248,0.01,0.001343313953488523,0.000775077330541607,0.0,zero
43,occlude_XMV_06,20,20,0.875391960144043,0.9390954734219268,0.970045817591516,0.009,1.0,41.05,6,0.9394416320598008,0.9702197119147664,0.01025,0.0003461586378740167,0.0001738943232504342,-0.0012500000000000011,zero
43,occlude_XMV_06,21,20,0.875391960144043,0.4969613164451827,0.5966275953719309,0.0115,0.0,302.0,6,0.4988573712624585,0.5982249233290063,0.01125,0.001896054817275783,0.0015973279570754562,0.0002500000000000002,zero
43,occlude_XMV_06,22,20,0.875391960144043,0.570381872923588,0.6583821372053814,0.01075,0.0,302.0,6,0.5631645971760797,0.6532031586320565,0.013,-0.0072172757475083005,-0.005178978573324944,-0.0022500000000000003,zero
43,occlude_XMV_06,23,20,0.875391960144043,0.5359396179401993,0.627309827027317,0.00875,0.0,302.0,6,0.5380577034883721,0.6295229401707889,0.01025,0.0021180855481728322,0.0022131131434719453,-0.0014999999999999996,zero
43,occlude_XMV_06,24,20,0.875391960144043,0.9714565199335548,0.9852924520508274,0.00925,1.0,15.2,6,0.9684987956810632,0.9835692211131628,0.00925,-0.0029577242524915226,-0.0017232309376645771,0.0,zero
43,occlude_XMV_06,25,20,0.875391960144043,0.8878954734219269,0.9338130311326844,0.0095,1.0,32.95,6,0.890172342192691,0.9358692355876758,0.0075,0.002276868770764162,0.0020562044549913283,0.002,zero
43,occlude_XMV_06,26,20,0.875391960144043,0.926718646179402,0.9609851939749796,0.007,1.0,28.2,6,0.9266181893687708,0.9607534572898484,0.0105,-0.00010045681063119982,-0.00023173668513121193,-0.0035000000000000005,zero
43,occlude_XMV_06,27,20,0.875391960144043,0.8227638704318937,0.887932117462791,0.00725,1.0,21.95,6,0.8234334925249169,0.8885581160518617,0.0075,0.0006696220930232366,0.0006259985890707531,-0.00024999999999999935,zero
43,occlude_XMV_06,28,20,0.875391960144043,0.5583186254152824,0.6610853982545157,0.01,0.0,302.0,6,0.5576340531561462,0.6613604521533062,0.00925,-0.0006845722591362069,0.00027505389879045605,0.0007500000000000007,zero
43,occlude_XMV_07,1,20,0.8447759747505188,0.9950218023255814,0.9974984685462835,0.0105,1.0,4.45,7,0.9950808139534884,0.9975299277698556,0.00925,5.9011627907001873e-05,3.145922357206121e-05,0.0012500000000000011,zero
43,occlude_XMV_07,2,20,0.8447759747505188,0.9898992109634552,0.994818607440112,0.011,1.0,11.9,7,0.9900240863787376,0.994886186725774,0.01025,0.00012487541528238832,6.757928566203386e-05,0.0007499999999999989,zero
43,occlude_XMV_07,3,20,0.8447759747505188,0.5403760589700997,0.6329763381899705,0.009,0.0,302.0,7,0.5398057516611295,0.6326942756312097,0.0085,-0.0005703073089701194,-0.0002820625587607317,0.0004999999999999987,zero
43,occlude_XMV_07,4,20,0.8447759747505188,0.9709048172757476,0.979866871418828,0.0105,1.0,2.0,7,0.9696671096345516,0.9790255541560424,0.01075,-0.0012377076411960175,-0.0008413172627855792,-0.0002499999999999985,zero
43,occlude_XMV_07,5,20,0.8447759747505188,0.5018226951827243,0.6075008846144202,0.01,0.1,272.0,7,0.5019449958471761,0.6074807235892674,0.00975,0.0001223006644518465,-2.0161025152787282e-05,0.0002500000000000002,zero
43,occlude_XMV_07,6,20,0.8447759747505188,0.9980926910299004,0.9990999136701252,0.008,1.0,1.0,7,0.9980522840531562,0.999083783878102,0.00825,-4.040697674423388e-05,-1.612979202314513e-05,-0.0002500000000000002,zero
43,occlude_XMV_07,7,20,0.8447759747505188,0.9967088455149502,0.9984017219692196,0.0115,1.0,2.0,7,0.9966982558139534,0.9983952066733324,0.01025,-1.0589700996765927e-05,-6.515295887243866e-06,0.0012499999999999994,zero
43,occlude_XMV_07,8,20,0.8447759747505188,0.9692558554817275,0.9848614843299868,0.0105,1.0,23.1,7,0.9694003737541528,0.9849620659542444,0.009,0.0001445182724252314,0.00010058162425763406,0.0015000000000000013,zero
43,occlude_XMV_07,9,20,0.8447759747505188,0.5430689991694352,0.6370098470639282,0.01075,0.0,302.0,7,0.5422330772425249,0.6365822628693385,0.0105,-0.000835921926910288,-0.00042758419458965857,0.0002499999999999985,zero
43,occlude_XMV_07,10,20,0.8447759747505188,0.9216563953488373,0.9584143649427158,0.0095,1.0,42.15,7,0.9234089700996678,0.9595615085107572,0.00975,0.0017525747508305711,0.0011471435680413533,-0.0002500000000000002,zero
43,occlude_XMV_07,11,20,0.8447759747505188,0.9785193521594684,0.9886323992497936,0.0105,1.0,8.7,7,0.9784831395348838,0.988619439431842,0.01025,-3.6212624584641695e-05,-1.2959817951574415e-05,0.0002500000000000002,zero
43,occlude_XMV_07,12,20,0.8447759747505188,0.7973616901993356,0.8761533508804511,0.01325,1.0,24.4,7,0.7977713455149502,0.8763396958285637,0.01125,0.0004096553156146543,0.0001863449481126489,0.002,zero
43,occlude_XMV_07,13,20,0.8447759747505188,0.9481291528239204,0.9747606151246466,0.0105,1.0,34.0,7,0.9481636627906976,0.9747970200310933,0.0105,3.450996677722973e-05,3.640490644662986e-05,0.0,zero
43,occlude_XMV_07,14,20,0.8447759747505188,0.995427242524917,0.9977392923943944,0.0115,1.0,3.8,7,0.9954343438538206,0.9977442133008472,0.011,7.101328903580395e-06,4.92090645276555e-06,0.0005000000000000004,zero
43,occlude_XMV_07,15,20,0.8447759747505188,0.509115261627907,0.6131240069495167,0.01,0.0,302.0,7,0.5094419019933555,0.6125112155946453,0.011,0.00032664036544849395,-0.000612791354871467,-0.0009999999999999992,zero
43,occlude_XMV_07,16,20,0.8447759747505188,0.5092628737541528,0.6086966030270096,0.01225,0.0,302.0,7,0.5098782392026578,0.6091423355553508,0.013,0.0006153654485050453,0.0004457325283412361,-0.0007499999999999989,zero
43,occlude_XMV_07,17,20,0.8447759747505188,0.9524311877076412,0.9769313040640988,0.007,1.0,30.95,7,0.9521882059800664,0.9768604092665302,0.007,-0.0002429817275748647,-7.089479756861028e-05,0.0,zero
43,occlude_XMV_07,18,20,0.8447759747505188,0.8855301079734219,0.9378984956961528,0.01075,1.0,61.95,7,0.8838511835548173,0.936774988480858,0.01,-0.0016789244186046215,-0.00112350721529475,0.0007499999999999989,zero
43,occlude_XMV_07,19,20,0.8447759747505188,0.8843226328903655,0.9343806661401804,0.01025,1.0,40.55,7,0.9529775747508306,0.9747289964340248,0.01,0.06865494186046506,0.040348330293844326,0.0002500000000000002,zero
43,occlude_XMV_07,20,20,0.8447759747505188,0.93885,0.9698338932882324,0.01025,1.0,41.05,7,0.9394416320598008,0.9702197119147664,0.01025,0.0005916320598008395,0.0003858186265339736,0.0,zero
43,occlude_XMV_07,21,20,0.8447759747505188,0.4988429609634551,0.5987011665644382,0.011,0.0,302.0,7,0.4988573712624585,0.5982249233290063,0.01125,1.4410299003397853e-05,-0.000476243235431828,-0.0002500000000000002,zero
43,occlude_XMV_07,22,20,0.8447759747505188,0.5623793812292359,0.6524742546019231,0.0125,0.0,302.0,7,0.5631645971760797,0.6532031586320565,0.013,0.0007852159468437758,0.0007289040301333705,-0.0004999999999999987,zero
43,occlude_XMV_07,23,20,0.8447759747505188,0.5380598837209303,0.6291936516053994,0.011,0.0,302.0,7,0.5380577034883721,0.6295229401707889,0.01025,-2.180232558157691e-06,0.00032928856538949614,0.0007499999999999989,zero
43,occlude_XMV_07,24,20,0.8447759747505188,0.9680851328903656,0.983340232410226,0.009,1.0,14.9,7,0.9684987956810632,0.9835692211131628,0.00925,0.0004136627906976553,0.0002289887029368609,-0.0002500000000000002,zero
43,occlude_XMV_07,25,20,0.8447759747505188,0.8904610257475083,0.9360114019033298,0.0085,1.0,34.85,7,0.890172342192691,0.9358692355876758,0.0075,-0.0002886835548172595,-0.00014216631565400206,0.0010000000000000009,zero
43,occlude_XMV_07,26,20,0.8447759747505188,0.9263199750830564,0.9605121786876684,0.012,1.0,28.15,7,0.9266181893687708,0.9607534572898484,0.0105,0.00029821428571441544,0.0002412786021800395,0.0014999999999999996,zero
43,occlude_XMV_07,27,20,0.8447759747505188,0.8231034053156147,0.8883785229175045,0.00775,1.0,22.4,7,0.8234334925249169,0.8885581160518617,0.0075,0.00033008720930227664,0.00017959313435722546,0.0002500000000000002,zero
43,occlude_XMV_07,28,20,0.8447759747505188,0.5569881852159468,0.6608896074409344,0.0095,0.0,302.0,7,0.5576340531561462,0.6613604521533062,0.00925,0.000645867940199385,0.0004708447123717985,0.0002500000000000002,zero
43,occlude_XMV_08,1,20,0.8432268500328064,0.9950664036544852,0.9975199767925884,0.009,1.0,4.5,8,0.9950808139534884,0.9975299277698556,0.00925,1.4410299003175808e-05,9.950977267192407e-06,-0.0002500000000000002,zero
43,occlude_XMV_08,2,20,0.8432268500328064,0.9899709717607972,0.99485832867694,0.0105,1.0,11.4,8,0.9900240863787376,0.994886186725774,0.01025,5.311461794044181e-05,2.7858048833984128e-05,0.0002500000000000002,zero
43,occlude_XMV_08,3,20,0.8432268500328064,0.5397794642857143,0.6329013600624008,0.008,0.0,302.0,8,0.5398057516611295,0.6326942756312097,0.0085,2.6287375415212644e-05,-0.00020708443119110687,-0.0005000000000000004,zero
43,occlude_XMV_08,4,20,0.8432268500328064,0.9697269310631228,0.979108629887971,0.01125,1.0,2.0,8,0.9696671096345516,0.9790255541560424,0.01075,-5.982142857119399e-05,-8.307573192856132e-05,0.0005000000000000004,zero
43,occlude_XMV_08,5,20,0.8432268500328064,0.5018263289036545,0.6072950365972952,0.0105,0.15,257.0,8,0.5019449958471761,0.6074807235892674,0.00975,0.00011866694352158369,0.0001856869919721893,0.0007500000000000007,zero
43,occlude_XMV_08,6,20,0.8432268500328064,0.998074792358804,0.9990925074681176,0.0085,1.0,1.0,8,0.9980522840531562,0.999083783878102,0.00825,-2.250830564787254e-05,-8.723590015580207e-06,0.0002500000000000002,zero
43,occlude_XMV_08,7,20,0.8432268500328064,0.9967277823920264,0.9984072561544082,0.011,1.0,2.0,8,0.9966982558139534,0.9983952066733324,0.01025,-2.9526578072980314e-05,-1.204948107580428e-05,0.0007499999999999989,zero
43,occlude_XMV_08,8,20,0.8432268500328064,0.9692179401993356,0.9848319021264,0.0095,1.0,23.5,8,0.9694003737541528,0.9849620659542444,0.009,0.00018243355481717405,0.0001301638278443651,0.0005000000000000004,zero
43,occlude_XMV_08,9,20,0.8432268500328064,0.5419925664451827,0.6363340667896985,0.01075,0.0,302.0,8,0.5422330772425249,0.6365822628693385,0.0105,0.00024051079734221936,0.0002481960796399951,0.0002499999999999985,zero
43,occlude_XMV_08,10,20,0.8432268500328064,0.92330469269103,0.959568150557402,0.00925,1.0,41.85,8,0.9234089700996678,0.9595615085107572,0.00975,0.00010427740863783175,-6.642046644800281e-06,-0.0005000000000000004,zero
43,occlude_XMV_08,11,20,0.8432268500328064,0.9786009136212624,0.9886669811903164,0.00975,1.0,8.8,8,0.9784831395348838,0.988619439431842,0.01025,-0.00011777408637869691,-4.754175847432318e-05,-0.0005000000000000004,zero
43,occlude_XMV_08,12,20,0.8432268500328064,0.7974777823920266,0.8760357246280298,0.01175,1.0,25.75,8,0.7977713455149502,0.8763396958285637,0.01125,0.0002935631229236124,0.0003039712005339368,0.0005000000000000004,zero
43,occlude_XMV_08,13,20,0.8432268500328064,0.9482492109634552,0.9748288947701674,0.01075,1.0,34.05,8,0.9481636627906976,0.9747970200310933,0.0105,-8.554817275752136e-05,-3.187473907417804e-05,0.0002499999999999985,zero
43,occlude_XMV_08,14,20,0.8432268500328064,0.9954942898671096,0.997769324200215,0.01075,1.0,3.9,8,0.9954343438538206,0.9977442133008472,0.011,-5.9946013289069455e-05,-2.5110899367852824e-05,-0.0002500000000000002,zero
43,occlude_XMV_08,15,20,0.8432268500328064,0.5093926079734219,0.6127556969227504,0.01025,0.0,302.0,8,0.5094419019933555,0.6125112155946453,0.011,4.929401993358784e-05,-0.00024448132810517276,-0.0007499999999999989,zero
43,occlude_XMV_08,16,20,0.8432268500328064,0.5096009136212625,0.6090774724281219,0.012,0.0,302.0,8,0.5098782392026578,0.6091423355553508,0.013,0.0002773255813953712,6.486312722886467e-05,-0.0009999999999999992,zero
43,occlude_XMV_08,17,20,0.8432268500328064,0.9521076411960132,0.9768089235168198,0.00775,1.0,30.85,8,0.9521882059800664,0.9768604092665302,0.007,8.056478405316092e-05,5.1485749710367124e-05,0.0007499999999999998,zero
43,occlude_XMV_08,18,20,0.8432268500328064,0.8840287167774087,0.9368375216077258,0.01025,1.0,61.75,8,0.8838511835548173,0.936774988480858,0.01,-0.00017753322259139726,-6.25331268677698e-05,0.0002500000000000002,zero
43,occlude_XMV_08,19,20,0.8432268500328064,0.88230051910299,0.9321553315617592,0.00925,1.0,36.8,8,0.9529775747508306,0.9747289964340248,0.01,0.07067705564784055,0.04257366487226555,-0.0007500000000000007,zero
43,occlude_XMV_08,20,20,0.8432268500328064,0.9395539036544852,0.9703052390022542,0.01025,1.0,41.15,8,0.9394416320598008,0.9702197119147664,0.01025,-0.00011227159468440995,-8.552708748776894e-05,0.0,zero
43,occlude_XMV_08,21,20,0.8432268500328064,0.4989080149501661,0.5984065527254065,0.01075,0.0,302.0,8,0.4988573712624585,0.5982249233290063,0.01125,-5.064368770762995e-05,-0.00018162939640020692,-0.0005000000000000004,zero
43,occlude_XMV_08,22,20,0.8432268500328064,0.5633038621262458,0.6536096339729783,0.012,0.0,302.0,8,0.5631645971760797,0.6532031586320565,0.013,-0.00013926495016614027,-0.00040647534092186355,-0.0009999999999999992,zero
43,occlude_XMV_08,23,20,0.8432268500328064,0.5380776785714285,0.6294884819085476,0.01125,0.0,302.0,8,0.5380577034883721,0.6295229401707889,0.01025,-1.99750830564005e-05,3.445826224135473e-05,0.0009999999999999992,zero
43,occlude_XMV_08,24,20,0.8432268500328064,0.9685086378737542,0.98358574307649,0.00875,1.0,14.95,8,0.9684987956810632,0.9835692211131628,0.00925,-9.84219269095643e-06,-1.6521963327242872e-05,-0.0004999999999999987,zero
43,occlude_XMV_08,25,20,0.8432268500328064,0.8906241694352159,0.9361172480671878,0.00775,1.0,34.9,8,0.890172342192691,0.9358692355876758,0.0075,-0.0004518272425249048,-0.00024801247951200533,0.0002500000000000002,zero
43,occlude_XMV_08,26,20,0.8432268500328064,0.9270827450166113,0.9609921683553628,0.0095,1.0,27.45,8,0.9266181893687708,0.9607534572898484,0.0105,-0.0004645556478404256,-0.00023871106551442978,-0.0010000000000000009,zero
43,occlude_XMV_08,27,20,0.8432268500328064,0.8230334302325581,0.8883154829088422,0.0085,1.0,22.5,8,0.8234334925249169,0.8885581160518617,0.0075,0.00040006229235878266,0.00024263314301953276,0.0010000000000000009,zero
43,occlude_XMV_08,28,20,0.8432268500328064,0.5574780107973422,0.6615991850492684,0.008,0.0,302.0,8,0.5576340531561462,0.6613604521533062,0.00925,0.00015604235880406492,-0.0002387328959622126,-0.0012499999999999994,zero
43,occlude_XMV_09,1,20,0.8427844047546387,0.9950808139534884,0.9975299277698556,0.00925,1.0,4.45,9,0.9950808139534884,0.9975299277698556,0.00925,0.0,0.0,0.0,zero
43,occlude_XMV_09,2,20,0.8427844047546387,0.9900240863787376,0.994886186725774,0.01025,1.0,11.25,9,0.9900240863787376,0.994886186725774,0.01025,0.0,0.0,0.0,zero
43,occlude_XMV_09,3,20,0.8427844047546387,0.5398057516611295,0.6326942756312097,0.0085,0.0,302.0,9,0.5398057516611295,0.6326942756312097,0.0085,0.0,0.0,0.0,zero
43,occlude_XMV_09,4,20,0.8427844047546387,0.9696671096345516,0.9790255541560424,0.01075,1.0,2.0,9,0.9696671096345516,0.9790255541560424,0.01075,0.0,0.0,0.0,zero
43,occlude_XMV_09,5,20,0.8427844047546387,0.5019449958471761,0.6074807235892674,0.00975,0.1,272.0,9,0.5019449958471761,0.6074807235892674,0.00975,0.0,0.0,0.0,zero
43,occlude_XMV_09,6,20,0.8427844047546387,0.9980522840531562,0.999083783878102,0.00825,1.0,1.0,9,0.9980522840531562,0.999083783878102,0.00825,0.0,0.0,0.0,zero
43,occlude_XMV_09,7,20,0.8427844047546387,0.9966982558139534,0.9983952066733324,0.01025,1.0,2.0,9,0.9966982558139534,0.9983952066733324,0.01025,0.0,0.0,0.0,zero
43,occlude_XMV_09,8,20,0.8427844047546387,0.9694003737541528,0.9849620659542444,0.009,1.0,23.1,9,0.9694003737541528,0.9849620659542444,0.009,0.0,0.0,0.0,zero
43,occlude_XMV_09,9,20,0.8427844047546387,0.5422330772425249,0.6365822628693385,0.0105,0.0,302.0,9,0.5422330772425249,0.6365822628693385,0.0105,0.0,0.0,0.0,zero
43,occlude_XMV_09,10,20,0.8427844047546387,0.9234089700996678,0.9595615085107572,0.00975,1.0,41.95,9,0.9234089700996678,0.9595615085107572,0.00975,0.0,0.0,0.0,zero
43,occlude_XMV_09,11,20,0.8427844047546387,0.9784831395348838,0.988619439431842,0.01025,1.0,8.7,9,0.9784831395348838,0.988619439431842,0.01025,0.0,0.0,0.0,zero
43,occlude_XMV_09,12,20,0.8427844047546387,0.7977713455149502,0.8763396958285637,0.01125,1.0,25.65,9,0.7977713455149502,0.8763396958285637,0.01125,0.0,0.0,0.0,zero
43,occlude_XMV_09,13,20,0.8427844047546387,0.9481636627906976,0.9747970200310933,0.0105,1.0,33.95,9,0.9481636627906976,0.9747970200310933,0.0105,0.0,0.0,0.0,zero
43,occlude_XMV_09,14,20,0.8427844047546387,0.9954343438538206,0.9977442133008472,0.011,1.0,3.8,9,0.9954343438538206,0.9977442133008472,0.011,0.0,0.0,0.0,zero
43,occlude_XMV_09,15,20,0.8427844047546387,0.5094419019933555,0.6125112155946453,0.011,0.0,302.0,9,0.5094419019933555,0.6125112155946453,0.011,0.0,0.0,0.0,zero
43,occlude_XMV_09,16,20,0.8427844047546387,0.5098782392026578,0.6091423355553508,0.013,0.0,302.0,9,0.5098782392026578,0.6091423355553508,0.013,0.0,0.0,0.0,zero
43,occlude_XMV_09,17,20,0.8427844047546387,0.9521882059800664,0.9768604092665302,0.007,1.0,30.85,9,0.9521882059800664,0.9768604092665302,0.007,0.0,0.0,0.0,zero
43,occlude_XMV_09,18,20,0.8427844047546387,0.8838511835548173,0.936774988480858,0.01,1.0,61.95,9,0.8838511835548173,0.936774988480858,0.01,0.0,0.0,0.0,zero
43,occlude_XMV_09,19,20,0.8427844047546387,0.9529775747508306,0.9747289964340248,0.01,1.0,28.35,9,0.9529775747508306,0.9747289964340248,0.01,0.0,0.0,0.0,zero
43,occlude_XMV_09,20,20,0.8427844047546387,0.9394416320598008,0.9702197119147664,0.01025,1.0,41.05,9,0.9394416320598008,0.9702197119147664,0.01025,0.0,0.0,0.0,zero
43,occlude_XMV_09,21,20,0.8427844047546387,0.4988573712624585,0.5982249233290063,0.01125,0.0,302.0,9,0.4988573712624585,0.5982249233290063,0.01125,0.0,0.0,0.0,zero
43,occlude_XMV_09,22,20,0.8427844047546387,0.5631645971760797,0.6532031586320565,0.013,0.0,302.0,9,0.5631645971760797,0.6532031586320565,0.013,0.0,0.0,0.0,zero
43,occlude_XMV_09,23,20,0.8427844047546387,0.5380577034883721,0.6295229401707889,0.01025,0.0,302.0,9,0.5380577034883721,0.6295229401707889,0.01025,0.0,0.0,0.0,zero
43,occlude_XMV_09,24,20,0.8427844047546387,0.9684987956810632,0.9835692211131628,0.00925,1.0,14.85,9,0.9684987956810632,0.9835692211131628,0.00925,0.0,0.0,0.0,zero
43,occlude_XMV_09,25,20,0.8427844047546387,0.890172342192691,0.9358692355876758,0.0075,1.0,34.65,9,0.890172342192691,0.9358692355876758,0.0075,0.0,0.0,0.0,zero
43,occlude_XMV_09,26,20,0.8427844047546387,0.9266181893687708,0.9607534572898484,0.0105,1.0,28.05,9,0.9266181893687708,0.9607534572898484,0.0105,0.0,0.0,0.0,zero
43,occlude_XMV_09,27,20,0.8427844047546387,0.8234334925249169,0.8885581160518617,0.0075,1.0,22.45,9,0.8234334925249169,0.8885581160518617,0.0075,0.0,0.0,0.0,zero
43,occlude_XMV_09,28,20,0.8427844047546387,0.5576340531561462,0.6613604521533062,0.00925,0.0,302.0,9,0.5576340531561462,0.6613604521533062,0.00925,0.0,0.0,0.0,zero
43,occlude_XMV_10,1,20,0.8431336283683777,0.9950763289036544,0.9975248936321606,0.009,1.0,4.45,10,0.9950808139534884,0.9975299277698556,0.00925,4.485049833968802e-06,5.034137695036911e-06,-0.0002500000000000002,zero
43,occlude_XMV_10,2,20,0.8431336283683777,0.9900131644518272,0.994882039844814,0.01075,1.0,11.25,10,0.9900240863787376,0.994886186725774,0.01025,1.0921926910434365e-05,4.146880959954302e-06,0.0004999999999999987,zero
43,occlude_XMV_10,3,20,0.8431336283683777,0.5387984011627907,0.6319524087348309,0.00825,0.0,302.0,10,0.5398057516611295,0.6326942756312097,0.0085,0.0010073504983388881,0.0007418668963787844,-0.0002500000000000002,zero
43,occlude_XMV_10,4,20,0.8431336283683777,0.5179062707641195,0.6275611485980829,0.0105,1.0,2.0,10,0.9696671096345516,0.9790255541560424,0.01075,0.45176083887043206,0.35146440555795955,-0.0002499999999999985,zero
43,occlude_XMV_10,5,20,0.8431336283683777,0.5023580357142857,0.607639930690437,0.01025,0.15,257.0,10,0.5019449958471761,0.6074807235892674,0.00975,-0.00041303986710961027,-0.00015920710116956727,0.0005000000000000004,zero
43,occlude_XMV_10,6,20,0.8431336283683777,0.9980708471760796,0.9990914271486928,0.0085,1.0,1.0,10,0.9980522840531562,0.999083783878102,0.00825,-1.8563122923476172e-05,-7.643270590773632e-06,0.0002500000000000002,zero
43,occlude_XMV_10,7,20,0.8431336283683777,0.9966941029900332,0.9983939655008708,0.01025,1.0,2.0,10,0.9966982558139534,0.9983952066733324,0.01025,4.152823920189341e-06,1.2411724615857267e-06,0.0,zero
43,occlude_XMV_10,8,20,0.8431336283683777,0.9694335548172758,0.9849833526760085,0.00925,1.0,23.15,10,0.9694003737541528,0.9849620659542444,0.009,-3.3181063123000065e-05,-2.1286721764046668e-05,0.0002500000000000002,zero
43,occlude_XMV_10,9,20,0.8431336283683777,0.5411306686046512,0.6356350056350881,0.01075,0.0,302.0,10,0.5422330772425249,0.6365822628693385,0.0105,0.0011024086378736975,0.000947257234250376,0.0002499999999999985,zero
43,occlude_XMV_10,10,20,0.8431336283683777,0.923464680232558,0.9595978495547748,0.01025,1.0,42.05,10,0.9234089700996678,0.9595615085107572,0.00975,-5.571013289018545e-05,-3.6341044017618174e-05,0.0005000000000000004,zero
43,occlude_XMV_10,11,20,0.8431336283683777,0.9539090323920266,0.9749037877225764,0.01,1.0,8.95,10,0.9784831395348838,0.988619439431842,0.01025,0.024574107142857127,0.013715651709265697,-0.0002500000000000002,zero
43,occlude_XMV_10,12,20,0.8431336283683777,0.7976996054817276,0.8763605934799986,0.01125,1.0,25.7,10,0.7977713455149502,0.8763396958285637,0.01125,7.174003322263367e-05,-2.0897651434870212e-05,0.0,zero
43,occlude_XMV_10,13,20,0.8431336283683777,0.948220514950166,0.9748063151002684,0.01075,1.0,34.1,10,0.9481636627906976,0.9747970200310933,0.0105,-5.685215946837907e-05,-9.295069175130344e-06,0.0002499999999999985,zero
43,occlude_XMV_10,14,20,0.8431336283683777,0.9953517441860464,0.9976892294448048,0.0105,1.0,4.0,10,0.9954343438538206,0.9977442133008472,0.011,8.25996677741303e-05,5.498385604241207e-05,-0.0004999999999999987,zero
43,occlude_XMV_10,15,20,0.8431336283683777,0.5095780315614618,0.6131928398486761,0.01025,0.0,302.0,10,0.5094419019933555,0.6125112155946453,0.011,-0.00013612956810626908,-0.0006816242540308437,-0.0007499999999999989,zero
43,occlude_XMV_10,16,20,0.8431336283683777,0.5100093853820598,0.6094602241629359,0.01225,0.0,302.0,10,0.5098782392026578,0.6091423355553508,0.013,-0.00013114617940190865,-0.00031788860758508175,-0.0007499999999999989,zero
43,occlude_XMV_10,17,20,0.8431336283683777,0.9525049418604652,0.977050802144234,0.007,1.0,30.95,10,0.9521882059800664,0.9768604092665302,0.007,-0.00031673588039882183,-0.00019039287770383773,0.0,zero
43,occlude_XMV_10,18,20,0.8431336283683777,0.8849718646179402,0.9374694578262148,0.0095,1.0,61.95,10,0.8838511835548173,0.936774988480858,0.01,-0.001120681063122908,-0.0006944693453567741,-0.0005000000000000004,zero
43,occlude_XMV_10,19,20,0.8431336283683777,0.952922757475083,0.97471229751005,0.0105,1.0,28.35,10,0.9529775747508306,0.9747289964340248,0.01,5.481727574752071e-05,1.6698923974822755e-05,0.0005000000000000004,zero
43,occlude_XMV_10,20,20,0.8431336283683777,0.9393272009966778,0.9701329028260636,0.01,1.0,41.25,10,0.9394416320598008,0.9702197119147664,0.01025,0.00011443106312303275,8.680908870284387e-05,-0.0002500000000000002,zero
43,occlude_XMV_10,21,20,0.8431336283683777,0.498741403654485,0.5985837354440539,0.01025,0.0,302.0,10,0.4988573712624585,0.5982249233290063,0.01125,0.00011596760797349948,-0.0003588121150475132,-0.0009999999999999992,zero
43,occlude_XMV_10,22,20,0.8431336283683777,0.5622110257475083,0.6522742320338235,0.0125,0.0,302.0,10,0.5631645971760797,0.6532031586320565,0.013,0.0009535714285714425,0.0009289265982329598,-0.0004999999999999987,zero
43,occlude_XMV_10,23,20,0.8431336283683777,0.5381881436877076,0.6292534537616198,0.01075,0.0,302.0,10,0.5380577034883721,0.6295229401707889,0.01025,-0.000130440199335502,0.00026948640916912847,0.0004999999999999987,zero
43,occlude_XMV_10,24,20,0.8431336283683777,0.9684205357142858,0.983536552549418,0.01,1.0,14.85,10,0.9684987956810632,0.9835692211131628,0.00925,7.825996677746083e-05,3.266856374484206e-05,0.0007500000000000007,zero
43,occlude_XMV_10,25,20,0.8431336283683777,0.8896616486710963,0.9354769207793656,0.00775,1.0,34.65,10,0.890172342192691,0.9358692355876758,0.0075,0.0005106935215947184,0.00039231480831014576,0.0002500000000000002,zero
43,occlude_XMV_10,26,20,0.8431336283683777,0.9266554817275748,0.9607221978241736,0.01,1.0,27.65,10,0.9266181893687708,0.9607534572898484,0.0105,-3.729235880400861e-05,3.125946567483773e-05,-0.0005000000000000004,zero
43,occlude_XMV_10,27,20,0.8431336283683777,0.79493125,0.8704206412186086,0.0075,1.0,23.5,10,0.8234334925249169,0.8885581160518617,0.0075,0.028502242524916954,0.01813747483325312,0.0,zero
43,occlude_XMV_10,28,20,0.8431336283683777,0.5578644102990034,0.6613960781991383,0.00875,0.0,302.0,10,0.5576340531561462,0.6613604521533062,0.00925,-0.00023035714285712938,-3.5626045832071185e-05,-0.0004999999999999987,zero
43,occlude_XMV_11,1,20,0.8423369526863098,0.9951123754152824,0.9975443734092116,0.00875,1.0,4.45,11,0.9950808139534884,0.9975299277698556,0.00925,-3.156146179406072e-05,-1.444563935604215e-05,-0.0004999999999999987,zero
43,occlude_XMV_11,2,20,0.8423369526863098,0.9899845099667774,0.9948709418438616,0.01025,1.0,11.3,11,0.9900240863787376,0.994886186725774,0.01025,3.957641196017381e-05,1.5244881912401809e-05,0.0,zero
43,occlude_XMV_11,3,20,0.8423369526863098,0.5392238579734219,0.6322553108038604,0.00875,0.0,302.0,11,0.5398057516611295,0.6326942756312097,0.0085,0.0005818936877076686,0.0004389648273492863,0.0002500000000000002,zero
43,occlude_XMV_11,4,20,0.8423369526863098,0.9697136212624584,0.9789991108832156,0.0115,1.0,2.0,11,0.9696671096345516,0.9790255541560424,0.01075,-4.651162790680896e-05,2.644327282685932e-05,0.0007500000000000007,zero
43,occlude_XMV_11,5,20,0.8423369526863098,0.5009536337209303,0.6067503513648294,0.01025,0.1,272.0,11,0.5019449958471761,0.6074807235892674,0.00975,0.0009913621262458427,0.0007303722244380584,0.0005000000000000004,zero
43,occlude_XMV_11,6,20,0.8423369526863098,0.9980289451827242,0.9990767145492004,0.008,1.0,1.0,11,0.9980522840531562,0.999083783878102,0.00825,2.3338870431932612e-05,7.069328901598837e-06,-0.0002500000000000002,zero
43,occlude_XMV_11,7,20,0.8423369526863098,0.9967127491694352,0.9984013791569052,0.01025,1.0,2.0,11,0.9966982558139534,0.9983952066733324,0.01025,-1.4493355481759451e-05,-6.172483572819409e-06,0.0,zero
43,occlude_XMV_11,8,20,0.8423369526863098,0.9693125,0.9849241598309526,0.009,1.0,23.05,11,0.9694003737541528,0.9849620659542444,0.009,8.787375415275633e-05,3.7906123291797655e-05,0.0,zero
43,occlude_XMV_11,9,20,0.8423369526863098,0.5420605481727575,0.6360927669682855,0.01,0.0,302.0,11,0.5422330772425249,0.6365822628693385,0.0105,0.0001725290697673909,0.0004894959010529609,-0.0005000000000000004,zero
43,occlude_XMV_11,10,20,0.8423369526863098,0.9231733388704318,0.959430290866745,0.011,1.0,41.95,11,0.9234089700996678,0.9595615085107572,0.00975,0.00023563122923597746,0.0001312176440121382,0.0012499999999999994,zero
43,occlude_XMV_11,11,20,0.8423369526863098,0.9786277200996678,0.9886992586408504,0.01,1.0,8.7,11,0.9784831395348838,0.988619439431842,0.01025,-0.00014458056478405812,-7.981920900834716e-05,-0.0002500000000000002,zero
43,occlude_XMV_11,12,20,0.8423369526863098,0.7970723629568106,0.8760033003767452,0.012,1.0,25.75,11,0.7977713455149502,0.8763396958285637,0.01125,0.0006989825581396047,0.0003363954518185164,0.0007500000000000007,zero
43,occlude_XMV_11,13,20,0.8423369526863098,0.9482761212624584,0.9748195151617228,0.0105,1.0,34.0,11,0.9481636627906976,0.9747970200310933,0.0105,-0.00011245847176077906,-2.249513062957398e-05,0.0,zero
43,occlude_XMV_11,14,20,0.8423369526863098,0.9954214285714286,0.9977395240954048,0.01075,1.0,3.7,11,0.9954343438538206,0.9977442133008472,0.011,1.2915282392000904e-05,4.68920544238749e-06,-0.0002500000000000002,zero
43,occlude_XMV_11,15,20,0.8423369526863098,0.5098706395348838,0.6129971865098283,0.0105,0.0,302.0,11,0.5094419019933555,0.6125112155946453,0.011,-0.00042873754152827903,-0.0004859709151829872,-0.0004999999999999987,zero
43,occlude_XMV_11,16,20,0.8423369526863098,0.5092243147840532,0.6092742774915823,0.01275,0.0,302.0,11,0.5098782392026578,0.6091423355553508,0.013,0.0006539244186046789,-0.00013194193623145,-0.0002500000000000002,zero
43,occlude_XMV_11,17,20,0.8423369526863098,0.9521315199335548,0.976830637680619,0.00725,1.0,30.95,11,0.9521882059800664,0.9768604092665302,0.007,5.668604651154485e-05,2.97715859112202e-05,0.0002500000000000002,zero
43,occlude_XMV_11,18,20,0.8423369526863098,0.8835571013289036,0.9365595711213276,0.00975,1.0,61.75,11,0.8838511835548173,0.936774988480858,0.01,0.00029408222591364996,0.0002154173595304565,-0.0002500000000000002,zero
43,occlude_XMV_11,19,20,0.8423369526863098,0.9528996677740864,0.9747060861755624,0.01025,1.0,27.65,11,0.9529775747508306,0.9747289964340248,0.01,7.790697674414648e-05,2.291025846234973e-05,0.0002500000000000002,zero
43,occlude_XMV_11,20,20,0.8423369526863098,0.9394848837209302,0.9702240544780264,0.01075,1.0,41.05,11,0.9394416320598008,0.9702197119147664,0.01025,-4.325166112939538e-05,-4.342563259984722e-06,0.0004999999999999987,zero
43,occlude_XMV_11,21,20,0.8423369526863098,0.4986168397009967,0.5982503081224001,0.01175,0.0,302.0,11,0.4988573712624585,0.5982249233290063,0.01125,0.00024053156146180976,-2.5384793393756766e-05,0.0005000000000000004,zero
43,occlude_XMV_11,22,20,0.8423369526863098,0.562784738372093,0.6532882357090598,0.0125,0.0,302.0,11,0.5631645971760797,0.6532031586320565,0.013,0.00037985880398672123,-8.507707700333711e-05,-0.0004999999999999987,zero
43,occlude_XMV_11,23,20,0.8423369526863098,0.5377086794019934,0.629295135213334,0.0105,0.0,302.0,11,0.5380577034883721,0.6295229401707889,0.01025,0.00034902408637871307,0.00022780495745489127,0.0002500000000000002,zero
43,occlude_XMV_11,24,20,0.8423369526863098,0.96854634551495,0.9835869956302205,0.01075,1.0,14.8,11,0.9684987956810632,0.9835692211131628,0.00925,-4.754983388677303e-05,-1.777451705764488e-05,0.0014999999999999996,zero
43,occlude_XMV_11,25,20,0.8423369526863098,0.8900497093023256,0.9358087990062256,0.0085,1.0,33.1,11,0.890172342192691,0.9358692355876758,0.0075,0.00012263289036540392,6.043658145016284e-05,0.0010000000000000009,zero
43,occlude_XMV_11,26,20,0.8423369526863098,0.9268068936877076,0.9608255660408684,0.0105,1.0,28.0,11,0.9266181893687708,0.9607534572898484,0.0105,-0.0001887043189368054,-7.210875102003911e-05,0.0,zero
43,occlude_XMV_11,27,20,0.8423369526863098,0.8240128737541528,0.889135820550133,0.00725,1.0,22.45,11,0.8234334925249169,0.8885581160518617,0.0075,-0.0005793812292358425,-0.0005777044982712143,-0.00024999999999999935,zero
43,occlude_XMV_11,28,20,0.8423369526863098,0.5571084717607974,0.661117737114417,0.00875,0.0,302.0,11,0.5576340531561462,0.6613604521533062,0.00925,0.000525581395348862,0.00024271503888917412,-0.0004999999999999987,zero
44,occlude_XMV_01,1,20,0.8711094260215759,0.9947749169435216,0.9973722143276882,0.00675,1.0,5.25,1,0.9950612126245848,0.9975126542535548,0.0075,0.0002862956810631978,0.00014043992586665333,-0.0007499999999999998,zero
44,occlude_XMV_01,2,20,0.8711094260215759,0.9889385797342192,0.9943525888821014,0.00975,1.0,13.9,1,0.9896926495016612,0.9946830031096264,0.009,0.0007540697674420782,0.00033041422752499994,0.0007500000000000007,zero
44,occlude_XMV_01,3,20,0.8711094260215759,0.5318682931893688,0.6247538426004092,0.011,0.0,302.0,1,0.539765573089701,0.6349504105580798,0.0095,0.007897279900332177,0.010196567957670544,0.0014999999999999996,zero
44,occlude_XMV_01,4,20,0.8711094260215759,0.7839762666112957,0.8400777260078033,0.00825,1.0,2.0,1,0.8120067275747508,0.8625663082225996,0.01025,0.028030460963455073,0.022488582214796327,-0.002,zero
44,occlude_XMV_01,5,20,0.8711094260215759,0.4990514950166113,0.6038411172614169,0.0075,0.05,287.0,1,0.499765676910299,0.6056371283594,0.01075,0.0007141818936877153,0.0017960110979831079,-0.0032499999999999994,zero
44,occlude_XMV_01,6,20,0.8711094260215759,0.998043646179402,0.9990798759206234,0.008,1.0,1.0,1,0.9979767026578074,0.9990512640711312,0.00825,-6.694352159464234e-05,-2.8611849492210517e-05,-0.0002500000000000002,zero
44,occlude_XMV_01,7,20,0.8711094260215759,0.9967462209302326,0.9984319301117124,0.007,1.0,2.0,1,0.9967065199335547,0.9983942231860607,0.00975,-3.970099667782723e-05,-3.7706925651637135e-05,-0.00275,zero
44,occlude_XMV_01,8,20,0.8711094260215759,0.9680713870431894,0.9841680591285146,0.0085,1.0,24.55,1,0.9682699127906976,0.9843356691374708,0.0085,0.00019852574750822694,0.00016761000895626488,0.0,zero
44,occlude_XMV_01,9,20,0.8711094260215759,0.530681042358804,0.6288167206035188,0.01025,0.0,302.0,1,0.5397638704318937,0.6362097055470354,0.0125,0.009082828073089688,0.0073929849435165895,-0.0022500000000000003,zero
44,occlude_XMV_01,10,20,0.8711094260215759,0.9115146179401994,0.9524997348873904,0.01675,1.0,42.4,1,0.9190289036544852,0.9571340460164428,0.01025,0.007514285714285807,0.0046343111290524375,0.006500000000000001,zero
44,occlude_XMV_01,11,20,0.8711094260215759,0.9585561877076412,0.977054807911634,0.00925,1.0,9.4,1,0.9627909676079734,0.9795720779310342,0.01025,0.004234779900332275,0.002517270019400164,-0.0010000000000000009,zero
44,occlude_XMV_01,12,20,0.8711094260215759,0.7594310008305648,0.8493041409760163,0.011,1.0,27.2,1,0.7819095930232558,0.8657635720676901,0.012,0.022478592192690994,0.016459431091673804,-0.0010000000000000009,zero
44,occlude_XMV_01,13,20,0.8711094260215759,0.9464457225913622,0.9739639122973452,0.00825,1.0,34.6,1,0.9481240448504984,0.9747409813611346,0.01025,0.0016783222591362223,0.0007770690637893818,-0.002,zero
44,occlude_XMV_01,14,20,0.8711094260215759,0.9918769933554816,0.995501074408078,0.0095,1.0,4.4,1,0.9930873338870432,0.9962665338962798,0.011,0.001210340531561549,0.0007654594882018362,-0.0014999999999999996,zero
44,occlude_XMV_01,15,20,0.8711094260215759,0.507417815614618,0.6107527469381577,0.00975,0.0,302.0,1,0.5110953903654485,0.6156545376361905,0.01,0.0036775747508305257,0.00490179069803276,-0.0002500000000000002,zero
44,occlude_XMV_01,16,20,0.8711094260215759,0.5061926495016611,0.605051886301822,0.01275,0.0,302.0,1,0.509300415282392,0.6089490785981092,0.01075,0.003107765780730909,0.0038971922962871552,0.002,zero
44,occlude_XMV_01,17,20,0.8711094260215759,0.949785631229236,0.9752275357866028,0.01125,1.0,31.7,1,0.9505538621262458,0.975856518360482,0.01,0.0007682308970098362,0.0006289825738792221,0.0012499999999999994,zero
44,occlude_XMV_01,18,20,0.8711094260215759,0.8720738372093023,0.9295546188146254,0.012,1.0,63.2,1,0.8793125207641196,0.9340303251879236,0.0095,0.007238683554817271,0.004475706373298194,0.0025000000000000005,zero
44,occlude_XMV_01,19,20,0.8711094260215759,0.9264704318936876,0.9584549825074102,0.013,1.0,33.05,1,0.9362530315614618,0.9650090410196644,0.00925,0.009782599667774172,0.006554058512254213,0.00375,zero
44,occlude_XMV_01,20,20,0.8711094260215759,0.939338953488372,0.9700710951714708,0.00975,1.0,42.15,1,0.9391847176079734,0.9700495406791422,0.0105,-0.00015423588039864544,-2.1554492328657027e-05,-0.0007500000000000007,zero
44,occlude_XMV_01,21,20,0.8711094260215759,0.5129883513289036,0.6147390865788512,0.00675,0.0,302.0,1,0.5009509551495016,0.599847108322677,0.01125,-0.012037396179402027,-0.014891978256174276,-0.0045,zero
44,occlude_XMV_01,22,20,0.8711094260215759,0.5484791735880399,0.6470993631839065,0.009,0.0,302.0,1,0.5570834717607973,0.6493169602564582,0.012,0.00860429817275743,0.002217597072551758,-0.003000000000000001,zero
44,occlude_XMV_01,23,20,0.8711094260215759,0.5297169227574751,0.6240845344980999,0.01075,0.0,302.0,1,0.5400834094684386,0.6335854732693644,0.01,0.010366486710963518,0.009500938771264567,0.0007499999999999989,zero
44,occlude_XMV_01,24,20,0.8711094260215759,0.8913510797342192,0.937923266636126,0.0115,1.0,23.9,1,0.9684058139534883,0.9836018104875256,0.0105,0.07705473421926912,0.04567854385139958,0.0009999999999999992,zero
44,occlude_XMV_01,25,20,0.8711094260215759,0.9062686254152824,0.9469775253137444,0.00575,1.0,30.6,1,0.9153089285714284,0.9527174247148088,0.0095,0.009040303156146012,0.005739899401064452,-0.00375,zero
44,occlude_XMV_01,26,20,0.8711094260215759,0.9117197466777408,0.9516314091326072,0.00875,1.0,29.5,1,0.918164742524917,0.9557177158784936,0.00925,0.0064449958471761715,0.004086306745886392,-0.0004999999999999987,zero
44,occlude_XMV_01,27,20,0.8711094260215759,0.7750527200996677,0.8545574957892729,0.00975,1.0,31.95,1,0.7909616071428571,0.8668904245464866,0.0085,0.01590888704318938,0.012332928757213701,0.0012499999999999994,zero
44,occlude_XMV_01,28,20,0.8711094260215759,0.5443398255813954,0.6450839620000256,0.011,0.0,302.0,1,0.5551027408637874,0.6588470646375568,0.0085,0.010762915282392038,0.013763102637531222,0.0024999999999999988,zero
44,occlude_XMV_02,1,20,0.8844402432441711,0.9946328903654486,0.997308746868688,0.0115,1.0,5.25,2,0.9950612126245848,0.9975126542535548,0.0075,0.000428322259136249,0.00020390738486686377,0.004,zero
44,occlude_XMV_02,2,20,0.8844402432441711,0.9889630398671097,0.9943208293843132,0.009,1.0,14.15,2,0.9896926495016612,0.9946830031096264,0.009,0.0007296096345515979,0.00036217372531321956,0.0,zero
44,occlude_XMV_02,3,20,0.8844402432441711,0.5341508928571429,0.6293576474233482,0.0105,0.0,302.0,2,0.539765573089701,0.6349504105580798,0.0095,0.005614680232558067,0.00559276313473156,0.0010000000000000009,zero
44,occlude_XMV_02,4,20,0.8844402432441711,0.7943571013289037,0.8463607281671386,0.01125,1.0,2.0,2,0.8120067275747508,0.8625663082225996,0.01025,0.017649626245847094,0.016205580055461022,0.0009999999999999992,zero
44,occlude_XMV_02,5,20,0.8844402432441711,0.4977748546511628,0.603590866847389,0.00975,0.0,302.0,2,0.499765676910299,0.6056371283594,0.01075,0.0019908222591362157,0.0020462615120109273,-0.0009999999999999992,zero
44,occlude_XMV_02,6,20,0.8844402432441711,0.9980559800664452,0.9990874480671724,0.0095,1.0,1.0,2,0.9979767026578074,0.9990512640711312,0.00825,-7.927740863789001e-05,-3.6183996041216915e-05,0.0012499999999999994,zero
44,occlude_XMV_02,7,20,0.8844402432441711,0.9967134136212624,0.998397383907306,0.01025,1.0,2.0,2,0.9967065199335547,0.9983942231860607,0.00975,-6.893687707676399e-06,-3.1607212452877675e-06,0.0005000000000000004,zero
44,occlude_XMV_02,8,20,0.8844402432441711,0.967698754152824,0.9840144435009678,0.008,1.0,24.95,2,0.9682699127906976,0.9843356691374708,0.0085,0.0005711586378736033,0.000321225636503053,-0.0005000000000000004,zero
44,occlude_XMV_02,9,20,0.8844402432441711,0.5318303156146179,0.6222191008930906,0.01125,0.0,302.0,2,0.5397638704318937,0.6362097055470354,0.0125,0.007933554817275756,0.01399060465394475,-0.0012500000000000011,zero
44,occlude_XMV_02,10,20,0.8844402432441711,0.9085022632890364,0.9505922350242813,0.018,1.0,41.95,2,0.9190289036544852,0.9571340460164428,0.01025,0.010526640365448814,0.006541810992161556,0.007749999999999998,zero
44,occlude_XMV_02,11,20,0.8844402432441711,0.9579264950166112,0.9766251529314324,0.0095,1.0,10.1,2,0.9627909676079734,0.9795720779310342,0.01025,0.0048644725913622455,0.0029469249996018076,-0.0007500000000000007,zero
44,occlude_XMV_02,12,20,0.8844402432441711,0.7568050249169436,0.8468643671504084,0.01175,1.0,30.45,2,0.7819095930232558,0.8657635720676901,0.012,0.02510456810631223,0.018899204917281698,-0.0002500000000000002,zero
44,occlude_XMV_02,13,20,0.8844402432441711,0.9467032392026578,0.9741723552307656,0.00625,1.0,34.3,2,0.9481240448504984,0.9747409813611346,0.01025,0.0014208056478406395,0.0005686261303690099,-0.004,zero
44,occlude_XMV_02,14,20,0.8844402432441711,0.9912267857142856,0.9950604431442854,0.0085,1.0,4.3,2,0.9930873338870432,0.9962665338962798,0.011,0.0018605481727576034,0.0012060907519944042,-0.0024999999999999988,zero
44,occlude_XMV_02,15,20,0.8844402432441711,0.5014601744186047,0.6058272011180693,0.0115,0.0,302.0,2,0.5110953903654485,0.6156545376361905,0.01,0.0096352159468438,0.009827336518121177,0.0014999999999999996,zero
44,occlude_XMV_02,16,20,0.8844402432441711,0.5059010382059801,0.6075124991017443,0.01175,0.0,302.0,2,0.509300415282392,0.6089490785981092,0.01075,0.0033993770764119136,0.001436579496364887,0.0010000000000000009,zero
44,occlude_XMV_02,17,20,0.8844402432441711,0.9489931063122924,0.9748683925540812,0.012,1.0,31.6,2,0.9505538621262458,0.975856518360482,0.01,0.0015607558139534294,0.0009881258064008414,0.002,zero
44,occlude_XMV_02,18,20,0.8844402432441711,0.8685459509966778,0.9272403013259676,0.00925,1.0,64.95,2,0.8793125207641196,0.9340303251879236,0.0095,0.010766569767441836,0.0067900238619560405,-0.0002500000000000002,zero
44,occlude_XMV_02,19,20,0.8844402432441711,0.9229074750830564,0.956294248511207,0.011,1.0,32.8,2,0.9362530315614618,0.9650090410196644,0.00925,0.013345556478405407,0.008714792508457414,0.0017499999999999998,zero
44,occlude_XMV_02,20,20,0.8844402432441711,0.9384586794019932,0.9695539532656102,0.00675,1.0,42.45,2,0.9391847176079734,0.9700495406791422,0.0105,0.0007260382059801618,0.0004955874135319505,-0.0037500000000000007,zero
44,occlude_XMV_02,21,20,0.8844402432441711,0.5139029277408638,0.6144767032716436,0.0085,0.0,302.0,2,0.5009509551495016,0.599847108322677,0.01125,-0.01295197259136216,-0.014629594948966651,-0.002749999999999999,zero
44,occlude_XMV_02,22,20,0.8844402432441711,0.5521887043189369,0.6419800338807944,0.0115,0.0,302.0,2,0.5570834717607973,0.6493169602564582,0.012,0.004894767441860459,0.007336926375663855,-0.0005000000000000004,zero
44,occlude_XMV_02,23,20,0.8844402432441711,0.5233145971760798,0.6144191787762022,0.01475,0.0,302.0,2,0.5400834094684386,0.6335854732693644,0.01,0.016768812292358826,0.019166294493162206,0.004749999999999999,zero
44,occlude_XMV_02,24,20,0.8844402432441711,0.9640661544850498,0.9811553127351774,0.011,1.0,15.45,2,0.9684058139534883,0.9836018104875256,0.0105,0.004339659468438506,0.0024464977523481757,0.0004999999999999987,zero
44,occlude_XMV_02,25,20,0.8844402432441711,0.6579072674418605,0.7578249821299216,0.0065,0.55,202.0,2,0.9153089285714284,0.9527174247148088,0.0095,0.25740166112956797,0.19489244258488725,-0.003,zero
44,occlude_XMV_02,26,20,0.8844402432441711,0.9091508928571428,0.9501377684964052,0.0085,1.0,29.7,2,0.918164742524917,0.9557177158784936,0.00925,0.009013849667774188,0.005579947382088446,-0.0007499999999999989,zero
44,occlude_XMV_02,27,20,0.8844402432441711,0.7733324127906976,0.8511237869123924,0.01025,1.0,38.1,2,0.7909616071428571,0.8668904245464866,0.0085,0.017629194352159483,0.01576663763409414,0.0017499999999999998,zero
44,occlude_XMV_02,28,20,0.8844402432441711,0.5422792981727574,0.6444594883129791,0.0125,0.05,300.9,2,0.5551027408637874,0.6588470646375568,0.0085,0.012823442691029974,0.014387576324577767,0.004,zero
44,occlude_XMV_03,1,20,0.8476043343544006,0.9950198089700996,0.9974942443816068,0.00975,1.0,4.8,3,0.9950612126245848,0.9975126542535548,0.0075,4.1403654485239194e-05,1.8409871948010803e-05,0.0022500000000000003,zero
44,occlude_XMV_03,2,20,0.8476043343544006,0.9894414867109634,0.9945542614870676,0.00875,1.0,12.55,3,0.9896926495016612,0.9946830031096264,0.009,0.000251162790697812,0.0001287416225588256,-0.0002499999999999985,zero
44,occlude_XMV_03,3,20,0.8476043343544006,0.5373873754152824,0.6322268463738928,0.0085,0.0,302.0,3,0.539765573089701,0.6349504105580798,0.0095,0.002378197674418603,0.002723564184186955,-0.0009999999999999992,zero
44,occlude_XMV_03,4,20,0.8476043343544006,0.8017760589700996,0.8535442307671108,0.0115,1.0,2.0,3,0.8120067275747508,0.8625663082225996,0.01025,0.01023066860465116,0.009022077455488775,0.0012499999999999994,zero
44,occlude_XMV_03,5,20,0.8476043343544006,0.4990066860465116,0.6048044491602489,0.01,0.0,302.0,3,0.499765676910299,0.6056371283594,0.01075,0.0007589908637873899,0.0008326791991510873,-0.0007499999999999989,zero
44,occlude_XMV_03,6,20,0.8476043343544006,0.9980494601328904,0.9990742908429652,0.008,1.0,1.0,3,0.9979767026578074,0.9990512640711312,0.00825,-7.275747508306285e-05,-2.3026771833967175e-05,-0.0002500000000000002,zero
44,occlude_XMV_03,7,20,0.8476043343544006,0.996655315614618,0.998371644469283,0.01075,1.0,2.0,3,0.9967065199335547,0.9983942231860607,0.00975,5.120431893679278e-05,2.25787167777991e-05,0.0009999999999999992,zero
44,occlude_XMV_03,8,20,0.8476043343544006,0.968771303986711,0.9846326421990786,0.0105,1.0,23.8,3,0.9682699127906976,0.9843356691374708,0.0085,-0.0005013911960133344,-0.0002969730616078081,0.002,zero
44,occlude_XMV_03,9,20,0.8476043343544006,0.540790676910299,0.6367550154082576,0.01225,0.0,302.0,3,0.5397638704318937,0.6362097055470354,0.0125,-0.001026806478405362,-0.000545309861222254,-0.0002500000000000002,zero
44,occlude_XMV_03,10,20,0.8476043343544006,0.916406353820598,0.955488966369934,0.011,1.0,41.15,3,0.9190289036544852,0.9571340460164428,0.01025,0.002622549833887211,0.0016450796465088402,0.0007499999999999989,zero
44,occlude_XMV_03,11,20,0.8476043343544006,0.9611740033222592,0.9786754385664308,0.0105,1.0,9.15,3,0.9627909676079734,0.9795720779310342,0.01025,0.0016169642857142286,0.0008966393646033799,0.0002500000000000002,zero
44,occlude_XMV_03,12,20,0.8476043343544006,0.7764940822259137,0.8618235099029552,0.0135,1.0,26.8,3,0.7819095930232558,0.8657635720676901,0.012,0.005415510797342149,0.003940062164734859,0.0014999999999999996,zero
44,occlude_XMV_03,13,20,0.8476043343544006,0.9484738372093025,0.9748340685811748,0.009,1.0,34.2,3,0.9481240448504984,0.9747409813611346,0.01025,-0.00034979235880405746,-9.308722004019998e-05,-0.0012500000000000011,zero
44,occlude_XMV_03,14,20,0.8476043343544006,0.9926849252491694,0.996019847902711,0.009,1.0,4.25,3,0.9930873338870432,0.9962665338962798,0.011,0.00040240863787377457,0.00024668599356880705,-0.002,zero
44,occlude_XMV_03,15,20,0.8476043343544006,0.5060278239202658,0.6093987081546112,0.0145,0.0,302.0,3,0.5110953903654485,0.6156545376361905,0.01,0.005067566445182692,0.0062558294815793225,0.0045000000000000005,zero
44,occlude_XMV_03,16,20,0.8476043343544006,0.512104630398671,0.6099837984301119,0.0105,0.0,302.0,3,0.509300415282392,0.6089490785981092,0.01075,-0.0028042151162790407,-0.0010347198320026507,-0.0002499999999999985,zero
44,occlude_XMV_03,17,20,0.8476043343544006,0.9506615863787377,0.9757925385940948,0.00925,1.0,31.5,3,0.9505538621262458,0.975856518360482,0.01,-0.00010772425249183648,6.397976638727876e-05,-0.0007500000000000007,zero
44,occlude_XMV_03,18,20,0.8476043343544006,0.8775653446843854,0.9329268668106088,0.009,1.0,62.65,3,0.8793125207641196,0.9340303251879236,0.0095,0.0017471760797341807,0.0011034583773148476,-0.0005000000000000004,zero
44,occlude_XMV_03,19,20,0.8476043343544006,0.935150207641196,0.9641597664508612,0.00825,1.0,32.25,3,0.9362530315614618,0.9650090410196644,0.00925,0.0011028239202657275,0.0008492745688032377,-0.0009999999999999992,zero
44,occlude_XMV_03,20,20,0.8476043343544006,0.9389600913621262,0.9699124632707844,0.0125,1.0,41.35,3,0.9391847176079734,0.9700495406791422,0.0105,0.0002246262458471815,0.00013707740835777749,0.002,zero
44,occlude_XMV_03,21,20,0.8476043343544006,0.4959116901993355,0.5954110300453603,0.01275,0.0,302.0,3,0.5009509551495016,0.599847108322677,0.01125,0.0050392649501661,0.004436078277316624,0.0014999999999999996,zero
44,occlude_XMV_03,22,20,0.8476043343544006,0.5558701411960133,0.6488228619620587,0.01125,0.0,302.0,3,0.5570834717607973,0.6493169602564582,0.012,0.0012133305647840098,0.0004940982943995031,-0.0007500000000000007,zero
44,occlude_XMV_03,23,20,0.8476043343544006,0.5159700789036545,0.6137561537001371,0.0095,0.0,302.0,3,0.5400834094684386,0.6335854732693644,0.01,0.02411333056478404,0.01982931956922729,-0.0005000000000000004,zero
44,occlude_XMV_03,24,20,0.8476043343544006,0.9669827242524917,0.9828410771139114,0.01125,1.0,14.95,3,0.9684058139534883,0.9836018104875256,0.0105,0.0014230897009966936,0.000760733373614153,0.0007499999999999989,zero
44,occlude_XMV_03,25,20,0.8476043343544006,0.9118100083056478,0.950345458350504,0.00625,1.0,27.85,3,0.9153089285714284,0.9527174247148088,0.0095,0.0034989202657805807,0.0023719663643048117,-0.0032499999999999994,zero
44,occlude_XMV_03,26,20,0.8476043343544006,0.9156556478405316,0.9542659057691436,0.01025,1.0,29.6,3,0.918164742524917,0.9557177158784936,0.00925,0.0025090946843854267,0.0014518101093500269,0.0010000000000000009,zero
44,occlude_XMV_03,27,20,0.8476043343544006,0.7820756644518272,0.860564430577111,0.008,1.0,26.1,3,0.7909616071428571,0.8668904245464866,0.0085,0.008885942691029936,0.0063259939693756095,-0.0005000000000000004,zero
44,occlude_XMV_03,28,20,0.8476043343544006,0.5512866071428572,0.6539572637332142,0.00975,0.0,302.0,3,0.5551027408637874,0.6588470646375568,0.0085,0.0038161337209302593,0.004889800904342656,0.0012499999999999994,zero
44,occlude_XMV_04,1,20,0.84037184715271,0.9948668189368772,0.9974232944810848,0.00825,1.0,5.15,4,0.9950612126245848,0.9975126542535548,0.0075,0.00019439368770757248,8.935977247004345e-05,0.0007500000000000007,zero
44,occlude_XMV_04,2,20,0.84037184715271,0.9891448504983388,0.9944395820749752,0.01,1.0,12.5,4,0.9896926495016612,0.9946830031096264,0.009,0.0005477990033224689,0.00024342103465124776,0.0010000000000000009,zero
44,occlude_XMV_04,3,20,0.84037184715271,0.5360922965116279,0.6310015565258952,0.0095,0.0,302.0,4,0.539765573089701,0.6349504105580798,0.0095,0.003673276578073037,0.00394885403218459,0.0,zero
44,occlude_XMV_04,4,20,0.84037184715271,0.8007505606312293,0.8538135029060249,0.0085,1.0,2.0,4,0.8120067275747508,0.8625663082225996,0.01025,0.011256166943521495,0.008752805316574741,-0.0017499999999999998,zero
44,occlude_XMV_04,5,20,0.84037184715271,0.499075726744186,0.6055523412179308,0.00975,0.0,302.0,4,0.499765676910299,0.6056371283594,0.01075,0.000689950166113007,8.47871414692003e-05,-0.0009999999999999992,zero
44,occlude_XMV_04,6,20,0.84037184715271,0.997974169435216,0.9990515342625652,0.0075,1.0,1.0,4,0.9979767026578074,0.9990512640711312,0.00825,2.5332225913610174e-06,-2.7019143400419665e-07,-0.0007500000000000007,zero
44,occlude_XMV_04,7,20,0.84037184715271,0.5647863787375416,0.6894120084133976,0.01225,1.0,2.0,4,0.9967065199335547,0.9983942231860607,0.00975,0.4319201411960132,0.3089822147726632,0.0025000000000000005,zero
44,occlude_XMV_04,8,20,0.84037184715271,0.9678204318936876,0.98412267685163,0.0095,1.0,24.55,4,0.9682699127906976,0.9843356691374708,0.0085,0.0004494808970100239,0.00021299228584081842,0.0009999999999999992,zero
44,occlude_XMV_04,9,20,0.84037184715271,0.5369861295681063,0.6338360726894479,0.0115,0.0,302.0,4,0.5397638704318937,0.6362097055470354,0.0125,0.002777740863787348,0.0023736328575875154,-0.0010000000000000009,zero
44,occlude_XMV_04,10,20,0.84037184715271,0.916851142026578,0.9558736089256884,0.01025,1.0,40.85,4,0.9190289036544852,0.9571340460164428,0.01025,0.002177761627907171,0.0012604370907544071,0.0,zero
44,occlude_XMV_04,11,20,0.84037184715271,0.960499377076412,0.978314836935276,0.0095,1.0,9.2,4,0.9627909676079734,0.9795720779310342,0.01025,0.0022915905315614715,0.001257240995758191,-0.0007500000000000007,zero
44,occlude_XMV_04,12,20,0.84037184715271,0.772694476744186,0.8587679825263964,0.0105,1.0,27.9,4,0.7819095930232558,0.8657635720676901,0.012,0.00921511627906979,0.006995589541293645,-0.0014999999999999996,zero
44,occlude_XMV_04,13,20,0.84037184715271,0.9479139119601327,0.974621440892306,0.00975,1.0,34.2,4,0.9481240448504984,0.9747409813611346,0.01025,0.0002101328903656441,0.00011954046882867164,-0.0005000000000000004,zero
44,occlude_XMV_04,14,20,0.84037184715271,0.9926592607973422,0.995976701696311,0.01,1.0,4.35,4,0.9930873338870432,0.9962665338962798,0.011,0.00042807308970094216,0.00028983219996880916,-0.0009999999999999992,zero
44,occlude_XMV_04,15,20,0.84037184715271,0.5082015988372093,0.6131296020971395,0.01075,0.0,302.0,4,0.5110953903654485,0.6156545376361905,0.01,0.002893791528239209,0.0025249355390509765,0.0007499999999999989,zero
44,occlude_XMV_04,16,20,0.84037184715271,0.5059159468438538,0.6049771365789395,0.0125,0.0,302.0,4,0.509300415282392,0.6089490785981092,0.01075,0.003384468438538235,0.0039719420191697274,0.0017500000000000016,zero
44,occlude_XMV_04,17,20,0.84037184715271,0.9501176495016612,0.9756280263732564,0.00875,1.0,31.6,4,0.9505538621262458,0.975856518360482,0.01,0.00043621262458459764,0.0002284919872256319,-0.0012499999999999994,zero
44,occlude_XMV_04,18,20,0.84037184715271,0.8747500415282392,0.931256006531019,0.008,1.0,62.8,4,0.8793125207641196,0.9340303251879236,0.0095,0.004562479235880379,0.002774318656904584,-0.0014999999999999996,zero
44,occlude_XMV_04,19,20,0.84037184715271,0.9336026162790698,0.96334753354333,0.0095,1.0,32.1,4,0.9362530315614618,0.9650090410196644,0.00925,0.0026504152823919602,0.0016615074763344229,0.0002500000000000002,zero
44,occlude_XMV_04,20,20,0.84037184715271,0.9388868355481728,0.969860492217732,0.009,1.0,42.05,4,0.9391847176079734,0.9700495406791422,0.0105,0.000297882059800636,0.0001890484614102128,-0.0015000000000000013,zero
44,occlude_XMV_04,21,20,0.84037184715271,0.4985509759136212,0.5983313642591527,0.013,0.0,302.0,4,0.5009509551495016,0.599847108322677,0.01125,0.002399979235880423,0.0015157440635242825,0.0017499999999999998,zero
44,occlude_XMV_04,22,20,0.84037184715271,0.5514147840531561,0.6418105688039564,0.01175,0.0,302.0,4,0.5570834717607973,0.6493169602564582,0.012,0.0056686877076411735,0.0075063914525018705,-0.0002500000000000002,zero
44,occlude_XMV_04,23,20,0.84037184715271,0.5373986295681064,0.6301665669414683,0.0115,0.0,302.0,4,0.5400834094684386,0.6335854732693644,0.01,0.0026847799003322237,0.0034189063278960985,0.0014999999999999996,zero
44,occlude_XMV_04,24,20,0.84037184715271,0.9671497508305648,0.982970298268276,0.00825,1.0,14.95,4,0.9684058139534883,0.9836018104875256,0.0105,0.0012560631229235897,0.0006315122192496192,-0.0022500000000000003,zero
44,occlude_XMV_04,25,20,0.84037184715271,0.9108677533222592,0.9500020517330724,0.00725,1.0,27.0,4,0.9153089285714284,0.9527174247148088,0.0095,0.004441175249169205,0.002715372981736408,-0.0022499999999999994,zero
44,occlude_XMV_04,26,20,0.84037184715271,0.5462153446843854,0.6467510876700877,0.009,0.05,292.4,4,0.918164742524917,0.9557177158784936,0.00925,0.3719493978405316,0.3089666282084059,-0.0002500000000000002,zero
44,occlude_XMV_04,27,20,0.84037184715271,0.7818350498338871,0.8597634943656493,0.009,1.0,26.35,4,0.7909616071428571,0.8668904245464866,0.0085,0.009126557308970051,0.007126930180837321,0.0004999999999999987,zero
44,occlude_XMV_04,28,20,0.84037184715271,0.5474183554817276,0.6505212562966606,0.0105,0.0,302.0,4,0.5551027408637874,0.6588470646375568,0.0085,0.007684385382059844,0.008325808340896246,0.002,zero
44,occlude_XMV_05,1,20,0.8202675580978394,0.9950612126245848,0.9975126542535548,0.0075,1.0,4.5,5,0.9950612126245848,0.9975126542535548,0.0075,0.0,0.0,0.0,zero
44,occlude_XMV_05,2,20,0.8202675580978394,0.9896926495016612,0.9946830031096264,0.009,1.0,12.1,5,0.9896926495016612,0.9946830031096264,0.009,0.0,0.0,0.0,zero
44,occlude_XMV_05,3,20,0.8202675580978394,0.539765573089701,0.6349504105580798,0.0095,0.0,302.0,5,0.539765573089701,0.6349504105580798,0.0095,0.0,0.0,0.0,zero
44,occlude_XMV_05,4,20,0.8202675580978394,0.8120067275747508,0.8625663082225996,0.01025,1.0,2.0,5,0.8120067275747508,0.8625663082225996,0.01025,0.0,0.0,0.0,zero
44,occlude_XMV_05,5,20,0.8202675580978394,0.499765676910299,0.6056371283594,0.01075,0.0,302.0,5,0.499765676910299,0.6056371283594,0.01075,0.0,0.0,0.0,zero
44,occlude_XMV_05,6,20,0.8202675580978394,0.9979767026578074,0.9990512640711312,0.00825,1.0,1.0,5,0.9979767026578074,0.9990512640711312,0.00825,0.0,0.0,0.0,zero
44,occlude_XMV_05,7,20,0.8202675580978394,0.9967065199335547,0.9983942231860607,0.00975,1.0,2.0,5,0.9967065199335547,0.9983942231860607,0.00975,0.0,0.0,0.0,zero
44,occlude_XMV_05,8,20,0.8202675580978394,0.9682699127906976,0.9843356691374708,0.0085,1.0,23.8,5,0.9682699127906976,0.9843356691374708,0.0085,0.0,0.0,0.0,zero
44,occlude_XMV_05,9,20,0.8202675580978394,0.5397638704318937,0.6362097055470354,0.0125,0.0,302.0,5,0.5397638704318937,0.6362097055470354,0.0125,0.0,0.0,0.0,zero
44,occlude_XMV_05,10,20,0.8202675580978394,0.9190289036544852,0.9571340460164428,0.01025,1.0,40.75,5,0.9190289036544852,0.9571340460164428,0.01025,0.0,0.0,0.0,zero
44,occlude_XMV_05,11,20,0.8202675580978394,0.9627909676079734,0.9795720779310342,0.01025,1.0,9.15,5,0.9627909676079734,0.9795720779310342,0.01025,0.0,0.0,0.0,zero
44,occlude_XMV_05,12,20,0.8202675580978394,0.7819095930232558,0.8657635720676901,0.012,1.0,25.55,5,0.7819095930232558,0.8657635720676901,0.012,0.0,0.0,0.0,zero
44,occlude_XMV_05,13,20,0.8202675580978394,0.9481240448504984,0.9747409813611346,0.01025,1.0,34.0,5,0.9481240448504984,0.9747409813611346,0.01025,0.0,0.0,0.0,zero
44,occlude_XMV_05,14,20,0.8202675580978394,0.9930873338870432,0.9962665338962798,0.011,1.0,4.15,5,0.9930873338870432,0.9962665338962798,0.011,0.0,0.0,0.0,zero
44,occlude_XMV_05,15,20,0.8202675580978394,0.5110953903654485,0.6156545376361905,0.01,0.0,302.0,5,0.5110953903654485,0.6156545376361905,0.01,0.0,0.0,0.0,zero
44,occlude_XMV_05,16,20,0.8202675580978394,0.509300415282392,0.6089490785981092,0.01075,0.0,302.0,5,0.509300415282392,0.6089490785981092,0.01075,0.0,0.0,0.0,zero
44,occlude_XMV_05,17,20,0.8202675580978394,0.9505538621262458,0.975856518360482,0.01,1.0,31.5,5,0.9505538621262458,0.975856518360482,0.01,0.0,0.0,0.0,zero
44,occlude_XMV_05,18,20,0.8202675580978394,0.8793125207641196,0.9340303251879236,0.0095,1.0,62.1,5,0.8793125207641196,0.9340303251879236,0.0095,0.0,0.0,0.0,zero
44,occlude_XMV_05,19,20,0.8202675580978394,0.9362530315614618,0.9650090410196644,0.00925,1.0,31.0,5,0.9362530315614618,0.9650090410196644,0.00925,0.0,0.0,0.0,zero
44,occlude_XMV_05,20,20,0.8202675580978394,0.9391847176079734,0.9700495406791422,0.0105,1.0,41.75,5,0.9391847176079734,0.9700495406791422,0.0105,0.0,0.0,0.0,zero
44,occlude_XMV_05,21,20,0.8202675580978394,0.5009509551495016,0.599847108322677,0.01125,0.0,302.0,5,0.5009509551495016,0.599847108322677,0.01125,0.0,0.0,0.0,zero
44,occlude_XMV_05,22,20,0.8202675580978394,0.5570834717607973,0.6493169602564582,0.012,0.0,302.0,5,0.5570834717607973,0.6493169602564582,0.012,0.0,0.0,0.0,zero
44,occlude_XMV_05,23,20,0.8202675580978394,0.5400834094684386,0.6335854732693644,0.01,0.0,302.0,5,0.5400834094684386,0.6335854732693644,0.01,0.0,0.0,0.0,zero
44,occlude_XMV_05,24,20,0.8202675580978394,0.9684058139534883,0.9836018104875256,0.0105,1.0,14.85,5,0.9684058139534883,0.9836018104875256,0.0105,0.0,0.0,0.0,zero
44,occlude_XMV_05,25,20,0.8202675580978394,0.9153089285714284,0.9527174247148088,0.0095,1.0,25.4,5,0.9153089285714284,0.9527174247148088,0.0095,0.0,0.0,0.0,zero
44,occlude_XMV_05,26,20,0.8202675580978394,0.918164742524917,0.9557177158784936,0.00925,1.0,28.9,5,0.918164742524917,0.9557177158784936,0.00925,0.0,0.0,0.0,zero
44,occlude_XMV_05,27,20,0.8202675580978394,0.7909616071428571,0.8668904245464866,0.0085,1.0,25.35,5,0.7909616071428571,0.8668904245464866,0.0085,0.0,0.0,0.0,zero
44,occlude_XMV_05,28,20,0.8202675580978394,0.5551027408637874,0.6588470646375568,0.0085,0.0,302.0,5,0.5551027408637874,0.6588470646375568,0.0085,0.0,0.0,0.0,zero
44,occlude_XMV_06,1,20,0.852406919002533,0.995008014950166,0.997476613116816,0.00975,1.0,4.65,6,0.9950612126245848,0.9975126542535548,0.0075,5.319767441880341e-05,3.604113673882914e-05,0.0022500000000000003,zero
44,occlude_XMV_06,2,20,0.852406919002533,0.9898809800664452,0.9948057316504711,0.00825,1.0,11.95,6,0.9896926495016612,0.9946830031096264,0.009,-0.00018833056478395616,-0.00012272854084471874,-0.0007499999999999989,zero
44,occlude_XMV_06,3,20,0.852406919002533,0.5376621262458472,0.634717133544898,0.00725,0.0,302.0,6,0.539765573089701,0.6349504105580798,0.0095,0.0021034468438537735,0.0002332770131817652,-0.0022499999999999994,zero
44,occlude_XMV_06,4,20,0.852406919002533,0.8006738372093023,0.8529007645664448,0.0115,1.0,2.0,6,0.8120067275747508,0.8625663082225996,0.01025,0.01133289036544849,0.009665543656154796,0.0012499999999999994,zero
44,occlude_XMV_06,5,20,0.852406919002533,0.5043508513289037,0.6088101454915462,0.01075,0.0,302.0,6,0.499765676910299,0.6056371283594,0.01075,-0.004585174418604676,-0.0031730171321462386,0.0,zero
44,occlude_XMV_06,6,20,0.852406919002533,0.9979707641196012,0.999051012902324,0.008,1.0,1.0,6,0.9979767026578074,0.9990512640711312,0.00825,5.938538206184951e-06,2.5116880719711077e-07,-0.0002500000000000002,zero
44,occlude_XMV_06,7,20,0.852406919002533,0.9966306893687708,0.998368827653338,0.00825,1.0,2.0,6,0.9967065199335547,0.9983942231860607,0.00975,7.58305647839963e-05,2.5395532722738423e-05,-0.0014999999999999996,zero
44,occlude_XMV_06,8,20,0.852406919002533,0.9686954318936876,0.9845142504032556,0.00875,1.0,23.7,6,0.9682699127906976,0.9843356691374708,0.0085,-0.00042551910298993523,-0.00017858126578473854,0.0002500000000000002,zero
44,occlude_XMV_06,9,20,0.852406919002533,0.542537188538206,0.6395887244338404,0.01225,0.0,302.0,6,0.5397638704318937,0.6362097055470354,0.0125,-0.002773318106312317,-0.0033790188868050297,-0.0002500000000000002,zero
44,occlude_XMV_06,10,20,0.852406919002533,0.9153642234219268,0.9551022950381768,0.01125,1.0,40.85,6,0.9190289036544852,0.9571340460164428,0.01025,0.0036646802325583927,0.0020317509782660226,0.0009999999999999992,zero
44,occlude_XMV_06,11,20,0.852406919002533,0.9655526370431894,0.9811199184790514,0.01075,1.0,9.9,6,0.9627909676079734,0.9795720779310342,0.01025,-0.002761669435215941,-0.0015478405480172652,0.0004999999999999987,zero
44,occlude_XMV_06,12,20,0.852406919002533,0.7865063745847176,0.8682015587735342,0.01175,1.0,28.6,6,0.7819095930232558,0.8657635720676901,0.012,-0.004596781561461816,-0.002437986705844164,-0.0002500000000000002,zero
44,occlude_XMV_06,13,20,0.852406919002533,0.9483772632890366,0.974854988720346,0.00825,1.0,34.1,6,0.9481240448504984,0.9747409813611346,0.01025,-0.00025321843853820525,-0.00011400735921140992,-0.002,zero
44,occlude_XMV_06,14,20,0.852406919002533,0.9925687292358804,0.995948520433488,0.00975,1.0,4.25,6,0.9930873338870432,0.9962665338962798,0.011,0.000518604651162824,0.00031801346279181075,-0.0012499999999999994,zero
44,occlude_XMV_06,15,20,0.852406919002533,0.5111911129568106,0.615595394084292,0.0095,0.0,302.0,6,0.5110953903654485,0.6156545376361905,0.01,-9.572259136214623e-05,5.9143551898510616e-05,-0.0005000000000000004,zero
44,occlude_XMV_06,16,20,0.852406919002533,0.5078169850498339,0.6074660347503749,0.01025,0.0,302.0,6,0.509300415282392,0.6089490785981092,0.01075,0.0014834302325581472,0.0014830438477343444,-0.0004999999999999987,zero
44,occlude_XMV_06,17,20,0.852406919002533,0.9502862749169436,0.975894108161746,0.008,1.0,31.4,6,0.9505538621262458,0.975856518360482,0.01,0.00026758720930220026,-3.758980126400413e-05,-0.002,zero
44,occlude_XMV_06,18,20,0.852406919002533,0.8777289244186046,0.9332462458295984,0.00975,1.0,63.35,6,0.8793125207641196,0.9340303251879236,0.0095,0.0015835963455149704,0.0007840793583252514,0.0002500000000000002,zero
44,occlude_XMV_06,19,20,0.852406919002533,0.9347476744186046,0.9641016749294488,0.009,1.0,31.95,6,0.9362530315614618,0.9650090410196644,0.00925,0.0015053571428571555,0.0009073660902156888,-0.0002500000000000002,zero
44,occlude_XMV_06,20,20,0.852406919002533,0.9387034676079734,0.9697835270164866,0.00875,1.0,41.35,6,0.9391847176079734,0.9700495406791422,0.0105,0.00048124999999998863,0.00026601366265555093,-0.0017499999999999998,zero
44,occlude_XMV_06,21,20,0.852406919002533,0.4971453488372093,0.5964644169649016,0.0115,0.0,302.0,6,0.5009509551495016,0.599847108322677,0.01125,0.00380560631229232,0.003382691357775358,0.0002500000000000002,zero
44,occlude_XMV_06,22,20,0.852406919002533,0.565153073089701,0.6555057581983722,0.0115,0.0,302.0,6,0.5570834717607973,0.6493169602564582,0.012,-0.008069601328903664,-0.006188797941913959,-0.0005000000000000004,zero
44,occlude_XMV_06,23,20,0.852406919002533,0.5389120431893688,0.6318462413503265,0.00925,0.0,302.0,6,0.5400834094684386,0.6335854732693644,0.01,0.0011713662790697743,0.001739231919037909,-0.0007500000000000007,zero
44,occlude_XMV_06,24,20,0.852406919002533,0.972914368770764,0.986147489254828,0.00975,1.0,15.2,6,0.9684058139534883,0.9836018104875256,0.0105,-0.004508554817275634,-0.002545678767302384,-0.0007500000000000007,zero
44,occlude_XMV_06,25,20,0.852406919002533,0.9081430440199336,0.9481087299957148,0.009,1.0,26.5,6,0.9153089285714284,0.9527174247148088,0.0095,0.0071658845514948055,0.004608694719093975,-0.0005000000000000004,zero
44,occlude_XMV_06,26,20,0.852406919002533,0.917635631229236,0.9551876344266964,0.00925,1.0,30.25,6,0.918164742524917,0.9557177158784936,0.00925,0.0005291112956810062,0.0005300814517972263,0.0,zero
44,occlude_XMV_06,27,20,0.852406919002533,0.793184738372093,0.867755553340248,0.0095,1.0,25.75,6,0.7909616071428571,0.8668904245464866,0.0085,-0.0022231312292358973,-0.0008651287937614383,0.0009999999999999992,zero
44,occlude_XMV_06,28,20,0.852406919002533,0.5568044850498339,0.6590395401430861,0.00875,0.0,302.0,6,0.5551027408637874,0.6588470646375568,0.0085,-0.0017017441860465166,-0.00019247550552925485,0.0002500000000000002,zero
44,occlude_XMV_07,1,20,0.8222683668136597,0.9950562292358804,0.997508391979634,0.008,1.0,4.6,7,0.9950612126245848,0.9975126542535548,0.0075,4.983388704360436e-06,4.26227392080758e-06,0.0005000000000000004,zero
44,occlude_XMV_07,2,20,0.8222683668136597,0.9895624169435216,0.9946140629073524,0.0095,1.0,12.45,7,0.9896926495016612,0.9946830031096264,0.009,0.000130232558139598,6.894020227399267e-05,0.0005000000000000004,zero
44,occlude_XMV_07,3,20,0.8222683668136597,0.5397803156146179,0.6344978648945513,0.0105,0.0,302.0,7,0.539765573089701,0.6349504105580798,0.0095,-1.4742524916955269e-05,0.0004525456635284808,0.0010000000000000009,zero
44,occlude_XMV_07,4,20,0.8222683668136597,0.8120085132890366,0.8626386554480413,0.00925,1.0,2.0,7,0.8120067275747508,0.8625663082225996,0.01025,-1.7857142857735653e-06,-7.234722544169347e-05,-0.0010000000000000009,zero
44,occlude_XMV_07,5,20,0.8222683668136597,0.5003656561461794,0.606118772066632,0.01175,0.0,302.0,7,0.499765676910299,0.6056371283594,0.01075,-0.0005999792358804545,-0.00048164370723202676,0.0010000000000000009,zero
44,occlude_XMV_07,6,20,0.8222683668136597,0.9980119186046512,0.9990622276353824,0.009,1.0,1.0,7,0.9979767026578074,0.9990512640711312,0.00825,-3.5215946843858426e-05,-1.0963564251231794e-05,0.0007499999999999989,zero
44,occlude_XMV_07,7,20,0.8222683668136597,0.9967480481727576,0.9984148980039448,0.01025,1.0,2.0,7,0.9967065199335547,0.9983942231860607,0.00975,-4.1528239202892614e-05,-2.0674817884036578e-05,0.0005000000000000004,zero
44,occlude_XMV_07,8,20,0.8222683668136597,0.9682444559800664,0.9843120480234816,0.008,1.0,23.9,7,0.9682699127906976,0.9843356691374708,0.0085,2.5456810631263593e-05,2.3621113989236164e-05,-0.0005000000000000004,zero
44,occlude_XMV_07,9,20,0.8222683668136597,0.5406856104651163,0.6369405582131485,0.01325,0.0,302.0,7,0.5397638704318937,0.6362097055470354,0.0125,-0.0009217400332226511,-0.0007308526661131687,0.0007499999999999989,zero
44,occlude_XMV_07,10,20,0.8222683668136597,0.9177543604651164,0.9563358835037902,0.01,1.0,40.75,7,0.9190289036544852,0.9571340460164428,0.01025,0.0012745431893688153,0.0007981625126526337,-0.0002500000000000002,zero
44,occlude_XMV_07,11,20,0.8222683668136597,0.9636031561461794,0.9799974547796148,0.0105,1.0,9.15,7,0.9627909676079734,0.9795720779310342,0.01025,-0.0008121885382059713,-0.000425376848580572,0.0002500000000000002,zero
44,occlude_XMV_07,12,20,0.8222683668136597,0.7831296926910299,0.8667314115746294,0.011,1.0,25.15,7,0.7819095930232558,0.8657635720676901,0.012,-0.0012200996677741438,-0.0009678395069393497,-0.0010000000000000009,zero
44,occlude_XMV_07,13,20,0.8222683668136597,0.9480152823920266,0.9746841822961816,0.01025,1.0,34.0,7,0.9481240448504984,0.9747409813611346,0.01025,0.00010876245847180055,5.679906495303921e-05,0.0,zero
44,occlude_XMV_07,14,20,0.8222683668136597,0.993059011627907,0.9962454997354206,0.01125,1.0,4.15,7,0.9930873338870432,0.9962665338962798,0.011,2.8322259136182026e-05,2.1034160859190187e-05,0.0002500000000000002,zero
44,occlude_XMV_07,15,20,0.8222683668136597,0.5106621262458472,0.6152912030865255,0.00925,0.0,302.0,7,0.5110953903654485,0.6156545376361905,0.01,0.0004332641196013176,0.00036333454966497314,-0.0007500000000000007,zero
44,occlude_XMV_07,16,20,0.8222683668136597,0.5092096968438539,0.6083340909632777,0.011,0.0,302.0,7,0.509300415282392,0.6089490785981092,0.01075,9.071843853813988e-05,0.0006149876348314764,0.0002500000000000002,zero
44,occlude_XMV_07,17,20,0.8222683668136597,0.9508772840531562,0.97601420915279,0.01025,1.0,31.6,7,0.9505538621262458,0.975856518360482,0.01,-0.0003234219269103722,-0.0001576907923079851,0.0002500000000000002,zero
44,occlude_XMV_07,18,20,0.8222683668136597,0.8791669850498339,0.93393578892567,0.00925,1.0,62.2,7,0.8793125207641196,0.9340303251879236,0.0095,0.0001455357142856606,9.453626225364165e-05,-0.0002500000000000002,zero
44,occlude_XMV_07,19,20,0.8222683668136597,0.8393330149501661,0.9058947849327827,0.01025,1.0,44.6,7,0.9362530315614618,0.9650090410196644,0.00925,0.09692001661129568,0.0591142560868817,0.0010000000000000009,zero
44,occlude_XMV_07,20,20,0.8222683668136597,0.938823338870432,0.9697786840654692,0.011,1.0,40.95,7,0.9391847176079734,0.9700495406791422,0.0105,0.0003613787375413846,0.0002708566136729873,0.0004999999999999987,zero
44,occlude_XMV_07,21,20,0.8222683668136597,0.5011996470099668,0.6004108632759146,0.0105,0.0,302.0,7,0.5009509551495016,0.599847108322677,0.01125,-0.00024869186046516667,-0.0005637549532376829,-0.0007499999999999989,zero
44,occlude_XMV_07,22,20,0.8222683668136597,0.5566258928571428,0.6486935708140942,0.01275,0.0,302.0,7,0.5570834717607973,0.6493169602564582,0.012,0.0004575789036544986,0.000623389442364064,0.0007499999999999989,zero
44,occlude_XMV_07,23,20,0.8222683668136597,0.5399248754152824,0.633327294317932,0.0095,0.0,302.0,7,0.5400834094684386,0.6335854732693644,0.01,0.00015853405315613411,0.00025817895143243064,-0.0005000000000000004,zero
44,occlude_XMV_07,24,20,0.8222683668136597,0.96776719269103,0.9832492375811924,0.01,1.0,14.85,7,0.9684058139534883,0.9836018104875256,0.0105,0.0006386212624583942,0.0003525729063331706,-0.0005000000000000004,zero
44,occlude_XMV_07,25,20,0.8222683668136597,0.9138461794019932,0.9517402173126782,0.00875,1.0,26.2,7,0.9153089285714284,0.9527174247148088,0.0095,0.001462749169435229,0.0009772074021305865,-0.0007499999999999989,zero
44,occlude_XMV_07,26,20,0.8222683668136597,0.9176401993355482,0.955370288304628,0.0095,1.0,28.9,7,0.918164742524917,0.9557177158784936,0.00925,0.0005245431893687869,0.00034742757386563294,0.0002500000000000002,zero
44,occlude_XMV_07,27,20,0.8222683668136597,0.7909154277408638,0.866838357941066,0.009,1.0,25.4,7,0.7909616071428571,0.8668904245464866,0.0085,4.617940199336257e-05,5.2066605420564294e-05,0.0004999999999999987,zero
44,occlude_XMV_07,28,20,0.8222683668136597,0.555447134551495,0.6594083537376626,0.009,0.0,302.0,7,0.5551027408637874,0.6588470646375568,0.0085,-0.00034439368770755596,-0.0005612891001057774,0.0004999999999999987,zero
44,occlude_XMV_08,1,20,0.8200364708900452,0.9950610049833888,0.9975115395818486,0.00775,1.0,4.4,8,0.9950612126245848,0.9975126542535548,0.0075,2.0764119601501818e-07,1.1146717062704425e-06,0.0002500000000000002,zero
44,occlude_XMV_08,2,20,0.8200364708900452,0.9896941860465116,0.9946831427373808,0.00875,1.0,12.2,8,0.9896926495016612,0.9946830031096264,0.009,-1.5365448503557033e-06,-1.3962775435860664e-07,-0.0002499999999999985,zero
44,occlude_XMV_08,3,20,0.8200364708900452,0.5398924626245847,0.6352107983290156,0.00975,0.0,302.0,8,0.539765573089701,0.6349504105580798,0.0095,-0.0001268895348837118,-0.00026038777093584375,0.0002500000000000002,zero
44,occlude_XMV_08,4,20,0.8200364708900452,0.8125581395348838,0.8630154386014695,0.0105,1.0,2.0,8,0.8120067275747508,0.8625663082225996,0.01025,-0.0005514119601329748,-0.0004491303788698442,0.0002500000000000002,zero
44,occlude_XMV_08,5,20,0.8200364708900452,0.5001915905315615,0.6059278848052478,0.0105,0.0,302.0,8,0.499765676910299,0.6056371283594,0.01075,-0.0004259136212624859,-0.00029075644584786176,-0.0002499999999999985,zero
44,occlude_XMV_08,6,20,0.8200364708900452,0.9979761212624584,0.9990508726562116,0.00875,1.0,1.0,8,0.9979767026578074,0.9990512640711312,0.00825,5.813953489752777e-07,3.91414919587163e-07,0.0005000000000000004,zero
44,occlude_XMV_08,7,20,0.8200364708900452,0.9966958471760796,0.9983903191044796,0.0095,1.0,2.0,8,0.9967065199335547,0.9983942231860607,0.00975,1.0672757475127526e-05,3.904081581129759e-06,-0.0002500000000000002,zero
44,occlude_XMV_08,8,20,0.8200364708900452,0.9682371054817276,0.984315569376564,0.00825,1.0,23.8,8,0.9682699127906976,0.9843356691374708,0.0085,3.2807308970039806e-05,2.0099760906888697e-05,-0.0002500000000000002,zero
44,occlude_XMV_08,9,20,0.8200364708900452,0.5398298172757475,0.6362920610345435,0.013,0.0,302.0,8,0.5397638704318937,0.6362097055470354,0.0125,-6.594684385385907e-05,-8.235548750812338e-05,0.0004999999999999987,zero
44,occlude_XMV_08,10,20,0.8200364708900452,0.9188301495016612,0.9569522801909311,0.01025,1.0,40.75,8,0.9190289036544852,0.9571340460164428,0.01025,0.00019875415282399889,0.00018176582551165943,0.0,zero
44,occlude_XMV_08,11,20,0.8200364708900452,0.96279167358804,0.979560887103716,0.0105,1.0,9.15,8,0.9627909676079734,0.9795720779310342,0.01025,-7.059800665176752e-07,1.1190827318152685e-05,0.0002500000000000002,zero
44,occlude_XMV_08,12,20,0.8200364708900452,0.7819057931893688,0.8657015129543446,0.01275,1.0,25.65,8,0.7819095930232558,0.8657635720676901,0.012,3.799833886986015e-06,6.205911334544734e-05,0.0007499999999999989,zero
44,occlude_XMV_08,13,20,0.8200364708900452,0.9481208056478404,0.9747378109086188,0.01075,1.0,34.0,8,0.9481240448504984,0.9747409813611346,0.01025,3.239202657989715e-06,3.1704525158549046e-06,0.0004999999999999987,zero
44,occlude_XMV_08,14,20,0.8200364708900452,0.9930825581395348,0.9962632972099732,0.011,1.0,4.15,8,0.9930873338870432,0.9962665338962798,0.011,4.775747508345418e-06,3.236686306640202e-06,0.0,zero
44,occlude_XMV_08,15,20,0.8200364708900452,0.511209219269103,0.6156943453809145,0.01025,0.0,302.0,8,0.5110953903654485,0.6156545376361905,0.01,-0.00011382890365452258,-3.98077447240075e-05,0.0002500000000000002,zero
44,occlude_XMV_08,16,20,0.8200364708900452,0.509431457641196,0.6091689629453139,0.01075,0.0,302.0,8,0.509300415282392,0.6089490785981092,0.01075,-0.00013104235880401216,-0.00021988434720465744,0.0,zero
44,occlude_XMV_08,17,20,0.8200364708900452,0.9505559800664451,0.975857427337796,0.01025,1.0,31.5,8,0.9505538621262458,0.975856518360482,0.01,-2.117940199330981e-06,-9.089773139736579e-07,0.0002500000000000002,zero
44,occlude_XMV_08,18,20,0.8200364708900452,0.8790911129568106,0.9339071718252742,0.009,1.0,62.7,8,0.8793125207641196,0.9340303251879236,0.0095,0.0002214078073089487,0.00012315336264945298,-0.0005000000000000004,zero
44,occlude_XMV_08,19,20,0.8200364708900452,0.870378280730897,0.9251137114935544,0.009,1.0,35.5,8,0.9362530315614618,0.9650090410196644,0.00925,0.06587475083056482,0.03989532952611008,-0.0002500000000000002,zero
44,occlude_XMV_08,20,20,0.8200364708900452,0.9391409053156148,0.9700067025867972,0.01,1.0,41.55,8,0.9391847176079734,0.9700495406791422,0.0105,4.3812292358613725e-05,4.2838092344954504e-05,-0.0005000000000000004,zero
44,occlude_XMV_08,21,20,0.8200364708900452,0.5011468023255814,0.6002657038614936,0.0115,0.0,302.0,8,0.5009509551495016,0.599847108322677,0.01125,-0.00019584717607978863,-0.00041859553881662404,0.0002500000000000002,zero
44,occlude_XMV_08,22,20,0.8200364708900452,0.5569983596345515,0.6493045950637762,0.0125,0.0,302.0,8,0.5570834717607973,0.6493169602564582,0.012,8.511212624584541e-05,1.2365192681995651e-05,0.0005000000000000004,zero
44,occlude_XMV_08,23,20,0.8200364708900452,0.5402930647840531,0.6335482096482629,0.01,0.0,302.0,8,0.5400834094684386,0.6335854732693644,0.01,-0.0002096553156145653,3.726362110156867e-05,0.0,zero
44,occlude_XMV_08,24,20,0.8200364708900452,0.9685837832225912,0.9836991675330784,0.01025,1.0,14.85,8,0.9684058139534883,0.9836018104875256,0.0105,-0.00017796926910285116,-9.735704555280389e-05,-0.0002500000000000002,zero
44,occlude_XMV_08,25,20,0.8200364708900452,0.9149487956810632,0.952479973767544,0.0095,1.0,26.4,8,0.9153089285714284,0.9527174247148088,0.0095,0.0003601328903651835,0.00023745094726479454,0.0,zero
44,occlude_XMV_08,26,20,0.8200364708900452,0.91827448089701,0.9557302360329902,0.0095,1.0,29.0,8,0.918164742524917,0.9557177158784936,0.00925,-0.00010973837209304893,-1.2520154496598046e-05,0.0002500000000000002,zero
44,occlude_XMV_08,27,20,0.8200364708900452,0.7905974460132891,0.8666615976998925,0.00825,1.0,25.3,8,0.7909616071428571,0.8668904245464866,0.0085,0.00036416112956805247,0.00022882684659408792,-0.0002500000000000002,zero
44,occlude_XMV_08,28,20,0.8200364708900452,0.5548446428571429,0.6584892200722405,0.00875,0.0,302.0,8,0.5551027408637874,0.6588470646375568,0.0085,0.0002580980066445582,0.00035784456531628983,0.0002500000000000002,zero
44,occlude_XMV_09,1,20,0.8202675580978394,0.9950612126245848,0.9975126542535548,0.0075,1.0,4.5,9,0.9950612126245848,0.9975126542535548,0.0075,0.0,0.0,0.0,zero
44,occlude_XMV_09,2,20,0.8202675580978394,0.9896926495016612,0.9946830031096264,0.009,1.0,12.1,9,0.9896926495016612,0.9946830031096264,0.009,0.0,0.0,0.0,zero
44,occlude_XMV_09,3,20,0.8202675580978394,0.539765573089701,0.6349504105580798,0.0095,0.0,302.0,9,0.539765573089701,0.6349504105580798,0.0095,0.0,0.0,0.0,zero
44,occlude_XMV_09,4,20,0.8202675580978394,0.8120067275747508,0.8625663082225996,0.01025,1.0,2.0,9,0.8120067275747508,0.8625663082225996,0.01025,0.0,0.0,0.0,zero
44,occlude_XMV_09,5,20,0.8202675580978394,0.499765676910299,0.6056371283594,0.01075,0.0,302.0,9,0.499765676910299,0.6056371283594,0.01075,0.0,0.0,0.0,zero
44,occlude_XMV_09,6,20,0.8202675580978394,0.9979767026578074,0.9990512640711312,0.00825,1.0,1.0,9,0.9979767026578074,0.9990512640711312,0.00825,0.0,0.0,0.0,zero
44,occlude_XMV_09,7,20,0.8202675580978394,0.9967065199335547,0.9983942231860607,0.00975,1.0,2.0,9,0.9967065199335547,0.9983942231860607,0.00975,0.0,0.0,0.0,zero
44,occlude_XMV_09,8,20,0.8202675580978394,0.9682699127906976,0.9843356691374708,0.0085,1.0,23.8,9,0.9682699127906976,0.9843356691374708,0.0085,0.0,0.0,0.0,zero
44,occlude_XMV_09,9,20,0.8202675580978394,0.5397638704318937,0.6362097055470354,0.0125,0.0,302.0,9,0.5397638704318937,0.6362097055470354,0.0125,0.0,0.0,0.0,zero
44,occlude_XMV_09,10,20,0.8202675580978394,0.9190289036544852,0.9571340460164428,0.01025,1.0,40.75,9,0.9190289036544852,0.9571340460164428,0.01025,0.0,0.0,0.0,zero
44,occlude_XMV_09,11,20,0.8202675580978394,0.9627909676079734,0.9795720779310342,0.01025,1.0,9.15,9,0.9627909676079734,0.9795720779310342,0.01025,0.0,0.0,0.0,zero
44,occlude_XMV_09,12,20,0.8202675580978394,0.7819095930232558,0.8657635720676901,0.012,1.0,25.55,9,0.7819095930232558,0.8657635720676901,0.012,0.0,0.0,0.0,zero
44,occlude_XMV_09,13,20,0.8202675580978394,0.9481240448504984,0.9747409813611346,0.01025,1.0,34.0,9,0.9481240448504984,0.9747409813611346,0.01025,0.0,0.0,0.0,zero
44,occlude_XMV_09,14,20,0.8202675580978394,0.9930873338870432,0.9962665338962798,0.011,1.0,4.15,9,0.9930873338870432,0.9962665338962798,0.011,0.0,0.0,0.0,zero
44,occlude_XMV_09,15,20,0.8202675580978394,0.5110953903654485,0.6156545376361905,0.01,0.0,302.0,9,0.5110953903654485,0.6156545376361905,0.01,0.0,0.0,0.0,zero
44,occlude_XMV_09,16,20,0.8202675580978394,0.509300415282392,0.6089490785981092,0.01075,0.0,302.0,9,0.509300415282392,0.6089490785981092,0.01075,0.0,0.0,0.0,zero
44,occlude_XMV_09,17,20,0.8202675580978394,0.9505538621262458,0.975856518360482,0.01,1.0,31.5,9,0.9505538621262458,0.975856518360482,0.01,0.0,0.0,0.0,zero
44,occlude_XMV_09,18,20,0.8202675580978394,0.8793125207641196,0.9340303251879236,0.0095,1.0,62.1,9,0.8793125207641196,0.9340303251879236,0.0095,0.0,0.0,0.0,zero
44,occlude_XMV_09,19,20,0.8202675580978394,0.9362530315614618,0.9650090410196644,0.00925,1.0,31.0,9,0.9362530315614618,0.9650090410196644,0.00925,0.0,0.0,0.0,zero
44,occlude_XMV_09,20,20,0.8202675580978394,0.9391847176079734,0.9700495406791422,0.0105,1.0,41.75,9,0.9391847176079734,0.9700495406791422,0.0105,0.0,0.0,0.0,zero
44,occlude_XMV_09,21,20,0.8202675580978394,0.5009509551495016,0.599847108322677,0.01125,0.0,302.0,9,0.5009509551495016,0.599847108322677,0.01125,0.0,0.0,0.0,zero
44,occlude_XMV_09,22,20,0.8202675580978394,0.5570834717607973,0.6493169602564582,0.012,0.0,302.0,9,0.5570834717607973,0.6493169602564582,0.012,0.0,0.0,0.0,zero
44,occlude_XMV_09,23,20,0.8202675580978394,0.5400834094684386,0.6335854732693644,0.01,0.0,302.0,9,0.5400834094684386,0.6335854732693644,0.01,0.0,0.0,0.0,zero
44,occlude_XMV_09,24,20,0.8202675580978394,0.9684058139534883,0.9836018104875256,0.0105,1.0,14.85,9,0.9684058139534883,0.9836018104875256,0.0105,0.0,0.0,0.0,zero
44,occlude_XMV_09,25,20,0.8202675580978394,0.9153089285714284,0.9527174247148088,0.0095,1.0,25.4,9,0.9153089285714284,0.9527174247148088,0.0095,0.0,0.0,0.0,zero
44,occlude_XMV_09,26,20,0.8202675580978394,0.918164742524917,0.9557177158784936,0.00925,1.0,28.9,9,0.918164742524917,0.9557177158784936,0.00925,0.0,0.0,0.0,zero
44,occlude_XMV_09,27,20,0.8202675580978394,0.7909616071428571,0.8668904245464866,0.0085,1.0,25.35,9,0.7909616071428571,0.8668904245464866,0.0085,0.0,0.0,0.0,zero
44,occlude_XMV_09,28,20,0.8202675580978394,0.5551027408637874,0.6588470646375568,0.0085,0.0,302.0,9,0.5551027408637874,0.6588470646375568,0.0085,0.0,0.0,0.0,zero
44,occlude_XMV_10,1,20,0.8200241923332214,0.9950511627906976,0.9975076035102244,0.0075,1.0,4.6,10,0.9950612126245848,0.9975126542535548,0.0075,1.0049833887193493e-05,5.050743330459184e-06,0.0,zero
44,occlude_XMV_10,2,20,0.8200241923332214,0.9897068936877076,0.9946889843128128,0.009,1.0,12.15,10,0.9896926495016612,0.9946830031096264,0.009,-1.424418604634159e-05,-5.981203186400386e-06,0.0,zero
44,occlude_XMV_10,3,20,0.8200241923332214,0.5390740033222592,0.6339193980309231,0.0095,0.0,302.0,10,0.539765573089701,0.6349504105580798,0.0095,0.0006915697674417798,0.0010310125271566495,0.0,zero
44,occlude_XMV_10,4,20,0.8200241923332214,0.5165099252491694,0.6261720516241261,0.0105,1.0,2.0,10,0.8120067275747508,0.8625663082225996,0.01025,0.2954968023255814,0.23639425659847346,0.0002500000000000002,zero
44,occlude_XMV_10,5,20,0.8200241923332214,0.4997398463455149,0.6057248507681,0.01075,0.0,302.0,10,0.499765676910299,0.6056371283594,0.01075,2.583056478411283e-05,-8.772240870003056e-05,0.0,zero
44,occlude_XMV_10,6,20,0.8200241923332214,0.9979767026578074,0.9990513498811938,0.00825,1.0,1.0,10,0.9979767026578074,0.9990512640711312,0.00825,0.0,-8.581006261110247e-08,0.0,zero
44,occlude_XMV_10,7,20,0.8200241923332214,0.996725415282392,0.9984047714578372,0.00925,1.0,2.0,10,0.9967065199335547,0.9983942231860607,0.00975,-1.8895348837255632e-05,-1.0548271776489315e-05,-0.0005000000000000004,zero
44,occlude_XMV_10,8,20,0.8200241923332214,0.9681894102990032,0.9842931769671056,0.00875,1.0,23.8,10,0.9682699127906976,0.9843356691374708,0.0085,8.050249169444523e-05,4.249217036522701e-05,0.0002500000000000002,zero
44,occlude_XMV_10,9,20,0.8200241923332214,0.5395203696013289,0.635784747226098,0.0125,0.0,302.0,10,0.5397638704318937,0.6362097055470354,0.0125,0.00024350083056479122,0.0004249583209373631,0.0,zero
44,occlude_XMV_10,10,20,0.8200241923332214,0.9191069352159468,0.9571621618694036,0.0105,1.0,40.75,10,0.9190289036544852,0.9571340460164428,0.01025,-7.803156146157786e-05,-2.811585296080832e-05,0.0002500000000000002,zero
44,occlude_XMV_10,11,20,0.8200241923332214,0.9421555855481728,0.9681661839722036,0.01025,1.0,9.8,10,0.9627909676079734,0.9795720779310342,0.01025,0.020635382059800644,0.011405893958830626,0.0,zero
44,occlude_XMV_10,12,20,0.8200241923332214,0.7818583471760797,0.8657038982966859,0.012,1.0,25.65,10,0.7819095930232558,0.8657635720676901,0.012,5.12458471760846e-05,5.967377100413174e-05,0.0,zero
44,occlude_XMV_10,13,20,0.8200241923332214,0.9480789451827244,0.9747234783331375,0.011,1.0,34.0,10,0.9481240448504984,0.9747409813611346,0.01025,4.5099667773995655e-05,1.7503027997078924e-05,0.0007499999999999989,zero
44,occlude_XMV_10,14,20,0.8200241923332214,0.991521303986711,0.9952877209325516,0.01075,1.0,4.15,10,0.9930873338870432,0.9962665338962798,0.011,0.0015660299003321665,0.0009788129637282594,-0.0002500000000000002,zero
44,occlude_XMV_10,15,20,0.8200241923332214,0.5111713247508306,0.6158801532063858,0.00925,0.0,302.0,10,0.5110953903654485,0.6156545376361905,0.01,-7.593438538211483e-05,-0.00022561557019529221,-0.0007500000000000007,zero
44,occlude_XMV_10,16,20,0.8200241923332214,0.5094857350498339,0.6089509476192835,0.0105,0.0,302.0,10,0.509300415282392,0.6089490785981092,0.01075,-0.00018531976744184941,-1.869021174272234e-06,-0.0002499999999999985,zero
44,occlude_XMV_10,17,20,0.8200241923332214,0.9508505398671095,0.9760450562350834,0.01,1.0,31.5,10,0.9505538621262458,0.975856518360482,0.01,-0.00029667774086372667,-0.00018853787460137994,0.0,zero
44,occlude_XMV_10,18,20,0.8200241923332214,0.879700207641196,0.9342773294554036,0.009,1.0,62.4,10,0.8793125207641196,0.9340303251879236,0.0095,-0.0003876868770764652,-0.00024700426748003323,-0.0005000000000000004,zero
44,occlude_XMV_10,19,20,0.8200241923332214,0.9363782392026578,0.9650587983478373,0.00925,1.0,30.8,10,0.9362530315614618,0.9650090410196644,0.00925,-0.00012520764119605676,-4.975732817280587e-05,0.0,zero
44,occlude_XMV_10,20,20,0.8200241923332214,0.9390289036544852,0.9699651207843834,0.0105,1.0,41.55,10,0.9391847176079734,0.9700495406791422,0.0105,0.00015581395348818194,8.441989475882483e-05,0.0,zero
44,occlude_XMV_10,21,20,0.8200241923332214,0.5010124169435216,0.6002167413088324,0.01125,0.0,302.0,10,0.5009509551495016,0.599847108322677,0.01125,-6.146179402000129e-05,-0.0003696329861554437,0.0,zero
44,occlude_XMV_10,22,20,0.8200241923332214,0.5567604443521594,0.6486654618587965,0.01175,0.0,302.0,10,0.5570834717607973,0.6493169602564582,0.012,0.00032302740863787704,0.000651498397661765,-0.0002500000000000002,zero
44,occlude_XMV_10,23,20,0.8200241923332214,0.5400826411960132,0.633429979587119,0.00975,0.0,302.0,10,0.5400834094684386,0.6335854732693644,0.01,7.682724253443851e-07,0.00015549368224543336,-0.0002500000000000002,zero
44,occlude_XMV_10,24,20,0.8200241923332214,0.9684078488372092,0.9835979854336389,0.01025,1.0,14.85,10,0.9684058139534883,0.9836018104875256,0.0105,-2.0348837208583603e-06,3.825053886741259e-06,-0.0002500000000000002,zero
44,occlude_XMV_10,25,20,0.8200241923332214,0.9147919019933556,0.952402682061135,0.0095,1.0,25.3,10,0.9153089285714284,0.9527174247148088,0.0095,0.0005170265780728434,0.00031474265367381626,0.0,zero
44,occlude_XMV_10,26,20,0.8200241923332214,0.9182230689368772,0.9557551326977198,0.00925,1.0,28.9,10,0.918164742524917,0.9557177158784936,0.00925,-5.832641196024113e-05,-3.7416819226199216e-05,0.0,zero
44,occlude_XMV_10,27,20,0.8200241923332214,0.7713289659468439,0.8534107250538502,0.00825,1.0,26.2,10,0.7909616071428571,0.8668904245464866,0.0085,0.019632641196013267,0.013479699492636388,-0.0002500000000000002,zero
44,occlude_XMV_10,28,20,0.8200241923332214,0.5551436669435216,0.6589529291799251,0.00875,0.0,302.0,10,0.5551027408637874,0.6588470646375568,0.0085,-4.09260797341604e-05,-0.00010586454236827247,0.0002500000000000002,zero
44,occlude_XMV_11,1,20,0.8206543326377869,0.9950683554817276,0.9975146985736864,0.008,1.0,4.4,11,0.9950612126245848,0.9975126542535548,0.0075,-7.142857142761194e-06,-2.0443201315112347e-06,0.0005000000000000004,zero
44,occlude_XMV_11,2,20,0.8206543326377869,0.989684011627907,0.9946773464279604,0.00925,1.0,12.0,11,0.9896926495016612,0.9946830031096264,0.009,8.637873754269165e-06,5.656681666077468e-06,0.0002500000000000002,zero
44,occlude_XMV_11,3,20,0.8206543326377869,0.5394750830564784,0.6345966944179064,0.01,0.0,302.0,11,0.539765573089701,0.6349504105580798,0.0095,0.00029049003322256794,0.0003537161401733213,0.0005000000000000004,zero
44,occlude_XMV_11,4,20,0.8206543326377869,0.8119163413621262,0.8626409109705944,0.01025,1.0,2.0,11,0.8120067275747508,0.8625663082225996,0.01025,9.038621262458246e-05,-7.460274799475641e-05,0.0,zero
44,occlude_XMV_11,5,20,0.8206543326377869,0.5000336794019934,0.6059057685271175,0.01125,0.0,302.0,11,0.499765676910299,0.6056371283594,0.01075,-0.00026800249169439683,-0.00026864016771754873,0.0005000000000000004,zero
44,occlude_XMV_11,6,20,0.8206543326377869,0.997969061461794,0.999048708805118,0.0085,1.0,1.0,11,0.9979767026578074,0.9990512640711312,0.00825,7.641196013374874e-06,2.5552660132266425e-06,0.0002500000000000002,zero
44,occlude_XMV_11,7,20,0.8206543326377869,0.9967318106312292,0.998403761497505,0.0095,1.0,2.0,11,0.9967065199335547,0.9983942231860607,0.00975,-2.5290697674429374e-05,-9.538311444234893e-06,-0.0002500000000000002,zero
44,occlude_XMV_11,8,20,0.8206543326377869,0.9682191445182724,0.9843064108621088,0.00825,1.0,23.8,11,0.9682699127906976,0.9843356691374708,0.0085,5.0768272425227856e-05,2.925827536204295e-05,-0.0002500000000000002,zero
44,occlude_XMV_11,9,20,0.8206543326377869,0.539965884551495,0.6364181660191284,0.01275,0.0,302.0,11,0.5397638704318937,0.6362097055470354,0.0125,-0.00020201411960130145,-0.00020846047209299723,0.0002499999999999985,zero
44,occlude_XMV_11,10,20,0.8206543326377869,0.9189615033222592,0.9570774323778872,0.01075,1.0,40.75,11,0.9190289036544852,0.9571340460164428,0.01025,6.74003322259642e-05,5.661363855558044e-05,0.0004999999999999987,zero
44,occlude_XMV_11,11,20,0.8206543326377869,0.9630052948504984,0.9796833920706988,0.01025,1.0,9.15,11,0.9627909676079734,0.9795720779310342,0.01025,-0.0002143272425249032,-0.0001113141396645867,0.0,zero
44,occlude_XMV_11,12,20,0.8206543326377869,0.7819396387043189,0.865794949376449,0.01125,1.0,25.65,11,0.7819095930232558,0.8657635720676901,0.012,-3.0045681063128882e-05,-3.137730875890643e-05,-0.0007500000000000007,zero
44,occlude_XMV_11,13,20,0.8206543326377869,0.9481254568106312,0.9747431999730304,0.00975,1.0,34.0,11,0.9481240448504984,0.9747409813611346,0.01025,-1.4119601328133058e-06,-2.218611895754563e-06,-0.0005000000000000004,zero
44,occlude_XMV_11,14,20,0.8206543326377869,0.9931096760797342,0.9962772744847967,0.0105,1.0,4.15,11,0.9930873338870432,0.9962665338962798,0.011,-2.234219269103832e-05,-1.0740588516910954e-05,-0.0004999999999999987,zero
44,occlude_XMV_11,15,20,0.8206543326377869,0.5108652408637874,0.6156027342248946,0.0095,0.0,302.0,11,0.5110953903654485,0.6156545376361905,0.01,0.00023014950166111436,5.1803411295847646e-05,-0.0005000000000000004,zero
44,occlude_XMV_11,16,20,0.8206543326377869,0.5092104443521595,0.6087669336655575,0.0105,0.0,302.0,11,0.509300415282392,0.6089490785981092,0.01075,8.997093023255243e-05,0.00018214493255175324,-0.0002499999999999985,zero
44,occlude_XMV_11,17,20,0.8206543326377869,0.9506556893687708,0.975909016040554,0.00975,1.0,31.5,11,0.9505538621262458,0.975856518360482,0.01,-0.00010182724252494335,-5.249768007198341e-05,-0.0002500000000000002,zero
44,occlude_XMV_11,18,20,0.8206543326377869,0.8792642026578074,0.9340284491274874,0.00925,1.0,62.2,11,0.8793125207641196,0.9340303251879236,0.0095,4.831810631222844e-05,1.876060436223348e-06,-0.0002500000000000002,zero
44,occlude_XMV_11,19,20,0.8206543326377869,0.9364365863787376,0.9651391171388763,0.009,1.0,31.0,11,0.9362530315614618,0.9650090410196644,0.00925,-0.00018355481727583278,-0.0001300761192118971,-0.0002500000000000002,zero
44,occlude_XMV_11,20,20,0.8206543326377869,0.939194892026578,0.9700428950160258,0.01,1.0,41.75,11,0.9391847176079734,0.9700495406791422,0.0105,-1.0174418604624869e-05,6.64566311636694e-06,-0.0005000000000000004,zero
44,occlude_XMV_11,21,20,0.8206543326377869,0.500957080564784,0.6000842180340752,0.011,0.0,302.0,11,0.5009509551495016,0.599847108322677,0.01125,-6.125415282443036e-06,-0.00023710971139823123,-0.0002500000000000002,zero
44,occlude_XMV_11,22,20,0.8206543326377869,0.5569207848837209,0.6492793775763297,0.01225,0.0,302.0,11,0.5570834717607973,0.6493169602564582,0.012,0.00016268687707643448,3.758268012854504e-05,0.0002500000000000002,zero
44,occlude_XMV_11,23,20,0.8206543326377869,0.5398651993355482,0.633503689080987,0.01,0.0,302.0,11,0.5400834094684386,0.6335854732693644,0.01,0.00021821013289036184,8.178418837745394e-05,0.0,zero
44,occlude_XMV_11,24,20,0.8206543326377869,0.9685409053156148,0.9836581494894272,0.0105,1.0,14.85,11,0.9684058139534883,0.9836018104875256,0.0105,-0.00013509136212641604,-5.6339001901606345e-05,0.0,zero
44,occlude_XMV_11,25,20,0.8206543326377869,0.9148441029900332,0.9524377841761884,0.00925,1.0,26.25,11,0.9153089285714284,0.9527174247148088,0.0095,0.0004648255813952673,0.00027964053862039595,-0.0002500000000000002,zero
44,occlude_XMV_11,26,20,0.8206543326377869,0.918037603820598,0.9556427056993888,0.0095,1.0,29.0,11,0.918164742524917,0.9557177158784936,0.00925,0.00012713870431901864,7.501017910482854e-05,0.0002500000000000002,zero
44,occlude_XMV_11,27,20,0.8206543326377869,0.790810153654485,0.8667338528583162,0.00875,1.0,25.35,11,0.7909616071428571,0.8668904245464866,0.0085,0.0001514534883720886,0.0001565716881704038,0.0002500000000000002,zero
44,occlude_XMV_11,28,20,0.8206543326377869,0.5546597799003322,0.6582914327161179,0.00775,0.0,302.0,11,0.5551027408637874,0.6588470646375568,0.0085,0.00044296096345519675,0.000555631921438926,-0.0007500000000000007,zero
45,occlude_XMV_01,1,20,0.8858932852745056,0.9948960963455148,0.9974290474478852,0.00825,1.0,4.75,1,0.9950419019933556,0.9975098706650242,0.01,0.00014580564784083538,8.082321713898111e-05,-0.0017499999999999998,zero
45,occlude_XMV_01,2,20,0.8858932852745056,0.9901561877076412,0.9949676087502805,0.0095,1.0,11.75,1,0.9907769933554816,0.9952258879124548,0.0085,0.0006208056478403945,0.0002582791621743574,0.0009999999999999992,zero
45,occlude_XMV_01,3,20,0.8858932852745056,0.5368767234219269,0.6283308652463454,0.01025,0.0,302.0,1,0.5424895141196013,0.6339631624814935,0.009,0.005612790697674397,0.0056322972351481315,0.0012500000000000011,zero
45,occlude_XMV_01,4,20,0.8858932852745056,0.9582602782392028,0.9701891861301056,0.00875,1.0,2.0,1,0.9637483803986712,0.9745045150216746,0.00975,0.005488102159468378,0.004315328891568937,-0.0009999999999999992,zero
45,occlude_XMV_01,5,20,0.8858932852745056,0.5016894933554817,0.60597489403827,0.009,0.05,287.0,1,0.5006136627906976,0.6057167526060577,0.0115,-0.0010758305647841082,-0.0002581414322122555,-0.0025000000000000005,zero
45,occlude_XMV_01,6,20,0.8858932852745056,0.9980501661129568,0.9990817218959008,0.0095,1.0,1.0,1,0.9979553986710964,0.999044369920558,0.0085,-9.476744186043273e-05,-3.7351975342825305e-05,0.0009999999999999992,zero
45,occlude_XMV_01,7,20,0.8858932852745056,0.996718023255814,0.9984273421816214,0.00675,1.0,2.0,1,0.996640988372093,0.9983767622994084,0.01,-7.703488372101663e-05,-5.05798822130199e-05,-0.0032500000000000003,zero
45,occlude_XMV_01,8,20,0.8858932852745056,0.968999377076412,0.9846868558241484,0.00675,1.0,23.45,1,0.9689607558139536,0.9847339205967168,0.007,-3.8621262458460315e-05,4.706477256843922e-05,-0.0002500000000000002,zero
45,occlude_XMV_01,9,20,0.8858932852745056,0.535846303986711,0.6313275826151196,0.01075,0.0,302.0,1,0.5445666112956811,0.6388465407417568,0.0105,0.00872030730897011,0.007518958126637276,0.0002499999999999985,zero
45,occlude_XMV_01,10,20,0.8858932852745056,0.9157774086378736,0.9554669942241802,0.01525,1.0,40.95,1,0.9214589285714284,0.9588495555287868,0.00975,0.005681519933554813,0.0033825613046065683,0.0055,zero
45,occlude_XMV_01,11,20,0.8858932852745056,0.9792013704318936,0.9890167524269604,0.0085,1.0,8.8,1,0.9809042566445184,0.9899903658334476,0.0095,0.0017028862126248212,0.0009736134064871615,-0.0009999999999999992,zero
45,occlude_XMV_01,12,20,0.8858932852745056,0.7763657392026578,0.8615083681730389,0.01,1.0,25.9,1,0.7946545473421927,0.874689881477104,0.0095,0.018288808139534818,0.01318151330406514,0.0005000000000000004,zero
45,occlude_XMV_01,13,20,0.8858932852745056,0.9466203488372094,0.9740920697033836,0.0095,1.0,34.1,1,0.947693646179402,0.9746002391504576,0.01,0.0010732973421926362,0.0005081694470739917,-0.0005000000000000004,zero
45,occlude_XMV_01,14,20,0.8858932852745056,0.9952406146179402,0.99764619810361,0.009,1.0,4.1,1,0.9953485880398673,0.9977122101382772,0.008,0.0001079734219270323,6.601203466716221e-05,0.0009999999999999992,zero
45,occlude_XMV_01,15,20,0.8858932852745056,0.5117797965116279,0.6156376327397939,0.00975,0.0,302.0,1,0.5155019518272426,0.6196057284088096,0.01125,0.003722155315614706,0.003968095669015681,-0.0014999999999999996,zero
45,occlude_XMV_01,16,20,0.8858932852745056,0.5072722799003322,0.6064311717931513,0.0125,0.0,302.0,1,0.5088451204318937,0.6084821360944539,0.012,0.0015728405315614813,0.0020509643013025824,0.0005000000000000004,zero
45,occlude_XMV_01,17,20,0.8858932852745056,0.9535555647840532,0.9775047312922568,0.0115,1.0,30.8,1,0.9527898255813954,0.9772403923173034,0.0085,-0.000765739202657878,-0.0002643389749533709,0.002999999999999999,zero
45,occlude_XMV_01,18,20,0.8858932852745056,0.8745819352159468,0.9313499728548056,0.01225,1.0,61.3,1,0.8811969476744186,0.93529746253947,0.01,0.006615012458471736,0.003947489684664407,0.0022500000000000003,zero
45,occlude_XMV_01,19,20,0.8858932852745056,0.9504607973421928,0.9735003749936773,0.0115,1.0,27.2,1,0.9540115448504984,0.9758153153366168,0.009,0.0035507475083056406,0.002314940342939553,0.0025000000000000005,zero
45,occlude_XMV_01,20,20,0.8858932852745056,0.9395163828903654,0.9701317708268368,0.00825,1.0,41.7,1,0.939454422757475,0.970128231984342,0.01075,-6.196013289039293e-05,-3.5388424948212815e-06,-0.0024999999999999988,zero
45,occlude_XMV_01,21,20,0.8858932852745056,0.5112200581395349,0.610840425987977,0.00725,0.0,302.0,1,0.5023449335548172,0.6007096500891514,0.00975,-0.00887512458471762,-0.010130775898825606,-0.0024999999999999996,zero
45,occlude_XMV_01,22,20,0.8858932852745056,0.5544683347176079,0.6515999802962188,0.0095,0.0,302.0,1,0.5614498754152824,0.6531687464531204,0.01225,0.0069815406976744265,0.001568766156901602,-0.0027500000000000007,zero
45,occlude_XMV_01,23,20,0.8858932852745056,0.5299667358803987,0.6235766965768988,0.01125,0.05,287.4,1,0.5356838247508305,0.6285449295853928,0.01,0.0057170888704318745,0.004968233008493916,0.0012499999999999994,zero
45,occlude_XMV_01,24,20,0.8858932852745056,0.9057754983388704,0.9466179095953042,0.0095,1.0,22.0,1,0.9734254568106312,0.9863832641623768,0.01,0.06764995847176081,0.03976535456707253,-0.0005000000000000004,zero
45,occlude_XMV_01,25,20,0.8858932852745056,0.8968879568106313,0.9409723360553136,0.008,1.0,30.25,1,0.9044997093023256,0.9459864745165794,0.00825,0.0076117524916943236,0.005014138461265749,-0.0002500000000000002,zero
45,occlude_XMV_01,26,20,0.8858932852745056,0.914772446013289,0.9538292887228976,0.01,1.0,29.35,1,0.9205679401993356,0.9573229999653974,0.01,0.005795494186046635,0.003493711242499753,0.0,zero
45,occlude_XMV_01,27,20,0.8858932852745056,0.8197100913621262,0.8846188790021834,0.00925,1.0,24.55,1,0.8330642441860465,0.8949459781273176,0.009,0.013354152823920273,0.010327099125134187,0.0002500000000000002,zero
45,occlude_XMV_01,28,20,0.8858932852745056,0.5486067275747508,0.6504948147631471,0.01,0.0,302.0,1,0.5591237333887044,0.662409698620765,0.0095,0.01051700581395354,0.011914883857617964,0.0005000000000000004,zero
45,occlude_XMV_02,1,20,0.902038037776947,0.9945959717607974,0.9972941606388156,0.01175,1.0,4.9,2,0.9950419019933556,0.9975098706650242,0.01,0.0004459302325582337,0.00021571002620857094,0.0017499999999999998,zero
45,occlude_XMV_02,2,20,0.902038037776947,0.9900073089700996,0.9948480156704768,0.009,1.0,12.0,2,0.9907769933554816,0.9952258879124548,0.0085,0.0007696843853820523,0.00037787224197805003,0.0004999999999999987,zero
45,occlude_XMV_02,3,20,0.902038037776947,0.5381704734219269,0.6318078854271061,0.01025,0.0,302.0,2,0.5424895141196013,0.6339631624814935,0.009,0.0043190406976744145,0.00215527705438745,0.0012500000000000011,zero
45,occlude_XMV_02,4,20,0.902038037776947,0.9581216985049834,0.969617746393972,0.01025,1.0,2.0,2,0.9637483803986712,0.9745045150216746,0.00975,0.005626681893687757,0.004886768627702542,0.0005000000000000004,zero
45,occlude_XMV_02,5,20,0.902038037776947,0.4962587001661129,0.6008819146494321,0.01175,0.05,287.0,2,0.5006136627906976,0.6057167526060577,0.0115,0.004354962624584735,0.004834837956625648,0.0002500000000000002,zero
45,occlude_XMV_02,6,20,0.902038037776947,0.9980112956810632,0.9990680167642724,0.00925,1.0,1.0,2,0.9979553986710964,0.999044369920558,0.0085,-5.58970099667766e-05,-2.364684371436443e-05,0.0007499999999999989,zero
45,occlude_XMV_02,7,20,0.902038037776947,0.996639161129568,0.9983705706049972,0.01075,1.0,2.0,2,0.996640988372093,0.9983767622994084,0.01,1.8272425250653868e-06,6.191694411183946e-06,0.0007499999999999989,zero
45,occlude_XMV_02,8,20,0.902038037776947,0.9678956395348836,0.9842402982060074,0.008,1.0,23.7,2,0.9689607558139536,0.9847339205967168,0.007,0.001065116279070022,0.0004936223907093806,0.001,zero
45,occlude_XMV_02,9,20,0.902038037776947,0.5373526162790697,0.6260641752984892,0.01175,0.0,302.0,2,0.5445666112956811,0.6388465407417568,0.0105,0.007213995016611352,0.012782365443267607,0.0012499999999999994,zero
45,occlude_XMV_02,10,20,0.902038037776947,0.9136476328903654,0.9538988341820844,0.02075,1.0,42.8,2,0.9214589285714284,0.9588495555287868,0.00975,0.00781129568106298,0.00495072134670238,0.011000000000000001,zero
45,occlude_XMV_02,11,20,0.902038037776947,0.9790187292358804,0.9888564487310054,0.00925,1.0,8.9,2,0.9809042566445184,0.9899903658334476,0.0095,0.0018855274086380103,0.0011339171024421502,-0.0002500000000000002,zero
45,occlude_XMV_02,12,20,0.902038037776947,0.7749250415282392,0.8596751362051422,0.0105,1.0,27.3,2,0.7946545473421927,0.874689881477104,0.0095,0.019729505813953496,0.015014745271961782,0.0010000000000000009,zero
45,occlude_XMV_02,13,20,0.902038037776947,0.9463377491694352,0.9740642582230462,0.00825,1.0,33.9,2,0.947693646179402,0.9746002391504576,0.01,0.0013558970099667444,0.0005359809274113614,-0.0017499999999999998,zero
45,occlude_XMV_02,14,20,0.902038037776947,0.9951482142857144,0.9975884164739668,0.01025,1.0,4.1,2,0.9953485880398673,0.9977122101382772,0.008,0.0002003737541528272,0.00012379366431036765,0.0022500000000000003,zero
45,occlude_XMV_02,15,20,0.902038037776947,0.5054822882059801,0.6086923288554711,0.01225,0.0,302.0,2,0.5155019518272426,0.6196057284088096,0.01125,0.010019663621262498,0.010913399553338476,0.0010000000000000009,zero
45,occlude_XMV_02,16,20,0.902038037776947,0.5051102782392026,0.6072882719073924,0.01,0.0,302.0,2,0.5088451204318937,0.6084821360944539,0.012,0.0037348421926910458,0.0011938641870614664,-0.002,zero
45,occlude_XMV_02,17,20,0.902038037776947,0.952289472591362,0.9768901823344766,0.014,1.0,31.0,2,0.9527898255813954,0.9772403923173034,0.0085,0.0005003529900333703,0.00035020998282686566,0.0055,zero
45,occlude_XMV_02,18,20,0.902038037776947,0.8728524086378737,0.9300809249917832,0.01025,1.0,61.85,2,0.8811969476744186,0.93529746253947,0.01,0.008344539036544862,0.005216537547686806,0.0002500000000000002,zero
45,occlude_XMV_02,19,20,0.902038037776947,0.9479036337209302,0.9721897316009132,0.01025,1.0,28.05,2,0.9540115448504984,0.9758153153366168,0.009,0.006107911129568211,0.0036255837357036524,0.0012500000000000011,zero
45,occlude_XMV_02,20,20,0.902038037776947,0.9386161129568106,0.9696199807901288,0.00825,1.0,41.75,2,0.939454422757475,0.970128231984342,0.01075,0.0008383098006644607,0.0005082511942131607,-0.0024999999999999988,zero
45,occlude_XMV_02,21,20,0.902038037776947,0.511697446013289,0.6138709616859865,0.007,0.0,302.0,2,0.5023449335548172,0.6007096500891514,0.00975,-0.009352512458471796,-0.01316131159683509,-0.00275,zero
45,occlude_XMV_02,22,20,0.902038037776947,0.5582797342192691,0.6484557719493393,0.0115,0.0,302.0,2,0.5614498754152824,0.6531687464531204,0.01225,0.003170141196013221,0.004712974503781053,-0.0007500000000000007,zero
45,occlude_XMV_02,23,20,0.902038037776947,0.5237019310631229,0.6167905987230033,0.0165,0.05,287.45,2,0.5356838247508305,0.6285449295853928,0.01,0.011981893687707634,0.011754330862389417,0.006500000000000001,zero
45,occlude_XMV_02,24,20,0.902038037776947,0.9697164451827244,0.984341015489356,0.01275,1.0,15.25,2,0.9734254568106312,0.9863832641623768,0.01,0.003709011627906822,0.002042248673020719,0.002749999999999999,zero
45,occlude_XMV_02,25,20,0.902038037776947,0.6704640157807309,0.7666240628368712,0.00675,0.8,150.0,2,0.9044997093023256,0.9459864745165794,0.00825,0.2340356935215947,0.17936241167970812,-0.0015000000000000005,zero
45,occlude_XMV_02,26,20,0.902038037776947,0.911608637873754,0.9520822185293444,0.0085,1.0,29.75,2,0.9205679401993356,0.9573229999653974,0.01,0.00895930232558162,0.005240781436052999,-0.0014999999999999996,zero
45,occlude_XMV_02,27,20,0.902038037776947,0.8173248131229236,0.8805575030911119,0.012,1.0,27.2,2,0.8330642441860465,0.8949459781273176,0.009,0.01573943106312292,0.014388475036205661,0.003000000000000001,zero
45,occlude_XMV_02,28,20,0.902038037776947,0.5471044019933555,0.6477035737743096,0.014,0.05,300.9,2,0.5591237333887044,0.662409698620765,0.0095,0.012019331395348831,0.014706124846455393,0.0045000000000000005,zero
45,occlude_XMV_03,1,20,0.8686203360557556,0.9949879983388704,0.9974808744030668,0.0085,1.0,4.45,3,0.9950419019933556,0.9975098706650242,0.01,5.390365448521006e-05,2.899626195740357e-05,-0.0014999999999999996,zero
45,occlude_XMV_03,2,20,0.8686203360557556,0.9904702657807308,0.9950682703295176,0.00875,1.0,11.15,3,0.9907769933554816,0.9952258879124548,0.0085,0.00030672757475080914,0.0001576175829371973,0.0002500000000000002,zero
45,occlude_XMV_03,3,20,0.8686203360557556,0.5383248754152824,0.6302054910100877,0.00825,0.0,302.0,3,0.5424895141196013,0.6339631624814935,0.009,0.004164638704318935,0.0037576714714058213,-0.0007499999999999989,zero
45,occlude_XMV_03,4,20,0.8686203360557556,0.9582573297342192,0.9700234287342911,0.00875,1.0,2.0,3,0.9637483803986712,0.9745045150216746,0.00975,0.005491050664451991,0.004481086287383418,-0.0009999999999999992,zero
45,occlude_XMV_03,5,20,0.8686203360557556,0.5009888496677741,0.606278992840841,0.0115,0.0,302.0,3,0.5006136627906976,0.6057167526060577,0.0115,-0.00037518687707649434,-0.00056224023478324,0.0,zero
45,occlude_XMV_03,6,20,0.8686203360557556,0.9980631644518272,0.9990775310817804,0.00975,1.0,1.0,3,0.9979553986710964,0.999044369920558,0.0085,-0.00010776578073079524,-3.316116122242807e-05,0.0012499999999999994,zero
45,occlude_XMV_03,7,20,0.8686203360557556,0.9966343853820598,0.9983689966799252,0.01125,1.0,2.0,3,0.996640988372093,0.9983767622994084,0.01,6.60299003318876e-06,7.765619483235398e-06,0.0012499999999999994,zero
45,occlude_XMV_03,8,20,0.8686203360557556,0.9692873131229236,0.9849086947768754,0.00925,1.0,22.65,3,0.9689607558139536,0.9847339205967168,0.007,-0.00032655730897002133,-0.0001747741801585434,0.0022499999999999994,zero
45,occlude_XMV_03,9,20,0.8686203360557556,0.5451655523255814,0.6388229191616818,0.012,0.0,302.0,3,0.5445666112956811,0.6388465407417568,0.0105,-0.0005989410299003239,2.3621580075072757e-05,0.0014999999999999996,zero
45,occlude_XMV_03,10,20,0.8686203360557556,0.919430315614618,0.9576758117357066,0.0105,1.0,42.25,3,0.9214589285714284,0.9588495555287868,0.00975,0.0020286129568104494,0.0011737437930802175,0.0007500000000000007,zero
45,occlude_XMV_03,11,20,0.8686203360557556,0.979711877076412,0.9893464829261736,0.0085,1.0,8.8,3,0.9809042566445184,0.9899903658334476,0.0095,0.001192379568106361,0.0006438829072740182,-0.0009999999999999992,zero
45,occlude_XMV_03,12,20,0.8686203360557556,0.7887221553156146,0.8706316521450985,0.01025,1.0,25.25,3,0.7946545473421927,0.874689881477104,0.0095,0.005932392026578026,0.004058229332005503,0.0007500000000000007,zero
45,occlude_XMV_03,13,20,0.8686203360557556,0.9479127284053156,0.9746172337973924,0.01,1.0,33.7,3,0.947693646179402,0.9746002391504576,0.01,-0.0002190822259136027,-1.6994646934831437e-05,0.0,zero
45,occlude_XMV_03,14,20,0.8686203360557556,0.9953019102990032,0.9976862477216516,0.00975,1.0,3.95,3,0.9953485880398673,0.9977122101382772,0.008,4.667774086408727e-05,2.596241662555787e-05,0.0017499999999999998,zero
45,occlude_XMV_03,15,20,0.8686203360557556,0.5113806893687708,0.6131399196406548,0.0145,0.0,302.0,3,0.5155019518272426,0.6196057284088096,0.01125,0.004121262458471775,0.006465808768154724,0.003250000000000001,zero
45,occlude_XMV_03,16,20,0.8686203360557556,0.5118495016611295,0.6096408756625106,0.01025,0.0,302.0,3,0.5088451204318937,0.6084821360944539,0.012,-0.003004381229235853,-0.001158739568056677,-0.0017499999999999998,zero
45,occlude_XMV_03,17,20,0.8686203360557556,0.9532338662790698,0.9773574771546676,0.00925,1.0,31.0,3,0.9527898255813954,0.9772403923173034,0.0085,-0.00044404069767445264,-0.00011708483736416753,0.0007499999999999989,zero
45,occlude_XMV_03,18,20,0.8686203360557556,0.8790767026578074,0.9340423683778613,0.00975,1.0,60.0,3,0.8811969476744186,0.93529746253947,0.01,0.002120245016611233,0.0012550941616087385,-0.0002500000000000002,zero
45,occlude_XMV_03,19,20,0.8686203360557556,0.952903758305648,0.9751073713466336,0.00875,1.0,27.5,3,0.9540115448504984,0.9758153153366168,0.009,0.001107786544850442,0.0007079439899831952,-0.0002499999999999985,zero
45,occlude_XMV_03,20,20,0.8686203360557556,0.939080938538206,0.9699263400869133,0.0095,1.0,40.85,3,0.939454422757475,0.970128231984342,0.01075,0.0003734842192690824,0.0002018918974286965,-0.0012499999999999994,zero
45,occlude_XMV_03,21,20,0.8686203360557556,0.4960771179401993,0.5952438355147752,0.012,0.0,302.0,3,0.5023449335548172,0.6007096500891514,0.00975,0.006267815614617922,0.0054658145743762265,0.0022500000000000003,zero
45,occlude_XMV_03,22,20,0.8686203360557556,0.5610275747508305,0.6537816399794709,0.01075,0.0,302.0,3,0.5614498754152824,0.6531687464531204,0.01225,0.00042230066445181347,-0.000612893526350522,-0.0015000000000000013,zero
45,occlude_XMV_03,23,20,0.8686203360557556,0.5141808970099668,0.6118593487400154,0.0095,0.0,302.0,3,0.5356838247508305,0.6285449295853928,0.01,0.02150292774086371,0.016685580845377412,-0.0005000000000000004,zero
45,occlude_XMV_03,24,20,0.8686203360557556,0.972231976744186,0.9857335015937352,0.01225,1.0,14.85,3,0.9734254568106312,0.9863832641623768,0.01,0.0011934800664451517,0.0006497625686415764,0.0022500000000000003,zero
45,occlude_XMV_03,25,20,0.8686203360557556,0.9029079318936876,0.9448080120104926,0.006,1.0,29.15,3,0.9044997093023256,0.9459864745165794,0.00825,0.0015917774086380287,0.0011784625060867748,-0.0022500000000000003,zero
45,occlude_XMV_03,26,20,0.8686203360557556,0.9189729858803988,0.9564349312285972,0.01025,1.0,29.3,3,0.9205679401993356,0.9573229999653974,0.01,0.0015949543189368587,0.0008880687368001405,0.0002500000000000002,zero
45,occlude_XMV_03,27,20,0.8686203360557556,0.824838122923588,0.8889757346515218,0.009,1.0,18.45,3,0.8330642441860465,0.8949459781273176,0.009,0.008226121262458475,0.005970243475795778,0.0,zero
45,occlude_XMV_03,28,20,0.8686203360557556,0.5562852159468439,0.6587841343421952,0.00925,0.0,302.0,3,0.5591237333887044,0.662409698620765,0.0095,0.0028385174418604775,0.0036255642785698594,-0.0002500000000000002,zero
45,occlude_XMV_04,1,20,0.863315999507904,0.9948998754152824,0.9974415899167386,0.00825,1.0,4.8,4,0.9950419019933556,0.9975098706650242,0.01,0.00014202657807327324,6.828074828557629e-05,-0.0017499999999999998,zero
45,occlude_XMV_04,2,20,0.863315999507904,0.9903275332225914,0.9950212627939232,0.00975,1.0,11.25,4,0.9907769933554816,0.9952258879124548,0.0085,0.000449460132890267,0.00020462511853158727,0.0012499999999999994,zero
45,occlude_XMV_04,3,20,0.863315999507904,0.5389043189368771,0.6306146167989132,0.009,0.0,302.0,4,0.5424895141196013,0.6339631624814935,0.009,0.0035851951827242656,0.0033485456825803617,0.0,zero
45,occlude_XMV_04,4,20,0.863315999507904,0.960937915282392,0.9725714576709684,0.00775,1.0,2.0,4,0.9637483803986712,0.9745045150216746,0.00975,0.002810465116279137,0.0019330573507061466,-0.002,zero
45,occlude_XMV_04,5,20,0.863315999507904,0.4980101744186047,0.6037162407864562,0.01175,0.0,302.0,4,0.5006136627906976,0.6057167526060577,0.0115,0.0026034883720929547,0.0020005118196014804,0.0002500000000000002,zero
45,occlude_XMV_04,6,20,0.863315999507904,0.9979951827242524,0.999058875834523,0.0085,1.0,1.0,4,0.9979553986710964,0.999044369920558,0.0085,-3.978405315596678e-05,-1.4505913965012773e-05,0.0,zero
45,occlude_XMV_04,7,20,0.863315999507904,0.582038330564784,0.7033160491086065,0.0095,1.0,2.0,4,0.996640988372093,0.9983767622994084,0.01,0.414602657807309,0.29506071319080196,-0.0005000000000000004,zero
45,occlude_XMV_04,8,20,0.863315999507904,0.9684694975083056,0.9845063035609988,0.008,1.0,23.55,4,0.9689607558139536,0.9847339205967168,0.007,0.0004912583056480013,0.00022761703571805292,0.001,zero
45,occlude_XMV_04,9,20,0.863315999507904,0.5416118355481727,0.6367187919454393,0.00925,0.0,302.0,4,0.5445666112956811,0.6388465407417568,0.0105,0.0029547757475083536,0.002127748796317497,-0.0012500000000000011,zero
45,occlude_XMV_04,10,20,0.863315999507904,0.919372238372093,0.957725412146434,0.011,1.0,42.6,4,0.9214589285714284,0.9588495555287868,0.00975,0.0020866901993353837,0.0011241433823527824,0.0012499999999999994,zero
45,occlude_XMV_04,11,20,0.863315999507904,0.979945992524917,0.9895356990602396,0.0085,1.0,8.75,4,0.9809042566445184,0.9899903658334476,0.0095,0.0009582641196014263,0.0004546667732079346,-0.0009999999999999992,zero
45,occlude_XMV_04,12,20,0.863315999507904,0.7855668812292359,0.8680149853261397,0.0105,1.0,23.15,4,0.7946545473421927,0.874689881477104,0.0095,0.00908766611295675,0.006674896150964282,0.0010000000000000009,zero
45,occlude_XMV_04,13,20,0.863315999507904,0.9476436669435216,0.9745526364040956,0.01075,1.0,33.85,4,0.947693646179402,0.9746002391504576,0.01,4.997923588034858e-05,4.7602746361952164e-05,0.0007499999999999989,zero
45,occlude_XMV_04,14,20,0.863315999507904,0.9955019933554816,0.9977616559766818,0.008,1.0,3.85,4,0.9953485880398673,0.9977122101382772,0.008,-0.00015340531561436332,-4.9445838404604814e-05,0.0,zero
45,occlude_XMV_04,15,20,0.863315999507904,0.5136530315614618,0.6169068512093859,0.0105,0.0,302.0,4,0.5155019518272426,0.6196057284088096,0.01125,0.0018489202657807624,0.0026988771994236327,-0.0007499999999999989,zero
45,occlude_XMV_04,16,20,0.863315999507904,0.5051048588039867,0.605522038427922,0.012,0.0,302.0,4,0.5088451204318937,0.6084821360944539,0.012,0.003740261627906971,0.0029600976665319356,0.0,zero
45,occlude_XMV_04,17,20,0.863315999507904,0.9527591569767442,0.9772171787223732,0.00725,1.0,30.9,4,0.9527898255813954,0.9772403923173034,0.0085,3.0668604651173936e-05,2.32135949301826e-05,-0.0012500000000000002,zero
45,occlude_XMV_04,18,20,0.863315999507904,0.8769447674418605,0.9327875190858818,0.0085,1.0,61.0,4,0.8811969476744186,0.93529746253947,0.01,0.004252180232558134,0.002509943453588237,-0.0014999999999999996,zero
45,occlude_XMV_04,19,20,0.863315999507904,0.9521459509966778,0.9747422969280796,0.00825,1.0,27.3,4,0.9540115448504984,0.9758153153366168,0.009,0.0018655938538206795,0.0010730184085372407,-0.0007499999999999989,zero
45,occlude_XMV_04,20,20,0.863315999507904,0.9395207433554816,0.9701468848457996,0.00875,1.0,41.0,4,0.939454422757475,0.970128231984342,0.01075,-6.632059800659729e-05,-1.865286145763534e-05,-0.0019999999999999983,zero
45,occlude_XMV_04,21,20,0.863315999507904,0.4994531353820598,0.5982889717088363,0.011,0.0,302.0,4,0.5023449335548172,0.6007096500891514,0.00975,0.0028917981727574205,0.002420678380315122,0.0012499999999999994,zero
45,occlude_XMV_04,22,20,0.863315999507904,0.5560013081395349,0.646111314595998,0.01275,0.0,302.0,4,0.5614498754152824,0.6531687464531204,0.01225,0.005448567275747496,0.007057431857122376,0.0004999999999999987,zero
45,occlude_XMV_04,23,20,0.863315999507904,0.5350392441860465,0.6282819244392199,0.011,0.0,302.0,4,0.5356838247508305,0.6285449295853928,0.01,0.000644580564784003,0.00026300514617283444,0.0009999999999999992,zero
45,occlude_XMV_04,24,20,0.863315999507904,0.9717652408637872,0.985585874667874,0.008,1.0,15.1,4,0.9734254568106312,0.9863832641623768,0.01,0.001660215946843957,0.0007973894945028093,-0.002,zero
45,occlude_XMV_04,25,20,0.863315999507904,0.8987616071428571,0.942290640291378,0.008,1.0,28.7,4,0.9044997093023256,0.9459864745165794,0.00825,0.005738102159468461,0.0036958342252013665,-0.0002500000000000002,zero
45,occlude_XMV_04,26,20,0.863315999507904,0.5587333679401993,0.658423198040845,0.0115,0.15,275.7,4,0.9205679401993356,0.9573229999653974,0.01,0.3618345722591363,0.29889980192455234,0.0014999999999999996,zero
45,occlude_XMV_04,27,20,0.863315999507904,0.8269031976744186,0.8898979698374277,0.01025,1.0,18.05,4,0.8330642441860465,0.8949459781273176,0.009,0.006161046511627966,0.005048008289889827,0.0012500000000000011,zero
45,occlude_XMV_04,28,20,0.863315999507904,0.5498078280730897,0.6535219260805876,0.00975,0.0,302.0,4,0.5591237333887044,0.662409698620765,0.0095,0.009315905315614659,0.008887772540177474,0.0002500000000000002,zero
45,occlude_XMV_05,1,20,0.845441460609436,0.9950419019933556,0.9975098706650242,0.01,1.0,4.4,5,0.9950419019933556,0.9975098706650242,0.01,0.0,0.0,0.0,zero
45,occlude_XMV_05,2,20,0.845441460609436,0.9907769933554816,0.9952258879124548,0.0085,1.0,10.8,5,0.9907769933554816,0.9952258879124548,0.0085,0.0,0.0,0.0,zero
45,occlude_XMV_05,3,20,0.845441460609436,0.5424895141196013,0.6339631624814935,0.009,0.0,302.0,5,0.5424895141196013,0.6339631624814935,0.009,0.0,0.0,0.0,zero
45,occlude_XMV_05,4,20,0.845441460609436,0.9637483803986712,0.9745045150216746,0.00975,1.0,2.0,5,0.9637483803986712,0.9745045150216746,0.00975,0.0,0.0,0.0,zero
45,occlude_XMV_05,5,20,0.845441460609436,0.5006136627906976,0.6057167526060577,0.0115,0.0,302.0,5,0.5006136627906976,0.6057167526060577,0.0115,0.0,0.0,0.0,zero
45,occlude_XMV_05,6,20,0.845441460609436,0.9979553986710964,0.999044369920558,0.0085,1.0,1.0,5,0.9979553986710964,0.999044369920558,0.0085,0.0,0.0,0.0,zero
45,occlude_XMV_05,7,20,0.845441460609436,0.996640988372093,0.9983767622994084,0.01,1.0,2.0,5,0.996640988372093,0.9983767622994084,0.01,0.0,0.0,0.0,zero
45,occlude_XMV_05,8,20,0.845441460609436,0.9689607558139536,0.9847339205967168,0.007,1.0,22.75,5,0.9689607558139536,0.9847339205967168,0.007,0.0,0.0,0.0,zero
45,occlude_XMV_05,9,20,0.845441460609436,0.5445666112956811,0.6388465407417568,0.0105,0.0,302.0,5,0.5445666112956811,0.6388465407417568,0.0105,0.0,0.0,0.0,zero
45,occlude_XMV_05,10,20,0.845441460609436,0.9214589285714284,0.9588495555287868,0.00975,1.0,42.25,5,0.9214589285714284,0.9588495555287868,0.00975,0.0,0.0,0.0,zero
45,occlude_XMV_05,11,20,0.845441460609436,0.9809042566445184,0.9899903658334476,0.0095,1.0,8.65,5,0.9809042566445184,0.9899903658334476,0.0095,0.0,0.0,0.0,zero
45,occlude_XMV_05,12,20,0.845441460609436,0.7946545473421927,0.874689881477104,0.0095,1.0,22.65,5,0.7946545473421927,0.874689881477104,0.0095,0.0,0.0,0.0,zero
45,occlude_XMV_05,13,20,0.845441460609436,0.947693646179402,0.9746002391504576,0.01,1.0,33.7,5,0.947693646179402,0.9746002391504576,0.01,0.0,0.0,0.0,zero
45,occlude_XMV_05,14,20,0.845441460609436,0.9953485880398673,0.9977122101382772,0.008,1.0,3.85,5,0.9953485880398673,0.9977122101382772,0.008,0.0,0.0,0.0,zero
45,occlude_XMV_05,15,20,0.845441460609436,0.5155019518272426,0.6196057284088096,0.01125,0.0,302.0,5,0.5155019518272426,0.6196057284088096,0.01125,0.0,0.0,0.0,zero
45,occlude_XMV_05,16,20,0.845441460609436,0.5088451204318937,0.6084821360944539,0.012,0.0,302.0,5,0.5088451204318937,0.6084821360944539,0.012,0.0,0.0,0.0,zero
45,occlude_XMV_05,17,20,0.845441460609436,0.9527898255813954,0.9772403923173034,0.0085,1.0,30.7,5,0.9527898255813954,0.9772403923173034,0.0085,0.0,0.0,0.0,zero
45,occlude_XMV_05,18,20,0.845441460609436,0.8811969476744186,0.93529746253947,0.01,1.0,60.05,5,0.8811969476744186,0.93529746253947,0.01,0.0,0.0,0.0,zero
45,occlude_XMV_05,19,20,0.845441460609436,0.9540115448504984,0.9758153153366168,0.009,1.0,26.7,5,0.9540115448504984,0.9758153153366168,0.009,0.0,0.0,0.0,zero
45,occlude_XMV_05,20,20,0.845441460609436,0.939454422757475,0.970128231984342,0.01075,1.0,41.0,5,0.939454422757475,0.970128231984342,0.01075,0.0,0.0,0.0,zero
45,occlude_XMV_05,21,20,0.845441460609436,0.5023449335548172,0.6007096500891514,0.00975,0.0,302.0,5,0.5023449335548172,0.6007096500891514,0.00975,0.0,0.0,0.0,zero
45,occlude_XMV_05,22,20,0.845441460609436,0.5614498754152824,0.6531687464531204,0.01225,0.0,302.0,5,0.5614498754152824,0.6531687464531204,0.01225,0.0,0.0,0.0,zero
45,occlude_XMV_05,23,20,0.845441460609436,0.5356838247508305,0.6285449295853928,0.01,0.0,302.0,5,0.5356838247508305,0.6285449295853928,0.01,0.0,0.0,0.0,zero
45,occlude_XMV_05,24,20,0.845441460609436,0.9734254568106312,0.9863832641623768,0.01,1.0,15.05,5,0.9734254568106312,0.9863832641623768,0.01,0.0,0.0,0.0,zero
45,occlude_XMV_05,25,20,0.845441460609436,0.9044997093023256,0.9459864745165794,0.00825,1.0,29.05,5,0.9044997093023256,0.9459864745165794,0.00825,0.0,0.0,0.0,zero
45,occlude_XMV_05,26,20,0.845441460609436,0.9205679401993356,0.9573229999653974,0.01,1.0,28.6,5,0.9205679401993356,0.9573229999653974,0.01,0.0,0.0,0.0,zero
45,occlude_XMV_05,27,20,0.845441460609436,0.8330642441860465,0.8949459781273176,0.009,1.0,17.95,5,0.8330642441860465,0.8949459781273176,0.009,0.0,0.0,0.0,zero
45,occlude_XMV_05,28,20,0.845441460609436,0.5591237333887044,0.662409698620765,0.0095,0.0,302.0,5,0.5591237333887044,0.662409698620765,0.0095,0.0,0.0,0.0,zero
45,occlude_XMV_06,1,20,0.8745670318603516,0.9949945598006644,0.9974708592995604,0.0105,1.0,4.5,6,0.9950419019933556,0.9975098706650242,0.01,4.73421926912021e-05,3.901136546380357e-05,0.0005000000000000004,zero
45,occlude_XMV_06,2,20,0.8745670318603516,0.990727284053156,0.9952081171204028,0.009,1.0,10.85,6,0.9907769933554816,0.9952258879124548,0.0085,4.970930232561788e-05,1.77707920520076e-05,0.0004999999999999987,zero
45,occlude_XMV_06,3,20,0.8745670318603516,0.5400424833887043,0.6334299155904008,0.00825,0.0,302.0,6,0.5424895141196013,0.6339631624814935,0.009,0.0024470307308970263,0.0005332468910926869,-0.0007499999999999989,zero
45,occlude_XMV_06,4,20,0.8745670318603516,0.9518064368770764,0.9648322469375225,0.011,1.0,2.0,6,0.9637483803986712,0.9745045150216746,0.00975,0.011941943521594722,0.009672268084152114,0.0012499999999999994,zero
45,occlude_XMV_06,5,20,0.8745670318603516,0.5053302533222591,0.60902313652182,0.0115,0.0,302.0,6,0.5006136627906976,0.6057167526060577,0.0115,-0.004716590531561482,-0.003306383915762323,0.0,zero
45,occlude_XMV_06,6,20,0.8745670318603516,0.9979815199335548,0.9990553558181088,0.00875,1.0,1.0,6,0.9979553986710964,0.999044369920558,0.0085,-2.6121262458378425e-05,-1.0985897550774837e-05,0.0002500000000000002,zero
45,occlude_XMV_06,7,20,0.8745670318603516,0.9965754568106312,0.9983557855089136,0.01025,1.0,2.0,6,0.996640988372093,0.9983767622994084,0.01,6.553156146182904e-05,2.0976790494842135e-05,0.0002500000000000002,zero
45,occlude_XMV_06,8,20,0.8745670318603516,0.9686039867109636,0.984538418063197,0.009,1.0,23.0,6,0.9689607558139536,0.9847339205967168,0.007,0.00035676910298998443,0.00019550253351985347,0.001999999999999999,zero
45,occlude_XMV_06,9,20,0.8745670318603516,0.5476652408637874,0.6411822906456298,0.011,0.0,302.0,6,0.5445666112956811,0.6388465407417568,0.0105,-0.003098629568106359,-0.0023357499038729745,0.0004999999999999987,zero
45,occlude_XMV_06,10,20,0.8745670318603516,0.9186279485049834,0.9572887542231006,0.00875,1.0,42.6,6,0.9214589285714284,0.9588495555287868,0.00975,0.002830980066444999,0.0015608013056862546,-0.0009999999999999992,zero
45,occlude_XMV_06,11,20,0.8745670318603516,0.9809744393687708,0.9900748181934944,0.0105,1.0,8.75,6,0.9809042566445184,0.9899903658334476,0.0095,-7.018272425241001e-05,-8.445236004683832e-05,0.0010000000000000009,zero
45,occlude_XMV_06,12,20,0.8745670318603516,0.7996337624584717,0.8776298957592352,0.01,1.0,27.65,6,0.7946545473421927,0.874689881477104,0.0095,-0.004979215116279079,-0.002940014282131198,0.0005000000000000004,zero
45,occlude_XMV_06,13,20,0.8745670318603516,0.9480612126245848,0.9747590143918088,0.01025,1.0,33.6,6,0.947693646179402,0.9746002391504576,0.01,-0.0003675664451827654,-0.00015877524135121668,0.0002500000000000002,zero
45,occlude_XMV_06,14,20,0.8745670318603516,0.9952871677740864,0.997677656331614,0.00925,1.0,3.95,6,0.9953485880398673,0.9977122101382772,0.008,6.14202657808205e-05,3.4553806663173425e-05,0.0012499999999999994,zero
45,occlude_XMV_06,15,20,0.8745670318603516,0.5140338247508306,0.6178737429678178,0.01225,0.0,302.0,6,0.5155019518272426,0.6196057284088096,0.01125,0.0014681270764119736,0.0017319854409917346,0.0010000000000000009,zero
45,occlude_XMV_06,16,20,0.8745670318603516,0.5068917358803987,0.6074459272261682,0.01,0.0,302.0,6,0.5088451204318937,0.6084821360944539,0.012,0.0019533845514949633,0.001036208868285704,-0.002,zero
45,occlude_XMV_06,17,20,0.8745670318603516,0.9518889950166112,0.9768223815161328,0.0085,1.0,30.95,6,0.9527898255813954,0.9772403923173034,0.0085,0.000900830564784183,0.00041801080117065403,0.0,zero
45,occlude_XMV_06,18,20,0.8745670318603516,0.8792572051495017,0.9341092531031924,0.01025,1.0,61.0,6,0.8811969476744186,0.93529746253947,0.01,0.0019397425249169098,0.0011882094362776208,0.0002500000000000002,zero
45,occlude_XMV_06,19,20,0.8745670318603516,0.9531929817275748,0.9753271773727046,0.009,1.0,27.1,6,0.9540115448504984,0.9758153153366168,0.009,0.0008185631229236101,0.0004881379639122274,0.0,zero
45,occlude_XMV_06,20,20,0.8745670318603516,0.9390191860465116,0.9699483678129396,0.0085,1.0,40.95,6,0.939454422757475,0.970128231984342,0.01075,0.0004352367109634603,0.00017986417140236632,-0.0022499999999999985,zero
45,occlude_XMV_06,21,20,0.8745670318603516,0.4991350083056478,0.5982824339003779,0.01025,0.0,302.0,6,0.5023449335548172,0.6007096500891514,0.00975,0.003209925249169465,0.0024272161887735066,0.0005000000000000004,zero
45,occlude_XMV_06,22,20,0.8745670318603516,0.567231457641196,0.6568474045377252,0.0105,0.0,302.0,6,0.5614498754152824,0.6531687464531204,0.01225,-0.0057815822259136285,-0.003678658084604769,-0.0017499999999999998,zero
45,occlude_XMV_06,23,20,0.8745670318603516,0.5338774294019933,0.6263356849903404,0.01175,0.0,302.0,6,0.5356838247508305,0.6285449295853928,0.01,0.0018063953488371975,0.00220924459505234,0.0017499999999999998,zero
45,occlude_XMV_06,24,20,0.8745670318603516,0.9746728405315614,0.9871224817055636,0.009,1.0,15.05,6,0.9734254568106312,0.9863832641623768,0.01,-0.0012473837209302507,-0.0007392175431868431,-0.0010000000000000009,zero
45,occlude_XMV_06,25,20,0.8745670318603516,0.9005192898671096,0.9430952831977892,0.011,1.0,28.7,6,0.9044997093023256,0.9459864745165794,0.00825,0.003980419435215987,0.0028911913187901206,0.002749999999999999,zero
45,occlude_XMV_06,26,20,0.8745670318603516,0.9206977574750832,0.9572604755153732,0.008,1.0,29.5,6,0.9205679401993356,0.9573229999653974,0.01,-0.00012981727574756796,6.252445002419282e-05,-0.002,zero
45,occlude_XMV_06,27,20,0.8745670318603516,0.8333322259136212,0.894596441250567,0.0085,1.0,21.4,6,0.8330642441860465,0.8949459781273176,0.009,-0.0002679817275746954,0.0003495368767505447,-0.0004999999999999987,zero
45,occlude_XMV_06,28,20,0.8745670318603516,0.5602843438538206,0.6615639415841865,0.00975,0.0,302.0,6,0.5591237333887044,0.662409698620765,0.0095,-0.0011606104651162852,0.0008457570365785205,0.0002500000000000002,zero
45,occlude_XMV_07,1,20,0.8463615775108337,0.9950199543189368,0.997497964455736,0.00875,1.0,4.4,7,0.9950419019933556,0.9975098706650242,0.01,2.194767441887624e-05,1.190620928814834e-05,-0.0012499999999999994,zero
45,occlude_XMV_07,2,20,0.8463615775108337,0.9906016611295682,0.9951412952333524,0.00925,1.0,10.8,7,0.9907769933554816,0.9952258879124548,0.0085,0.00017533222591348263,8.45926791024354e-05,0.0007499999999999989,zero
45,occlude_XMV_07,3,20,0.8463615775108337,0.5430272009966778,0.6336733932851721,0.01,0.0,302.0,7,0.5424895141196013,0.6339631624814935,0.009,-0.0005376868770764487,0.00028976919632139886,0.0010000000000000009,zero
45,occlude_XMV_07,4,20,0.8463615775108337,0.9625151370431894,0.9735232298745192,0.0095,1.0,2.0,7,0.9637483803986712,0.9745045150216746,0.00975,0.0012332433554818056,0.0009812851471553419,-0.0002500000000000002,zero
45,occlude_XMV_07,5,20,0.8463615775108337,0.5012196013289036,0.6059126417138406,0.01125,0.05,287.0,7,0.5006136627906976,0.6057167526060577,0.0115,-0.0006059385382060078,-0.00019588910778289836,-0.0002500000000000002,zero
45,occlude_XMV_07,6,20,0.8463615775108337,0.9979639119601328,0.9990475784765128,0.00875,1.0,1.0,7,0.9979553986710964,0.999044369920558,0.0085,-8.5132890363937e-06,-3.208555954814507e-06,0.0002500000000000002,zero
45,occlude_XMV_07,7,20,0.8463615775108337,0.9966827657807308,0.99839294704343,0.0105,1.0,2.0,7,0.996640988372093,0.9983767622994084,0.01,-4.1777408637755364e-05,-1.6184744021541242e-05,0.0005000000000000004,zero
45,occlude_XMV_07,8,20,0.8463615775108337,0.9686716777408638,0.9845747943210716,0.00775,1.0,22.85,7,0.9689607558139536,0.9847339205967168,0.007,0.00028907807308975464,0.00015912627564518278,0.0007499999999999998,zero
45,occlude_XMV_07,9,20,0.8463615775108337,0.5450654900332226,0.6384942824545784,0.012,0.0,302.0,7,0.5445666112956811,0.6388465407417568,0.0105,-0.0004988787375415082,0.0003522582871784419,0.0014999999999999996,zero
45,occlude_XMV_07,10,20,0.8463615775108337,0.920539742524917,0.9583210256915244,0.011,1.0,41.55,7,0.9214589285714284,0.9588495555287868,0.00975,0.0009191860465114221,0.0005285298372623704,0.0012499999999999994,zero
45,occlude_XMV_07,11,20,0.8463615775108337,0.9810833471760796,0.990125129416234,0.009,1.0,8.65,7,0.9809042566445184,0.9899903658334476,0.0095,-0.00017909053156117682,-0.00013476358278641243,-0.0005000000000000004,zero
45,occlude_XMV_07,12,20,0.8463615775108337,0.7942871054817275,0.8746665123271288,0.01,1.0,23.9,7,0.7946545473421927,0.874689881477104,0.0095,0.00036744186046511196,2.3369149975249748e-05,0.0005000000000000004,zero
45,occlude_XMV_07,13,20,0.8463615775108337,0.9476207641196012,0.97454566900496,0.01125,1.0,33.5,7,0.947693646179402,0.9746002391504576,0.01,7.288205980082729e-05,5.4570145497589984e-05,0.0012499999999999994,zero
45,occlude_XMV_07,14,20,0.8463615775108337,0.9953558554817276,0.9977178546587748,0.00925,1.0,3.85,7,0.9953485880398673,0.9977122101382772,0.008,-7.267441860303592e-06,-5.644520497671834e-06,0.0012499999999999994,zero
45,occlude_XMV_07,15,20,0.8463615775108337,0.514649584717608,0.6190203515282843,0.01125,0.0,302.0,7,0.5155019518272426,0.6196057284088096,0.01125,0.0008523671096345442,0.0005853768805252901,0.0,zero
45,occlude_XMV_07,16,20,0.8463615775108337,0.5091922965116279,0.6086539741367605,0.01175,0.0,302.0,7,0.5088451204318937,0.6084821360944539,0.012,-0.0003471760797342238,-0.0001718380423065824,-0.0002500000000000002,zero
45,occlude_XMV_07,17,20,0.8463615775108337,0.9529779485049834,0.9773200757232304,0.0075,1.0,30.8,7,0.9527898255813954,0.9772403923173034,0.0085,-0.00018812292358805216,-7.968340592701129e-05,-0.0010000000000000009,zero
45,occlude_XMV_07,18,20,0.8463615775108337,0.8814893687707641,0.935383645070158,0.0095,1.0,60.1,7,0.8811969476744186,0.93529746253947,0.01,-0.0002924210963455298,-8.618253068803927e-05,-0.0005000000000000004,zero
45,occlude_XMV_07,19,20,0.8463615775108337,0.8843312292358804,0.9356259834724404,0.0095,1.0,40.2,7,0.9540115448504984,0.9758153153366168,0.009,0.06968031561461807,0.04018933186417639,0.0005000000000000004,zero
45,occlude_XMV_07,20,20,0.8463615775108337,0.9388634551495016,0.9696860220846628,0.0115,1.0,41.0,7,0.939454422757475,0.970128231984342,0.01075,0.0005909676079733917,0.0004422098996791357,0.0007500000000000007,zero
45,occlude_XMV_07,21,20,0.8463615775108337,0.5022876453488372,0.6005575828092256,0.01075,0.0,302.0,7,0.5023449335548172,0.6007096500891514,0.00975,5.728820598005502e-05,0.00015206727992589375,0.0009999999999999992,zero
45,occlude_XMV_07,22,20,0.8463615775108337,0.561111773255814,0.6528043132224228,0.01225,0.0,302.0,7,0.5614498754152824,0.6531687464531204,0.01225,0.00033810215946838973,0.0003644332306975695,0.0,zero
45,occlude_XMV_07,23,20,0.8463615775108337,0.5356650747508306,0.6285458818222003,0.01025,0.0,302.0,7,0.5356838247508305,0.6285449295853928,0.01,1.87499999999563e-05,-9.522368075165488e-07,0.0002500000000000002,zero
45,occlude_XMV_07,24,20,0.8463615775108337,0.9733356312292358,0.986355177548344,0.0115,1.0,15.0,7,0.9734254568106312,0.9863832641623768,0.01,8.982558139536412e-05,2.808661403275181e-05,0.0014999999999999996,zero
45,occlude_XMV_07,25,20,0.8463615775108337,0.9035627491694352,0.9454165271841856,0.01,1.0,28.85,7,0.9044997093023256,0.9459864745165794,0.00825,0.0009369601328903521,0.0005699473323937942,0.0017499999999999998,zero
45,occlude_XMV_07,26,20,0.8463615775108337,0.9202513704318936,0.957167891407583,0.01075,1.0,28.1,7,0.9205679401993356,0.9573229999653974,0.01,0.0003165697674419876,0.00015510855781442068,0.0007499999999999989,zero
45,occlude_XMV_07,27,20,0.8463615775108337,0.8331236295681063,0.8948696573793425,0.00975,1.0,19.65,7,0.8330642441860465,0.8949459781273176,0.009,-5.938538205974009e-05,7.632074797503385e-05,0.0007500000000000007,zero
45,occlude_XMV_07,28,20,0.8463615775108337,0.5592111710963455,0.6628391086018964,0.01075,0.0,302.0,7,0.5591237333887044,0.662409698620765,0.0095,-8.743770764119141e-05,-0.00042940998113139006,0.0012499999999999994,zero
45,occlude_XMV_08,1,20,0.8461249470710754,0.995023338870432,0.997500943745583,0.00875,1.0,4.3,8,0.9950419019933556,0.9975098706650242,0.01,1.8563122923587194e-05,8.926919441210046e-06,-0.0012499999999999994,zero
45,occlude_XMV_08,2,20,0.8461249470710754,0.9907358803986712,0.9952121652450088,0.0085,1.0,10.9,8,0.9907769933554816,0.9952258879124548,0.0085,4.111295681041849e-05,1.3722667446036674e-05,0.0,zero
45,occlude_XMV_08,3,20,0.8461249470710754,0.5424257059800665,0.6343922557476255,0.00875,0.0,302.0,8,0.5424895141196013,0.6339631624814935,0.009,6.380813953488218e-05,-0.0004290932661319413,-0.0002499999999999985,zero
45,occlude_XMV_08,4,20,0.8461249470710754,0.9631104443521594,0.9740796536051276,0.01,1.0,2.0,8,0.9637483803986712,0.9745045150216746,0.00975,0.0006379360465117445,0.0004248614165469622,0.0002500000000000002,zero
45,occlude_XMV_08,5,20,0.8461249470710754,0.5009971553156146,0.6060209141745655,0.0105,0.0,302.0,8,0.5006136627906976,0.6057167526060577,0.0115,-0.00038349252491698405,-0.0003041615685077659,-0.0009999999999999992,zero
45,occlude_XMV_08,6,20,0.8461249470710754,0.9979973006644518,0.999059859167006,0.0085,1.0,1.0,8,0.9979553986710964,0.999044369920558,0.0085,-4.1901993355408784e-05,-1.548924644800831e-05,0.0,zero
45,occlude_XMV_08,7,20,0.8461249470710754,0.9966954318936876,0.9983933846727432,0.0105,1.0,2.0,8,0.996640988372093,0.9983767622994084,0.01,-5.444352159456045e-05,-1.6622373334773677e-05,0.0005000000000000004,zero
45,occlude_XMV_08,8,20,0.8461249470710754,0.9687146179401992,0.984596626661785,0.0065,1.0,22.95,8,0.9689607558139536,0.9847339205967168,0.007,0.0002461378737543818,0.00013729393493178144,-0.0005000000000000004,zero
45,occlude_XMV_08,9,20,0.8461249470710754,0.5448481519933555,0.6392276396215039,0.0115,0.0,302.0,8,0.5445666112956811,0.6388465407417568,0.0105,-0.0002815406976743873,-0.0003810988797470216,0.0009999999999999992,zero
45,occlude_XMV_08,10,20,0.8461249470710754,0.9214552948504984,0.9588535378829964,0.0105,1.0,42.45,8,0.9214589285714284,0.9588495555287868,0.00975,3.6337209300407736e-06,-3.982354209619565e-06,0.0007500000000000007,zero
45,occlude_XMV_08,11,20,0.8461249470710754,0.980834842192691,0.9899415386702374,0.00925,1.0,8.65,8,0.9809042566445184,0.9899903658334476,0.0095,6.94144518273987e-05,4.8827163210196645e-05,-0.0002500000000000002,zero
45,occlude_XMV_08,12,20,0.8461249470710754,0.7948903239202658,0.8749399724177847,0.009,1.0,25.05,8,0.7946545473421927,0.874689881477104,0.0095,-0.00023577657807316577,-0.0002500909406806251,-0.0005000000000000004,zero
45,occlude_XMV_08,13,20,0.8461249470710754,0.9476393272425248,0.9745723319471064,0.0095,1.0,33.6,8,0.947693646179402,0.9746002391504576,0.01,5.43189368772401e-05,2.7907203351218435e-05,-0.0005000000000000004,zero
45,occlude_XMV_08,14,20,0.8461249470710754,0.995376661129568,0.9977240237439756,0.00775,1.0,3.95,8,0.9953485880398673,0.9977122101382772,0.008,-2.8073089700764164e-05,-1.1813605698463014e-05,-0.0002500000000000002,zero
45,occlude_XMV_08,15,20,0.8461249470710754,0.515215884551495,0.6193197433661946,0.01075,0.0,302.0,8,0.5155019518272426,0.6196057284088096,0.01125,0.0002860672757475369,0.00028598504261501123,-0.0005000000000000004,zero
45,occlude_XMV_08,16,20,0.8461249470710754,0.5089897425249169,0.6087615527924558,0.01125,0.0,302.0,8,0.5088451204318937,0.6084821360944539,0.012,-0.00014462209302323892,-0.0002794166980019108,-0.0007500000000000007,zero
45,occlude_XMV_08,17,20,0.8461249470710754,0.9527971137873754,0.9772345777735328,0.00825,1.0,30.75,8,0.9527898255813954,0.9772403923173034,0.0085,-7.288205980060525e-06,5.8145437705769965e-06,-0.0002500000000000002,zero
45,occlude_XMV_08,18,20,0.8461249470710754,0.8805871677740864,0.934919349873246,0.00975,1.0,60.5,8,0.8811969476744186,0.93529746253947,0.01,0.0006097799003321747,0.0003781126662240064,-0.0002500000000000002,zero
45,occlude_XMV_08,19,20,0.8461249470710754,0.8810545681063123,0.9335793591356336,0.00875,1.0,33.05,8,0.9540115448504984,0.9758153153366168,0.009,0.07295697674418611,0.042235956200983193,-0.0002499999999999985,zero
45,occlude_XMV_08,20,20,0.8461249470710754,0.9393514327242524,0.9700831158053284,0.00975,1.0,41.1,8,0.939454422757475,0.970128231984342,0.01075,0.00010299003322267186,4.511617901359344e-05,-0.0009999999999999992,zero
45,occlude_XMV_08,21,20,0.8461249470710754,0.5017038205980067,0.6006103232531921,0.00925,0.0,302.0,8,0.5023449335548172,0.6007096500891514,0.00975,0.0006411129568105745,9.932683595936798e-05,-0.0005000000000000004,zero
45,occlude_XMV_08,22,20,0.8461249470710754,0.5621857350498339,0.6531227620957866,0.012,0.0,302.0,8,0.5614498754152824,0.6531687464531204,0.01225,-0.0007358596345515833,4.598435733382811e-05,-0.0002500000000000002,zero
45,occlude_XMV_08,23,20,0.8461249470710754,0.5354654069767442,0.6284691960907891,0.00925,0.0,302.0,8,0.5356838247508305,0.6285449295853928,0.01,0.00021841777408637686,7.573349460365808e-05,-0.0007500000000000007,zero
45,occlude_XMV_08,24,20,0.8461249470710754,0.9732462624584718,0.986292791413482,0.01,1.0,15.05,8,0.9734254568106312,0.9863832641623768,0.01,0.00017919435215940638,9.047274889473211e-05,0.0,zero
45,occlude_XMV_08,25,20,0.8461249470710754,0.9042103820598006,0.9457598605293684,0.008,1.0,29.2,8,0.9044997093023256,0.9459864745165794,0.00825,0.00028932724252495046,0.00022661398721091075,-0.0002500000000000002,zero
45,occlude_XMV_08,26,20,0.8461249470710754,0.9207214285714286,0.957389742295383,0.01,1.0,28.6,8,0.9205679401993356,0.9573229999653974,0.01,-0.00015348837209294697,-6.674232998560292e-05,0.0,zero
45,occlude_XMV_08,27,20,0.8461249470710754,0.8330471760797342,0.8950366422812035,0.00825,1.0,18.35,8,0.8330642441860465,0.8949459781273176,0.009,1.7068106312301268e-05,-9.066415388592208e-05,-0.0007499999999999989,zero
45,occlude_XMV_08,28,20,0.8461249470710754,0.5588842815614617,0.6621323776810564,0.00825,0.0,302.0,8,0.5591237333887044,0.662409698620765,0.0095,0.00023945182724260938,0.00027732093970866956,-0.0012499999999999994,zero
45,occlude_XMV_09,1,20,0.845441460609436,0.9950419019933556,0.9975098706650242,0.01,1.0,4.4,9,0.9950419019933556,0.9975098706650242,0.01,0.0,0.0,0.0,zero
45,occlude_XMV_09,2,20,0.845441460609436,0.9907769933554816,0.9952258879124548,0.0085,1.0,10.8,9,0.9907769933554816,0.9952258879124548,0.0085,0.0,0.0,0.0,zero
45,occlude_XMV_09,3,20,0.845441460609436,0.5424895141196013,0.6339631624814935,0.009,0.0,302.0,9,0.5424895141196013,0.6339631624814935,0.009,0.0,0.0,0.0,zero
45,occlude_XMV_09,4,20,0.845441460609436,0.9637483803986712,0.9745045150216746,0.00975,1.0,2.0,9,0.9637483803986712,0.9745045150216746,0.00975,0.0,0.0,0.0,zero
45,occlude_XMV_09,5,20,0.845441460609436,0.5006136627906976,0.6057167526060577,0.0115,0.0,302.0,9,0.5006136627906976,0.6057167526060577,0.0115,0.0,0.0,0.0,zero
45,occlude_XMV_09,6,20,0.845441460609436,0.9979553986710964,0.999044369920558,0.0085,1.0,1.0,9,0.9979553986710964,0.999044369920558,0.0085,0.0,0.0,0.0,zero
45,occlude_XMV_09,7,20,0.845441460609436,0.996640988372093,0.9983767622994084,0.01,1.0,2.0,9,0.996640988372093,0.9983767622994084,0.01,0.0,0.0,0.0,zero
45,occlude_XMV_09,8,20,0.845441460609436,0.9689607558139536,0.9847339205967168,0.007,1.0,22.75,9,0.9689607558139536,0.9847339205967168,0.007,0.0,0.0,0.0,zero
45,occlude_XMV_09,9,20,0.845441460609436,0.5445666112956811,0.6388465407417568,0.0105,0.0,302.0,9,0.5445666112956811,0.6388465407417568,0.0105,0.0,0.0,0.0,zero
45,occlude_XMV_09,10,20,0.845441460609436,0.9214589285714284,0.9588495555287868,0.00975,1.0,42.25,9,0.9214589285714284,0.9588495555287868,0.00975,0.0,0.0,0.0,zero
45,occlude_XMV_09,11,20,0.845441460609436,0.9809042566445184,0.9899903658334476,0.0095,1.0,8.65,9,0.9809042566445184,0.9899903658334476,0.0095,0.0,0.0,0.0,zero
45,occlude_XMV_09,12,20,0.845441460609436,0.7946545473421927,0.874689881477104,0.0095,1.0,22.65,9,0.7946545473421927,0.874689881477104,0.0095,0.0,0.0,0.0,zero
45,occlude_XMV_09,13,20,0.845441460609436,0.947693646179402,0.9746002391504576,0.01,1.0,33.7,9,0.947693646179402,0.9746002391504576,0.01,0.0,0.0,0.0,zero
45,occlude_XMV_09,14,20,0.845441460609436,0.9953485880398673,0.9977122101382772,0.008,1.0,3.85,9,0.9953485880398673,0.9977122101382772,0.008,0.0,0.0,0.0,zero
45,occlude_XMV_09,15,20,0.845441460609436,0.5155019518272426,0.6196057284088096,0.01125,0.0,302.0,9,0.5155019518272426,0.6196057284088096,0.01125,0.0,0.0,0.0,zero
45,occlude_XMV_09,16,20,0.845441460609436,0.5088451204318937,0.6084821360944539,0.012,0.0,302.0,9,0.5088451204318937,0.6084821360944539,0.012,0.0,0.0,0.0,zero
45,occlude_XMV_09,17,20,0.845441460609436,0.9527898255813954,0.9772403923173034,0.0085,1.0,30.7,9,0.9527898255813954,0.9772403923173034,0.0085,0.0,0.0,0.0,zero
45,occlude_XMV_09,18,20,0.845441460609436,0.8811969476744186,0.93529746253947,0.01,1.0,60.05,9,0.8811969476744186,0.93529746253947,0.01,0.0,0.0,0.0,zero
45,occlude_XMV_09,19,20,0.845441460609436,0.9540115448504984,0.9758153153366168,0.009,1.0,26.7,9,0.9540115448504984,0.9758153153366168,0.009,0.0,0.0,0.0,zero
45,occlude_XMV_09,20,20,0.845441460609436,0.939454422757475,0.970128231984342,0.01075,1.0,41.0,9,0.939454422757475,0.970128231984342,0.01075,0.0,0.0,0.0,zero
45,occlude_XMV_09,21,20,0.845441460609436,0.5023449335548172,0.6007096500891514,0.00975,0.0,302.0,9,0.5023449335548172,0.6007096500891514,0.00975,0.0,0.0,0.0,zero
45,occlude_XMV_09,22,20,0.845441460609436,0.5614498754152824,0.6531687464531204,0.01225,0.0,302.0,9,0.5614498754152824,0.6531687464531204,0.01225,0.0,0.0,0.0,zero
45,occlude_XMV_09,23,20,0.845441460609436,0.5356838247508305,0.6285449295853928,0.01,0.0,302.0,9,0.5356838247508305,0.6285449295853928,0.01,0.0,0.0,0.0,zero
45,occlude_XMV_09,24,20,0.845441460609436,0.9734254568106312,0.9863832641623768,0.01,1.0,15.05,9,0.9734254568106312,0.9863832641623768,0.01,0.0,0.0,0.0,zero
45,occlude_XMV_09,25,20,0.845441460609436,0.9044997093023256,0.9459864745165794,0.00825,1.0,29.05,9,0.9044997093023256,0.9459864745165794,0.00825,0.0,0.0,0.0,zero
45,occlude_XMV_09,26,20,0.845441460609436,0.9205679401993356,0.9573229999653974,0.01,1.0,28.6,9,0.9205679401993356,0.9573229999653974,0.01,0.0,0.0,0.0,zero
45,occlude_XMV_09,27,20,0.845441460609436,0.8330642441860465,0.8949459781273176,0.009,1.0,17.95,9,0.8330642441860465,0.8949459781273176,0.009,0.0,0.0,0.0,zero
45,occlude_XMV_09,28,20,0.845441460609436,0.5591237333887044,0.662409698620765,0.0095,0.0,302.0,9,0.5591237333887044,0.662409698620765,0.0095,0.0,0.0,0.0,zero
45,occlude_XMV_10,1,20,0.8451933860778809,0.9950274501661128,0.9975004136282436,0.0085,1.0,4.3,10,0.9950419019933556,0.9975098706650242,0.01,1.4451827242800697e-05,9.457036780569084e-06,-0.0014999999999999996,zero
45,occlude_XMV_10,2,20,0.8451933860778809,0.9907025124584716,0.995194199131071,0.009,1.0,10.8,10,0.9907769933554816,0.9952258879124548,0.0085,7.44808970100097e-05,3.16887813838207e-05,0.0004999999999999987,zero
45,occlude_XMV_10,3,20,0.8451933860778809,0.5425696220930233,0.6341498751529749,0.00825,0.0,302.0,10,0.5424895141196013,0.6339631624814935,0.009,-8.010797342195008e-05,-0.0001867126714814038,-0.0007499999999999989,zero
45,occlude_XMV_10,4,20,0.8451933860778809,0.5175377491694352,0.6294145766733941,0.0095,1.0,2.0,10,0.9637483803986712,0.9745045150216746,0.00975,0.446210631229236,0.3450899383482805,-0.0002500000000000002,zero
45,occlude_XMV_10,5,20,0.8451933860778809,0.5007725083056478,0.6058263884591544,0.01225,0.05,287.0,10,0.5006136627906976,0.6057167526060577,0.0115,-0.00015884551495015664,-0.0001096358530966457,0.0007500000000000007,zero
45,occlude_XMV_10,6,20,0.8451933860778809,0.9979658637873754,0.9990481894379176,0.008,1.0,1.0,10,0.9979553986710964,0.999044369920558,0.0085,-1.0465116279001485e-05,-3.8195173596156096e-06,-0.0005000000000000004,zero
45,occlude_XMV_10,7,20,0.8451933860778809,0.9966242524916944,0.998366533677839,0.00975,1.0,2.0,10,0.996640988372093,0.9983767622994084,0.01,1.673588039863283e-05,1.022862156940807e-05,-0.0002500000000000002,zero
45,occlude_XMV_10,8,20,0.8451933860778809,0.968837915282392,0.9846703069995968,0.0075,1.0,22.75,10,0.9689607558139536,0.9847339205967168,0.007,0.00012284053156152996,6.3613597120038e-05,0.0004999999999999996,zero
45,occlude_XMV_10,9,20,0.8451933860778809,0.5443807931893687,0.6382502233726306,0.01175,0.0,302.0,10,0.5445666112956811,0.6388465407417568,0.0105,0.00018581810631235207,0.0005963173691262424,0.0012499999999999994,zero
45,occlude_XMV_10,10,20,0.8451933860778809,0.9215863787375416,0.9589210492495224,0.01,1.0,42.35,10,0.9214589285714284,0.9588495555287868,0.00975,-0.00012745016611315219,-7.149372073556037e-05,0.0002500000000000002,zero
45,occlude_XMV_10,11,20,0.8451933860778809,0.951415053986711,0.9735462563498912,0.0095,1.0,8.8,10,0.9809042566445184,0.9899903658334476,0.0095,0.029489202657807412,0.016444109483556346,0.0,zero
45,occlude_XMV_10,12,20,0.8451933860778809,0.7951564161129568,0.8749375639948024,0.0105,1.0,24.25,10,0.7946545473421927,0.874689881477104,0.0095,-0.0005018687707641911,-0.0002476825176983555,0.0010000000000000009,zero
45,occlude_XMV_10,13,20,0.8451933860778809,0.9476751661129568,0.9745836262020684,0.01025,1.0,33.7,10,0.947693646179402,0.9746002391504576,0.01,1.8480066445225596e-05,1.6612948389171933e-05,0.0002500000000000002,zero
45,occlude_XMV_10,14,20,0.8451933860778809,0.9951457641196012,0.9975800194784906,0.0085,1.0,4.05,10,0.9953485880398673,0.9977122101382772,0.008,0.00020282392026604867,0.00013219065978653521,0.0005000000000000004,zero
45,occlude_XMV_10,15,20,0.8451933860778809,0.5152403654485049,0.6195343259201574,0.0105,0.0,302.0,10,0.5155019518272426,0.6196057284088096,0.01125,0.0002615863787376327,7.140248865211696e-05,-0.0007499999999999989,zero
45,occlude_XMV_10,16,20,0.8451933860778809,0.5089558970099668,0.608806790545742,0.0115,0.0,302.0,10,0.5088451204318937,0.6084821360944539,0.012,-0.00011077657807312402,-0.0003246544512881533,-0.0005000000000000004,zero
45,occlude_XMV_10,17,20,0.8451933860778809,0.9529352990033224,0.9773049240975128,0.008,1.0,30.85,10,0.9527898255813954,0.9772403923173034,0.0085,-0.00014547342192705592,-6.453178020937589e-05,-0.0005000000000000004,zero
45,occlude_XMV_10,18,20,0.8451933860778809,0.8808617109634551,0.9351425269328556,0.00975,1.0,59.75,10,0.8811969476744186,0.93529746253947,0.01,0.0003352367109634713,0.00015493560661439254,-0.0002500000000000002,zero
45,occlude_XMV_10,19,20,0.8451933860778809,0.9544533014950166,0.9760400375669752,0.00875,1.0,26.7,10,0.9540115448504984,0.9758153153366168,0.009,-0.0004417566445181764,-0.00022472223035840955,-0.0002499999999999985,zero
45,occlude_XMV_10,20,20,0.8451933860778809,0.9396687915282392,0.9702178057310764,0.011,1.0,41.0,10,0.939454422757475,0.970128231984342,0.01075,-0.00021436877076419503,-8.95737467344615e-05,0.0002500000000000002,zero
45,occlude_XMV_10,21,20,0.8451933860778809,0.5021805647840532,0.6003393787106376,0.01,0.0,302.0,10,0.5023449335548172,0.6007096500891514,0.00975,0.0001643687707640895,0.0003702713785138645,0.0002500000000000002,zero
45,occlude_XMV_10,22,20,0.8451933860778809,0.5612013704318937,0.6532277227551737,0.012,0.0,302.0,10,0.5614498754152824,0.6531687464531204,0.01225,0.00024850498338868654,-5.8976302053315166e-05,-0.0002500000000000002,zero
45,occlude_XMV_10,23,20,0.8451933860778809,0.5354662167774087,0.6285937437243062,0.009,0.0,302.0,10,0.5356838247508305,0.6285449295853928,0.01,0.00021760797342185167,-4.881413891344444e-05,-0.0010000000000000009,zero
45,occlude_XMV_10,24,20,0.8451933860778809,0.9733267857142858,0.9863285176229426,0.01,1.0,15.05,10,0.9734254568106312,0.9863832641623768,0.01,9.867109634542626e-05,5.4746539434158414e-05,0.0,zero
45,occlude_XMV_10,25,20,0.8451933860778809,0.9044771594684384,0.945860998799013,0.0085,1.0,28.05,10,0.9044997093023256,0.9459864745165794,0.00825,2.254983388716436e-05,0.0001254757175663812,0.0002500000000000002,zero
45,occlude_XMV_10,26,20,0.8451933860778809,0.920415261627907,0.9572324831233656,0.00975,1.0,28.6,10,0.9205679401993356,0.9573229999653974,0.01,0.00015267857142864383,9.051684203176258e-05,-0.0002500000000000002,zero
45,occlude_XMV_10,27,20,0.8451933860778809,0.7958483181063123,0.8714599578155005,0.00925,1.0,22.65,10,0.8330642441860465,0.8949459781273176,0.009,0.03721592607973423,0.023486020311817124,0.0002500000000000002,zero
45,occlude_XMV_10,28,20,0.8451933860778809,0.5590179609634551,0.6623712784879545,0.01075,0.0,302.0,10,0.5591237333887044,0.662409698620765,0.0095,0.0001057724252492287,3.842013281052381e-05,0.0012499999999999994,zero
45,occlude_XMV_11,1,20,0.8444687128067017,0.99502603820598,0.997499217796034,0.00875,1.0,4.4,11,0.9950419019933556,0.9975098706650242,0.01,1.5863787375614002e-05,1.0652868990157494e-05,-0.0012499999999999994,zero
45,occlude_XMV_11,2,20,0.8444687128067017,0.9908267026578071,0.9952524527975803,0.0095,1.0,10.7,11,0.9907769933554816,0.9952258879124548,0.0085,-4.9709302325506854e-05,-2.656488512553512e-05,0.0009999999999999992,zero
45,occlude_XMV_11,3,20,0.8444687128067017,0.5430942483388704,0.6339248073771765,0.00925,0.0,302.0,11,0.5424895141196013,0.6339631624814935,0.009,-0.0006047342192690985,3.835510431704492e-05,0.0002500000000000002,zero
45,occlude_XMV_11,4,20,0.8444687128067017,0.9636514742524916,0.9744244060927114,0.01,1.0,2.0,11,0.9637483803986712,0.9745045150216746,0.00975,9.690614617952065e-05,8.01089289631518e-05,0.0002500000000000002,zero
45,occlude_XMV_11,5,20,0.8444687128067017,0.5001316860465116,0.6055335935159923,0.01175,0.05,287.0,11,0.5006136627906976,0.6057167526060577,0.0115,0.0004819767441860412,0.00018315909006538789,0.0002500000000000002,zero
45,occlude_XMV_11,6,20,0.8444687128067017,0.9979558970099668,0.9990439876924582,0.008,1.0,1.0,11,0.9979553986710964,0.999044369920558,0.0085,-4.983388703916347e-07,3.8222809983778916e-07,-0.0005000000000000004,zero
45,occlude_XMV_11,7,20,0.8444687128067017,0.9966455980066444,0.998375287381935,0.0105,1.0,2.0,11,0.996640988372093,0.9983767622994084,0.01,-4.609634551400177e-06,1.4749174733763581e-06,0.0005000000000000004,zero
45,occlude_XMV_11,8,20,0.8444687128067017,0.9688512043189368,0.98469108215559,0.007,1.0,22.85,11,0.9689607558139536,0.9847339205967168,0.007,0.00010955149501679085,4.283844112684676e-05,0.0,zero
45,occlude_XMV_11,9,20,0.8444687128067017,0.5444921926910299,0.6380497241887169,0.0115,0.0,302.0,11,0.5445666112956811,0.6388465407417568,0.0105,7.4418604651183e-05,0.0007968165530399807,0.0009999999999999992,zero
45,occlude_XMV_11,10,20,0.8444687128067017,0.9214524294019932,0.95886017512401,0.0105,1.0,41.7,11,0.9214589285714284,0.9588495555287868,0.00975,6.499169435181251e-06,-1.0619595223193556e-05,0.0007500000000000007,zero
45,occlude_XMV_11,11,20,0.8444687128067017,0.980955834717608,0.9900379860653036,0.0095,1.0,8.65,11,0.9809042566445184,0.9899903658334476,0.0095,-5.157807308964202e-05,-4.7620231856004835e-05,0.0,zero
45,occlude_XMV_11,12,20,0.8444687128067017,0.7944193521594685,0.8746062907118285,0.00975,1.0,22.85,11,0.7946545473421927,0.874689881477104,0.0095,0.0002351951827241905,8.359076527553189e-05,0.0002500000000000002,zero
45,occlude_XMV_11,13,20,0.8444687128067017,0.9477451204318936,0.9746230547104534,0.00975,1.0,33.7,11,0.947693646179402,0.9746002391504576,0.01,-5.147425249163451e-05,-2.2815559995836843e-05,-0.0002500000000000002,zero
45,occlude_XMV_11,14,20,0.8444687128067017,0.995360631229236,0.9977187113023976,0.00775,1.0,3.85,11,0.9953485880398673,0.9977122101382772,0.008,-1.2043189368760032e-05,-6.5011641204870685e-06,-0.0002500000000000002,zero
45,occlude_XMV_11,15,20,0.8444687128067017,0.5153203280730897,0.618873739613455,0.01075,0.0,302.0,11,0.5155019518272426,0.6196057284088096,0.01125,0.0001816237541528709,0.0007319887953545212,-0.0005000000000000004,zero
45,occlude_XMV_11,16,20,0.8444687128067017,0.5087938330564784,0.6091771084371241,0.01125,0.0,302.0,11,0.5088451204318937,0.6084821360944539,0.012,5.12873754152654e-05,-0.0006949723426702414,-0.0007500000000000007,zero
45,occlude_XMV_11,17,20,0.8444687128067017,0.9528100290697674,0.9772149052326168,0.009,1.0,30.8,11,0.9527898255813954,0.9772403923173034,0.0085,-2.020348837206143e-05,2.5487084686637296e-05,0.0004999999999999987,zero
45,occlude_XMV_11,18,20,0.8444687128067017,0.8813775332225914,0.9355063303940224,0.01,1.0,59.65,11,0.8811969476744186,0.93529746253947,0.01,-0.00018058554817279582,-0.0002088678545524303,0.0,zero
45,occlude_XMV_11,19,20,0.8444687128067017,0.9539808970099668,0.9757988059911,0.00925,1.0,26.9,11,0.9540115448504984,0.9758153153366168,0.009,3.064784053163905e-05,1.650934551677974e-05,0.0002500000000000002,zero
45,occlude_XMV_11,20,20,0.8444687128067017,0.9393044019933556,0.9700631472503656,0.01125,1.0,41.0,11,0.939454422757475,0.970128231984342,0.01075,0.00015002076411940735,6.508473397637271e-05,0.0005000000000000004,zero
45,occlude_XMV_11,21,20,0.8444687128067017,0.5007840323920266,0.5996555967636713,0.01,0.0,302.0,11,0.5023449335548172,0.6007096500891514,0.00975,0.0015609011627906177,0.001054053325480142,0.0002500000000000002,zero
45,occlude_XMV_11,22,20,0.8444687128067017,0.5627407807308971,0.6540367720373738,0.0115,0.0,302.0,11,0.5614498754152824,0.6531687464531204,0.01225,-0.00129090531561471,-0.0008680255842533624,-0.0007500000000000007,zero
45,occlude_XMV_11,23,20,0.8444687128067017,0.5365638081395349,0.6288068392122766,0.01025,0.0,302.0,11,0.5356838247508305,0.6285449295853928,0.01,-0.0008799833887043196,-0.00026190962688388275,0.0002500000000000002,zero
45,occlude_XMV_11,24,20,0.8444687128067017,0.9732563330564784,0.9862815777901044,0.0115,1.0,15.05,11,0.9734254568106312,0.9863832641623768,0.01,0.00016912375415278902,0.00010168637227236932,0.0014999999999999996,zero
45,occlude_XMV_11,25,20,0.8444687128067017,0.9050295473421928,0.9462654851925502,0.00825,1.0,29.1,11,0.9044997093023256,0.9459864745165794,0.00825,-0.0005298380398671698,-0.0002790106759708033,0.0,zero
45,occlude_XMV_11,26,20,0.8444687128067017,0.9206539867109634,0.9573730171243844,0.009,1.0,28.6,11,0.9205679401993356,0.9573229999653974,0.01,-8.604651162780197e-05,-5.001715898700354e-05,-0.0010000000000000009,zero
45,occlude_XMV_11,27,20,0.8444687128067017,0.8332906561461794,0.8949631382366159,0.009,1.0,17.15,11,0.8330642441860465,0.8949459781273176,0.009,-0.00022641196013284404,-1.716010929830869e-05,0.0,zero
45,occlude_XMV_11,28,20,0.8444687128067017,0.5589800456810631,0.6625231676134925,0.00825,0.0,302.0,11,0.5591237333887044,0.662409698620765,0.0095,0.00014368770764128236,-0.00011346899272746125,-0.0012499999999999994,zero
46,occlude_XMV_01,1,20,0.8819507956504822,0.9951479235880398,0.997553600479686,0.0095,1.0,4.55,1,0.9952463870431894,0.9976134653165624,0.00975,9.846345514952226e-05,5.986483687636657e-05,-0.0002500000000000002,zero
46,occlude_XMV_01,2,20,0.8819507956504822,0.9898766403654484,0.994878268525123,0.009,1.0,11.2,1,0.9905171511627908,0.9951476925018228,0.0095,0.0006405107973423974,0.000269423976699823,-0.0005000000000000004,zero
46,occlude_XMV_01,3,20,0.8819507956504822,0.5367339493355482,0.6266468397853158,0.0115,0.0,302.0,1,0.5452817898671096,0.6354919040269659,0.00975,0.008547840531561435,0.008845064241650102,0.0017499999999999998,zero
46,occlude_XMV_01,4,20,0.8819507956504822,0.9729307724252492,0.980592056718882,0.00775,1.0,2.0,1,0.9766724252491694,0.9837427305784876,0.0105,0.0037416528239202496,0.003150673859605546,-0.0027500000000000007,zero
46,occlude_XMV_01,5,20,0.8819507956504822,0.4996336586378737,0.6047813404036197,0.00825,0.05,287.0,1,0.5011724044850498,0.6062131167695718,0.01,0.0015387458471761706,0.0014317763659520422,-0.0017499999999999998,zero
46,occlude_XMV_01,6,20,0.8819507956504822,0.9980224252491694,0.999070631137376,0.0075,1.0,1.0,1,0.997984634551495,0.9990578482963844,0.00925,-3.779069767440024e-05,-1.2782840991598654e-05,-0.0017499999999999998,zero
46,occlude_XMV_01,7,20,0.8819507956504822,0.9967238372093024,0.9984163416364916,0.008,1.0,2.0,1,0.996690365448505,0.9983899315191876,0.01175,-3.347176079737668e-05,-2.6410117303976577e-05,-0.00375,zero
46,occlude_XMV_01,8,20,0.8819507956504822,0.9698716362126246,0.9851595231610782,0.009,1.0,23.4,1,0.9695984634551496,0.9850933078899736,0.0095,-0.00027317275747507086,-6.621527110461933e-05,-0.0005000000000000004,zero
46,occlude_XMV_01,9,20,0.8819507956504822,0.5364079318936877,0.6329186095454599,0.011,0.0,302.0,1,0.5435752491694352,0.6383396334346886,0.01275,0.007167317275747487,0.0054210238892287155,-0.0017499999999999998,zero
46,occlude_XMV_01,10,20,0.8819507956504822,0.9176480066445184,0.9561688509265316,0.016,1.0,41.9,1,0.923210568936877,0.9596207570658852,0.01125,0.00556256229235863,0.0034519061393536443,0.004750000000000001,zero
46,occlude_XMV_01,11,20,0.8819507956504822,0.9814349252491694,0.9902769695120652,0.007,1.0,8.6,1,0.9824344061461794,0.9908795838918288,0.00825,0.0009994808970099633,0.0006026143797636108,-0.0012500000000000002,zero
46,occlude_XMV_01,12,20,0.8819507956504822,0.7861070598006644,0.8677975188556363,0.00925,1.0,28.1,1,0.8029352159468438,0.8800314933533525,0.01125,0.016828156146179385,0.012233974497716238,-0.002,zero
46,occlude_XMV_01,13,20,0.8819507956504822,0.9468988787375416,0.9741737752330756,0.0095,1.0,34.15,1,0.9477892857142856,0.9746389297372916,0.01125,0.0008904069767439182,0.00046515450421602544,-0.0017499999999999998,zero
46,occlude_XMV_01,14,20,0.8819507956504822,0.9956392857142856,0.9978348523599035,0.00825,1.0,3.85,1,0.9956656976744186,0.997849755012782,0.0095,2.6411960132977086e-05,1.4902652878401312e-05,-0.0012499999999999994,zero
46,occlude_XMV_01,15,20,0.8819507956504822,0.5113335963455149,0.6140635298181276,0.00975,0.0,302.0,1,0.5122161337209302,0.6159625027773169,0.01175,0.0008825373754153265,0.0018989729591892823,-0.002,zero
46,occlude_XMV_01,16,20,0.8819507956504822,0.5094409883720931,0.609263214790705,0.01125,0.0,302.0,1,0.5141187084717608,0.6140962232550335,0.00975,0.004677720099667715,0.004833008464328548,0.0014999999999999996,zero
46,occlude_XMV_01,17,20,0.8819507956504822,0.9533010174418604,0.9773914655340572,0.01225,1.0,30.4,1,0.9526912375415284,0.9772149537686164,0.008,-0.0006097799003319526,-0.00017651176544075664,0.00425,zero
46,occlude_XMV_01,18,20,0.8819507956504822,0.8795041320598007,0.9343322132647002,0.0105,1.0,62.85,1,0.8856800041528239,0.9379143755589736,0.01075,0.006175872093023171,0.003582162294273439,-0.0002499999999999985,zero
46,occlude_XMV_01,19,20,0.8819507956504822,0.9512338662790698,0.9736813689370362,0.01175,1.0,28.75,1,0.9542154900332226,0.9755953682323236,0.00975,0.0029816237541527846,0.0019139992952874607,0.002,zero
46,occlude_XMV_01,20,20,0.8819507956504822,0.9402738372093024,0.9706310295800764,0.01025,1.0,41.45,1,0.9394400332225914,0.9702826747183746,0.009,-0.000833803986710957,-0.0003483548617018162,0.0012500000000000011,zero
46,occlude_XMV_01,21,20,0.8819507956504822,0.5065829111295681,0.6056836524514418,0.008,0.0,302.0,1,0.4984669850498339,0.5975427313288815,0.01025,-0.008115926079734215,-0.008140921122560374,-0.0022500000000000003,zero
46,occlude_XMV_01,22,20,0.8819507956504822,0.5593826411960133,0.6532977129698754,0.0095,0.0,302.0,1,0.5675300664451828,0.656049473409075,0.01075,0.008147425249169449,0.0027517604391996686,-0.0012499999999999994,zero
46,occlude_XMV_01,23,20,0.8819507956504822,0.528363434385382,0.6218534720758502,0.01025,0.0,302.0,1,0.5355757059800664,0.6278469803772752,0.0095,0.007212271594684405,0.005993508301424977,0.0007500000000000007,zero
46,occlude_XMV_01,24,20,0.8819507956504822,0.9170484842192692,0.9533014091630492,0.00975,1.0,22.7,1,0.9718053571428572,0.9854357087539476,0.011,0.054756872923587996,0.03213429959089842,-0.0012499999999999994,zero
46,occlude_XMV_01,25,20,0.8819507956504822,0.8858966985049834,0.9326324963364808,0.007,1.0,35.6,1,0.8932264742524917,0.9375149328330558,0.00775,0.00732977574750826,0.004882436496574938,-0.0007499999999999998,zero
46,occlude_XMV_01,26,20,0.8819507956504822,0.9208736295681064,0.9572440870175392,0.01,1.0,30.55,1,0.9239101951827242,0.959121884148731,0.01025,0.0030365656146178477,0.0018777971311918495,-0.0002500000000000002,zero
46,occlude_XMV_01,27,20,0.8819507956504822,0.8617927325581395,0.9137490427138382,0.00925,1.0,18.9,1,0.8750355689368771,0.9227458907556544,0.01,0.013242836378737577,0.008996848041816219,-0.0007500000000000007,zero
46,occlude_XMV_01,28,20,0.8819507956504822,0.548768127076412,0.6494146015730916,0.012,0.0,302.0,1,0.5562675249169435,0.6607830869573832,0.009,0.007499397840531552,0.011368485384291582,0.003000000000000001,zero
46,occlude_XMV_02,1,20,0.8906073570251465,0.9949953488372092,0.9974969456761684,0.0115,1.0,4.3,2,0.9952463870431894,0.9976134653165624,0.00975,0.0002510382059801586,0.00011651964039394169,0.0017499999999999998,zero
46,occlude_XMV_02,2,20,0.8906073570251465,0.99005207641196,0.9949244057990688,0.009,1.0,11.05,2,0.9905171511627908,0.9951476925018228,0.0095,0.0004650747508307962,0.00022328670275395535,-0.0005000000000000004,zero
46,occlude_XMV_02,3,20,0.8906073570251465,0.5426922549833887,0.6347360896263815,0.00925,0.0,302.0,2,0.5452817898671096,0.6354919040269659,0.00975,0.002589534883720934,0.0007558144005843648,-0.0005000000000000004,zero
46,occlude_XMV_02,4,20,0.8906073570251465,0.9688985672757476,0.9774679801700992,0.0115,1.0,2.0,2,0.9766724252491694,0.9837427305784876,0.0105,0.007773857973421783,0.00627475040838843,0.0009999999999999992,zero
46,occlude_XMV_02,5,20,0.8906073570251465,0.4986836378737541,0.6043143102531283,0.00975,0.0,302.0,2,0.5011724044850498,0.6062131167695718,0.01,0.0024887666112957674,0.0018988065164434742,-0.0002500000000000002,zero
46,occlude_XMV_02,6,20,0.8906073570251465,0.9980373754152824,0.9990805502334064,0.008,1.0,1.0,2,0.997984634551495,0.9990578482963844,0.00925,-5.274086378737053e-05,-2.270193702191836e-05,-0.0012499999999999994,zero
46,occlude_XMV_02,7,20,0.8906073570251465,0.996661357973422,0.9983766912371888,0.01125,1.0,2.0,2,0.996690365448505,0.9983899315191876,0.01175,2.900747508294277e-05,1.3240281998894154e-05,-0.0005000000000000004,zero
46,occlude_XMV_02,8,20,0.8906073570251465,0.9692510174418604,0.9849331146964592,0.00825,1.0,23.5,2,0.9695984634551496,0.9850933078899736,0.0095,0.00034744601328917657,0.00016019319351445738,-0.0012499999999999994,zero
46,occlude_XMV_02,9,20,0.8906073570251465,0.5393286337209302,0.6284098570158796,0.013,0.0,302.0,2,0.5435752491694352,0.6383396334346886,0.01275,0.00424661544850502,0.009929776418808989,0.0002500000000000002,zero
46,occlude_XMV_02,10,20,0.8906073570251465,0.9182194975083056,0.9564353222389952,0.014,1.0,41.35,2,0.923210568936877,0.9596207570658852,0.01125,0.00499107142857147,0.0031854348268900434,0.0027500000000000007,zero
46,occlude_XMV_02,11,20,0.8906073570251465,0.9815311046511628,0.990324921797731,0.007,1.0,8.7,2,0.9824344061461794,0.9908795838918288,0.00825,0.0009033014950166063,0.0005546620940978242,-0.0012500000000000002,zero
46,occlude_XMV_02,12,20,0.8906073570251465,0.786012707641196,0.8675190338279682,0.0095,1.0,26.0,2,0.8029352159468438,0.8800314933533525,0.01125,0.016922508305647788,0.012512459525384267,-0.0017499999999999998,zero
46,occlude_XMV_02,13,20,0.8906073570251465,0.9468042358803986,0.9742687311862726,0.00925,1.0,33.95,2,0.9477892857142856,0.9746389297372916,0.01125,0.0009850498338869196,0.00037019855101905197,-0.002,zero
46,occlude_XMV_02,14,20,0.8906073570251465,0.9955800664451828,0.9978149044543108,0.00825,1.0,3.9,2,0.9956656976744186,0.997849755012782,0.0095,8.563122923577193e-05,3.48505584711889e-05,-0.0012499999999999994,zero
46,occlude_XMV_02,15,20,0.8906073570251465,0.5029230481727575,0.6070035824587974,0.011,0.0,302.0,2,0.5122161337209302,0.6159625027773169,0.01175,0.009293085548172764,0.008958920318519525,-0.0007500000000000007,zero
46,occlude_XMV_02,16,20,0.8906073570251465,0.5087341569767442,0.6107439150789522,0.01025,0.0,302.0,2,0.5141187084717608,0.6140962232550335,0.00975,0.0053845514950165985,0.0033523081760813422,0.0005000000000000004,zero
46,occlude_XMV_02,17,20,0.8906073570251465,0.9528591569767442,0.9771759282677116,0.00975,1.0,30.7,2,0.9526912375415284,0.9772149537686164,0.008,-0.0001679194352157687,3.902550090484347e-05,0.0017499999999999998,zero
46,occlude_XMV_02,18,20,0.8906073570251465,0.8785930232558139,0.933683384340476,0.009,1.0,63.7,2,0.8856800041528239,0.9379143755589736,0.01075,0.007086980897009987,0.004230991218497571,-0.0017499999999999998,zero
46,occlude_XMV_02,19,20,0.8906073570251465,0.9482675456810632,0.9720514898037652,0.00925,1.0,28.05,2,0.9542154900332226,0.9755953682323236,0.00975,0.0059479443521593955,0.0035438784285584113,-0.0005000000000000004,zero
46,occlude_XMV_02,20,20,0.8906073570251465,0.93930469269103,0.97014639006102,0.0075,1.0,41.45,2,0.9394400332225914,0.9702826747183746,0.009,0.0001353405315613898,0.0001362846573546017,-0.0014999999999999996,zero
46,occlude_XMV_02,21,20,0.8906073570251465,0.5099626245847176,0.6097171580685062,0.00825,0.0,302.0,2,0.4984669850498339,0.5975427313288815,0.01025,-0.01149563953488375,-0.012174426739624766,-0.002,zero
46,occlude_XMV_02,22,20,0.8906073570251465,0.5646286752491695,0.6512718821695443,0.0115,0.0,302.0,2,0.5675300664451828,0.656049473409075,0.01075,0.002901391196013292,0.0047775912395306985,0.0007500000000000007,zero
46,occlude_XMV_02,23,20,0.8906073570251465,0.5219184177740864,0.613565969671699,0.013,0.0,302.0,2,0.5355757059800664,0.6278469803772752,0.0095,0.01365728820598,0.014281010705576191,0.0034999999999999996,zero
46,occlude_XMV_02,24,20,0.8906073570251465,0.9684463247508306,0.9836180898282876,0.01125,1.0,15.25,2,0.9718053571428572,0.9854357087539476,0.011,0.0033590323920266174,0.001817618925660014,0.0002500000000000002,zero
46,occlude_XMV_02,25,20,0.8906073570251465,0.6749278239202657,0.7708033690908699,0.0065,0.75,152.6,2,0.8932264742524917,0.9375149328330558,0.00775,0.21829865033222595,0.16671156374218588,-0.0012500000000000002,zero
46,occlude_XMV_02,26,20,0.8906073570251465,0.9174339285714286,0.9553097898481436,0.009,1.0,29.8,2,0.9239101951827242,0.959121884148731,0.01025,0.0064762666112956335,0.0038120943005873764,-0.0012500000000000011,zero
46,occlude_XMV_02,27,20,0.8906073570251465,0.86477551910299,0.9146841785990788,0.009,1.0,19.55,2,0.8750355689368771,0.9227458907556544,0.01,0.010260049833887064,0.008061712156575584,-0.0010000000000000009,zero
46,occlude_XMV_02,28,20,0.8906073570251465,0.5459734219269103,0.6497574052575353,0.01125,0.0,302.0,2,0.5562675249169435,0.6607830869573832,0.009,0.010294102990033194,0.011025681699847856,0.0022500000000000003,zero
46,occlude_XMV_03,1,20,0.8660207390785217,0.9952401993355482,0.9976134942482158,0.0095,1.0,4.3,3,0.9952463870431894,0.9976134653165624,0.00975,6.187707641158724e-06,-2.8931653406338853e-08,-0.0002500000000000002,zero
46,occlude_XMV_03,2,20,0.8660207390785217,0.9902755398671096,0.9950228421877576,0.0095,1.0,10.5,3,0.9905171511627908,0.9951476925018228,0.0095,0.00024161129568123219,0.00012485031406517244,0.0,zero
46,occlude_XMV_03,3,20,0.8660207390785217,0.542322134551495,0.6326965848626148,0.0105,0.0,302.0,3,0.5452817898671096,0.6354919040269659,0.00975,0.0029596553156145955,0.002795319164351051,0.0007500000000000007,zero
46,occlude_XMV_03,4,20,0.8660207390785217,0.973483014950166,0.9811178249834064,0.01025,1.0,2.0,3,0.9766724252491694,0.9837427305784876,0.0105,0.0031894102990034368,0.0026249055950812172,-0.0002500000000000002,zero
46,occlude_XMV_03,5,20,0.8660207390785217,0.5001284260797342,0.6056916397298152,0.00975,0.0,302.0,3,0.5011724044850498,0.6062131167695718,0.01,0.0010439784053156709,0.0005214770397565793,-0.0002500000000000002,zero
46,occlude_XMV_03,6,20,0.8660207390785217,0.9981050249169436,0.9990966236241218,0.00925,1.0,1.0,3,0.997984634551495,0.9990578482963844,0.00925,-0.00012039036544864157,-3.877532773732817e-05,0.0,zero
46,occlude_XMV_03,7,20,0.8660207390785217,0.9966410714285714,0.9983696757467933,0.012,1.0,2.0,3,0.996690365448505,0.9983899315191876,0.01175,4.929401993358784e-05,2.0255772394395244e-05,0.0002500000000000002,zero
46,occlude_XMV_03,8,20,0.8660207390785217,0.9697529900332226,0.9851649220188956,0.0115,1.0,22.95,3,0.9695984634551496,0.9850933078899736,0.0095,-0.00015452657807302206,-7.161412892198182e-05,0.002,zero
46,occlude_XMV_03,9,20,0.8660207390785217,0.5452038621262458,0.6388324076141566,0.0115,0.0,302.0,3,0.5435752491694352,0.6383396334346886,0.01275,-0.0016286129568106045,-0.0004927741794680252,-0.0012499999999999994,zero
46,occlude_XMV_03,10,20,0.8660207390785217,0.9210357765780732,0.958311788445848,0.01125,1.0,41.9,3,0.923210568936877,0.9596207570658852,0.01125,0.002174792358803801,0.0013089686200372652,0.0,zero
46,occlude_XMV_03,11,20,0.8660207390785217,0.9817551910299004,0.9905224020407564,0.0085,1.0,8.35,3,0.9824344061461794,0.9908795838918288,0.00825,0.0006792151162789972,0.00035718185107247447,0.0002500000000000002,zero
46,occlude_XMV_03,12,20,0.8660207390785217,0.7980410506644519,0.8764378423736222,0.01075,1.0,26.25,3,0.8029352159468438,0.8800314933533525,0.01125,0.004894165282391949,0.0035936509797303007,-0.0005000000000000004,zero
46,occlude_XMV_03,13,20,0.8660207390785217,0.94808280730897,0.9747092734245264,0.0095,1.0,33.7,3,0.9477892857142856,0.9746389297372916,0.01125,-0.0002935215946844316,-7.034368723479734e-05,-0.0017499999999999998,zero
46,occlude_XMV_03,14,20,0.8660207390785217,0.9955219684385382,0.9977897945080788,0.00925,1.0,3.8,3,0.9956656976744186,0.997849755012782,0.0095,0.00014372923588035214,5.9960504703138184e-05,-0.0002500000000000002,zero
46,occlude_XMV_03,15,20,0.8660207390785217,0.5069729858803986,0.6096615526511822,0.01375,0.0,302.0,3,0.5122161337209302,0.6159625027773169,0.01175,0.005243147840531592,0.006300950126134741,0.002,zero
46,occlude_XMV_03,16,20,0.8660207390785217,0.5163905938538206,0.6141448384563089,0.01,0.0,302.0,3,0.5141187084717608,0.6140962232550335,0.00975,-0.0022718853820598017,-4.861520127530383e-05,0.0002500000000000002,zero
46,occlude_XMV_03,17,20,0.8660207390785217,0.9530875207641196,0.9773167306336508,0.0075,1.0,30.75,3,0.9526912375415284,0.9772149537686164,0.008,-0.0003962832225912205,-0.00010177686503431982,-0.0005000000000000004,zero
46,occlude_XMV_03,18,20,0.8660207390785217,0.8843272632890365,0.9371040753644356,0.009,1.0,62.75,3,0.8856800041528239,0.9379143755589736,0.01075,0.0013527408637873384,0.0008103001945379829,-0.0017499999999999998,zero
46,occlude_XMV_03,19,20,0.8660207390785217,0.9533531561461794,0.9750140664741804,0.00925,1.0,28.05,3,0.9542154900332226,0.9755953682323236,0.00975,0.0008623338870431541,0.0005813017581431934,-0.0005000000000000004,zero
46,occlude_XMV_03,20,20,0.8660207390785217,0.939175207641196,0.9701418838414392,0.00975,1.0,40.7,3,0.9394400332225914,0.9702826747183746,0.009,0.00026482558139540036,0.00014079087693541492,0.0007500000000000007,zero
46,occlude_XMV_03,21,20,0.8660207390785217,0.4940394933554817,0.5943738003288598,0.013,0.0,302.0,3,0.4984669850498339,0.5975427313288815,0.01025,0.0044274916943521925,0.003168931000021691,0.002749999999999999,zero
46,occlude_XMV_03,22,20,0.8660207390785217,0.5670511835548173,0.6568284674085368,0.011,0.0,302.0,3,0.5675300664451828,0.656049473409075,0.01075,0.00047888289036546183,-0.0007789939994617967,0.0002500000000000002,zero
46,occlude_XMV_03,23,20,0.8660207390785217,0.5181247300664452,0.6142888742789373,0.00875,0.0,302.0,3,0.5355757059800664,0.6278469803772752,0.0095,0.017450975913621214,0.013558106098337852,-0.0007499999999999989,zero
46,occlude_XMV_03,24,20,0.8660207390785217,0.970642088870432,0.9847946181405618,0.01125,1.0,14.65,3,0.9718053571428572,0.9854357087539476,0.011,0.0011632682724251886,0.0006410906133857974,0.0002500000000000002,zero
46,occlude_XMV_03,25,20,0.8660207390785217,0.8899669019933555,0.9352676474188548,0.00725,1.0,33.1,3,0.8932264742524917,0.9375149328330558,0.00775,0.003259572259136201,0.002247285414200939,-0.0004999999999999996,zero
46,occlude_XMV_03,26,20,0.8660207390785217,0.9225871470099668,0.9583342198919208,0.01175,1.0,29.75,3,0.9239101951827242,0.959121884148731,0.01025,0.0013230481727574128,0.0007876642568102055,0.0014999999999999996,zero
46,occlude_XMV_03,27,20,0.8660207390785217,0.8685966569767442,0.9186865086483448,0.01025,1.0,14.6,3,0.8750355689368771,0.9227458907556544,0.01,0.006438911960132909,0.004059382107309606,0.0002500000000000002,zero
46,occlude_XMV_03,28,20,0.8660207390785217,0.5532789036544851,0.6568522275034903,0.00975,0.0,302.0,3,0.5562675249169435,0.6607830869573832,0.009,0.0029886212624584685,0.003930859453892932,0.0007500000000000007,zero
46,occlude_XMV_04,1,20,0.8635958433151245,0.9950845930232558,0.9975360488895404,0.0105,1.0,4.3,4,0.9952463870431894,0.9976134653165624,0.00975,0.0001617940199335477,7.741642702197016e-05,0.0007500000000000007,zero
46,occlude_XMV_04,2,20,0.8635958433151245,0.9900443521594684,0.9949480367983432,0.00925,1.0,10.75,4,0.9905171511627908,0.9951476925018228,0.0095,0.00047279900332242164,0.00019965570347957318,-0.0002500000000000002,zero
46,occlude_XMV_04,3,20,0.8635958433151245,0.5418691029900332,0.6330729888271636,0.009,0.0,302.0,4,0.5452817898671096,0.6354919040269659,0.00975,0.0034126868770764096,0.0024189151998023073,-0.0007500000000000007,zero
46,occlude_XMV_04,4,20,0.8635958433151245,0.9738303779069768,0.981772958654823,0.00975,1.0,2.0,4,0.9766724252491694,0.9837427305784876,0.0105,0.002842047342192622,0.001969771923664654,-0.0007500000000000007,zero
46,occlude_XMV_04,5,20,0.8635958433151245,0.4988427325581395,0.6050367055948632,0.0095,0.0,302.0,4,0.5011724044850498,0.6062131167695718,0.01,0.0023296719269103594,0.0011764111747085693,-0.0005000000000000004,zero
46,occlude_XMV_04,6,20,0.8635958433151245,0.998015988372093,0.999068010307428,0.0085,1.0,1.0,4,0.997984634551495,0.9990578482963844,0.00925,-3.13538205980457e-05,-1.0162011043535202e-05,-0.0007499999999999989,zero
46,occlude_XMV_04,7,20,0.8635958433151245,0.5990339700996677,0.7201529548083084,0.01275,1.0,2.0,4,0.996690365448505,0.9983899315191876,0.01175,0.39765639534883723,0.2782369767108792,0.0009999999999999992,zero
46,occlude_XMV_04,8,20,0.8635958433151245,0.9689829318936876,0.9848083844676602,0.00975,1.0,23.4,4,0.9695984634551496,0.9850933078899736,0.0095,0.0006155315614619905,0.00028492342231345447,0.0002500000000000002,zero
46,occlude_XMV_04,9,20,0.8635958433151245,0.5417450996677741,0.6368879547663371,0.01025,0.0,302.0,4,0.5435752491694352,0.6383396334346886,0.01275,0.0018301495016611602,0.001451678668351497,-0.0024999999999999988,zero
46,occlude_XMV_04,10,20,0.8635958433151245,0.921830315614618,0.95890189107719,0.00925,1.0,41.95,4,0.923210568936877,0.9596207570658852,0.01125,0.0013802533222589952,0.0007188659886951942,-0.002,zero
46,occlude_XMV_04,11,20,0.8635958433151245,0.981625726744186,0.9904569768381328,0.00825,1.0,8.4,4,0.9824344061461794,0.9908795838918288,0.00825,0.0008086794019933619,0.00042260705369601137,0.0,zero
46,occlude_XMV_04,12,20,0.8635958433151245,0.7961231727574751,0.8749475797113846,0.0095,1.0,25.2,4,0.8029352159468438,0.8800314933533525,0.01125,0.006812043189368677,0.005083913641967919,-0.0017499999999999998,zero
46,occlude_XMV_04,13,20,0.8635958433151245,0.9474100913621264,0.9744584110445016,0.01025,1.0,33.85,4,0.9477892857142856,0.9746389297372916,0.01125,0.0003791943521591623,0.00018051869279001043,-0.0009999999999999992,zero
46,occlude_XMV_04,14,20,0.8635958433151245,0.995801661129568,0.9979078473737588,0.00875,1.0,3.9,4,0.9956656976744186,0.997849755012782,0.0095,-0.00013596345514943486,-5.8092360976869095e-05,-0.0007499999999999989,zero
46,occlude_XMV_04,15,20,0.8635958433151245,0.5098965531561461,0.6142606861485802,0.01175,0.0,302.0,4,0.5122161337209302,0.6159625027773169,0.01175,0.002319580564784096,0.0017018166287366965,0.0,zero
46,occlude_XMV_04,16,20,0.8635958433151245,0.5096889327242525,0.6091124065873283,0.0105,0.0,302.0,4,0.5141187084717608,0.6140962232550335,0.00975,0.004429775747508247,0.004983816667705199,0.0007500000000000007,zero
46,occlude_XMV_04,17,20,0.8635958433151245,0.9527491071428572,0.9772391551114612,0.00875,1.0,30.75,4,0.9526912375415284,0.9772149537686164,0.008,-5.786960132880825e-05,-2.420134284475406e-05,0.0007500000000000007,zero
46,occlude_XMV_04,18,20,0.8635958433151245,0.8828597176079734,0.9361975681451262,0.008,1.0,63.05,4,0.8856800041528239,0.9379143755589736,0.01075,0.0028202865448504477,0.0017168074138473877,-0.002749999999999999,zero
46,occlude_XMV_04,19,20,0.8635958433151245,0.9520769102990032,0.9743225351620544,0.00825,1.0,27.95,4,0.9542154900332226,0.9755953682323236,0.00975,0.0021385797342193813,0.0012728330702692636,-0.0014999999999999996,zero
46,occlude_XMV_04,20,20,0.8635958433151245,0.9395107558139536,0.9702743254450292,0.0065,1.0,41.3,4,0.9394400332225914,0.9702826747183746,0.009,-7.072259136220449e-05,8.34927334536495e-06,-0.0024999999999999996,zero
46,occlude_XMV_04,21,20,0.8635958433151245,0.4958810631229235,0.5958978597177021,0.0115,0.0,302.0,4,0.4984669850498339,0.5975427313288815,0.01025,0.002585921926910373,0.0016448716111793216,0.0012499999999999994,zero
46,occlude_XMV_04,22,20,0.8635958433151245,0.5627959717607973,0.6487714909375493,0.01325,0.0,302.0,4,0.5675300664451828,0.656049473409075,0.01075,0.004734094684385459,0.007277982471525779,0.0025000000000000005,zero
46,occlude_XMV_04,23,20,0.8635958433151245,0.5338293604651163,0.6261825211027615,0.0095,0.0,302.0,4,0.5355757059800664,0.6278469803772752,0.0095,0.0017463455149501206,0.001664459274513641,0.0,zero
46,occlude_XMV_04,24,20,0.8635958433151245,0.9706088870431894,0.9848132642861932,0.00925,1.0,15.25,4,0.9718053571428572,0.9854357087539476,0.011,0.0011964700996678346,0.0006224444677543906,-0.0017499999999999998,zero
46,occlude_XMV_04,25,20,0.8635958433151245,0.8878267649501661,0.9340771720000282,0.0055,1.0,32.15,4,0.8932264742524917,0.9375149328330558,0.00775,0.005399709302325584,0.0034377608330276033,-0.0022500000000000003,zero
46,occlude_XMV_04,26,20,0.8635958433151245,0.5596524916943522,0.6577041771143843,0.0095,0.1,284.0,4,0.9239101951827242,0.959121884148731,0.01025,0.36425770348837205,0.30141770703434667,-0.0007500000000000007,zero
46,occlude_XMV_04,27,20,0.8635958433151245,0.8707012458471761,0.9192514927656036,0.011,1.0,15.65,4,0.8750355689368771,0.9227458907556544,0.01,0.004334323089700942,0.0034943979900508015,0.0009999999999999992,zero
46,occlude_XMV_04,28,20,0.8635958433151245,0.5512455149501662,0.6547323634118537,0.0105,0.0,302.0,4,0.5562675249169435,0.6607830869573832,0.009,0.005022009966777374,0.0060507235455294905,0.0015000000000000013,zero
46,occlude_XMV_05,1,20,0.8465240597724915,0.9952463870431894,0.9976134653165624,0.00975,1.0,4.05,5,0.9952463870431894,0.9976134653165624,0.00975,0.0,0.0,0.0,zero
46,occlude_XMV_05,2,20,0.8465240597724915,0.9905171511627908,0.9951476925018228,0.0095,1.0,10.2,5,0.9905171511627908,0.9951476925018228,0.0095,0.0,0.0,0.0,zero
46,occlude_XMV_05,3,20,0.8465240597724915,0.5452817898671096,0.6354919040269659,0.00975,0.0,302.0,5,0.5452817898671096,0.6354919040269659,0.00975,0.0,0.0,0.0,zero
46,occlude_XMV_05,4,20,0.8465240597724915,0.9766724252491694,0.9837427305784876,0.0105,1.0,2.0,5,0.9766724252491694,0.9837427305784876,0.0105,0.0,0.0,0.0,zero
46,occlude_XMV_05,5,20,0.8465240597724915,0.5011724044850498,0.6062131167695718,0.01,0.0,302.0,5,0.5011724044850498,0.6062131167695718,0.01,0.0,0.0,0.0,zero
46,occlude_XMV_05,6,20,0.8465240597724915,0.997984634551495,0.9990578482963844,0.00925,1.0,1.0,5,0.997984634551495,0.9990578482963844,0.00925,0.0,0.0,0.0,zero
46,occlude_XMV_05,7,20,0.8465240597724915,0.996690365448505,0.9983899315191876,0.01175,1.0,2.0,5,0.996690365448505,0.9983899315191876,0.01175,0.0,0.0,0.0,zero
46,occlude_XMV_05,8,20,0.8465240597724915,0.9695984634551496,0.9850933078899736,0.0095,1.0,22.85,5,0.9695984634551496,0.9850933078899736,0.0095,0.0,0.0,0.0,zero
46,occlude_XMV_05,9,20,0.8465240597724915,0.5435752491694352,0.6383396334346886,0.01275,0.0,302.0,5,0.5435752491694352,0.6383396334346886,0.01275,0.0,0.0,0.0,zero
46,occlude_XMV_05,10,20,0.8465240597724915,0.923210568936877,0.9596207570658852,0.01125,1.0,41.65,5,0.923210568936877,0.9596207570658852,0.01125,0.0,0.0,0.0,zero
46,occlude_XMV_05,11,20,0.8465240597724915,0.9824344061461794,0.9908795838918288,0.00825,1.0,8.35,5,0.9824344061461794,0.9908795838918288,0.00825,0.0,0.0,0.0,zero
46,occlude_XMV_05,12,20,0.8465240597724915,0.8029352159468438,0.8800314933533525,0.01125,1.0,25.2,5,0.8029352159468438,0.8800314933533525,0.01125,0.0,0.0,0.0,zero
46,occlude_XMV_05,13,20,0.8465240597724915,0.9477892857142856,0.9746389297372916,0.01125,1.0,33.7,5,0.9477892857142856,0.9746389297372916,0.01125,0.0,0.0,0.0,zero
46,occlude_XMV_05,14,20,0.8465240597724915,0.9956656976744186,0.997849755012782,0.0095,1.0,3.75,5,0.9956656976744186,0.997849755012782,0.0095,0.0,0.0,0.0,zero
46,occlude_XMV_05,15,20,0.8465240597724915,0.5122161337209302,0.6159625027773169,0.01175,0.0,302.0,5,0.5122161337209302,0.6159625027773169,0.01175,0.0,0.0,0.0,zero
46,occlude_XMV_05,16,20,0.8465240597724915,0.5141187084717608,0.6140962232550335,0.00975,0.0,302.0,5,0.5141187084717608,0.6140962232550335,0.00975,0.0,0.0,0.0,zero
46,occlude_XMV_05,17,20,0.8465240597724915,0.9526912375415284,0.9772149537686164,0.008,1.0,30.75,5,0.9526912375415284,0.9772149537686164,0.008,0.0,0.0,0.0,zero
46,occlude_XMV_05,18,20,0.8465240597724915,0.8856800041528239,0.9379143755589736,0.01075,1.0,62.25,5,0.8856800041528239,0.9379143755589736,0.01075,0.0,0.0,0.0,zero
46,occlude_XMV_05,19,20,0.8465240597724915,0.9542154900332226,0.9755953682323236,0.00975,1.0,27.7,5,0.9542154900332226,0.9755953682323236,0.00975,0.0,0.0,0.0,zero
46,occlude_XMV_05,20,20,0.8465240597724915,0.9394400332225914,0.9702826747183746,0.009,1.0,40.7,5,0.9394400332225914,0.9702826747183746,0.009,0.0,0.0,0.0,zero
46,occlude_XMV_05,21,20,0.8465240597724915,0.4984669850498339,0.5975427313288815,0.01025,0.0,302.0,5,0.4984669850498339,0.5975427313288815,0.01025,0.0,0.0,0.0,zero
46,occlude_XMV_05,22,20,0.8465240597724915,0.5675300664451828,0.656049473409075,0.01075,0.0,302.0,5,0.5675300664451828,0.656049473409075,0.01075,0.0,0.0,0.0,zero
46,occlude_XMV_05,23,20,0.8465240597724915,0.5355757059800664,0.6278469803772752,0.0095,0.0,302.0,5,0.5355757059800664,0.6278469803772752,0.0095,0.0,0.0,0.0,zero
46,occlude_XMV_05,24,20,0.8465240597724915,0.9718053571428572,0.9854357087539476,0.011,1.0,14.95,5,0.9718053571428572,0.9854357087539476,0.011,0.0,0.0,0.0,zero
46,occlude_XMV_05,25,20,0.8465240597724915,0.8932264742524917,0.9375149328330558,0.00775,1.0,31.2,5,0.8932264742524917,0.9375149328330558,0.00775,0.0,0.0,0.0,zero
46,occlude_XMV_05,26,20,0.8465240597724915,0.9239101951827242,0.959121884148731,0.01025,1.0,29.75,5,0.9239101951827242,0.959121884148731,0.01025,0.0,0.0,0.0,zero
46,occlude_XMV_05,27,20,0.8465240597724915,0.8750355689368771,0.9227458907556544,0.01,1.0,16.1,5,0.8750355689368771,0.9227458907556544,0.01,0.0,0.0,0.0,zero
46,occlude_XMV_05,28,20,0.8465240597724915,0.5562675249169435,0.6607830869573832,0.009,0.0,302.0,5,0.5562675249169435,0.6607830869573832,0.009,0.0,0.0,0.0,zero
46,occlude_XMV_06,1,20,0.8669602274894714,0.995198338870432,0.99758215977777,0.01125,1.0,4.15,6,0.9952463870431894,0.9976134653165624,0.00975,4.804817275738671e-05,3.130553879238107e-05,0.0014999999999999996,zero
46,occlude_XMV_06,2,20,0.8669602274894714,0.9903419019933556,0.9950600141768764,0.0085,1.0,10.75,6,0.9905171511627908,0.9951476925018228,0.0095,0.00017524916943523206,8.767832494638306e-05,-0.0009999999999999992,zero
46,occlude_XMV_06,3,20,0.8669602274894714,0.545191403654485,0.6363184564047178,0.00875,0.0,302.0,6,0.5452817898671096,0.6354919040269659,0.00975,9.038621262458246e-05,-0.0008265523777519768,-0.0009999999999999992,zero
46,occlude_XMV_06,4,20,0.8669602274894714,0.97236198089701,0.9801273619964648,0.013,1.0,2.0,6,0.9766724252491694,0.9837427305784876,0.0105,0.004310444352159437,0.0036153685820228265,0.0024999999999999988,zero
46,occlude_XMV_06,5,20,0.8669602274894714,0.504383284883721,0.6085596269222027,0.01075,0.0,302.0,6,0.5011724044850498,0.6062131167695718,0.01,-0.003210880398671123,-0.0023465101526308763,0.0007499999999999989,zero
46,occlude_XMV_06,6,20,0.8669602274894714,0.9979816860465116,0.9990581598178015,0.0095,1.0,1.0,6,0.997984634551495,0.9990578482963844,0.00925,2.9485049833910537e-06,-3.1152141710677483e-07,0.0002500000000000002,zero
46,occlude_XMV_06,7,20,0.8669602274894714,0.9966590531561462,0.9983750951069498,0.012,1.0,2.0,6,0.996690365448505,0.9983899315191876,0.01175,3.131229235875388e-05,1.483641223787302e-05,0.0002500000000000002,zero
46,occlude_XMV_06,8,20,0.8669602274894714,0.9694423588039868,0.9849888793674773,0.00975,1.0,23.25,6,0.9695984634551496,0.9850933078899736,0.0095,0.0001561046511627806,0.00010442852249636925,0.0002500000000000002,zero
46,occlude_XMV_06,9,20,0.8669602274894714,0.5463863372093023,0.6405069940125258,0.01325,0.0,302.0,6,0.5435752491694352,0.6383396334346886,0.01275,-0.0028110880398670712,-0.002167360577837174,0.0005000000000000004,zero
46,occlude_XMV_06,10,20,0.8669602274894714,0.9206595722591362,0.9582602681327818,0.011,1.0,42.0,6,0.923210568936877,0.9596207570658852,0.01125,0.0025509966777408355,0.0013604889331034764,-0.0002500000000000002,zero
46,occlude_XMV_06,11,20,0.8669602274894714,0.982202657807309,0.9907376305387782,0.01,1.0,8.55,6,0.9824344061461794,0.9908795838918288,0.00825,0.0002317483388704078,0.00014195335305067225,0.0017499999999999998,zero
46,occlude_XMV_06,12,20,0.8669602274894714,0.8036906976744186,0.8799453446560647,0.01025,1.0,25.4,6,0.8029352159468438,0.8800314933533525,0.01125,-0.0007554817275747805,8.614869728784669e-05,-0.0009999999999999992,zero
46,occlude_XMV_06,13,20,0.8669602274894714,0.9478096760797342,0.9746476216026204,0.01,1.0,33.8,6,0.9477892857142856,0.9746389297372916,0.01125,-2.039036544865258e-05,-8.69186532881372e-06,-0.0012499999999999994,zero
46,occlude_XMV_06,14,20,0.8669602274894714,0.9956901162790698,0.9978722013107358,0.009,1.0,3.85,6,0.9956656976744186,0.997849755012782,0.0095,-2.4418604651188502e-05,-2.244629795389308e-05,-0.0005000000000000004,zero
46,occlude_XMV_06,15,20,0.8669602274894714,0.5131864410299003,0.6172663133219122,0.01175,0.0,302.0,6,0.5122161337209302,0.6159625027773169,0.01175,-0.0009703073089700753,-0.0013038105445952741,0.0,zero
46,occlude_XMV_06,16,20,0.8669602274894714,0.5114961378737541,0.6120555087709137,0.01125,0.0,302.0,6,0.5141187084717608,0.6140962232550335,0.00975,0.002622570598006635,0.002040714484119799,0.0014999999999999996,zero
46,occlude_XMV_06,17,20,0.8669602274894714,0.9518766196013289,0.9768223132693996,0.00775,1.0,30.75,6,0.9526912375415284,0.9772149537686164,0.008,0.0008146179401995468,0.0003926404992168342,-0.0002500000000000002,zero
46,occlude_XMV_06,18,20,0.8669602274894714,0.8840823089700997,0.937112794970125,0.00825,1.0,62.75,6,0.8856800041528239,0.9379143755589736,0.01075,0.0015976951827242347,0.000801580588848605,-0.0024999999999999988,zero
46,occlude_XMV_06,19,20,0.8669602274894714,0.9532352574750832,0.9750074987515618,0.009,1.0,28.25,6,0.9542154900332226,0.9755953682323236,0.00975,0.0009802325581393934,0.0005878694807618379,-0.0007500000000000007,zero
46,occlude_XMV_06,20,20,0.8669602274894714,0.9392436877076412,0.9701575917553852,0.00825,1.0,40.45,6,0.9394400332225914,0.9702826747183746,0.009,0.00019634551495018027,0.00012508296298940902,-0.0007499999999999989,zero
46,occlude_XMV_06,21,20,0.8669602274894714,0.4970008928571429,0.5963005079018596,0.0125,0.0,302.0,6,0.4984669850498339,0.5975427313288815,0.01025,0.0014660921926910042,0.001242223427021849,0.0022500000000000003,zero
46,occlude_XMV_06,22,20,0.8669602274894714,0.5737377284053156,0.6607669757154879,0.01175,0.0,302.0,6,0.5675300664451828,0.656049473409075,0.01075,-0.006207661960132782,-0.00471750230641288,0.0010000000000000009,zero
46,occlude_XMV_06,23,20,0.8669602274894714,0.5352063745847176,0.627366585832026,0.01025,0.0,302.0,6,0.5355757059800664,0.6278469803772752,0.0095,0.000369331395348782,0.00048039454524917424,0.0007500000000000007,zero
46,occlude_XMV_06,24,20,0.8669602274894714,0.973008596345515,0.986153005396215,0.0105,1.0,14.95,6,0.9718053571428572,0.9854357087539476,0.011,-0.0012032392026577465,-0.0007172966422673843,-0.0004999999999999987,zero
46,occlude_XMV_06,25,20,0.8669602274894714,0.8900298588039867,0.9349243854597548,0.0085,1.0,33.7,6,0.8932264742524917,0.9375149328330558,0.00775,0.0031966154485050247,0.002590547373301,0.0007500000000000007,zero
46,occlude_XMV_06,26,20,0.8669602274894714,0.9239708056478404,0.9590930167617366,0.00975,1.0,30.05,6,0.9239101951827242,0.959121884148731,0.01025,-6.061046511618429e-05,2.886738699436897e-05,-0.0005000000000000004,zero
46,occlude_XMV_06,27,20,0.8669602274894714,0.8736838662790698,0.9217334835356428,0.01025,1.0,16.05,6,0.8750355689368771,0.9227458907556544,0.01,0.0013517026578072633,0.001012407220011613,0.0002500000000000002,zero
46,occlude_XMV_06,28,20,0.8669602274894714,0.5570376453488373,0.6608113945780344,0.0085,0.0,302.0,6,0.5562675249169435,0.6607830869573832,0.009,-0.0007701204318937283,-2.8307620651202292e-05,-0.0004999999999999987,zero
46,occlude_XMV_07,1,20,0.8494488000869751,0.9953094684385382,0.997646534699614,0.00975,1.0,4.25,7,0.9952463870431894,0.9976134653165624,0.00975,-6.308139534882962e-05,-3.306938305158713e-05,0.0,zero
46,occlude_XMV_07,2,20,0.8494488000869751,0.990344684385382,0.9950610427059988,0.00975,1.0,10.4,7,0.9905171511627908,0.9951476925018228,0.0095,0.00017246677740878624,8.664979582395649e-05,0.0002500000000000002,zero
46,occlude_XMV_07,3,20,0.8494488000869751,0.5451458887043189,0.6347152907148846,0.00975,0.0,302.0,7,0.5452817898671096,0.6354919040269659,0.00975,0.00013590116279071918,0.0007766133120812313,0.0,zero
46,occlude_XMV_07,4,20,0.8494488000869751,0.9761572259136212,0.9833055628486096,0.0105,1.0,2.0,7,0.9766724252491694,0.9837427305784876,0.0105,0.0005151993355482221,0.00043716772987800745,0.0,zero
46,occlude_XMV_07,5,20,0.8494488000869751,0.5013618355481727,0.60683135957157,0.01,0.0,302.0,7,0.5011724044850498,0.6062131167695718,0.01,-0.00018943106312285796,-0.0006182428019981812,0.0,zero
46,occlude_XMV_07,6,20,0.8494488000869751,0.9979807724252492,0.9990554313365232,0.00875,1.0,1.0,7,0.997984634551495,0.9990578482963844,0.00925,3.862126245812725e-06,2.4169598612511223e-06,-0.0004999999999999987,zero
46,occlude_XMV_07,7,20,0.8494488000869751,0.996721096345515,0.9984057070934594,0.011,1.0,2.0,7,0.996690365448505,0.9983899315191876,0.01175,-3.0730897010000646e-05,-1.5775574271792436e-05,-0.0007500000000000007,zero
46,occlude_XMV_07,8,20,0.8494488000869751,0.9696203488372092,0.9850700242579988,0.00975,1.0,23.15,7,0.9695984634551496,0.9850933078899736,0.0095,-2.188538205960544e-05,2.3283631974790886e-05,0.0002500000000000002,zero
46,occlude_XMV_07,9,20,0.8494488000869751,0.54351771179402,0.6376786147631969,0.013,0.0,302.0,7,0.5435752491694352,0.6383396334346886,0.01275,5.7537375415250835e-05,0.0006610186714917088,0.0002500000000000002,zero
46,occlude_XMV_07,10,20,0.8494488000869751,0.923221034053156,0.959617973871092,0.0115,1.0,41.75,7,0.923210568936877,0.9596207570658852,0.01125,-1.0465116279001485e-05,2.783194793187782e-06,0.0002500000000000002,zero
46,occlude_XMV_07,11,20,0.8494488000869751,0.9826360880398672,0.9909514760032276,0.00875,1.0,8.55,7,0.9824344061461794,0.9908795838918288,0.00825,-0.00020168189368785505,-7.189211139879692e-05,0.0005000000000000004,zero
46,occlude_XMV_07,12,20,0.8494488000869751,0.8044736918604651,0.8810987155417319,0.00925,1.0,24.75,7,0.8029352159468438,0.8800314933533525,0.01125,-0.0015384759136213288,-0.001067222188379402,-0.002,zero
46,occlude_XMV_07,13,20,0.8494488000869751,0.947685568936877,0.974605897777869,0.01075,1.0,33.7,7,0.9477892857142856,0.9746389297372916,0.01125,0.00010371677740850238,3.303195942261361e-05,-0.0005000000000000004,zero
46,occlude_XMV_07,14,20,0.8494488000869751,0.9956664867109636,0.9978521190728308,0.009,1.0,3.85,7,0.9956656976744186,0.997849755012782,0.0095,-7.890365449902959e-07,-2.3640600488317176e-06,-0.0005000000000000004,zero
46,occlude_XMV_07,15,20,0.8494488000869751,0.5123640780730897,0.6164404551555336,0.01125,0.0,302.0,7,0.5122161337209302,0.6159625027773169,0.01175,-0.0001479443521594792,-0.0004779523782166839,-0.0005000000000000004,zero
46,occlude_XMV_07,16,20,0.8494488000869751,0.5132069559800665,0.6131609844742906,0.01,0.0,302.0,7,0.5141187084717608,0.6140962232550335,0.00975,0.0009117524916942843,0.0009352387807429752,0.0002500000000000002,zero
46,occlude_XMV_07,17,20,0.8494488000869751,0.9530645348837208,0.9773684632927644,0.00825,1.0,30.8,7,0.9526912375415284,0.9772149537686164,0.008,-0.0003732973421923802,-0.0001535095241479434,0.0002500000000000002,zero
46,occlude_XMV_07,18,20,0.8494488000869751,0.8857431063122924,0.9378993200101976,0.01,1.0,62.05,7,0.8856800041528239,0.9379143755589736,0.01075,-6.310215946847553e-05,1.5055548776010674e-05,-0.0007499999999999989,zero
46,occlude_XMV_07,19,20,0.8494488000869751,0.8918926910299003,0.9388245925935478,0.00975,1.0,38.7,7,0.9542154900332226,0.9755953682323236,0.00975,0.06232279900332227,0.03677077563877584,0.0,zero
46,occlude_XMV_07,20,20,0.8494488000869751,0.939153010797342,0.9700675505736908,0.00825,1.0,40.7,7,0.9394400332225914,0.9702826747183746,0.009,0.0002870224252493614,0.00021512414468383145,-0.0007499999999999989,zero
46,occlude_XMV_07,21,20,0.8494488000869751,0.4989461378737541,0.5982236111908467,0.0105,0.0,302.0,7,0.4984669850498339,0.5975427313288815,0.01025,-0.00047915282392019254,-0.000680879861965189,0.0002500000000000002,zero
46,occlude_XMV_07,22,20,0.8494488000869751,0.5672035091362126,0.6547768059852049,0.01075,0.0,302.0,7,0.5675300664451828,0.656049473409075,0.01075,0.00032655730897013235,0.0012726674238701108,0.0,zero
46,occlude_XMV_07,23,20,0.8494488000869751,0.5354687707641196,0.6276465605073409,0.00975,0.0,302.0,7,0.5355757059800664,0.6278469803772752,0.0095,0.00010693521594684618,0.000200419869934243,0.0002500000000000002,zero
46,occlude_XMV_07,24,20,0.8494488000869751,0.9712271594684384,0.9850983939431316,0.01,1.0,14.9,7,0.9718053571428572,0.9854357087539476,0.011,0.0005781976744188011,0.0003373148108160029,-0.0009999999999999992,zero
46,occlude_XMV_07,25,20,0.8494488000869751,0.8906330980066445,0.9357318209232226,0.00825,1.0,31.25,7,0.8932264742524917,0.9375149328330558,0.00775,0.002593376245847212,0.0017831119098331571,0.0005000000000000004,zero
46,occlude_XMV_07,26,20,0.8494488000869751,0.9234742524916943,0.9588964375236904,0.0105,1.0,29.75,7,0.9239101951827242,0.959121884148731,0.01025,0.00043594269102986694,0.00022544662504064839,0.0002500000000000002,zero
46,occlude_XMV_07,27,20,0.8494488000869751,0.8755199335548173,0.9232038008951944,0.01075,1.0,16.15,7,0.8750355689368771,0.9227458907556544,0.01,-0.0004843646179402139,-0.0004579101395399965,0.0007499999999999989,zero
46,occlude_XMV_07,28,20,0.8494488000869751,0.5572458471760797,0.6619061132519343,0.00825,0.0,302.0,7,0.5562675249169435,0.6607830869573832,0.009,-0.0009783222591361884,-0.0011230262945510772,-0.0007499999999999989,zero
46,occlude_XMV_08,1,20,0.8468925356864929,0.9953204734219268,0.9976493575761256,0.01025,1.0,4.2,8,0.9952463870431894,0.9976134653165624,0.00975,-7.408637873740354e-05,-3.58922595632416e-05,0.0005000000000000004,zero
46,occlude_XMV_08,2,20,0.8468925356864929,0.9904522425249168,0.9951073934743456,0.0095,1.0,10.4,8,0.9905171511627908,0.9951476925018228,0.0095,6.490863787400603e-05,4.029902747715308e-05,0.0,zero
46,occlude_XMV_08,3,20,0.8468925356864929,0.5457309177740863,0.6354701209988997,0.00975,0.0,302.0,8,0.5452817898671096,0.6354919040269659,0.00975,-0.00044912790697670957,2.178302806621346e-05,0.0,zero
46,occlude_XMV_08,4,20,0.8468925356864929,0.9766215531561462,0.983627157653306,0.01075,1.0,2.0,8,0.9766724252491694,0.9837427305784876,0.0105,5.0872093023235365e-05,0.00011557292518160622,0.0002499999999999985,zero
46,occlude_XMV_08,5,20,0.8468925356864929,0.5008404069767441,0.6063199272646699,0.0105,0.0,302.0,8,0.5011724044850498,0.6062131167695718,0.01,0.0003319975083057036,-0.00010681049509808638,0.0005000000000000004,zero
46,occlude_XMV_08,6,20,0.8468925356864929,0.9979999584717608,0.9990606543847462,0.00875,1.0,1.0,8,0.997984634551495,0.9990578482963844,0.00925,-1.5323920265819524e-05,-2.806088361784198e-06,-0.0004999999999999987,zero
46,occlude_XMV_08,7,20,0.8468925356864929,0.996692815614618,0.9983911165282854,0.012,1.0,2.0,8,0.996690365448505,0.9983899315191876,0.01175,-2.450166112999419e-06,-1.1850090977372219e-06,0.0002500000000000002,zero
46,occlude_XMV_08,8,20,0.8468925356864929,0.96957030730897,0.9850695129323552,0.00925,1.0,23.2,8,0.9695984634551496,0.9850933078899736,0.0095,2.8156146179569852e-05,2.3794957618394896e-05,-0.0002500000000000002,zero
46,occlude_XMV_08,9,20,0.8468925356864929,0.5434238164451827,0.6378506178762516,0.01275,0.0,302.0,8,0.5435752491694352,0.6383396334346886,0.01275,0.00015143272425255372,0.0004890155584369449,0.0,zero
46,occlude_XMV_08,10,20,0.8468925356864929,0.9229403862126244,0.9594251599719148,0.012,1.0,41.75,8,0.923210568936877,0.9596207570658852,0.01125,0.00027018272425261003,0.00019559709397043434,0.0007500000000000007,zero
46,occlude_XMV_08,11,20,0.8468925356864929,0.9824453488372094,0.9908817533802688,0.00825,1.0,8.35,8,0.9824344061461794,0.9908795838918288,0.00825,-1.0942691029969254e-05,-2.1694884400069725e-06,0.0,zero
46,occlude_XMV_08,12,20,0.8468925356864929,0.8032613372093024,0.880312813685523,0.01025,1.0,26.1,8,0.8029352159468438,0.8800314933533525,0.01125,-0.00032612126245856743,-0.00028132033217054264,-0.0009999999999999992,zero
46,occlude_XMV_08,13,20,0.8468925356864929,0.9477349875415282,0.9746117877100946,0.0105,1.0,33.6,8,0.9477892857142856,0.9746389297372916,0.01125,5.429817275737214e-05,2.7142027197002427e-05,-0.0007499999999999989,zero
46,occlude_XMV_08,14,20,0.8468925356864929,0.9956512873754152,0.9978439424469214,0.009,1.0,3.75,8,0.9956656976744186,0.997849755012782,0.0095,1.4410299003397853e-05,5.812565860519037e-06,-0.0005000000000000004,zero
46,occlude_XMV_08,15,20,0.8468925356864929,0.5120431893687708,0.6161095287267141,0.0115,0.0,302.0,8,0.5122161337209302,0.6159625027773169,0.01175,0.00017294435215942094,-0.00014702594939719482,-0.0002500000000000002,zero
46,occlude_XMV_08,16,20,0.8468925356864929,0.5142035299003322,0.6135634175191883,0.0095,0.0,302.0,8,0.5141187084717608,0.6140962232550335,0.00975,-8.482142857146879e-05,0.0005328057358452432,-0.0002500000000000002,zero
46,occlude_XMV_08,17,20,0.8468925356864929,0.9527639950166112,0.9772406433194718,0.00825,1.0,30.8,8,0.9526912375415284,0.9772149537686164,0.008,-7.27574750828408e-05,-2.5689550855356735e-05,0.0002500000000000002,zero
46,occlude_XMV_08,18,20,0.8468925356864929,0.8857312292358804,0.9379695703230873,0.0095,1.0,62.25,8,0.8856800041528239,0.9379143755589736,0.01075,-5.1225083056549714e-05,-5.519476411364188e-05,-0.0012499999999999994,zero
46,occlude_XMV_08,19,20,0.8468925356864929,0.8741414659468438,0.9274083038199088,0.0105,1.0,35.0,8,0.9542154900332226,0.9755953682323236,0.00975,0.08007402408637876,0.048187064412414826,0.0007500000000000007,zero
46,occlude_XMV_08,20,20,0.8468925356864929,0.939410838870432,0.970253060479483,0.0095,1.0,40.7,8,0.9394400332225914,0.9702826747183746,0.009,2.9194352159422898e-05,2.961423889158432e-05,0.0005000000000000004,zero
46,occlude_XMV_08,21,20,0.8468925356864929,0.4984182724252491,0.5977250148020833,0.01125,0.0,302.0,8,0.4984669850498339,0.5975427313288815,0.01025,4.8712624584779096e-05,-0.00018228347320181637,0.0009999999999999992,zero
46,occlude_XMV_08,22,20,0.8468925356864929,0.5669828280730898,0.6548447430271795,0.0105,0.0,302.0,8,0.5675300664451828,0.656049473409075,0.01075,0.0005472383720930285,0.0012047303818955024,-0.0002499999999999985,zero
46,occlude_XMV_08,23,20,0.8468925356864929,0.5356177948504983,0.6275131475907633,0.00975,0.0,302.0,8,0.5355757059800664,0.6278469803772752,0.0095,-4.2088870431888914e-05,0.0003338327865118895,0.0002500000000000002,zero
46,occlude_XMV_08,24,20,0.8468925356864929,0.97164896179402,0.9853809448684404,0.0105,1.0,14.9,8,0.9718053571428572,0.9854357087539476,0.011,0.00015639534883715722,5.476388550718081e-05,-0.0004999999999999987,zero
46,occlude_XMV_08,25,20,0.8468925356864929,0.8926277823920266,0.9372068444712736,0.00775,1.0,31.35,8,0.8932264742524917,0.9375149328330558,0.00775,0.0005986918604651281,0.00030808836178219945,0.0,zero
46,occlude_XMV_08,26,20,0.8468925356864929,0.9240952242524916,0.9592347630836524,0.0105,1.0,29.75,8,0.9239101951827242,0.959121884148731,0.01025,-0.00018502906976736178,-0.000112878934921401,0.0002500000000000002,zero
46,occlude_XMV_08,27,20,0.8468925356864929,0.8743732142857142,0.9223709507197132,0.0095,1.0,16.05,8,0.8750355689368771,0.9227458907556544,0.01,0.000662354651162822,0.00037494003594118475,-0.0005000000000000004,zero
46,occlude_XMV_08,28,20,0.8468925356864929,0.5571461171096346,0.6609959484002264,0.009,0.0,302.0,8,0.5562675249169435,0.6607830869573832,0.009,-0.0008785921926910412,-0.00021286144284315967,0.0,zero
46,occlude_XMV_09,1,20,0.8465240597724915,0.9952463870431894,0.9976134653165624,0.00975,1.0,4.05,9,0.9952463870431894,0.9976134653165624,0.00975,0.0,0.0,0.0,zero
46,occlude_XMV_09,2,20,0.8465240597724915,0.9905171511627908,0.9951476925018228,0.0095,1.0,10.2,9,0.9905171511627908,0.9951476925018228,0.0095,0.0,0.0,0.0,zero
46,occlude_XMV_09,3,20,0.8465240597724915,0.5452817898671096,0.6354919040269659,0.00975,0.0,302.0,9,0.5452817898671096,0.6354919040269659,0.00975,0.0,0.0,0.0,zero
46,occlude_XMV_09,4,20,0.8465240597724915,0.9766724252491694,0.9837427305784876,0.0105,1.0,2.0,9,0.9766724252491694,0.9837427305784876,0.0105,0.0,0.0,0.0,zero
46,occlude_XMV_09,5,20,0.8465240597724915,0.5011724044850498,0.6062131167695718,0.01,0.0,302.0,9,0.5011724044850498,0.6062131167695718,0.01,0.0,0.0,0.0,zero
46,occlude_XMV_09,6,20,0.8465240597724915,0.997984634551495,0.9990578482963844,0.00925,1.0,1.0,9,0.997984634551495,0.9990578482963844,0.00925,0.0,0.0,0.0,zero
46,occlude_XMV_09,7,20,0.8465240597724915,0.996690365448505,0.9983899315191876,0.01175,1.0,2.0,9,0.996690365448505,0.9983899315191876,0.01175,0.0,0.0,0.0,zero
46,occlude_XMV_09,8,20,0.8465240597724915,0.9695984634551496,0.9850933078899736,0.0095,1.0,22.85,9,0.9695984634551496,0.9850933078899736,0.0095,0.0,0.0,0.0,zero
46,occlude_XMV_09,9,20,0.8465240597724915,0.5435752491694352,0.6383396334346886,0.01275,0.0,302.0,9,0.5435752491694352,0.6383396334346886,0.01275,0.0,0.0,0.0,zero
46,occlude_XMV_09,10,20,0.8465240597724915,0.923210568936877,0.9596207570658852,0.01125,1.0,41.65,9,0.923210568936877,0.9596207570658852,0.01125,0.0,0.0,0.0,zero
46,occlude_XMV_09,11,20,0.8465240597724915,0.9824344061461794,0.9908795838918288,0.00825,1.0,8.35,9,0.9824344061461794,0.9908795838918288,0.00825,0.0,0.0,0.0,zero
46,occlude_XMV_09,12,20,0.8465240597724915,0.8029352159468438,0.8800314933533525,0.01125,1.0,25.2,9,0.8029352159468438,0.8800314933533525,0.01125,0.0,0.0,0.0,zero
46,occlude_XMV_09,13,20,0.8465240597724915,0.9477892857142856,0.9746389297372916,0.01125,1.0,33.7,9,0.9477892857142856,0.9746389297372916,0.01125,0.0,0.0,0.0,zero
46,occlude_XMV_09,14,20,0.8465240597724915,0.9956656976744186,0.997849755012782,0.0095,1.0,3.75,9,0.9956656976744186,0.997849755012782,0.0095,0.0,0.0,0.0,zero
46,occlude_XMV_09,15,20,0.8465240597724915,0.5122161337209302,0.6159625027773169,0.01175,0.0,302.0,9,0.5122161337209302,0.6159625027773169,0.01175,0.0,0.0,0.0,zero
46,occlude_XMV_09,16,20,0.8465240597724915,0.5141187084717608,0.6140962232550335,0.00975,0.0,302.0,9,0.5141187084717608,0.6140962232550335,0.00975,0.0,0.0,0.0,zero
46,occlude_XMV_09,17,20,0.8465240597724915,0.9526912375415284,0.9772149537686164,0.008,1.0,30.75,9,0.9526912375415284,0.9772149537686164,0.008,0.0,0.0,0.0,zero
46,occlude_XMV_09,18,20,0.8465240597724915,0.8856800041528239,0.9379143755589736,0.01075,1.0,62.25,9,0.8856800041528239,0.9379143755589736,0.01075,0.0,0.0,0.0,zero
46,occlude_XMV_09,19,20,0.8465240597724915,0.9542154900332226,0.9755953682323236,0.00975,1.0,27.7,9,0.9542154900332226,0.9755953682323236,0.00975,0.0,0.0,0.0,zero
46,occlude_XMV_09,20,20,0.8465240597724915,0.9394400332225914,0.9702826747183746,0.009,1.0,40.7,9,0.9394400332225914,0.9702826747183746,0.009,0.0,0.0,0.0,zero
46,occlude_XMV_09,21,20,0.8465240597724915,0.4984669850498339,0.5975427313288815,0.01025,0.0,302.0,9,0.4984669850498339,0.5975427313288815,0.01025,0.0,0.0,0.0,zero
46,occlude_XMV_09,22,20,0.8465240597724915,0.5675300664451828,0.656049473409075,0.01075,0.0,302.0,9,0.5675300664451828,0.656049473409075,0.01075,0.0,0.0,0.0,zero
46,occlude_XMV_09,23,20,0.8465240597724915,0.5355757059800664,0.6278469803772752,0.0095,0.0,302.0,9,0.5355757059800664,0.6278469803772752,0.0095,0.0,0.0,0.0,zero
46,occlude_XMV_09,24,20,0.8465240597724915,0.9718053571428572,0.9854357087539476,0.011,1.0,14.95,9,0.9718053571428572,0.9854357087539476,0.011,0.0,0.0,0.0,zero
46,occlude_XMV_09,25,20,0.8465240597724915,0.8932264742524917,0.9375149328330558,0.00775,1.0,31.2,9,0.8932264742524917,0.9375149328330558,0.00775,0.0,0.0,0.0,zero
46,occlude_XMV_09,26,20,0.8465240597724915,0.9239101951827242,0.959121884148731,0.01025,1.0,29.75,9,0.9239101951827242,0.959121884148731,0.01025,0.0,0.0,0.0,zero
46,occlude_XMV_09,27,20,0.8465240597724915,0.8750355689368771,0.9227458907556544,0.01,1.0,16.1,9,0.8750355689368771,0.9227458907556544,0.01,0.0,0.0,0.0,zero
46,occlude_XMV_09,28,20,0.8465240597724915,0.5562675249169435,0.6607830869573832,0.009,0.0,302.0,9,0.5562675249169435,0.6607830869573832,0.009,0.0,0.0,0.0,zero
46,occlude_XMV_10,1,20,0.8473127484321594,0.9952775747508306,0.9976251331378808,0.00925,1.0,4.05,10,0.9952463870431894,0.9976134653165624,0.00975,-3.118770764121148e-05,-1.1667821318450677e-05,-0.0005000000000000004,zero
46,occlude_XMV_10,2,20,0.8473127484321594,0.9904700166112956,0.9951234563884994,0.00925,1.0,10.3,10,0.9905171511627908,0.9951476925018228,0.0095,4.713455149518708e-05,2.4236113323361508e-05,-0.0002500000000000002,zero
46,occlude_XMV_10,3,20,0.8473127484321594,0.544550311461794,0.6340818494153779,0.01,0.0,302.0,10,0.5452817898671096,0.6354919040269659,0.00975,0.000731478405315622,0.0014100546115879409,0.0002500000000000002,zero
46,occlude_XMV_10,4,20,0.8473127484321594,0.5176243355481728,0.6279061812790604,0.0115,1.0,2.0,10,0.9766724252491694,0.9837427305784876,0.0105,0.45904808970099664,0.3558365492994272,0.0009999999999999992,zero
46,occlude_XMV_10,5,20,0.8473127484321594,0.5014746054817276,0.6067464633054809,0.01025,0.0,302.0,10,0.5011724044850498,0.6062131167695718,0.01,-0.00030220099667777056,-0.000533346535909085,0.0002500000000000002,zero
46,occlude_XMV_10,6,20,0.8473127484321594,0.9980324750830564,0.999077320233115,0.009,1.0,1.0,10,0.997984634551495,0.9990578482963844,0.00925,-4.784053156137169e-05,-1.9471936730575123e-05,-0.0002500000000000002,zero
46,occlude_XMV_10,7,20,0.8473127484321594,0.9966767857142858,0.9983865639740092,0.01075,1.0,2.0,10,0.996690365448505,0.9983899315191876,0.01175,1.3579734219226758e-05,3.367545178489806e-06,-0.0010000000000000009,zero
46,occlude_XMV_10,8,20,0.8473127484321594,0.9696681478405316,0.9851117185335836,0.01,1.0,23.05,10,0.9695984634551496,0.9850933078899736,0.0095,-6.968438538201838e-05,-1.841064360996736e-05,0.0005000000000000004,zero
46,occlude_XMV_10,9,20,0.8473127484321594,0.542890573089701,0.6364283460001124,0.0135,0.0,302.0,10,0.5435752491694352,0.6383396334346886,0.01275,0.0006846760797342144,0.0019112874345761366,0.0007500000000000007,zero
46,occlude_XMV_10,10,20,0.8473127484321594,0.9230889119601328,0.9595400001447442,0.01175,1.0,41.85,10,0.923210568936877,0.9596207570658852,0.01125,0.00012165697674426657,8.075692114106747e-05,0.0005000000000000004,zero
46,occlude_XMV_10,11,20,0.8473127484321594,0.9588281146179402,0.9776420966450138,0.008,1.0,8.7,10,0.9824344061461794,0.9908795838918288,0.00825,0.02360629152823923,0.01323748724681506,-0.0002500000000000002,zero
46,occlude_XMV_10,12,20,0.8473127484321594,0.8023773878737541,0.8795184513990633,0.011,1.0,26.4,10,0.8029352159468438,0.8800314933533525,0.01125,0.0005578280730896834,0.0005130419542892506,-0.0002500000000000002,zero
46,occlude_XMV_10,13,20,0.8473127484321594,0.9476355897009968,0.9745608407370572,0.0115,1.0,33.6,10,0.9477892857142856,0.9746389297372916,0.01125,0.00015369601328873994,7.8089000234427e-05,0.0002500000000000002,zero
46,occlude_XMV_10,14,20,0.8473127484321594,0.995489784053156,0.9977583891629602,0.009,1.0,4.05,10,0.9956656976744186,0.997849755012782,0.0095,0.00017591362126256893,9.136584982172291e-05,-0.0005000000000000004,zero
46,occlude_XMV_10,15,20,0.8473127484321594,0.5125109842192691,0.6160419522082377,0.012,0.0,302.0,10,0.5122161337209302,0.6159625027773169,0.01175,-0.0002948504983388833,-7.944943092075274e-05,0.0002500000000000002,zero
46,occlude_XMV_10,16,20,0.8473127484321594,0.5138615033222591,0.6138594995827672,0.01,0.0,302.0,10,0.5141187084717608,0.6140962232550335,0.00975,0.0002572051495016714,0.00023672367226634794,0.0002500000000000002,zero
46,occlude_XMV_10,17,20,0.8473127484321594,0.9527072466777408,0.9772218144556456,0.00875,1.0,30.75,10,0.9526912375415284,0.9772149537686164,0.008,-1.600913621235822e-05,-6.860687029153212e-06,0.0007500000000000007,zero
46,occlude_XMV_10,18,20,0.8473127484321594,0.8866078073089702,0.9384939178007154,0.011,1.0,62.25,10,0.8856800041528239,0.9379143755589736,0.01075,-0.0009278031561462674,-0.0005795422417418372,0.0002500000000000002,zero
46,occlude_XMV_10,19,20,0.8473127484321594,0.9544932931893688,0.9757231667575168,0.00975,1.0,27.55,10,0.9542154900332226,0.9755953682323236,0.00975,-0.00027780315614622797,-0.00012779852519317902,0.0,zero
46,occlude_XMV_10,20,20,0.8473127484321594,0.9395370639534883,0.970327987458471,0.00975,1.0,40.8,10,0.9394400332225914,0.9702826747183746,0.009,-9.703073089695202e-05,-4.5312740096448145e-05,0.0007500000000000007,zero
46,occlude_XMV_10,21,20,0.8473127484321594,0.4981638081395348,0.5976545345837828,0.0095,0.0,302.0,10,0.4984669850498339,0.5975427313288815,0.01025,0.00030317691029907445,-0.00011180325490134368,-0.0007500000000000007,zero
46,occlude_XMV_10,22,20,0.8473127484321594,0.5661762873754153,0.6549531904470021,0.01025,0.0,302.0,10,0.5675300664451828,0.656049473409075,0.01075,0.0013537790697675245,0.0010962829620729808,-0.0004999999999999987,zero
46,occlude_XMV_10,23,20,0.8473127484321594,0.5358543397009967,0.6291371697930228,0.00875,0.0,302.0,10,0.5355757059800664,0.6278469803772752,0.0095,-0.00027863372093028804,-0.0012901894157476557,-0.0007499999999999989,zero
46,occlude_XMV_10,24,20,0.8473127484321594,0.9716044019933556,0.9853180769219284,0.00975,1.0,14.8,10,0.9718053571428572,0.9854357087539476,0.011,0.00020095514950158044,0.0001176318320191827,-0.0012499999999999994,zero
46,occlude_XMV_10,25,20,0.8473127484321594,0.8928014742524917,0.9372731010353774,0.00725,1.0,31.25,10,0.8932264742524917,0.9375149328330558,0.00775,0.0004250000000000087,0.00024183179767833796,-0.0004999999999999996,zero
46,occlude_XMV_10,26,20,0.8473127484321594,0.9236403239202656,0.9590446241197974,0.0105,1.0,29.7,10,0.9239101951827242,0.959121884148731,0.01025,0.0002698712624585875,7.726002893360118e-05,0.0002500000000000002,zero
46,occlude_XMV_10,27,20,0.8473127484321594,0.8127115448504983,0.8825714397571435,0.00975,1.0,22.75,10,0.8750355689368771,0.9227458907556544,0.01,0.062324024086378715,0.04017445099851091,-0.0002500000000000002,zero
46,occlude_XMV_10,28,20,0.8473127484321594,0.5567458056478405,0.6607421477621714,0.0075,0.0,302.0,10,0.5562675249169435,0.6607830869573832,0.009,-0.00047828073089695167,4.0939195211753265e-05,-0.0014999999999999996,zero
46,occlude_XMV_11,1,20,0.8471360802650452,0.9953122093023256,0.9976464567556376,0.01025,1.0,4.05,11,0.9952463870431894,0.9976134653165624,0.00975,-6.582225913620565e-05,-3.2991439075202855e-05,0.0005000000000000004,zero
46,occlude_XMV_11,2,20,0.8471360802650452,0.990574169435216,0.995169301444574,0.009,1.0,10.2,11,0.9905171511627908,0.9951476925018228,0.0095,-5.701827242521329e-05,-2.160894275127223e-05,-0.0005000000000000004,zero
46,occlude_XMV_11,3,20,0.8471360802650452,0.5457263289036545,0.6352806873471785,0.009,0.0,302.0,11,0.5452817898671096,0.6354919040269659,0.00975,-0.0004445390365448443,0.0002112166797874071,-0.0007500000000000007,zero
46,occlude_XMV_11,4,20,0.8471360802650452,0.9767625207641196,0.9837360239521276,0.0105,1.0,2.0,11,0.9766724252491694,0.9837427305784876,0.0105,-9.009551495020585e-05,6.706626360042378e-06,0.0,zero
46,occlude_XMV_11,5,20,0.8471360802650452,0.5000568106312292,0.6060919523531263,0.01025,0.0,302.0,11,0.5011724044850498,0.6062131167695718,0.01,0.0011155938538206511,0.00012116441644549614,0.0002500000000000002,zero
46,occlude_XMV_11,6,20,0.8471360802650452,0.9979846760797342,0.9990579162396852,0.0085,1.0,1.0,11,0.997984634551495,0.9990578482963844,0.00925,-4.1528239180799176e-08,-6.794330076331789e-08,-0.0007499999999999989,zero
46,occlude_XMV_11,7,20,0.8471360802650452,0.9966820182724252,0.9983889006092632,0.01175,1.0,2.0,11,0.996690365448505,0.9983899315191876,0.01175,8.347176079781526e-06,1.0309099244265596e-06,0.0,zero
46,occlude_XMV_11,8,20,0.8471360802650452,0.9696572259136212,0.9851047750243372,0.01,1.0,23.15,11,0.9695984634551496,0.9850933078899736,0.0095,-5.8762458471695034e-05,-1.146713436361857e-05,0.0005000000000000004,zero
46,occlude_XMV_11,9,20,0.8471360802650452,0.5436267026578073,0.6388205261247715,0.01275,0.0,302.0,11,0.5435752491694352,0.6383396334346886,0.01275,-5.145348837209962e-05,-0.00048089269008289026,0.0,zero
46,occlude_XMV_11,10,20,0.8471360802650452,0.9228515988372094,0.9593865198986792,0.0115,1.0,41.35,11,0.923210568936877,0.9596207570658852,0.01125,0.000358970099667677,0.0002342371672060528,0.0002500000000000002,zero
46,occlude_XMV_11,11,20,0.8471360802650452,0.9824379983388704,0.9908810999038696,0.00825,1.0,8.35,11,0.9824344061461794,0.9908795838918288,0.00825,-3.5921926909709967e-06,-1.516012040791992e-06,0.0,zero
46,occlude_XMV_11,12,20,0.8471360802650452,0.8025856312292359,0.8797875195731018,0.01025,1.0,25.2,11,0.8029352159468438,0.8800314933533525,0.01125,0.0003495847176079314,0.00024397378025076133,-0.0009999999999999992,zero
46,occlude_XMV_11,13,20,0.8471360802650452,0.9476980481727576,0.9745977178052356,0.0115,1.0,33.6,11,0.9477892857142856,0.9746389297372916,0.01125,9.123754152795538e-05,4.12119320559734e-05,0.0002500000000000002,zero
46,occlude_XMV_11,14,20,0.8471360802650452,0.9956349252491694,0.9978393978459016,0.01025,1.0,3.75,11,0.9956656976744186,0.997849755012782,0.0095,3.0772425249181445e-05,1.0357166880359259e-05,0.0007500000000000007,zero
46,occlude_XMV_11,15,20,0.8471360802650452,0.5128160091362126,0.6164089435901553,0.01225,0.0,302.0,11,0.5122161337209302,0.6159625027773169,0.01175,-0.0005998754152823915,-0.0004464408128384001,0.0005000000000000004,zero
46,occlude_XMV_11,16,20,0.8471360802650452,0.5139771594684386,0.6137270167565232,0.0095,0.0,302.0,11,0.5141187084717608,0.6140962232550335,0.00975,0.00014154900332219444,0.0003692064985103549,-0.0002500000000000002,zero
46,occlude_XMV_11,17,20,0.8471360802650452,0.9528663205980068,0.977273872082405,0.00825,1.0,30.75,11,0.9526912375415284,0.9772149537686164,0.008,-0.00017508305647839784,-5.89183137885696e-05,0.0002500000000000002,zero
46,occlude_XMV_11,18,20,0.8471360802650452,0.8857083471760797,0.9378864964959897,0.00875,1.0,62.45,11,0.8856800041528239,0.9379143755589736,0.01075,-2.8343023255827937e-05,2.7879062983959813e-05,-0.0019999999999999983,zero
46,occlude_XMV_11,19,20,0.8471360802650452,0.9542842815614618,0.9756026646221486,0.00925,1.0,27.6,11,0.9542154900332226,0.9755953682323236,0.00975,-6.879152823924262e-05,-7.296389824995586e-06,-0.0005000000000000004,zero
46,occlude_XMV_11,20,20,0.8471360802650452,0.939509011627907,0.970298291752578,0.00775,1.0,40.8,11,0.9394400332225914,0.9702826747183746,0.009,-6.897840531561172e-05,-1.561703420338567e-05,-0.0012499999999999994,zero
46,occlude_XMV_11,21,20,0.8471360802650452,0.4981472799003322,0.5971564089141308,0.01025,0.0,302.0,11,0.4984669850498339,0.5975427313288815,0.01025,0.00031970514950169227,0.00038632241475067275,0.0,zero
46,occlude_XMV_11,22,20,0.8471360802650452,0.5670275747508305,0.6549861612169605,0.01225,0.0,302.0,11,0.5675300664451828,0.656049473409075,0.01075,0.0005024916943522362,0.0010633121921145294,0.0015000000000000013,zero
46,occlude_XMV_11,23,20,0.8471360802650452,0.5358810215946844,0.6279643829146049,0.01,0.0,302.0,11,0.5355757059800664,0.6278469803772752,0.0095,-0.00030531561461799583,-0.00011740253732972494,0.0005000000000000004,zero
46,occlude_XMV_11,24,20,0.8471360802650452,0.9718052948504984,0.9854406338540388,0.01,1.0,14.9,11,0.9718053571428572,0.9854357087539476,0.011,6.229235882670991e-08,-4.9251000912020615e-06,-0.0009999999999999992,zero
46,occlude_XMV_11,25,20,0.8471360802650452,0.8924856104651163,0.937114517553276,0.0075,1.0,29.85,11,0.8932264742524917,0.9375149328330558,0.00775,0.0007408637873753676,0.00040041527977974223,-0.0002500000000000002,zero
46,occlude_XMV_11,26,20,0.8471360802650452,0.9236615033222592,0.9590477332733636,0.00975,1.0,29.75,11,0.9239101951827242,0.959121884148731,0.01025,0.00024869186046505565,7.415087536744025e-05,-0.0005000000000000004,zero
46,occlude_XMV_11,27,20,0.8471360802650452,0.8742668604651163,0.922412766313058,0.01,1.0,16.1,11,0.8750355689368771,0.9227458907556544,0.01,0.0007687084717608039,0.0003331244425963664,0.0,zero
46,occlude_XMV_11,28,20,0.8471360802650452,0.5560897009966778,0.6602290240697187,0.01,0.0,302.0,11,0.5562675249169435,0.6607830869573832,0.009,0.00017782392026577387,0.0005540628876644638,0.0010000000000000009,zero
