architecture,mode,fault_id,channel,mean_delta_auroc,median_delta_auroc,min_delta_auroc,mean_delta_auprc,positive_auroc_seeds,max_abs_pre_fpr_shift,stable_material_raw,method,r2,std_ratio,wasserstein,ks_statistic,observed_lag1,predicted_lag1,observed_std,imputer_reliable,stable_material,run_delta_auroc_mean,run_delta_auroc_ci_low,run_delta_auroc_ci_high,run_delta_auprc_mean,run_delta_auprc_ci_low,run_delta_auprc_ci_high,run_ci_excludes_zero
gru,conditional,1,1.0,-2.5074750830533788e-05,-2.2300664451524455e-05,-3.243355481741261e-05,-1.2649943081899373e-05,0,0.0010000000000000009,False,legacy_mean,0.9735514594657588,0.9860982298851012,0.0107001973907897,0.0037028193473815,0.9716406840851836,0.972594011099527,1.0054640769958496,True,False,,,,,,,False
gru,conditional,1,2.0,1.8023255814236804e-06,-5.107973421902834e-06,-2.279900332236018e-05,2.385227831447345e-06,2,0.0007500000000000007,False,legacy_mean,0.9547037280833192,0.976567566394806,0.0173378191583196,0.0056550055742263,0.9528272462470592,0.957772059655812,1.0040563344955444,True,False,,,,,,,False
gru,conditional,1,3.0,1.1320598006658856e-05,1.465946843859367e-05,-1.910299003426985e-06,3.6034773006399234e-06,4,0.0004999999999999987,False,legacy_mean,0.9645213980895376,0.9826198816299438,0.0132580876337276,0.0045016407966613,0.9338504025323758,0.9224820453538722,0.9988558888435364,True,False,,,,,,,False
gru,conditional,1,4.0,5.611295681069439e-05,4.921096345511522e-05,3.509136212642705e-05,2.7726683626760894e-05,5,0.0010000000000000009,False,legacy_mean,0.578858077860626,0.7629849314689636,0.188949346998356,0.0666544735431671,0.6053401041017571,0.6451221459408996,0.995981752872467,True,False,,,,,,,False
gru,conditional,1,5.0,0.0,0.0,0.0,0.0,0,0.0,False,legacy_mean,,,0.0,0.0,,,0.0,False,False,,,,,,,False
gru,conditional,1,6.0,5.083056478394354e-06,5.772425249017665e-06,4.1528239180799176e-08,3.0278342942891e-06,5,0.0002500000000000002,False,legacy_mean,0.997028398791882,0.99845689535141,0.0014378663426005,0.0010824799537658,0.982810815577105,0.9823900750798902,0.9907699823379515,True,False,,,,,,,False
gru,conditional,1,7.0,2.436877076410493e-05,2.462624584720352e-05,6.893687707565377e-06,1.120376060697037e-05,5,0.0005000000000000004,False,legacy_mean,0.7184863700707094,0.8477235436439514,0.1213696854402002,0.0426122844219207,0.8106234837175326,0.886557398930125,0.994693160057068,True,False,,,,,,,False
gru,conditional,1,8.0,-2.177740863786859e-05,-7.807308969987048e-06,-8.928571428568066e-05,-9.775303192260942e-06,2,0.0007500000000000007,False,legacy_mean,0.2974372147454651,0.5468789935112,0.3615364657126344,0.1433535814285278,0.5001105345716035,0.6359453685855146,0.9983698129653932,False,False,,,,,,,False
gru,conditional,1,9.0,0.0,0.0,0.0,0.0,0,0.0,False,legacy_mean,,,0.0,0.0,,,0.0,False,False,,,,,,,False
gru,conditional,1,10.0,-8.255813953450542e-06,2.7823920265568347e-06,-4.800664451820591e-05,-1.8685468234247437e-06,3,0.0012499999999999994,False,legacy_mean,0.1901592773672956,0.4344758987426758,0.4539596056210538,0.1942001581192016,0.1148842134756825,0.4754276976683602,1.00121009349823,False,False,,,,,,,False
gru,conditional,1,11.0,-2.0564784053145323e-05,-9.302325581161952e-06,-6.839700996663645e-05,-8.900367124575758e-06,1,0.0012499999999999994,False,legacy_mean,0.0145931334962615,0.1211393773555755,0.7025116868592033,0.3832193613052368,-0.013847639476689,-0.2776265762891957,0.9969984889030457,False,False,,,,,,,False
gru,conditional,2,1.0,-0.00022478820597999772,-0.00022792774086399792,-0.00027711794019913416,-0.00011468498052800147,0,0.0007499999999999989,False,legacy_mean,0.9735514594657588,0.9860982298851012,0.0107001973907897,0.0037028193473815,0.9716406840851836,0.972594011099527,1.0054640769958496,True,False,,,,,,,False
gru,conditional,2,2.0,2.4003322259202874e-05,1.5074750830623707e-05,-3.114617940336295e-06,1.7333253306106577e-05,4,0.0010000000000000009,False,legacy_mean,0.9547037280833192,0.976567566394806,0.0173378191583196,0.0056550055742263,0.9528272462470592,0.957772059655812,1.0040563344955444,True,False,,,,,,,False
gru,conditional,2,3.0,1.2500000000104094e-05,2.4501661132214636e-06,-2.865448504918433e-06,6.3172015558832225e-06,3,0.0007499999999999989,False,legacy_mean,0.9645213980895376,0.9826198816299438,0.0132580876337276,0.0045016407966613,0.9338504025323758,0.9224820453538722,0.9988558888435364,True,False,,,,,,,False
gru,conditional,2,4.0,0.00032809800664455044,0.00034281561461801946,0.0002656561461792384,0.0001543323473545355,5,0.001749999999999999,False,legacy_mean,0.578858077860626,0.7629849314689636,0.188949346998356,0.0666544735431671,0.6053401041017571,0.6451221459408996,0.995981752872467,True,False,,,,,,,False
gru,conditional,2,5.0,0.0,0.0,0.0,0.0,0,0.0,False,legacy_mean,,,0.0,0.0,,,0.0,False,False,,,,,,,False
gru,conditional,2,6.0,-4.152823920078319e-07,-5.64784053158629e-06,-1.229235880395585e-05,-5.5635329929693e-07,2,0.0005000000000000004,False,legacy_mean,0.997028398791882,0.99845689535141,0.0014378663426005,0.0010824799537658,0.982810815577105,0.9823900750798902,0.9907699823379515,True,False,,,,,,,False
gru,conditional,2,7.0,7.504568106317944e-05,7.537375415300751e-05,5.755813953500777e-05,4.0912547403015864e-05,5,0.0005000000000000004,False,legacy_mean,0.7184863700707094,0.8477235436439514,0.1213696854402002,0.0426122844219207,0.8106234837175326,0.886557398930125,0.994693160057068,True,False,,,,,,,False
gru,conditional,2,8.0,1.4759136212671996e-05,1.2832225913639306e-05,-2.176079734195202e-05,8.116049554107718e-06,4,0.0009999999999999992,False,legacy_mean,0.2974372147454651,0.5468789935112,0.3615364657126344,0.1433535814285278,0.5001105345716035,0.6359453685855146,0.9983698129653932,False,False,,,,,,,False
gru,conditional,2,9.0,0.0,0.0,0.0,0.0,0,0.0,False,legacy_mean,,,0.0,0.0,,,0.0,False,False,,,,,,,False
gru,conditional,2,10.0,1.7196843853839462e-05,8.305647840600727e-07,-2.558139534880599e-05,7.323375907897223e-06,3,0.0005000000000000004,False,legacy_mean,0.1901592773672956,0.4344758987426758,0.4539596056210538,0.1942001581192016,0.1148842134756825,0.4754276976683602,1.00121009349823,False,False,,,,,,,False
gru,conditional,2,11.0,-1.9485049833845025e-05,-8.305647840600727e-06,-7.084717607952484e-05,-8.666636732712618e-06,1,0.0007499999999999989,False,legacy_mean,0.0145931334962615,0.1211393773555755,0.7025116868592033,0.3832193613052368,-0.013847639476689,-0.2776265762891957,0.9969984889030457,False,False,,,,,,,False
gru,conditional,3,1.0,7.931478405314163e-05,5.550249169428145e-05,-0.00018062707641197662,9.627705026842293e-05,3,0.0007500000000000007,False,legacy_mean,0.9735514594657588,0.9860982298851012,0.0107001973907897,0.0037028193473815,0.9716406840851836,0.972594011099527,1.0054640769958496,True,False,,,,,,,False
gru,conditional,3,2.0,-0.0002532475083056651,-0.00025056063122930183,-0.0005025955149501327,-0.00026118107537642654,1,0.0007500000000000007,False,legacy_mean,0.9547037280833192,0.976567566394806,0.0173378191583196,0.0056550055742263,0.9528272462470592,0.957772059655812,1.0040563344955444,True,False,,,,,,,False
gru,conditional,3,3.0,2.3210132890327807e-05,2.0764119601279774e-05,-0.00025566860465120467,-2.9042095866382843e-05,3,0.0007499999999999989,False,legacy_mean,0.9645213980895376,0.9826198816299438,0.0132580876337276,0.0045016407966613,0.9338504025323758,0.9224820453538722,0.9988558888435364,True,False,,,,,,,False
gru,conditional,3,4.0,0.0019112583056478227,0.0016887250830563971,0.0010030315614617535,0.0019885804143363827,5,0.0004999999999999987,False,legacy_mean,0.578858077860626,0.7629849314689636,0.188949346998356,0.0666544735431671,0.6053401041017571,0.6451221459408996,0.995981752872467,True,False,,,,,,,False
gru,conditional,3,5.0,0.0,0.0,0.0,0.0,0,0.0,False,legacy_mean,,,0.0,0.0,,,0.0,False,False,,,,,,,False
gru,conditional,3,6.0,-0.00017376661129571148,-0.00020323920265785667,-0.0002395971760797977,-0.00015397389456530685,0,0.0004999999999999987,False,legacy_mean,0.997028398791882,0.99845689535141,0.0014378663426005,0.0010824799537658,0.982810815577105,0.9823900750798902,0.9907699823379515,True,False,,,,,,,False
gru,conditional,3,7.0,-0.00022031976744190106,-7.406561461797967e-05,-0.0005291112956811173,-0.0003035617480735775,1,0.0005000000000000004,False,legacy_mean,0.7184863700707094,0.8477235436439514,0.1213696854402002,0.0426122844219207,0.8106234837175326,0.886557398930125,0.994693160057068,True,False,,,,,,,False
gru,conditional,3,8.0,-0.00017147425249171012,-0.00010805647840528287,-0.0008713455149501614,-0.00034918679115825135,2,0.0005000000000000004,False,legacy_mean,0.2974372147454651,0.5468789935112,0.3615364657126344,0.1433535814285278,0.5001105345716035,0.6359453685855146,0.9983698129653932,False,False,,,,,,,False
gru,conditional,3,9.0,0.0,0.0,0.0,0.0,0,0.0,False,legacy_mean,,,0.0,0.0,,,0.0,False,False,,,,,,,False
gru,conditional,3,10.0,0.0005876993355481641,0.0005577865448505026,-2.79692691029787e-05,0.0006220664859735381,4,0.0004999999999999987,False,legacy_mean,0.1901592773672956,0.4344758987426758,0.4539596056210538,0.1942001581192016,0.1148842134756825,0.4754276976683602,1.00121009349823,False,False,,,,,,,False
gru,conditional,3,11.0,-0.00017358388704320494,-4.512043189375259e-05,-0.0009198920265780508,5.471161423098447e-05,2,0.0007500000000000007,False,legacy_mean,0.0145931334962615,0.1211393773555755,0.7025116868592033,0.3832193613052368,-0.013847639476689,-0.2776265762891957,0.9969984889030457,False,False,,,,,,,False
gru,conditional,4,1.0,0.0036730481727575313,0.001027242524917038,-0.0005359634551493908,0.002857983723860724,4,0.0005000000000000004,False,legacy_mean,0.9735514594657588,0.9860982298851012,0.0107001973907897,0.0037028193473815,0.9716406840851836,0.972594011099527,1.0054640769958496,True,False,,,,,,,False
gru,conditional,4,2.0,-0.004229630398671036,-0.0017839285714283948,-0.013541445182724265,-0.0033998552591461896,1,0.0002500000000000002,False,legacy_mean,0.9547037280833192,0.976567566394806,0.0173378191583196,0.0056550055742263,0.9528272462470592,0.957772059655812,1.0040563344955444,True,False,,,,,,,False
gru,conditional,4,3.0,0.0005162416943521597,0.00042076411960145776,-0.0001838039867110286,0.000478294172317173,4,0.0002500000000000002,False,legacy_mean,0.9645213980895376,0.9826198816299438,0.0132580876337276,0.0045016407966613,0.9338504025323758,0.9224820453538722,0.9988558888435364,True,False,,,,,,,False
gru,conditional,4,4.0,-0.0027734509966776733,-0.002758098006644394,-0.01084476744186047,-0.002295062315765395,2,0.0007500000000000007,False,legacy_mean,0.578858077860626,0.7629849314689636,0.188949346998356,0.0666544735431671,0.6053401041017571,0.6451221459408996,0.995981752872467,True,False,,,,,,,False
gru,conditional,4,5.0,0.0,0.0,0.0,0.0,0,0.0,False,legacy_mean,,,0.0,0.0,,,0.0,False,False,,,,,,,False
gru,conditional,4,6.0,-0.002777574750830536,-0.0020846345514947684,-0.009161420265780817,-0.002303939988949999,1,0.0002500000000000002,False,legacy_mean,0.997028398791882,0.99845689535141,0.0014378663426005,0.0010824799537658,0.982810815577105,0.9823900750798902,0.9907699823379515,True,False,,,,,,,False
gru,conditional,4,7.0,-0.001167242524916845,-0.0009029069767440001,-0.002928696013288934,-0.001022409960649906,1,0.0005000000000000004,False,legacy_mean,0.7184863700707094,0.8477235436439514,0.1213696854402002,0.0426122844219207,0.8106234837175326,0.886557398930125,0.994693160057068,True,False,,,,,,,False
gru,conditional,4,8.0,-0.0005322549833886914,-0.0008441860465115969,-0.001459343853820405,-0.0003799321867241412,1,0.0002500000000000002,False,legacy_mean,0.2974372147454651,0.5468789935112,0.3615364657126344,0.1433535814285278,0.5001105345716035,0.6359453685855146,0.9983698129653932,False,False,,,,,,,False
gru,conditional,4,9.0,0.0,0.0,0.0,0.0,0,0.0,False,legacy_mean,,,0.0,0.0,,,0.0,False,False,,,,,,,False
gru,conditional,4,10.0,0.41910146179401997,0.44617331810631244,0.2950582433554817,0.32686032404989335,5,0.0012499999999999994,True,legacy_mean,0.1901592773672956,0.4344758987426758,0.4539596056210538,0.1942001581192016,0.1148842134756825,0.4754276976683602,1.00121009349823,False,False,,,,,,,False
gru,conditional,4,11.0,-1.019933554808894e-05,4.640780730913452e-05,-0.00019734219269096354,-9.506586933638595e-06,3,0.0005000000000000004,False,legacy_mean,0.0145931334962615,0.1211393773555755,0.7025116868592033,0.3832193613052368,-0.013847639476689,-0.2776265762891957,0.9969984889030457,False,False,,,,,,,False
gru,conditional,5,1.0,2.8151993355463033e-05,4.387458471755146e-05,-6.374584717605547e-05,-1.6247724599560697e-05,3,0.0007500000000000007,False,legacy_mean,0.9735514594657588,0.9860982298851012,0.0107001973907897,0.0037028193473815,0.9716406840851836,0.972594011099527,1.0054640769958496,True,False,,,,,,,False
gru,conditional,5,2.0,-8.439784053155819e-05,-9.032392026653291e-06,-0.0007069767441860719,-0.00010624173323086073,2,0.0007499999999999989,False,legacy_mean,0.9547037280833192,0.976567566394806,0.0173378191583196,0.0056550055742263,0.9528272462470592,0.957772059655812,1.0040563344955444,True,False,,,,,,,False
gru,conditional,5,3.0,1.79277408637879e-05,1.559385382060574e-05,-0.00017039036544852504,-4.402321915975005e-05,3,0.0005000000000000004,False,legacy_mean,0.9645213980895376,0.9826198816299438,0.0132580876337276,0.0045016407966613,0.9338504025323758,0.9224820453538722,0.9988558888435364,True,False,,,,,,,False
gru,conditional,5,4.0,-0.0003131644518272636,-0.0003363787375415539,-0.0008261212624584569,-0.00047184926397128015,2,0.0014999999999999996,False,legacy_mean,0.578858077860626,0.7629849314689636,0.188949346998356,0.0666544735431671,0.6053401041017571,0.6451221459408996,0.995981752872467,True,False,,,,,,,False
gru,conditional,5,5.0,0.0,0.0,0.0,0.0,0,0.0,False,legacy_mean,,,0.0,0.0,,,0.0,False,False,,,,,,,False
gru,conditional,5,6.0,6.956395348836075e-05,9.476744186043273e-05,-7.186461794028709e-05,1.1038158431841971e-05,4,0.0002500000000000002,False,legacy_mean,0.997028398791882,0.99845689535141,0.0014378663426005,0.0010824799537658,0.982810815577105,0.9823900750798902,0.9907699823379515,True,False,,,,,,,False
gru,conditional,5,7.0,-3.5049833887024205e-06,-3.7500000000023626e-05,-0.00018822674418605967,3.16292385800665e-05,1,0.0007500000000000007,False,legacy_mean,0.7184863700707094,0.8477235436439514,0.1213696854402002,0.0426122844219207,0.8106234837175326,0.886557398930125,0.994693160057068,True,False,,,,,,,False
gru,conditional,5,8.0,-0.0001585423588039814,-5.861710963461775e-05,-0.0008139534883720989,-6.924191616253239e-05,2,0.0009999999999999992,False,legacy_mean,0.2974372147454651,0.5468789935112,0.3615364657126344,0.1433535814285278,0.5001105345716035,0.6359453685855146,0.9983698129653932,False,False,,,,,,,False
gru,conditional,5,9.0,0.0,0.0,0.0,0.0,0,0.0,False,legacy_mean,,,0.0,0.0,,,0.0,False,False,,,,,,,False
gru,conditional,5,10.0,-0.00010581810631228316,-7.373338870431123e-05,-0.00033731312292351046,-2.125441377993642e-05,1,0.0005000000000000004,False,legacy_mean,0.1901592773672956,0.4344758987426758,0.4539596056210538,0.1942001581192016,0.1148842134756825,0.4754276976683602,1.00121009349823,False,False,,,,,,,False
gru,conditional,5,11.0,0.0005165074750830389,0.0004931893687707412,-0.0002748131229236006,0.0001702742715772976,4,0.0007500000000000007,False,legacy_mean,0.0145931334962615,0.1211393773555755,0.7025116868592033,0.3832193613052368,-0.013847639476689,-0.2776265762891957,0.9969984889030457,False,False,,,,,,,False
gru,conditional,6,1.0,-4.9667774086215035e-06,-9.01162790700738e-06,-1.2749169435055663e-05,-1.944242670903762e-06,1,0.0005000000000000004,False,legacy_mean,0.9735514594657588,0.9860982298851012,0.0107001973907897,0.0037028193473815,0.9716406840851836,0.972594011099527,1.0054640769958496,True,False,,,,,,,False
gru,conditional,6,2.0,-5.54401993362319e-06,-6.125415282443036e-06,-1.6154485049879597e-05,-1.7455123006770989e-06,1,0.0005000000000000004,False,legacy_mean,0.9547037280833192,0.976567566394806,0.0173378191583196,0.0056550055742263,0.9528272462470592,0.957772059655812,1.0040563344955444,True,False,,,,,,,False
gru,conditional,6,3.0,-1.8687707641351636e-06,-3.322259134463934e-07,-1.333056478403094e-05,-8.091392778464268e-07,2,0.0017499999999999998,False,legacy_mean,0.9645213980895376,0.9826198816299438,0.0132580876337276,0.0045016407966613,0.9338504025323758,0.9224820453538722,0.9988558888435364,True,False,,,,,,,False
gru,conditional,6,4.0,-4.476744186050485e-05,-4.601328903663937e-05,-5.934385382055929e-05,-1.5994919704120925e-05,0,0.0012500000000000002,False,legacy_mean,0.578858077860626,0.7629849314689636,0.188949346998356,0.0666544735431671,0.6053401041017571,0.6451221459408996,0.995981752872467,True,False,,,,,,,False
gru,conditional,6,5.0,0.0,0.0,0.0,0.0,0,0.0,False,legacy_mean,,,0.0,0.0,,,0.0,False,False,,,,,,,False
gru,conditional,6,6.0,2.225913621245468e-06,3.031561461752652e-06,-7.475083058094967e-07,6.723167493838389e-07,4,0.0005000000000000004,False,legacy_mean,0.997028398791882,0.99845689535141,0.0014378663426005,0.0010824799537658,0.982810815577105,0.9823900750798902,0.9907699823379515,True,False,,,,,,,False
gru,conditional,6,7.0,-1.2981727574801205e-05,-1.582225913621116e-05,-2.1470099667686426e-05,-3.792280247472135e-06,0,0.0005000000000000004,False,legacy_mean,0.7184863700707094,0.8477235436439514,0.1213696854402002,0.0426122844219207,0.8106234837175326,0.886557398930125,0.994693160057068,True,False,,,,,,,False
gru,conditional,6,8.0,-1.0523255813943422e-05,-1.8272425248433422e-06,-3.048172757480483e-05,-3.7725003418476176e-06,2,0.0009999999999999992,False,legacy_mean,0.2974372147454651,0.5468789935112,0.3615364657126344,0.1433535814285278,0.5001105345716035,0.6359453685855146,0.9983698129653932,False,False,,,,,,,False
gru,conditional,6,9.0,0.0,0.0,0.0,0.0,0,0.0,False,legacy_mean,,,0.0,0.0,,,0.0,False,False,,,,,,,False
gru,conditional,6,10.0,-1.4426910299003558e-05,-1.5905315614572757e-05,-4.28986710964141e-05,-6.242778726694986e-06,2,0.0005000000000000004,False,legacy_mean,0.1901592773672956,0.4344758987426758,0.4539596056210538,0.1942001581192016,0.1148842134756825,0.4754276976683602,1.00121009349823,False,False,,,,,,,False
gru,conditional,6,11.0,6.345514950178987e-06,7.350498338998257e-06,-1.3662790697588356e-05,1.9909039278731557e-06,4,0.0009999999999999992,False,legacy_mean,0.0145931334962615,0.1211393773555755,0.7025116868592033,0.3832193613052368,-0.013847639476689,-0.2776265762891957,0.9969984889030457,False,False,,,,,,,False
gru,conditional,7,1.0,1.1013289036543305e-05,1.2583056478221444e-05,5.730897009947888e-06,3.5701121352094132e-06,5,0.0012499999999999994,False,legacy_mean,0.9735514594657588,0.9860982298851012,0.0107001973907897,0.0037028193473815,0.9716406840851836,0.972594011099527,1.0054640769958496,True,False,,,,,,,False
gru,conditional,7,2.0,5.249169435295187e-06,1.910299003426985e-06,-8.970099667604536e-06,2.3052282005942006e-06,3,0.0007500000000000007,False,legacy_mean,0.9547037280833192,0.976567566394806,0.0173378191583196,0.0056550055742263,0.9528272462470592,0.957772059655812,1.0040563344955444,True,False,,,,,,,False
gru,conditional,7,3.0,-1.9975083056733568e-06,-3.384551495067001e-06,-1.3289036544961164e-05,-8.053603001600961e-07,2,0.0007499999999999989,False,legacy_mean,0.9645213980895376,0.9826198816299438,0.0132580876337276,0.0045016407966613,0.9338504025323758,0.9224820453538722,0.9988558888435364,True,False,,,,,,,False
gru,conditional,7,4.0,-2.1179401993376424e-05,-2.8654485049739442e-05,-3.945182724263141e-05,-8.062330302971431e-06,1,0.0014999999999999996,False,legacy_mean,0.578858077860626,0.7629849314689636,0.188949346998356,0.0666544735431671,0.6053401041017571,0.6451221459408996,0.995981752872467,True,False,,,,,,,False
gru,conditional,7,5.0,0.0,0.0,0.0,0.0,0,0.0,False,legacy_mean,,,0.0,0.0,,,0.0,False,False,,,,,,,False
gru,conditional,7,6.0,-2.8903654484713217e-06,-3.529900331922242e-06,-6.519933554827162e-06,-1.0348842539364965e-06,1,0.0005000000000000004,False,legacy_mean,0.997028398791882,0.99845689535141,0.0014378663426005,0.0010824799537658,0.982810815577105,0.9823900750798902,0.9907699823379515,True,False,,,,,,,False
gru,conditional,7,7.0,2.699335548173032e-06,3.7375415282703273e-06,-5.89700996689313e-06,2.554961175960102e-07,3,0.0007500000000000007,False,legacy_mean,0.7184863700707094,0.8477235436439514,0.1213696854402002,0.0426122844219207,0.8106234837175326,0.886557398930125,0.994693160057068,True,False,,,,,,,False
gru,conditional,7,8.0,1.5033222591442908e-06,4.651162790803021e-06,-1.1669435215799773e-05,1.0692437280912514e-06,3,0.0009999999999999992,False,legacy_mean,0.2974372147454651,0.5468789935112,0.3615364657126344,0.1433535814285278,0.5001105345716035,0.6359453685855146,0.9983698129653932,False,False,,,,,,,False
gru,conditional,7,9.0,0.0,0.0,0.0,0.0,0,0.0,False,legacy_mean,,,0.0,0.0,,,0.0,False,False,,,,,,,False
gru,conditional,7,10.0,3.8745847176002716e-06,7.516611295610431e-06,-1.3787375415241776e-05,2.141732070537472e-06,3,0.0012499999999999994,False,legacy_mean,0.1901592773672956,0.4344758987426758,0.4539596056210538,0.1942001581192016,0.1148842134756825,0.4754276976683602,1.00121009349823,False,False,,,,,,,False
gru,conditional,7,11.0,-8.55481727572993e-06,-6.4784053155353405e-06,-2.5166112956886977e-05,-3.268852861526561e-06,1,0.0005000000000000004,False,legacy_mean,0.0145931334962615,0.1211393773555755,0.7025116868592033,0.3832193613052368,-0.013847639476689,-0.2776265762891957,0.9969984889030457,False,False,,,,,,,False
gru,conditional,8,1.0,-0.00011626661129566784,-0.00012645348837203585,-0.00019933554817275212,-6.420502143922313e-05,0,0.0015000000000000005,False,legacy_mean,0.9735514594657588,0.9860982298851012,0.0107001973907897,0.0037028193473815,0.9716406840851836,0.972594011099527,1.0054640769958496,True,False,,,,,,,False
gru,conditional,8,2.0,1.5236710963484335e-05,3.565199335542335e-05,-6.953903654483007e-05,-5.418143463220559e-07,3,0.0007500000000000007,False,legacy_mean,0.9547037280833192,0.976567566394806,0.0173378191583196,0.0056550055742263,0.9528272462470592,0.957772059655812,1.0040563344955444,True,False,,,,,,,False
gru,conditional,8,3.0,3.1686046511936183e-06,9.75913621248381e-07,-9.426910299037417e-06,7.310727377696225e-07,3,0.0004999999999999996,False,legacy_mean,0.9645213980895376,0.9826198816299438,0.0132580876337276,0.0045016407966613,0.9338504025323758,0.9224820453538722,0.9988558888435364,True,False,,,,,,,False
gru,conditional,8,4.0,0.00017311877076415795,0.00018999169435240937,6.420265780715528e-05,0.00010335026664005653,5,0.0005000000000000004,False,legacy_mean,0.578858077860626,0.7629849314689636,0.188949346998356,0.0666544735431671,0.6053401041017571,0.6451221459408996,0.995981752872467,True,False,,,,,,,False
gru,conditional,8,5.0,0.0,0.0,0.0,0.0,0,0.0,False,legacy_mean,,,0.0,0.0,,,0.0,False,False,,,,,,,False
gru,conditional,8,6.0,2.1096345515392302e-06,-1.2250830565552207e-06,-3.259966777413581e-06,3.1378096305045846e-06,2,0.0005000000000000004,False,legacy_mean,0.997028398791882,0.99845689535141,0.0014378663426005,0.0010824799537658,0.982810815577105,0.9823900750798902,0.9907699823379515,True,False,,,,,,,False
gru,conditional,8,7.0,7.147840531569471e-05,8.581810631247411e-05,-4.9771594684333564e-05,3.924926479161872e-05,4,0.0002500000000000002,False,legacy_mean,0.7184863700707094,0.8477235436439514,0.1213696854402002,0.0426122844219207,0.8106234837175326,0.886557398930125,0.994693160057068,True,False,,,,,,,False
gru,conditional,8,8.0,0.00011119186046513186,0.00014169435215938275,-1.9269102989993847e-05,6.248411131084541e-05,4,0.0005000000000000004,False,legacy_mean,0.2974372147454651,0.5468789935112,0.3615364657126344,0.1433535814285278,0.5001105345716035,0.6359453685855146,0.9983698129653932,False,False,,,,,,,False
gru,conditional,8,9.0,0.0,0.0,0.0,0.0,0,0.0,False,legacy_mean,,,0.0,0.0,,,0.0,False,False,,,,,,,False
gru,conditional,8,10.0,4.10797342193181e-05,2.6848006644653033e-05,-9.053156146077157e-06,2.0108133304441722e-05,3,0.0002500000000000002,False,legacy_mean,0.1901592773672956,0.4344758987426758,0.4539596056210538,0.1942001581192016,0.1148842134756825,0.4754276976683602,1.00121009349823,False,False,,,,,,,False
gru,conditional,8,11.0,2.6150332226015926e-05,4.9937707641278806e-05,-8.203903654480094e-05,1.3447202915028989e-05,3,0.0005000000000000004,False,legacy_mean,0.0145931334962615,0.1211393773555755,0.7025116868592033,0.3832193613052368,-0.013847639476689,-0.2776265762891957,0.9969984889030457,False,False,,,,,,,False
gru,conditional,9,1.0,5.510382059799035e-05,1.9289867109639758e-05,-0.00027441860465116097,0.0001548161458559072,4,0.0005000000000000004,False,legacy_mean,0.9735514594657588,0.9860982298851012,0.0107001973907897,0.0037028193473815,0.9716406840851836,0.972594011099527,1.0054640769958496,True,False,,,,,,,False
gru,conditional,9,2.0,-0.0005740199335548368,-0.0005475705980066969,-0.0012158845514950167,-0.00011179413846533759,0,0.0007499999999999989,False,legacy_mean,0.9547037280833192,0.976567566394806,0.0173378191583196,0.0056550055742263,0.9528272462470592,0.957772059655812,1.0040563344955444,True,False,,,,,,,False
gru,conditional,9,3.0,-5.179401993358201e-05,-6.345514950167885e-05,-0.00016698504983392315,7.517061645252454e-05,1,0.0010000000000000009,False,legacy_mean,0.9645213980895376,0.9826198816299438,0.0132580876337276,0.0045016407966613,0.9338504025323758,0.9224820453538722,0.9988558888435364,True,False,,,,,,,False
gru,conditional,9,4.0,0.0030799003322258935,0.003167338039867129,0.002599709302325559,0.002673986353127189,5,0.0005000000000000004,False,legacy_mean,0.578858077860626,0.7629849314689636,0.188949346998356,0.0666544735431671,0.6053401041017571,0.6451221459408996,0.995981752872467,True,False,,,,,,,False
gru,conditional,9,5.0,0.0,0.0,0.0,0.0,0,0.0,False,legacy_mean,,,0.0,0.0,,,0.0,False,False,,,,,,,False
gru,conditional,9,6.0,-4.13538205980446e-05,-5.369601328908402e-05,-0.00012929817275753042,-9.034142175494697e-05,2,0.0002500000000000002,False,legacy_mean,0.997028398791882,0.99845689535141,0.0014378663426005,0.0010824799537658,0.982810815577105,0.9823900750798902,0.9907699823379515,True,False,,,,,,,False
gru,conditional,9,7.0,0.00018261212624584022,-2.7408637873760355e-06,-0.00013208056478408725,0.0001946757236833463,2,0.0012499999999999994,False,legacy_mean,0.7184863700707094,0.8477235436439514,0.1213696854402002,0.0426122844219207,0.8106234837175326,0.886557398930125,0.994693160057068,True,False,,,,,,,False
gru,conditional,9,8.0,2.1627906976728894e-05,0.00016227159468440444,-0.0003587209302325922,0.00024094021924889742,3,0.0012499999999999994,False,legacy_mean,0.2974372147454651,0.5468789935112,0.3615364657126344,0.1433535814285278,0.5001105345716035,0.6359453685855146,0.9983698129653932,False,False,,,,,,,False
gru,conditional,9,9.0,0.0,0.0,0.0,0.0,0,0.0,False,legacy_mean,,,0.0,0.0,,,0.0,False,False,,,,,,,False
gru,conditional,9,10.0,0.00018527823920264642,-2.6764950166180412e-05,-0.0002689784053155897,0.00036357855128967833,2,0.0009999999999999992,False,legacy_mean,0.1901592773672956,0.4344758987426758,0.4539596056210538,0.1942001581192016,0.1148842134756825,0.4754276976683602,1.00121009349823,False,False,,,,,,,False
gru,conditional,9,11.0,-3.9264950166129074e-05,-0.00012524916943523756,-0.00022049418604652704,4.585405768671169e-05,2,0.0007499999999999989,False,legacy_mean,0.0145931334962615,0.1211393773555755,0.7025116868592033,0.3832193613052368,-0.013847639476689,-0.2776265762891957,0.9969984889030457,False,False,,,,,,,False
gru,conditional,10,1.0,0.00011587209302326152,0.0003158222591361781,-0.0005881852159469458,5.1202577539122275e-05,3,0.0012500000000000011,False,legacy_mean,0.9735514594657588,0.9860982298851012,0.0107001973907897,0.0037028193473815,0.9716406840851836,0.972594011099527,1.0054640769958496,True,False,,,,,,,False
gru,conditional,10,2.0,-0.00043362126245845013,-0.0002545888704316157,-0.0010558762458471316,-0.0002201799310420194,1,0.0007500000000000007,False,legacy_mean,0.9547037280833192,0.976567566394806,0.0173378191583196,0.0056550055742263,0.9528272462470592,0.957772059655812,1.0040563344955444,True,False,,,,,,,False
gru,conditional,10,3.0,4.001661129564571e-05,5.191029901485678e-07,-4.630398671101599e-05,1.8285940434470405e-05,3,0.0009999999999999992,False,legacy_mean,0.9645213980895376,0.9826198816299438,0.0132580876337276,0.0045016407966613,0.9338504025323758,0.9224820453538722,0.9988558888435364,True,False,,,,,,,False
gru,conditional,10,4.0,0.0006875498338870134,0.0007942275747510052,1.897840531561723e-05,0.0003650809675331601,5,0.0014999999999999996,False,legacy_mean,0.578858077860626,0.7629849314689636,0.188949346998356,0.0666544735431671,0.6053401041017571,0.6451221459408996,0.995981752872467,True,False,,,,,,,False
gru,conditional,10,5.0,0.0,0.0,0.0,0.0,0,0.0,False,legacy_mean,,,0.0,0.0,,,0.0,False,False,,,,,,,False
gru,conditional,10,6.0,0.0004338372093023013,0.0005320598006643973,-3.093853820579362e-06,0.0002662418708913927,4,0.0002500000000000002,False,legacy_mean,0.997028398791882,0.99845689535141,0.0014378663426005,0.0010824799537658,0.982810815577105,0.9823900750798902,0.9907699823379515,True,False,,,,,,,False
gru,conditional,10,7.0,-4.625415282395462e-05,-0.0004305647840533444,-0.0014709509966779333,-2.781466541676991e-05,2,0.0012499999999999994,False,legacy_mean,0.7184863700707094,0.8477235436439514,0.1213696854402002,0.0426122844219207,0.8106234837175326,0.886557398930125,0.994693160057068,True,False,,,,,,,False
gru,conditional,10,8.0,0.0002229526578072516,0.0002037167774086024,0.00011191860465098458,0.00014702816486809046,5,0.0005000000000000004,False,legacy_mean,0.2974372147454651,0.5468789935112,0.3615364657126344,0.1433535814285278,0.5001105345716035,0.6359453685855146,0.9983698129653932,False,False,,,,,,,False
gru,conditional,10,9.0,0.0,0.0,0.0,0.0,0,0.0,False,legacy_mean,,,0.0,0.0,,,0.0,False,False,,,,,,,False
gru,conditional,10,10.0,0.00012782807308973077,0.00012562292358819782,-0.00019298172757464815,8.509098782949476e-05,4,0.0005000000000000004,False,legacy_mean,0.1901592773672956,0.4344758987426758,0.4539596056210538,0.1942001581192016,0.1148842134756825,0.4754276976683602,1.00121009349823,False,False,,,,,,,False
gru,conditional,10,11.0,0.00013582225913626455,0.00010710132890379143,-1.794019933554214e-05,8.029439068653055e-05,4,0.0014999999999999996,False,legacy_mean,0.0145931334962615,0.1211393773555755,0.7025116868592033,0.3832193613052368,-0.013847639476689,-0.2776265762891957,0.9969984889030457,False,False,,,,,,,False
gru,conditional,11,1.0,0.0002483928571429095,0.00032273671096361145,-0.00011409883720936431,0.00014026406086025122,4,0.0005000000000000004,False,legacy_mean,0.9735514594657588,0.9860982298851012,0.0107001973907897,0.0037028193473815,0.9716406840851836,0.972594011099527,1.0054640769958496,True,False,,,,,,,False
gru,conditional,11,2.0,-0.00015247508305644698,-0.00020797342192679924,-0.00035568936877072854,-8.160014255913506e-05,1,0.0002500000000000002,False,legacy_mean,0.9547037280833192,0.976567566394806,0.0173378191583196,0.0056550055742263,0.9528272462470592,0.957772059655812,1.0040563344955444,True,False,,,,,,,False
gru,conditional,11,3.0,1.5606312292382186e-05,3.6690199335609464e-05,-4.620016611300848e-05,1.0947343772960138e-05,3,0.0002500000000000002,False,legacy_mean,0.9645213980895376,0.9826198816299438,0.0132580876337276,0.0045016407966613,0.9338504025323758,0.9224820453538722,0.9988558888435364,True,False,,,,,,,False
gru,conditional,11,4.0,-9.101328903649009e-05,-1.0631229235835704e-05,-0.00041978820597998734,-5.953526794897357e-05,2,0.0014999999999999996,False,legacy_mean,0.578858077860626,0.7629849314689636,0.188949346998356,0.0666544735431671,0.6053401041017571,0.6451221459408996,0.995981752872467,True,False,,,,,,,False
gru,conditional,11,5.0,0.0,0.0,0.0,0.0,0,0.0,False,legacy_mean,,,0.0,0.0,,,0.0,False,False,,,,,,,False
gru,conditional,11,6.0,-0.00022332225913617164,-0.00018446843853825445,-0.0004522632890363587,-0.00012538619919888472,1,0.0002500000000000002,False,legacy_mean,0.997028398791882,0.99845689535141,0.0014378663426005,0.0010824799537658,0.982810815577105,0.9823900750798902,0.9907699823379515,True,False,,,,,,,False
gru,conditional,11,7.0,-0.00028317691029895454,-0.00017701411960147073,-0.0006851328903653142,-0.0001580031044606578,1,0.0009999999999999992,False,legacy_mean,0.7184863700707094,0.8477235436439514,0.1213696854402002,0.0426122844219207,0.8106234837175326,0.886557398930125,0.994693160057068,True,False,,,,,,,False
gru,conditional,11,8.0,-1.3160299003267539e-05,1.4950166112970287e-05,-0.000130647840531517,-4.1953631586544303e-07,3,0.0010000000000000009,False,legacy_mean,0.2974372147454651,0.5468789935112,0.3615364657126344,0.1433535814285278,0.5001105345716035,0.6359453685855146,0.9983698129653932,False,False,,,,,,,False
gru,conditional,11,9.0,0.0,0.0,0.0,0.0,0,0.0,False,legacy_mean,,,0.0,0.0,,,0.0,False,False,,,,,,,False
gru,conditional,11,10.0,0.023862034883721007,0.023048941029900183,0.020564057308970263,0.013306904396387442,5,0.0005000000000000004,True,legacy_mean,0.1901592773672956,0.4344758987426758,0.4539596056210538,0.1942001581192016,0.1148842134756825,0.4754276976683602,1.00121009349823,False,False,,,,,,,False
gru,conditional,11,11.0,-7.539867109631614e-05,-3.0710132890354735e-05,-0.00025097591362133187,-4.26343981116517e-05,2,0.0002500000000000002,False,legacy_mean,0.0145931334962615,0.1211393773555755,0.7025116868592033,0.3832193613052368,-0.013847639476689,-0.2776265762891957,0.9969984889030457,False,False,,,,,,,False
gru,conditional,12,1.0,0.0001545390365448318,0.00019769518272416686,-0.00027273671096350594,5.9402089151028294e-05,4,0.0005000000000000004,False,legacy_mean,0.9735514594657588,0.9860982298851012,0.0107001973907897,0.0037028193473815,0.9716406840851836,0.972594011099527,1.0054640769958496,True,False,,,,,,,False
gru,conditional,12,2.0,-0.0005399543189368971,-0.0005278446843853812,-0.0007987333887043979,-0.00037794981923469086,0,0.0014999999999999996,False,legacy_mean,0.9547037280833192,0.976567566394806,0.0173378191583196,0.0056550055742263,0.9528272462470592,0.957772059655812,1.0040563344955444,True,False,,,,,,,False
gru,conditional,12,3.0,-0.0001200415282392342,-0.00013936877076414778,-0.0002447051495017005,-0.00010358852681007225,1,0.0005000000000000004,False,legacy_mean,0.9645213980895376,0.9826198816299438,0.0132580876337276,0.0045016407966613,0.9338504025323758,0.9224820453538722,0.9988558888435364,True,False,,,,,,,False
gru,conditional,12,4.0,0.0013491112956810491,0.0013462209302325112,0.0010968438538206948,0.0010618976691412429,5,0.0014999999999999996,False,legacy_mean,0.578858077860626,0.7629849314689636,0.188949346998356,0.0666544735431671,0.6053401041017571,0.6451221459408996,0.995981752872467,True,False,,,,,,,False
gru,conditional,12,5.0,0.0,0.0,0.0,0.0,0,0.0,False,legacy_mean,,,0.0,0.0,,,0.0,False,False,,,,,,,False
gru,conditional,12,6.0,-0.00018460963455151357,-0.00017319352159472778,-0.00027524916943522104,-0.00011398161091311643,0,0.0002500000000000002,False,legacy_mean,0.997028398791882,0.99845689535141,0.0014378663426005,0.0010824799537658,0.982810815577105,0.9823900750798902,0.9907699823379515,True,False,,,,,,,False
gru,conditional,12,7.0,-2.28114617940367e-05,-3.168604651171414e-05,-0.0002894933554817847,-1.1058579861500384e-05,2,0.0014999999999999996,False,legacy_mean,0.7184863700707094,0.8477235436439514,0.1213696854402002,0.0426122844219207,0.8106234837175326,0.886557398930125,0.994693160057068,True,False,,,,,,,False
gru,conditional,12,8.0,-0.00012278654485051722,-2.7533222591413775e-05,-0.0004483388704319413,-6.10288369156331e-05,2,0.0012500000000000011,False,legacy_mean,0.2974372147454651,0.5468789935112,0.3615364657126344,0.1433535814285278,0.5001105345716035,0.6359453685855146,0.9983698129653932,False,False,,,,,,,False
gru,conditional,12,9.0,0.0,0.0,0.0,0.0,0,0.0,False,legacy_mean,,,0.0,0.0,,,0.0,False,False,,,,,,,False
gru,conditional,12,10.0,0.0002488122923588021,0.00027539451827240935,-0.0002470099667774006,0.0001917581499733867,4,0.0005000000000000004,False,legacy_mean,0.1901592773672956,0.4344758987426758,0.4539596056210538,0.1942001581192016,0.1148842134756825,0.4754276976683602,1.00121009349823,False,False,,,,,,,False
gru,conditional,12,11.0,5.5884551494989056e-05,-0.0001559593023255923,-0.000287313122923627,-5.032520999015411e-05,2,0.0007500000000000007,False,legacy_mean,0.0145931334962615,0.1211393773555755,0.7025116868592033,0.3832193613052368,-0.013847639476689,-0.2776265762891957,0.9969984889030457,False,False,,,,,,,False
gru,conditional,13,1.0,-0.00011247093023256661,-0.00011218853820593733,-0.00013259966777401377,-5.702041131485647e-05,0,0.0005000000000000004,False,legacy_mean,0.9735514594657588,0.9860982298851012,0.0107001973907897,0.0037028193473815,0.9716406840851836,0.972594011099527,1.0054640769958496,True,False,,,,,,,False
gru,conditional,13,2.0,-1.8189368770737957e-06,-3.4883720932965545e-06,-5.643687707646006e-05,-2.847434832031759e-06,2,0.0007499999999999989,False,legacy_mean,0.9547037280833192,0.976567566394806,0.0173378191583196,0.0056550055742263,0.9528272462470592,0.957772059655812,1.0040563344955444,True,False,,,,,,,False
gru,conditional,13,3.0,2.8143687707582465e-05,3.477990033240452e-05,2.1179401992199587e-06,9.423573590505718e-06,5,0.0007499999999999989,False,legacy_mean,0.9645213980895376,0.9826198816299438,0.0132580876337276,0.0045016407966613,0.9338504025323758,0.9224820453538722,0.9988558888435364,True,False,,,,,,,False
gru,conditional,13,4.0,4.462209302320552e-05,6.449335548164292e-05,-3.1686046511603116e-05,4.9172102078687276e-05,3,0.0007499999999999989,False,legacy_mean,0.578858077860626,0.7629849314689636,0.188949346998356,0.0666544735431671,0.6053401041017571,0.6451221459408996,0.995981752872467,True,False,,,,,,,False
gru,conditional,13,5.0,0.0,0.0,0.0,0.0,0,0.0,False,legacy_mean,,,0.0,0.0,,,0.0,False,False,,,,,,,False
gru,conditional,13,6.0,-2.906976744432299e-07,-9.468438537996171e-06,-2.2840531561429955e-05,-1.609703794924755e-07,2,0.0002500000000000002,False,legacy_mean,0.997028398791882,0.99845689535141,0.0014378663426005,0.0010824799537658,0.982810815577105,0.9823900750798902,0.9907699823379515,True,False,,,,,,,False
gru,conditional,13,7.0,-3.406561461796187e-05,-2.3463455149586032e-05,-7.695182724254401e-05,-1.1573663954367319e-05,0,0.0005000000000000004,False,legacy_mean,0.7184863700707094,0.8477235436439514,0.1213696854402002,0.0426122844219207,0.8106234837175326,0.886557398930125,0.994693160057068,True,False,,,,,,,False
gru,conditional,13,8.0,-2.6877076411935265e-05,-4.318936876801516e-06,-0.00011046511627921252,-9.420866682630092e-06,2,0.0007499999999999989,False,legacy_mean,0.2974372147454651,0.5468789935112,0.3615364657126344,0.1433535814285278,0.5001105345716035,0.6359453685855146,0.9983698129653932,False,False,,,,,,,False
gru,conditional,13,9.0,0.0,0.0,0.0,0.0,0,0.0,False,legacy_mean,,,0.0,0.0,,,0.0,False,False,,,,,,,False
gru,conditional,13,10.0,4.624169435212267e-05,3.149916943523401e-05,-3.675249169421413e-05,2.3286754029205882e-05,3,0.0009999999999999992,False,legacy_mean,0.1901592773672956,0.4344758987426758,0.4539596056210538,0.1942001581192016,0.1148842134756825,0.4754276976683602,1.00121009349823,False,False,,,,,,,False
gru,conditional,13,11.0,-2.9007475083075997e-05,-1.8210132890383868e-05,-0.00013502906976758933,-9.625116811950995e-06,1,0.0005000000000000004,False,legacy_mean,0.0145931334962615,0.1211393773555755,0.7025116868592033,0.3832193613052368,-0.013847639476689,-0.2776265762891957,0.9969984889030457,False,False,,,,,,,False
gru,conditional,14,1.0,1.0132890365466274e-05,2.491694352180218e-06,-2.1553156145937002e-05,5.0016393990048865e-06,3,0.0002500000000000002,False,legacy_mean,0.9735514594657588,0.9860982298851012,0.0107001973907897,0.0037028193473815,0.9716406840851836,0.972594011099527,1.0054640769958496,True,False,,,,,,,False
gru,conditional,14,2.0,1.248338870425414e-05,1.5739202657627516e-05,-4.6096345514778925e-05,7.086943731482442e-06,3,0.0007499999999999989,False,legacy_mean,0.9547037280833192,0.976567566394806,0.0173378191583196,0.0056550055742263,0.9528272462470592,0.957772059655812,1.0040563344955444,True,False,,,,,,,False
gru,conditional,14,3.0,1.5622923588010094e-05,1.5365448505000323e-05,7.018272425218797e-06,6.303857883138697e-06,5,0.0007500000000000007,False,legacy_mean,0.9645213980895376,0.9826198816299438,0.0132580876337276,0.0045016407966613,0.9338504025323758,0.9224820453538722,0.9988558888435364,True,False,,,,,,,False
gru,conditional,14,4.0,-3.739202657806473e-05,-5.012458471764791e-05,-0.00010265780730911445,-8.29264514301542e-06,1,0.0012499999999999994,False,legacy_mean,0.578858077860626,0.7629849314689636,0.188949346998356,0.0666544735431671,0.6053401041017571,0.6451221459408996,0.995981752872467,True,False,,,,,,,False
gru,conditional,14,5.0,0.0,0.0,0.0,0.0,0,0.0,False,legacy_mean,,,0.0,0.0,,,0.0,False,False,,,,,,,False
gru,conditional,14,6.0,-1.23463455149464e-05,8.305647825057605e-08,-6.0215946844022206e-05,-8.703237717022639e-06,3,0.0005000000000000004,False,legacy_mean,0.997028398791882,0.99845689535141,0.0014378663426005,0.0010824799537658,0.982810815577105,0.9823900750798902,0.9907699823379515,True,False,,,,,,,False
gru,conditional,14,7.0,1.8073089700965105e-05,1.8272425249210578e-05,-1.8272425250653868e-06,1.136162376995653e-05,3,0.0002500000000000002,False,legacy_mean,0.7184863700707094,0.8477235436439514,0.1213696854402002,0.0426122844219207,0.8106234837175326,0.886557398930125,0.994693160057068,True,False,,,,,,,False
gru,conditional,14,8.0,-4.933554817254659e-06,-4.443521594565958e-06,-2.9443521594618716e-05,-4.90593124502503e-07,2,0.0005000000000000004,False,legacy_mean,0.2974372147454651,0.5468789935112,0.3615364657126344,0.1433535814285278,0.5001105345716035,0.6359453685855146,0.9983698129653932,False,False,,,,,,,False
gru,conditional,14,9.0,0.0,0.0,0.0,0.0,0,0.0,False,legacy_mean,,,0.0,0.0,,,0.0,False,False,,,,,,,False
gru,conditional,14,10.0,0.00047610465116272317,0.00018903654485069588,8.52574750829227e-05,0.0002982676291810593,5,0.0005000000000000004,False,legacy_mean,0.1901592773672956,0.4344758987426758,0.4539596056210538,0.1942001581192016,0.1148842134756825,0.4754276976683602,1.00121009349823,False,False,,,,,,,False
gru,conditional,14,11.0,2.815614617945883e-06,8.970099667715559e-06,-1.9352159468466468e-05,9.808988424842013e-07,3,0.0005000000000000004,False,legacy_mean,0.0145931334962615,0.1211393773555755,0.7025116868592033,0.3832193613052368,-0.013847639476689,-0.2776265762891957,0.9969984889030457,False,False,,,,,,,False
gru,conditional,15,1.0,3.2562292358795374e-05,9.692691029894451e-05,-0.00020352990033223328,-7.816289641495721e-05,4,0.0005000000000000004,False,legacy_mean,0.9735514594657588,0.9860982298851012,0.0107001973907897,0.0037028193473815,0.9716406840851836,0.972594011099527,1.0054640769958496,True,False,,,,,,,False
gru,conditional,15,2.0,-0.00019605481727575925,-0.00017414867109633025,-0.0003874792358804502,-0.0001775051594446575,0,0.0005000000000000004,False,legacy_mean,0.9547037280833192,0.976567566394806,0.0173378191583196,0.0056550055742263,0.9528272462470592,0.957772059655812,1.0040563344955444,True,False,,,,,,,False
gru,conditional,15,3.0,-0.00015252906976745973,-0.00011679817275755955,-0.00030818106312291427,0.00019813659518759242,1,0.0007500000000000007,False,legacy_mean,0.9645213980895376,0.9826198816299438,0.0132580876337276,0.0045016407966613,0.9338504025323758,0.9224820453538722,0.9988558888435364,True,False,,,,,,,False
gru,conditional,15,4.0,0.0007350415282391554,0.0007268687707641108,0.0005949958471760386,0.0005150324467844358,5,0.0012499999999999994,False,legacy_mean,0.578858077860626,0.7629849314689636,0.188949346998356,0.0666544735431671,0.6053401041017571,0.6451221459408996,0.995981752872467,True,False,,,,,,,False
gru,conditional,15,5.0,0.0,0.0,0.0,0.0,0,0.0,False,legacy_mean,,,0.0,0.0,,,0.0,False,False,,,,,,,False
gru,conditional,15,6.0,2.7296511627916686e-05,-5.274086378737053e-06,-0.000111835548172734,6.221552753304938e-05,2,0.0007500000000000007,False,legacy_mean,0.997028398791882,0.99845689535141,0.0014378663426005,0.0010824799537658,0.982810815577105,0.9823900750798902,0.9907699823379515,True,False,,,,,,,False
gru,conditional,15,7.0,-6.860880398671388e-05,-0.00014740448504979575,-0.00022288205980069975,-0.00010892312904304813,1,0.0005000000000000004,False,legacy_mean,0.7184863700707094,0.8477235436439514,0.1213696854402002,0.0426122844219207,0.8106234837175326,0.886557398930125,0.994693160057068,True,False,,,,,,,False
gru,conditional,15,8.0,0.00010117524916941623,-6.997508305650602e-05,-0.0002840116279070326,-8.772963516281428e-05,2,0.0009999999999999992,False,legacy_mean,0.2974372147454651,0.5468789935112,0.3615364657126344,0.1433535814285278,0.5001105345716035,0.6359453685855146,0.9983698129653932,False,False,,,,,,,False
gru,conditional,15,9.0,0.0,0.0,0.0,0.0,0,0.0,False,legacy_mean,,,0.0,0.0,,,0.0,False,False,,,,,,,False
gru,conditional,15,10.0,-6.0361295681077286e-05,-0.00014651162790702,-0.0003064368770764325,-2.8149632719109972e-05,1,0.0005000000000000004,False,legacy_mean,0.1901592773672956,0.4344758987426758,0.4539596056210538,0.1942001581192016,0.1148842134756825,0.4754276976683602,1.00121009349823,False,False,,,,,,,False
gru,conditional,15,11.0,-0.00011892441860466008,3.330564784043144e-05,-0.0007644102990033153,-1.3988247072371784e-05,3,0.0007500000000000007,False,legacy_mean,0.0145931334962615,0.1211393773555755,0.7025116868592033,0.3832193613052368,-0.013847639476689,-0.2776265762891957,0.9969984889030457,False,False,,,,,,,False
gru,conditional,16,1.0,-0.00018890365448507307,-0.0002011835548173524,-0.00031266611295688307,-8.190486971775268e-05,0,0.0005000000000000004,False,legacy_mean,0.9735514594657588,0.9860982298851012,0.0107001973907897,0.0037028193473815,0.9716406840851836,0.972594011099527,1.0054640769958496,True,False,,,,,,,False
gru,conditional,16,2.0,1.98297342192566e-05,3.228820598000226e-05,-0.00013837209302325348,-0.00016010046548902145,3,0.0005000000000000004,False,legacy_mean,0.9547037280833192,0.976567566394806,0.0173378191583196,0.0056550055742263,0.9528272462470592,0.957772059655812,1.0040563344955444,True,False,,,,,,,False
gru,conditional,16,3.0,-0.00016694352159469795,-0.0002154692691029858,-0.00032639119601329813,-0.0001608792118556801,0,0.0007499999999999989,False,legacy_mean,0.9645213980895376,0.9826198816299438,0.0132580876337276,0.0045016407966613,0.9338504025323758,0.9224820453538722,0.9988558888435364,True,False,,,,,,,False
gru,conditional,16,4.0,0.000544514119601347,0.000504651162790748,7.10132890365811e-05,0.0009068792540745108,5,0.0012499999999999994,False,legacy_mean,0.578858077860626,0.7629849314689636,0.188949346998356,0.0666544735431671,0.6053401041017571,0.6451221459408996,0.995981752872467,True,False,,,,,,,False
gru,conditional,16,5.0,0.0,0.0,0.0,0.0,0,0.0,False,legacy_mean,,,0.0,0.0,,,0.0,False,False,,,,,,,False
gru,conditional,16,6.0,6.803986710963716e-05,6.700581395346905e-05,2.6432724252511974e-05,-2.6260708676972834e-05,5,0.0002500000000000002,False,legacy_mean,0.997028398791882,0.99845689535141,0.0014378663426005,0.0010824799537658,0.982810815577105,0.9823900750798902,0.9907699823379515,True,False,,,,,,,False
gru,conditional,16,7.0,-3.491694352160124e-05,-0.00023951411960132507,-0.00041985049833892507,-0.0001215809345671781,2,0.0007499999999999989,False,legacy_mean,0.7184863700707094,0.8477235436439514,0.1213696854402002,0.0426122844219207,0.8106234837175326,0.886557398930125,0.994693160057068,True,False,,,,,,,False
gru,conditional,16,8.0,-0.00012381644518275615,-0.0001688745847175932,-0.00029993770764125127,-0.0002457995438263083,1,0.0009999999999999992,False,legacy_mean,0.2974372147454651,0.5468789935112,0.3615364657126344,0.1433535814285278,0.5001105345716035,0.6359453685855146,0.9983698129653932,False,False,,,,,,,False
gru,conditional,16,9.0,0.0,0.0,0.0,0.0,0,0.0,False,legacy_mean,,,0.0,0.0,,,0.0,False,False,,,,,,,False
gru,conditional,16,10.0,-5.0963455149477535e-05,-0.00017082641196008996,-0.0003597591362125563,-5.2653886526488056e-05,2,0.0007499999999999989,False,legacy_mean,0.1901592773672956,0.4344758987426758,0.4539596056210538,0.1942001581192016,0.1148842134756825,0.4754276976683602,1.00121009349823,False,False,,,,,,,False
gru,conditional,16,11.0,0.00027044850498338937,0.00024113372093026442,0.00010635382059798193,-2.551990047949815e-07,5,0.0010000000000000009,False,legacy_mean,0.0145931334962615,0.1211393773555755,0.7025116868592033,0.3832193613052368,-0.013847639476689,-0.2776265762891957,0.9969984889030457,False,False,,,,,,,False
gru,conditional,17,1.0,-1.3633720930217308e-05,-2.659883720923517e-05,-5.5627076412045895e-05,-1.8106470819789777e-06,1,0.0002500000000000002,False,legacy_mean,0.9735514594657588,0.9860982298851012,0.0107001973907897,0.0037028193473815,0.9716406840851836,0.972594011099527,1.0054640769958496,True,False,,,,,,,False
gru,conditional,17,2.0,6.0436046511647136e-05,7.117940199363737e-05,-8.656561461795054e-05,2.2280056290391314e-05,4,0.0007499999999999989,False,legacy_mean,0.9547037280833192,0.976567566394806,0.0173378191583196,0.0056550055742263,0.9528272462470592,0.957772059655812,1.0040563344955444,True,False,,,,,,,False
gru,conditional,17,3.0,-7.22591362101177e-07,-1.9435215946828066e-05,-3.3887043189184674e-05,1.2299679905236616e-06,1,0.0005000000000000004,False,legacy_mean,0.9645213980895376,0.9826198816299438,0.0132580876337276,0.0045016407966613,0.9338504025323758,0.9224820453538722,0.9988558888435364,True,False,,,,,,,False
gru,conditional,17,4.0,-5.6208471760821334e-05,4.661544850514954e-05,-0.00047059800664461804,-4.305621928275549e-05,3,0.0007500000000000007,False,legacy_mean,0.578858077860626,0.7629849314689636,0.188949346998356,0.0666544735431671,0.6053401041017571,0.6451221459408996,0.995981752872467,True,False,,,,,,,False
gru,conditional,17,5.0,0.0,0.0,0.0,0.0,0,0.0,False,legacy_mean,,,0.0,0.0,,,0.0,False,False,,,,,,,False
gru,conditional,17,6.0,-4.268272425242969e-05,-5.917774086428018e-06,-0.00022755398671092664,-2.7329844062684572e-05,2,0.0002500000000000002,False,legacy_mean,0.997028398791882,0.99845689535141,0.0014378663426005,0.0010824799537658,0.982810815577105,0.9823900750798902,0.9907699823379515,True,False,,,,,,,False
gru,conditional,17,7.0,-0.00011861710963456673,-9.862956810624546e-05,-0.000306769102990212,-6.27586196242147e-05,1,0.0002500000000000002,False,legacy_mean,0.7184863700707094,0.8477235436439514,0.1213696854402002,0.0426122844219207,0.8106234837175326,0.886557398930125,0.994693160057068,True,False,,,,,,,False
gru,conditional,17,8.0,-2.258720930232716e-05,-4.6137873753959724e-05,-0.00023060631229254724,-1.8652079956615886e-05,2,0.0007499999999999989,False,legacy_mean,0.2974372147454651,0.5468789935112,0.3615364657126344,0.1433535814285278,0.5001105345716035,0.6359453685855146,0.9983698129653932,False,False,,,,,,,False
gru,conditional,17,9.0,0.0,0.0,0.0,0.0,0,0.0,False,legacy_mean,,,0.0,0.0,,,0.0,False,False,,,,,,,False
gru,conditional,17,10.0,-3.555647840529641e-05,-0.00017533222591359365,-0.0003129983388704405,-1.7984958760486336e-05,2,0.0005000000000000004,False,legacy_mean,0.1901592773672956,0.4344758987426758,0.4539596056210538,0.1942001581192016,0.1148842134756825,0.4754276976683602,1.00121009349823,False,False,,,,,,,False
gru,conditional,17,11.0,-5.779485049830502e-05,-5.828488372083829e-05,-0.00013907807308977116,-1.4183651242305472e-05,1,0.0004999999999999987,False,legacy_mean,0.0145931334962615,0.1211393773555755,0.7025116868592033,0.3832193613052368,-0.013847639476689,-0.2776265762891957,0.9969984889030457,False,False,,,,,,,False
gru,conditional,18,1.0,9.137458471759618e-05,0.00010780730897008706,-0.0003286129568106366,7.562634888227393e-05,3,0.0005000000000000004,False,legacy_mean,0.9735514594657588,0.9860982298851012,0.0107001973907897,0.0037028193473815,0.9716406840851836,0.972594011099527,1.0054640769958496,True,False,,,,,,,False
gru,conditional,18,2.0,-4.163621262458506e-05,0.00017865448504983394,-0.0008209302325581369,-2.114245782238733e-05,3,0.0012499999999999994,False,legacy_mean,0.9547037280833192,0.976567566394806,0.0173378191583196,0.0056550055742263,0.9528272462470592,0.957772059655812,1.0040563344955444,True,False,,,,,,,False
gru,conditional,18,3.0,7.610465116276721e-05,1.7254983388670375e-05,-0.0001396802325581703,6.358570629738658e-05,3,0.0004999999999999987,False,legacy_mean,0.9645213980895376,0.9826198816299438,0.0132580876337276,0.0045016407966613,0.9338504025323758,0.9224820453538722,0.9988558888435364,True,False,,,,,,,False
gru,conditional,18,4.0,0.0007118521594684513,0.000525145348837186,0.00039730066445187173,0.00039699502058079263,5,0.0017499999999999998,False,legacy_mean,0.578858077860626,0.7629849314689636,0.188949346998356,0.0666544735431671,0.6053401041017571,0.6451221459408996,0.995981752872467,True,False,,,,,,,False
gru,conditional,18,5.0,0.0,0.0,0.0,0.0,0,0.0,False,legacy_mean,,,0.0,0.0,,,0.0,False,False,,,,,,,False
gru,conditional,18,6.0,-0.0010759759136212744,-0.0006134551495017293,-0.0028958056478405325,-0.0006462312358242128,0,0.0002500000000000002,False,legacy_mean,0.997028398791882,0.99845689535141,0.0014378663426005,0.0010824799537658,0.982810815577105,0.9823900750798902,0.9907699823379515,True,False,,,,,,,False
gru,conditional,18,7.0,-0.0004111669435215903,-0.00032882059800665164,-0.0011563745847175122,-0.00023747924377248708,1,0.0007500000000000007,False,legacy_mean,0.7184863700707094,0.8477235436439514,0.1213696854402002,0.0426122844219207,0.8106234837175326,0.886557398930125,0.994693160057068,True,False,,,,,,,False
gru,conditional,18,8.0,0.00016909053156146658,0.0001593230897010134,-0.00015498338870434392,0.000125348741166742,3,0.0007499999999999989,False,legacy_mean,0.2974372147454651,0.5468789935112,0.3615364657126344,0.1433535814285278,0.5001105345716035,0.6359453685855146,0.9983698129653932,False,False,,,,,,,False
gru,conditional,18,9.0,0.0,0.0,0.0,0.0,0,0.0,False,legacy_mean,,,0.0,0.0,,,0.0,False,False,,,,,,,False
gru,conditional,18,10.0,-5.616694352159612e-05,-0.0002597799003322132,-0.0003037583056478832,-2.194871573928392e-05,2,0.0004999999999999987,False,legacy_mean,0.1901592773672956,0.4344758987426758,0.4539596056210538,0.1942001581192016,0.1148842134756825,0.4754276976683602,1.00121009349823,False,False,,,,,,,False
gru,conditional,18,11.0,-7.436046511626327e-05,4.17566445183315e-05,-0.00048492524916943225,-5.743705124714449e-05,3,0.0017499999999999998,False,legacy_mean,0.0145931334962615,0.1211393773555755,0.7025116868592033,0.3832193613052368,-0.013847639476689,-0.2776265762891957,0.9969984889030457,False,False,,,,,,,False
gru,conditional,19,1.0,-0.0005072217607972717,-0.0005834717607972051,-0.0008539867109633725,-0.0002816312314712466,0,0.0010000000000000009,False,legacy_mean,0.9735514594657588,0.9860982298851012,0.0107001973907897,0.0037028193473815,0.9716406840851836,0.972594011099527,1.0054640769958496,True,False,,,,,,,False
gru,conditional,19,2.0,0.0006157475083056862,-0.00042346345514943096,-0.0005938330564783101,0.00041939831244290903,2,0.0007500000000000007,False,legacy_mean,0.9547037280833192,0.976567566394806,0.0173378191583196,0.0056550055742263,0.9528272462470592,0.957772059655812,1.0040563344955444,True,False,,,,,,,False
gru,conditional,19,3.0,1.1258305647832146e-05,2.1823089701000775e-05,-0.00011511627906979349,-4.450297019853444e-06,3,0.0002500000000000002,False,legacy_mean,0.9645213980895376,0.9826198816299438,0.0132580876337276,0.0045016407966613,0.9338504025323758,0.9224820453538722,0.9988558888435364,True,False,,,,,,,False
gru,conditional,19,4.0,-0.004466785714285692,-0.0037144102990034344,-0.007773878737541651,-0.002674927338810984,0,0.0012499999999999994,False,legacy_mean,0.578858077860626,0.7629849314689636,0.188949346998356,0.0666544735431671,0.6053401041017571,0.6451221459408996,0.995981752872467,True,False,,,,,,,False
gru,conditional,19,5.0,0.0,0.0,0.0,0.0,0,0.0,False,legacy_mean,,,0.0,0.0,,,0.0,False,False,,,,,,,False
gru,conditional,19,6.0,-1.9011627907050686e-05,-2.857142857159989e-05,-7.587209302339915e-05,-1.2814693929730226e-05,2,0.0,False,legacy_mean,0.997028398791882,0.99845689535141,0.0014378663426005,0.0010824799537658,0.982810815577105,0.9823900750798902,0.9907699823379515,True,False,,,,,,,False
gru,conditional,19,7.0,0.014326395348837239,0.013665905315614846,0.012251204318937003,0.008366209415068382,5,0.0009999999999999992,False,legacy_mean,0.7184863700707094,0.8477235436439514,0.1213696854402002,0.0426122844219207,0.8106234837175326,0.886557398930125,0.994693160057068,True,False,,,,,,,False
gru,conditional,19,8.0,0.028946279069767433,0.028221034053156235,0.025200103820598008,0.017636186622968376,5,0.0007499999999999989,True,legacy_mean,0.2974372147454651,0.5468789935112,0.3615364657126344,0.1433535814285278,0.5001105345716035,0.6359453685855146,0.9983698129653932,False,False,,,,,,,False
gru,conditional,19,9.0,0.0,0.0,0.0,0.0,0,0.0,False,legacy_mean,,,0.0,0.0,,,0.0,False,False,,,,,,,False
gru,conditional,19,10.0,-0.0001639950166113069,-0.00010483803986727214,-0.0004596760797341837,-7.10329933417908e-05,0,0.0005000000000000004,False,legacy_mean,0.1901592773672956,0.4344758987426758,0.4539596056210538,0.1942001581192016,0.1148842134756825,0.4754276976683602,1.00121009349823,False,False,,,,,,,False
gru,conditional,19,11.0,1.122093023253612e-05,-7.454318937005766e-06,-8.988787375419083e-05,9.123939943633808e-06,1,0.0007500000000000007,False,legacy_mean,0.0145931334962615,0.1211393773555755,0.7025116868592033,0.3832193613052368,-0.013847639476689,-0.2776265762891957,0.9969984889030457,False,False,,,,,,,False
gru,conditional,20,1.0,1.8235049833914553e-05,3.762458471778807e-05,-0.00010404900332217082,3.291546682770985e-07,3,0.0005000000000000004,False,legacy_mean,0.9735514594657588,0.9860982298851012,0.0107001973907897,0.0037028193473815,0.9716406840851836,0.972594011099527,1.0054640769958496,True,False,,,,,,,False
gru,conditional,20,2.0,-2.188538205976087e-05,-2.7844684385214258e-05,-7.678571428582082e-05,-4.877893711729975e-06,1,0.0012500000000000011,False,legacy_mean,0.9547037280833192,0.976567566394806,0.0173378191583196,0.0056550055742263,0.9528272462470592,0.957772059655812,1.0040563344955444,True,False,,,,,,,False
gru,conditional,20,3.0,1.0016611295737832e-05,6.1669435216238355e-06,-3.6088039866988275e-05,1.5670719129001752e-07,4,0.0005000000000000004,False,legacy_mean,0.9645213980895376,0.9826198816299438,0.0132580876337276,0.0045016407966613,0.9338504025323758,0.9224820453538722,0.9988558888435364,True,False,,,,,,,False
gru,conditional,20,4.0,0.00013701411960140853,0.00011501245847200803,6.632059800659729e-05,0.00010056708288630478,5,0.0019999999999999983,False,legacy_mean,0.578858077860626,0.7629849314689636,0.188949346998356,0.0666544735431671,0.6053401041017571,0.6451221459408996,0.995981752872467,True,False,,,,,,,False
gru,conditional,20,5.0,0.0,0.0,0.0,0.0,0,0.0,False,legacy_mean,,,0.0,0.0,,,0.0,False,False,,,,,,,False
gru,conditional,20,6.0,-0.00019400332225907312,-0.00020112126245841466,-0.00020793189368772946,-0.00010044659956824909,0,0.0005000000000000004,False,legacy_mean,0.997028398791882,0.99845689535141,0.0014378663426005,0.0010824799537658,0.982810815577105,0.9823900750798902,0.9907699823379515,True,False,,,,,,,False
gru,conditional,20,7.0,2.616694352162163e-05,3.5921926911930413e-06,-2.491694352069196e-06,4.2361772703802815e-05,4,0.0002500000000000002,False,legacy_mean,0.7184863700707094,0.8477235436439514,0.1213696854402002,0.0426122844219207,0.8106234837175326,0.886557398930125,0.994693160057068,True,False,,,,,,,False
gru,conditional,20,8.0,1.1034053156167012e-05,1.052740863805024e-05,-6.926910298998834e-05,1.494559695172093e-05,4,0.0005000000000000004,False,legacy_mean,0.2974372147454651,0.5468789935112,0.3615364657126344,0.1433535814285278,0.5001105345716035,0.6359453685855146,0.9983698129653932,False,False,,,,,,,False
gru,conditional,20,9.0,0.0,0.0,0.0,0.0,0,0.0,False,legacy_mean,,,0.0,0.0,,,0.0,False,False,,,,,,,False
gru,conditional,20,10.0,-2.098837209296711e-05,-4.563953488367911e-05,-9.462209302335545e-05,9.646587767253577e-07,2,0.0010000000000000009,False,legacy_mean,0.1901592773672956,0.4344758987426758,0.4539596056210538,0.1942001581192016,0.1148842134756825,0.4754276976683602,1.00121009349823,False,False,,,,,,,False
gru,conditional,20,11.0,-2.092607973418481e-05,-6.019518272415425e-05,-8.189368770761263e-05,-9.948807941695391e-07,1,0.0012499999999999994,False,legacy_mean,0.0145931334962615,0.1211393773555755,0.7025116868592033,0.3832193613052368,-0.013847639476689,-0.2776265762891957,0.9969984889030457,False,False,,,,,,,False
gru,conditional,21,1.0,0.0002860838870432092,0.00031362126245848554,-0.00014975083056478766,2.638018214184967e-06,4,0.0004999999999999987,False,legacy_mean,0.9735514594657588,0.9860982298851012,0.0107001973907897,0.0037028193473815,0.9716406840851836,0.972594011099527,1.0054640769958496,True,False,,,,,,,False
gru,conditional,21,2.0,4.71345514952981e-06,-4.4123754152802785e-05,-0.00024640780730889045,2.1393549433024183e-05,2,0.0007499999999999989,False,legacy_mean,0.9547037280833192,0.976567566394806,0.0173378191583196,0.0056550055742263,0.9528272462470592,0.957772059655812,1.0040563344955444,True,False,,,,,,,False
gru,conditional,21,3.0,5.276162790697203e-05,3.990863787373122e-05,-0.00020247093023251228,-0.000273252062376006,3,0.0005000000000000004,False,legacy_mean,0.9645213980895376,0.9826198816299438,0.0132580876337276,0.0045016407966613,0.9338504025323758,0.9224820453538722,0.9988558888435364,True,False,,,,,,,False
gru,conditional,21,4.0,-0.0006526868770764027,-0.0006465946843854375,-0.000988122923587964,-0.0005348799734440579,0,0.0010000000000000009,False,legacy_mean,0.578858077860626,0.7629849314689636,0.188949346998356,0.0666544735431671,0.6053401041017571,0.6451221459408996,0.995981752872467,True,False,,,,,,,False
gru,conditional,21,5.0,0.0,0.0,0.0,0.0,0,0.0,False,legacy_mean,,,0.0,0.0,,,0.0,False,False,,,,,,,False
gru,conditional,21,6.0,7.249169435217251e-05,-8.679401993449964e-06,-3.9659468438479895e-05,3.860877292523046e-05,2,0.0005000000000000004,False,legacy_mean,0.997028398791882,0.99845689535141,0.0014378663426005,0.0010824799537658,0.982810815577105,0.9823900750798902,0.9907699823379515,True,False,,,,,,,False
gru,conditional,21,7.0,-6.24916943521514e-05,1.555232558136943e-05,-0.000296823089700915,-0.00011688917878174276,3,0.0005000000000000004,False,legacy_mean,0.7184863700707094,0.8477235436439514,0.1213696854402002,0.0426122844219207,0.8106234837175326,0.886557398930125,0.994693160057068,True,False,,,,,,,False
gru,conditional,21,8.0,0.00019294435215948534,0.00010751661129571044,-3.8745847176113735e-05,-2.3468666677750605e-05,4,0.0007499999999999989,False,legacy_mean,0.2974372147454651,0.5468789935112,0.3615364657126344,0.1433535814285278,0.5001105345716035,0.6359453685855146,0.9983698129653932,False,False,,,,,,,False
gru,conditional,21,9.0,0.0,0.0,0.0,0.0,0,0.0,False,legacy_mean,,,0.0,0.0,,,0.0,False,False,,,,,,,False
gru,conditional,21,10.0,0.00018463455149502205,-3.2952657807339136e-05,-9.09883720929816e-05,4.9948509805108895e-06,2,0.0007499999999999989,False,legacy_mean,0.1901592773672956,0.4344758987426758,0.4539596056210538,0.1942001581192016,0.1148842134756825,0.4754276976683602,1.00121009349823,False,False,,,,,,,False
gru,conditional,21,11.0,0.00046632890365451153,0.00023428156146187984,-3.239202657812079e-05,0.0003220810935271601,4,0.0005000000000000004,False,legacy_mean,0.0145931334962615,0.1211393773555755,0.7025116868592033,0.3832193613052368,-0.013847639476689,-0.2776265762891957,0.9969984889030457,False,False,,,,,,,False
gru,conditional,22,1.0,-0.00019621677740861988,-0.00017159468438532333,-0.0005565614617940584,-0.0002857854809480864,1,0.0007499999999999989,False,legacy_mean,0.9735514594657588,0.9860982298851012,0.0107001973907897,0.0037028193473815,0.9716406840851836,0.972594011099527,1.0054640769958496,True,False,,,,,,,False
gru,conditional,22,2.0,-0.0005305315614617667,-0.0004438745847175074,-0.0008544850498338752,-0.00018712231434165895,0,0.0014999999999999996,False,legacy_mean,0.9547037280833192,0.976567566394806,0.0173378191583196,0.0056550055742263,0.9528272462470592,0.957772059655812,1.0040563344955444,True,False,,,,,,,False
gru,conditional,22,3.0,-0.00013416943521593616,-0.00014196428571422448,-0.0003459925249168494,-7.945241541675862e-05,1,0.0007499999999999989,False,legacy_mean,0.9645213980895376,0.9826198816299438,0.0132580876337276,0.0045016407966613,0.9338504025323758,0.9224820453538722,0.9988558888435364,True,False,,,,,,,False
gru,conditional,22,4.0,0.003780548172757481,0.003722757475082994,0.0034012458471760487,0.003312905287209533,5,0.0012499999999999994,False,legacy_mean,0.578858077860626,0.7629849314689636,0.188949346998356,0.0666544735431671,0.6053401041017571,0.6451221459408996,0.995981752872467,True,False,,,,,,,False
gru,conditional,22,5.0,0.0,0.0,0.0,0.0,0,0.0,False,legacy_mean,,,0.0,0.0,,,0.0,False,False,,,,,,,False
gru,conditional,22,6.0,-0.00014786129568105099,-0.0001304194352159671,-0.00024599252491697143,-0.00017603786389952525,0,0.0005000000000000004,False,legacy_mean,0.997028398791882,0.99845689535141,0.0014378663426005,0.0010824799537658,0.982810815577105,0.9823900750798902,0.9907699823379515,True,False,,,,,,,False
gru,conditional,22,7.0,2.7981727574744043e-05,6.912375415280003e-05,-0.00035666528239208795,9.314318597983818e-05,3,0.0007499999999999989,False,legacy_mean,0.7184863700707094,0.8477235436439514,0.1213696854402002,0.0426122844219207,0.8106234837175326,0.886557398930125,0.994693160057068,True,False,,,,,,,False
gru,conditional,22,8.0,-0.00022277408637871865,-0.00013372093023256149,-0.0006666320598006648,-5.37096086104194e-05,1,0.0005000000000000004,False,legacy_mean,0.2974372147454651,0.5468789935112,0.3615364657126344,0.1433535814285278,0.5001105345716035,0.6359453685855146,0.9983698129653932,False,False,,,,,,,False
gru,conditional,22,9.0,0.0,0.0,0.0,0.0,0,0.0,False,legacy_mean,,,0.0,0.0,,,0.0,False,False,,,,,,,False
gru,conditional,22,10.0,0.0006074501661129661,0.00044644933554816024,5.46303986711516e-05,0.0006510152358285337,5,0.0007499999999999989,False,legacy_mean,0.1901592773672956,0.4344758987426758,0.4539596056210538,0.1942001581192016,0.1148842134756825,0.4754276976683602,1.00121009349823,False,False,,,,,,,False
gru,conditional,22,11.0,2.5573089700992037e-05,0.0001551910299002479,-0.0009488579734219238,3.960838101773057e-05,4,0.0012500000000000011,False,legacy_mean,0.0145931334962615,0.1211393773555755,0.7025116868592033,0.3832193613052368,-0.013847639476689,-0.2776265762891957,0.9969984889030457,False,False,,,,,,,False
gru,conditional,23,1.0,-9.614202657806103e-05,-0.00012078488372091467,-0.0002444975083055745,-5.638945938719608e-05,1,0.0002500000000000002,False,legacy_mean,0.9735514594657588,0.9860982298851012,0.0107001973907897,0.0037028193473815,0.9716406840851836,0.972594011099527,1.0054640769958496,True,False,,,,,,,False
gru,conditional,23,2.0,0.00025260382059799635,0.00026918604651171574,5.110049833878527e-05,0.0006022960418619716,5,0.0005000000000000004,False,legacy_mean,0.9547037280833192,0.976567566394806,0.0173378191583196,0.0056550055742263,0.9528272462470592,0.957772059655812,1.0040563344955444,True,False,,,,,,,False
gru,conditional,23,3.0,0.026542882059800644,0.02630147425249163,0.020797799003322237,0.022064181852411213,5,0.0002500000000000002,True,legacy_mean,0.9645213980895376,0.9826198816299438,0.0132580876337276,0.0045016407966613,0.9338504025323758,0.9224820453538722,0.9988558888435364,True,False,,,,,,,False
gru,conditional,23,4.0,-0.038520452657807305,-0.04017981727574749,-0.0410602990033222,-0.03745749463094512,0,0.0017499999999999998,False,legacy_mean,0.578858077860626,0.7629849314689636,0.188949346998356,0.0666544735431671,0.6053401041017571,0.6451221459408996,0.995981752872467,True,False,,,,,,,False
gru,conditional,23,5.0,0.0,0.0,0.0,0.0,0,0.0,False,legacy_mean,,,0.0,0.0,,,0.0,False,False,,,,,,,False
gru,conditional,23,6.0,-0.00017559385382059922,-0.00015421511627899953,-0.00031135797342196625,-7.510128773151603e-05,0,0.0004999999999999987,False,legacy_mean,0.997028398791882,0.99845689535141,0.0014378663426005,0.0010824799537658,0.982810815577105,0.9823900750798902,0.9907699823379515,True,False,,,,,,,False
gru,conditional,23,7.0,-0.00016471760797340807,-0.00018995016611300652,-0.0004704318936876728,-0.0001433308092594343,1,0.0002500000000000002,False,legacy_mean,0.7184863700707094,0.8477235436439514,0.1213696854402002,0.0426122844219207,0.8106234837175326,0.886557398930125,0.994693160057068,True,False,,,,,,,False
gru,conditional,23,8.0,-9.178571428569704e-05,-8.895348837212325e-05,-0.0005541320598005939,-7.831238851832011e-05,1,0.0002500000000000002,False,legacy_mean,0.2974372147454651,0.5468789935112,0.3615364657126344,0.1433535814285278,0.5001105345716035,0.6359453685855146,0.9983698129653932,False,False,,,,,,,False
gru,conditional,23,9.0,0.0,0.0,0.0,0.0,0,0.0,False,legacy_mean,,,0.0,0.0,,,0.0,False,False,,,,,,,False
gru,conditional,23,10.0,-0.00012713455149502285,-0.0001467400332225699,-0.00033367940199335866,-0.00023966121137908303,2,0.0012499999999999994,False,legacy_mean,0.1901592773672956,0.4344758987426758,0.4539596056210538,0.1942001581192016,0.1148842134756825,0.4754276976683602,1.00121009349823,False,False,,,,,,,False
gru,conditional,23,11.0,-7.617524916943008e-05,0.00016335132890366033,-0.0008296511627907677,8.091619099761526e-05,3,0.0005000000000000004,False,legacy_mean,0.0145931334962615,0.1211393773555755,0.7025116868592033,0.3832193613052368,-0.013847639476689,-0.2776265762891957,0.9969984889030457,False,False,,,,,,,False
gru,conditional,24,1.0,0.0027022259136212368,0.0027746262458472337,0.002226785714285584,0.0015053293371335209,5,0.0007499999999999989,False,legacy_mean,0.9735514594657588,0.9860982298851012,0.0107001973907897,0.0037028193473815,0.9716406840851836,0.972594011099527,1.0054640769958496,True,False,,,,,,,False
gru,conditional,24,2.0,0.0003042607973421818,0.0004950581395347653,-0.0003455149501662147,0.00017268345876675362,3,0.0009999999999999992,False,legacy_mean,0.9547037280833192,0.976567566394806,0.0173378191583196,0.0056550055742263,0.9528272462470592,0.957772059655812,1.0040563344955444,True,False,,,,,,,False
gru,conditional,24,3.0,7.04194352158849e-05,6.262458471750776e-05,5.0872093023235365e-05,3.8538207971505756e-05,5,0.0007499999999999989,False,legacy_mean,0.9645213980895376,0.9826198816299438,0.0132580876337276,0.0045016407966613,0.9338504025323758,0.9224820453538722,0.9988558888435364,True,False,,,,,,,False
gru,conditional,24,4.0,0.00044456810631228195,0.0003751245847175566,-3.766611295674682e-05,0.0002282123747161746,4,0.0014999999999999996,False,legacy_mean,0.578858077860626,0.7629849314689636,0.188949346998356,0.0666544735431671,0.6053401041017571,0.6451221459408996,0.995981752872467,True,False,,,,,,,False
gru,conditional,24,5.0,0.0,0.0,0.0,0.0,0,0.0,False,legacy_mean,,,0.0,0.0,,,0.0,False,False,,,,,,,False
gru,conditional,24,6.0,-4.6403654485005494e-05,-2.9858803986648752e-05,-0.00013891196013282592,-2.7685615049644065e-05,1,0.0002500000000000002,False,legacy_mean,0.997028398791882,0.99845689535141,0.0014378663426005,0.0010824799537658,0.982810815577105,0.9823900750798902,0.9907699823379515,True,False,,,,,,,False
gru,conditional,24,7.0,0.00016666528239210886,9.059385382059748e-05,-0.0002003322259136464,0.00011212350421254679,4,0.0007500000000000007,False,legacy_mean,0.7184863700707094,0.8477235436439514,0.1213696854402002,0.0426122844219207,0.8106234837175326,0.886557398930125,0.994693160057068,True,False,,,,,,,False
gru,conditional,24,8.0,3.058970099674152e-05,1.0112126246020203e-05,-2.7408637873649333e-05,9.232765416933298e-06,3,0.0005000000000000004,False,legacy_mean,0.2974372147454651,0.5468789935112,0.3615364657126344,0.1433535814285278,0.5001105345716035,0.6359453685855146,0.9983698129653932,False,False,,,,,,,False
gru,conditional,24,9.0,0.0,0.0,0.0,0.0,0,0.0,False,legacy_mean,,,0.0,0.0,,,0.0,False,False,,,,,,,False
gru,conditional,24,10.0,-2.7130398671104673e-05,-5.705980066439409e-05,-0.00020342607973400373,-1.4880103641257136e-05,2,0.0007499999999999989,False,legacy_mean,0.1901592773672956,0.4344758987426758,0.4539596056210538,0.1942001581192016,0.1148842134756825,0.4754276976683602,1.00121009349823,False,False,,,,,,,False
gru,conditional,24,11.0,2.7898671096338036e-05,9.551495016024703e-07,-0.00013803986710969607,2.079132421393126e-05,3,0.0014999999999999996,False,legacy_mean,0.0145931334962615,0.1211393773555755,0.7025116868592033,0.3832193613052368,-0.013847639476689,-0.2776265762891957,0.9969984889030457,False,False,,,,,,,False
gru,conditional,25,1.0,0.0064390656146178895,0.006848421926910042,0.003586586378737544,0.004311098390732293,5,0.0005000000000000004,False,legacy_mean,0.9735514594657588,0.9860982298851012,0.0107001973907897,0.0037028193473815,0.9716406840851836,0.972594011099527,1.0054640769958496,True,False,,,,,,,False
gru,conditional,25,2.0,0.021710460963455126,0.023317732558139515,0.014992441860465111,0.014165945354735188,5,0.0007500000000000007,True,legacy_mean,0.9547037280833192,0.976567566394806,0.0173378191583196,0.0056550055742263,0.9528272462470592,0.957772059655812,1.0040563344955444,True,False,,,,,,,False
gru,conditional,25,3.0,0.0002625789036544646,0.0002202242524916853,9.553571428577712e-05,0.00018442658063617668,5,0.0010000000000000009,False,legacy_mean,0.9645213980895376,0.9826198816299438,0.0132580876337276,0.0045016407966613,0.9338504025323758,0.9224820453538722,0.9988558888435364,True,False,,,,,,,False
gru,conditional,25,4.0,0.002366034053156141,0.0025461171096345936,0.0016833056478404718,0.0015641935633608829,5,0.0017499999999999998,False,legacy_mean,0.578858077860626,0.7629849314689636,0.188949346998356,0.0666544735431671,0.6053401041017571,0.6451221459408996,0.995981752872467,True,False,,,,,,,False
gru,conditional,25,5.0,0.0,0.0,0.0,0.0,0,0.0,False,legacy_mean,,,0.0,0.0,,,0.0,False,False,,,,,,,False
gru,conditional,25,6.0,-0.00025720930232562276,-0.00021233388704322564,-0.0007167358803986668,-0.00016513000597642157,1,0.0002500000000000002,False,legacy_mean,0.997028398791882,0.99845689535141,0.0014378663426005,0.0010824799537658,0.982810815577105,0.9823900750798902,0.9907699823379515,True,False,,,,,,,False
gru,conditional,25,7.0,0.000672122093023253,0.000746490863787419,-0.0008975913621261933,0.0004372556189226939,4,0.0005000000000000004,False,legacy_mean,0.7184863700707094,0.8477235436439514,0.1213696854402002,0.0426122844219207,0.8106234837175326,0.886557398930125,0.994693160057068,True,False,,,,,,,False
gru,conditional,25,8.0,0.0006500207641195743,0.000926827242524797,-0.0004877906976743507,0.0004407549830691915,4,0.0007500000000000007,False,legacy_mean,0.2974372147454651,0.5468789935112,0.3615364657126344,0.1433535814285278,0.5001105345716035,0.6359453685855146,0.9983698129653932,False,False,,,,,,,False
gru,conditional,25,9.0,0.0,0.0,0.0,0.0,0,0.0,False,legacy_mean,,,0.0,0.0,,,0.0,False,False,,,,,,,False
gru,conditional,25,10.0,0.0003899044850498079,0.00042886212624582143,-0.00010431893687701255,0.00025513064011404294,4,0.0007500000000000007,False,legacy_mean,0.1901592773672956,0.4344758987426758,0.4539596056210538,0.1942001581192016,0.1148842134756825,0.4754276976683602,1.00121009349823,False,False,,,,,,,False
gru,conditional,25,11.0,0.00013298588039862836,0.00012969269102991454,-0.00046293604651159725,7.816070808683851e-05,3,0.0010000000000000009,False,legacy_mean,0.0145931334962615,0.1211393773555755,0.7025116868592033,0.3832193613052368,-0.013847639476689,-0.2776265762891957,0.9969984889030457,False,False,,,,,,,False
gru,conditional,26,1.0,-0.0003257392026577488,-0.0003028862126246423,-0.0006140365448503715,-0.00021173022580573965,1,0.0005000000000000004,False,legacy_mean,0.9735514594657588,0.9860982298851012,0.0107001973907897,0.0037028193473815,0.9716406840851836,0.972594011099527,1.0054640769958496,True,False,,,,,,,False
gru,conditional,26,2.0,0.0003015780730897255,0.00027738787375419793,0.00013683554817256471,0.00018916712591008356,5,0.0007500000000000007,False,legacy_mean,0.9547037280833192,0.976567566394806,0.0173378191583196,0.0056550055742263,0.9528272462470592,0.957772059655812,1.0040563344955444,True,False,,,,,,,False
gru,conditional,26,3.0,6.846345514945895e-05,0.00010421511627900504,-0.00022304817275753397,4.5502100933458856e-05,4,0.0005000000000000004,False,legacy_mean,0.9645213980895376,0.9826198816299438,0.0132580876337276,0.0045016407966613,0.9338504025323758,0.9224820453538722,0.9988558888435364,True,False,,,,,,,False
gru,conditional,26,4.0,0.08395022840531563,0.08187971345514955,0.07982888289036538,0.0533446405567221,5,0.0007500000000000007,True,legacy_mean,0.578858077860626,0.7629849314689636,0.188949346998356,0.0666544735431671,0.6053401041017571,0.6451221459408996,0.995981752872467,True,False,,,,,,,False
gru,conditional,26,5.0,0.0,0.0,0.0,0.0,0,0.0,False,legacy_mean,,,0.0,0.0,,,0.0,False,False,,,,,,,False
gru,conditional,26,6.0,5.110465116273666e-05,4.2587209302169526e-05,-0.00010072674418615257,2.3143417379345443e-05,4,0.0005000000000000004,False,legacy_mean,0.997028398791882,0.99845689535141,0.0014378663426005,0.0010824799537658,0.982810815577105,0.9823900750798902,0.9907699823379515,True,False,,,,,,,False
gru,conditional,26,7.0,0.0004135631229235992,0.0003295681063122391,0.00018810215946840625,0.00022709304811019404,5,0.0010000000000000009,False,legacy_mean,0.7184863700707094,0.8477235436439514,0.1213696854402002,0.0426122844219207,0.8106234837175326,0.886557398930125,0.994693160057068,True,False,,,,,,,False
gru,conditional,26,8.0,-0.00033048172757474956,-0.00040718438538200896,-0.000724501661129584,-0.00018409515265147559,1,0.0009999999999999992,False,legacy_mean,0.2974372147454651,0.5468789935112,0.3615364657126344,0.1433535814285278,0.5001105345716035,0.6359453685855146,0.9983698129653932,False,False,,,,,,,False
gru,conditional,26,9.0,0.0,0.0,0.0,0.0,0,0.0,False,legacy_mean,,,0.0,0.0,,,0.0,False,False,,,,,,,False
gru,conditional,26,10.0,0.00026473837209302077,0.00024316860465101175,-0.00020826411960117586,0.00015430234579782987,3,0.0007500000000000007,False,legacy_mean,0.1901592773672956,0.4344758987426758,0.4539596056210538,0.1942001581192016,0.1148842134756825,0.4754276976683602,1.00121009349823,False,False,,,,,,,False
gru,conditional,26,11.0,1.998754152821025e-05,0.00012205149501653967,-0.00025128737541513235,1.1545416603642167e-05,3,0.0007500000000000007,False,legacy_mean,0.0145931334962615,0.1211393773555755,0.7025116868592033,0.3832193613052368,-0.013847639476689,-0.2776265762891957,0.9969984889030457,False,False,,,,,,,False
gru,conditional,27,1.0,0.0008460132890365513,0.0009862749169435858,3.197674418586871e-06,0.0005613490323255865,5,0.0007500000000000007,False,legacy_mean,0.9735514594657588,0.9860982298851012,0.0107001973907897,0.0037028193473815,0.9716406840851836,0.972594011099527,1.0054640769958496,True,False,,,,,,,False
gru,conditional,27,2.0,-0.0008903571428571455,-0.0007316652823919911,-0.0014406769102990324,-0.0005971122549639051,0,0.0010000000000000009,False,legacy_mean,0.9547037280833192,0.976567566394806,0.0173378191583196,0.0056550055742263,0.9528272462470592,0.957772059655812,1.0040563344955444,True,False,,,,,,,False
gru,conditional,27,3.0,-8.902823920267088e-05,-0.00011748338870432029,-0.00040807724252489574,-8.638318294758029e-05,1,0.0005000000000000004,False,legacy_mean,0.9645213980895376,0.9826198816299438,0.0132580876337276,0.0045016407966613,0.9338504025323758,0.9224820453538722,0.9988558888435364,True,False,,,,,,,False
gru,conditional,27,4.0,0.00011347591362123043,0.00022408637873749804,-0.00043044019933558,0.00013073421450222612,3,0.0017499999999999998,False,legacy_mean,0.578858077860626,0.7629849314689636,0.188949346998356,0.0666544735431671,0.6053401041017571,0.6451221459408996,0.995981752872467,True,False,,,,,,,False
gru,conditional,27,5.0,0.0,0.0,0.0,0.0,0,0.0,False,legacy_mean,,,0.0,0.0,,,0.0,False,False,,,,,,,False
gru,conditional,27,6.0,-0.0011665863787375663,-0.0012277823920265885,-0.001743106312292353,-0.0008491496544748012,0,0.0005000000000000004,False,legacy_mean,0.997028398791882,0.99845689535141,0.0014378663426005,0.0010824799537658,0.982810815577105,0.9823900750798902,0.9907699823379515,True,False,,,,,,,False
gru,conditional,27,7.0,-0.0009365365448505081,-0.0008764327242525294,-0.0013533637873753834,-0.0006324588753017002,0,0.0010000000000000009,False,legacy_mean,0.7184863700707094,0.8477235436439514,0.1213696854402002,0.0426122844219207,0.8106234837175326,0.886557398930125,0.994693160057068,True,False,,,,,,,False
gru,conditional,27,8.0,3.546511627907645e-05,0.0001654277408638105,-0.00020799418604655617,-1.727223408609646e-06,3,0.0010000000000000009,False,legacy_mean,0.2974372147454651,0.5468789935112,0.3615364657126344,0.1433535814285278,0.5001105345716035,0.6359453685855146,0.9983698129653932,False,False,,,,,,,False
gru,conditional,27,9.0,0.0,0.0,0.0,0.0,0,0.0,False,legacy_mean,,,0.0,0.0,,,0.0,False,False,,,,,,,False
gru,conditional,27,10.0,0.03336349252491695,0.028861441029900292,0.019455502491694365,0.021528108741098163,5,0.0005000000000000004,True,legacy_mean,0.1901592773672956,0.4344758987426758,0.4539596056210538,0.1942001581192016,0.1148842134756825,0.4754276976683602,1.00121009349823,False,False,,,,,,,False
gru,conditional,27,11.0,-3.170681063124903e-05,-6.146179401977925e-06,-0.0005597591362126453,-4.171767465621645e-05,2,0.0004999999999999996,False,legacy_mean,0.0145931334962615,0.1211393773555755,0.7025116868592033,0.3832193613052368,-0.013847639476689,-0.2776265762891957,0.9969984889030457,False,False,,,,,,,False
gru,conditional,28,1.0,8.567691029901515e-05,9.350083056480774e-05,-2.005813953487312e-05,3.813095152536139e-05,4,0.0010000000000000009,False,legacy_mean,0.9735514594657588,0.9860982298851012,0.0107001973907897,0.0037028193473815,0.9716406840851836,0.972594011099527,1.0054640769958496,True,False,,,,,,,False
gru,conditional,28,2.0,-0.00020585963455146405,-0.00016254152823913515,-0.0003206187707640584,-0.00021710639764382922,0,0.0007499999999999989,False,legacy_mean,0.9547037280833192,0.976567566394806,0.0173378191583196,0.0056550055742263,0.9528272462470592,0.957772059655812,1.0040563344955444,True,False,,,,,,,False
gru,conditional,28,3.0,9.093853820600906e-05,2.4480897010015212e-05,-3.137458471758059e-05,8.477000659137257e-05,3,0.0010000000000000009,False,legacy_mean,0.9645213980895376,0.9826198816299438,0.0132580876337276,0.0045016407966613,0.9338504025323758,0.9224820453538722,0.9988558888435364,True,False,,,,,,,False
gru,conditional,28,4.0,0.002273318106312305,0.002148982558139556,0.0019290490033222474,0.002191143956754349,5,0.0012500000000000011,False,legacy_mean,0.578858077860626,0.7629849314689636,0.188949346998356,0.0666544735431671,0.6053401041017571,0.6451221459408996,0.995981752872467,True,False,,,,,,,False
gru,conditional,28,5.0,0.0,0.0,0.0,0.0,0,0.0,False,legacy_mean,,,0.0,0.0,,,0.0,False,False,,,,,,,False
gru,conditional,28,6.0,0.0001098089700996896,0.00010373754152825931,1.8500830564871507e-05,9.182817232569195e-05,5,0.0002500000000000002,False,legacy_mean,0.997028398791882,0.99845689535141,0.0014378663426005,0.0010824799537658,0.982810815577105,0.9823900750798902,0.9907699823379515,True,False,,,,,,,False
gru,conditional,28,7.0,-0.00016922757475081873,-0.00023326411960133964,-0.00035593853820592436,-0.00013529328552503995,1,0.0007500000000000007,False,legacy_mean,0.7184863700707094,0.8477235436439514,0.1213696854402002,0.0426122844219207,0.8106234837175326,0.886557398930125,0.994693160057068,True,False,,,,,,,False
gru,conditional,28,8.0,-0.00018651162790697117,-4.4310631229227404e-05,-0.0016083056478405355,-0.00013956041815732512,2,0.0007499999999999989,False,legacy_mean,0.2974372147454651,0.5468789935112,0.3615364657126344,0.1433535814285278,0.5001105345716035,0.6359453685855146,0.9983698129653932,False,False,,,,,,,False
gru,conditional,28,9.0,0.0,0.0,0.0,0.0,0,0.0,False,legacy_mean,,,0.0,0.0,,,0.0,False,False,,,,,,,False
gru,conditional,28,10.0,-0.00013785714285714513,1.571843853820365e-05,-0.0009473214285714571,-9.65843439302505e-05,3,0.0009999999999999992,False,legacy_mean,0.1901592773672956,0.4344758987426758,0.4539596056210538,0.1942001581192016,0.1148842134756825,0.4754276976683602,1.00121009349823,False,False,,,,,,,False
gru,conditional,28,11.0,-5.833887043187325e-05,-8.297342192697954e-05,-0.0005336794019933366,0.00010825861048939789,2,0.0009999999999999992,False,legacy_mean,0.0145931334962615,0.1211393773555755,0.7025116868592033,0.3832193613052368,-0.013847639476689,-0.2776265762891957,0.9969984889030457,False,False,,,,,,,False
gru,zero,1,1.0,0.00017901578073098445,0.0001731727574751929,9.846345514952226e-05,9.320964493391149e-05,5,0.0017499999999999998,False,,,,,,,,,,False,,,,,,,False
gru,zero,1,2.0,0.00038156976744188056,0.0003920265780731347,0.0002510382059801586,0.00018126420292978728,5,0.004,False,,,,,,,,,,False,,,,,,,False
gru,zero,1,3.0,4.173588039873e-05,4.1403654485239194e-05,6.187707641158724e-06,1.8142493152550897e-05,5,0.0022500000000000003,False,,,,,,,,,,False,,,,,,,False
gru,zero,1,4.0,0.00016729235880399428,0.0001617940199335477,0.0001395764119601628,7.800032997351547e-05,5,0.0017499999999999998,False,,,,,,,,,,False,,,,,,,False
gru,zero,1,5.0,0.0,0.0,0.0,0.0,0,0.0,False,,,,,,,,,,False,,,,,,,False
gru,zero,1,6.0,4.332225913623588e-05,4.73421926912021e-05,3.3264119601361664e-05,3.1861687294698624e-05,5,0.0022500000000000003,False,,,,,,,,,,False,,,,,,,False
gru,zero,1,7.0,1.432308970104046e-05,2.194767441887624e-05,-6.308139534882962e-05,8.112155733841497e-06,4,0.0012500000000000011,False,,,,,,,,,,False,,,,,,,False
gru,zero,1,8.0,-5.838870431928989e-06,1.1710963454980572e-05,-7.408637873740354e-05,-2.2864232642083595e-06,4,0.0012499999999999994,False,,,,,,,,,,False,,,,,,,False
gru,zero,1,9.0,0.0,0.0,0.0,0.0,0,0.0,False,,,,,,,,,,False,,,,,,,False
gru,zero,1,10.0,-3.3139534882931088e-06,4.485049833968802e-06,-3.118770764121148e-05,4.4538609171862477e-07,3,0.0014999999999999996,False,,,,,,,,,,False,,,,,,,False
gru,zero,1,11.0,-1.8014950166089784e-05,-7.142857142761194e-06,-6.582225913620565e-05,-7.876622909197551e-06,1,0.0012499999999999994,False,,,,,,,,,,False,,,,,,,False
gru,zero,2,1.0,0.000680884551495109,0.0006405107973423974,0.0005862956810632758,0.0002908759880811074,5,0.0025000000000000005,False,,,,,,,,,,False,,,,,,,False
gru,zero,2,2.0,0.0006182765780731403,0.0007198920265780728,0.00040712209302318225,0.0003056783197840085,5,0.0012500000000000011,False,,,,,,,,,,False,,,,,,,False
gru,zero,2,3.0,0.00027294850498349454,0.00025867940199342243,0.00024161129568123219,0.00013942669481139535,5,0.0012500000000000011,False,,,,,,,,,,False,,,,,,,False
gru,zero,2,4.0,0.0005026744186047427,0.0005140780730897854,0.000449460132890267,0.00022260270356644352,5,0.0012500000000000011,False,,,,,,,,,,False,,,,,,,False
gru,zero,2,5.0,0.0,0.0,0.0,0.0,0,0.0,False,,,,,,,,,,False,,,,,,,False
gru,zero,2,6.0,-2.0215946843804566e-05,4.970930232561788e-05,-0.00023729235880398658,-2.349701164474638e-05,3,0.0014999999999999996,False,,,,,,,,,,False,,,,,,,False
gru,zero,2,7.0,0.00014928571428574067,0.00014352159468444814,0.00012487541528238832,7.589369427216664e-05,5,0.0007499999999999989,False,,,,,,,,,,False,,,,,,,False
gru,zero,2,8.0,3.527408637882257e-05,4.111295681041849e-05,-1.5365448503557033e-06,1.8451426160415174e-05,4,0.0005000000000000004,False,,,,,,,,,,False,,,,,,,False
gru,zero,2,9.0,0.0,0.0,0.0,0.0,0,0.0,False,,,,,,,,,,False,,,,,,,False
gru,zero,2,10.0,1.7230066445295124e-05,1.0921926910434365e-05,-3.214285714281395e-05,7.6269649897042765e-06,3,0.0004999999999999987,False,,,,,,,,,,False,,,,,,,False
gru,zero,2,11.0,-1.3289036544805733e-05,-7.93189368775149e-06,-5.701827242521329e-05,-5.8985064388616945e-06,2,0.0009999999999999992,False,,,,,,,,,,False,,,,,,,False
gru,zero,3,1.0,0.007314833887043149,0.007897279900332177,0.005260382059800617,0.008606834578837597,5,0.0032499999999999994,False,,,,,,,,,,False,,,,,,,False
gru,zero,3,2.0,0.0036324294019933314,0.003476266611295631,0.0021626245847176095,0.002520174871040659,5,0.0012500000000000011,False,,,,,,,,,,False,,,,,,,False
gru,zero,3,3.0,0.002922105481727555,0.0025657599667773257,0.002378197674418603,0.002784244699742322,5,0.0009999999999999992,False,,,,,,,,,,False,,,,,,,False
gru,zero,3,4.0,0.003895224252491669,0.003673276578073037,0.0034126868770764096,0.0035250510162202708,5,0.0014999999999999996,False,,,,,,,,,,False,,,,,,,False
gru,zero,3,5.0,0.0,0.0,0.0,0.0,0,0.0,False,,,,,,,,,,False,,,,,,,False
gru,zero,3,6.0,0.0014689285714285516,0.0016924003322258407,9.038621262458246e-05,-0.00019665331135150234,5,0.0022499999999999994,False,,,,,,,,,,False,,,,,,,False
gru,zero,3,7.0,-0.00023784468438539096,-0.00020238787375415068,-0.0005703073089701194,0.00027738365579912385,1,0.0010000000000000009,False,,,,,,,,,,False,,,,,,,False
gru,zero,3,8.0,-0.00014372508305648957,-0.0001268895348837118,-0.00044912790697670957,-0.0002529073011577454,2,0.0005000000000000004,False,,,,,,,,,,False,,,,,,,False
gru,zero,3,9.0,0.0,0.0,0.0,0.0,0,0.0,False,,,,,,,,,,False,,,,,,,False
gru,zero,3,10.0,0.0005996220930232221,0.0006915697674417798,-8.010797342195008e-05,0.0007057241179356355,4,0.0007499999999999989,False,,,,,,,,,,False,,,,,,,False
gru,zero,3,11.0,-3.726744186047792e-05,-9.447674418683327e-06,-0.0006047342192690985,0.00018011583055350667,2,0.0007500000000000007,False,,,,,,,,,,False,,,,,,,False
gru,zero,4,1.0,0.012835240863787423,0.005521885382059999,0.0037416528239202496,0.009994118295961285,5,0.0027500000000000007,False,,,,,,,,,,False,,,,,,,False
gru,zero,4,2.0,0.01090123338870439,0.008277990033222826,0.005626681893687757,0.0091514129271018,5,0.0009999999999999992,False,,,,,,,,,,False,,,,,,,False
gru,zero,4,3.0,0.006659696843853901,0.005491050664451991,0.0031894102990034368,0.005528975152207072,5,0.0012499999999999994,False,,,,,,,,,,False,,,,,,,False
gru,zero,4,4.0,0.005251121262458502,0.003998712624584844,0.002810465116279137,0.0038667773493365363,5,0.002749999999999999,False,,,,,,,,,,False,,,,,,,False
gru,zero,4,5.0,0.0,0.0,0.0,0.0,0,0.0,False,,,,,,,,,,False,,,,,,,False
gru,zero,4,6.0,0.008420352990033275,0.010766632059800885,0.0037498546511628428,0.007084971206123702,5,0.0024999999999999988,False,,,,,,,,,,False,,,,,,,False
gru,zero,4,7.0,0.0003982142857142934,0.0005151993355482221,-0.0012377076411960175,0.00033433874831849674,3,0.0010000000000000009,False,,,,,,,,,,False,,,,,,,False
gru,zero,4,8.0,4.5651993355533274e-05,5.0872093023235365e-05,-0.0005514119601329748,2.8927314409377124e-05,3,0.0005000000000000004,False,,,,,,,,,,False,,,,,,,False
gru,zero,4,9.0,0.0,0.0,0.0,0.0,0,0.0,False,,,,,,,,,,False,,,,,,,False
gru,zero,4,10.0,0.4198081519933556,0.44652439784053166,0.2954968023255814,0.32728765575934293,5,0.0009999999999999992,True,,,,,,,,,,False,,,,,,,False
gru,zero,4,11.0,2.1951827242627786e-05,5.907392026605063e-05,-9.009551495020585e-05,1.770027530225704e-05,3,0.0007500000000000007,False,,,,,,,,,,False,,,,,,,False
gru,zero,5,1.0,0.0007679651162790901,0.0009718230897010072,-0.0010758305647841082,0.001400732401379745,4,0.0032499999999999994,False,,,,,,,,,,False,,,,,,,False
gru,zero,5,2.0,0.003351021594684411,0.0032678986710963365,0.0019908222591362157,0.0033992059512138574,5,0.0012499999999999994,False,,,,,,,,,,False,,,,,,,False
gru,zero,5,3.0,0.0006372591362126201,0.0008463870431894005,-0.00037518687707649434,0.0003297705845257015,4,0.0007499999999999989,False,,,,,,,,,,False,,,,,,,False
gru,zero,5,4.0,0.0020859053156146333,0.0023296719269103594,0.000689950166113007,0.0012792387221032485,5,0.0017499999999999998,False,,,,,,,,,,False,,,,,,,False
gru,zero,5,5.0,0.0,0.0,0.0,0.0,0,0.0,False,,,,,,,,,,False,,,,,,,False
gru,zero,5,6.0,-0.004097898671096367,-0.004051619601328937,-0.004716590531561482,-0.0027768252462304853,0,0.0007500000000000007,False,,,,,,,,,,False,,,,,,,False
gru,zero,5,7.0,-0.00042313538205981385,-0.0005999792358804545,-0.0008426287375415953,-0.0004000102381438886,1,0.0010000000000000009,False,,,,,,,,,,False,,,,,,,False
gru,zero,5,8.0,-9.484219269103588e-05,-0.00011546926910299682,-0.0004259136212624859,-0.00011627433118568397,2,0.0009999999999999992,False,,,,,,,,,,False,,,,,,,False
gru,zero,5,9.0,0.0,0.0,0.0,0.0,0,0.0,False,,,,,,,,,,False,,,,,,,False
gru,zero,5,10.0,-0.0002097840531561479,-0.00020066445182731485,-0.00041303986710961027,-0.00022577575104913982,1,0.0007500000000000007,False,,,,,,,,,,False,,,,,,,False
gru,zero,5,11.0,0.0005731270764119612,0.0005447051495016675,-0.00026800249169439683,0.0002002871839018372,4,0.0005000000000000004,False,,,,,,,,,,False,,,,,,,False
gru,zero,6,1.0,-6.714285714291002e-05,-6.694352159464234e-05,-9.476744186043273e-05,-2.6672400431992928e-05,0,0.002,False,,,,,,,,,,False,,,,,,,False
gru,zero,6,2.0,-6.903654485053145e-05,-7.80315614617999e-05,-7.927740863789001e-05,-3.0478880818574083e-05,0,0.0012499999999999994,False,,,,,,,,,,False,,,,,,,False
gru,zero,6,3.0,-8.388704318944562e-05,-7.275747508306285e-05,-0.00012039036544864157,-2.6021527108865962e-05,0,0.0012499999999999994,False,,,,,,,,,,False,,,,,,,False
gru,zero,6,4.0,-1.5307308970058388e-05,-5.938538205962907e-06,-3.978405315596678e-05,-6.8026579109536914e-06,1,0.0007500000000000007,False,,,,,,,,,,False,,,,,,,False
gru,zero,6,5.0,0.0,0.0,0.0,0.0,0,0.0,False,,,,,,,,,,False,,,,,,,False
gru,zero,6,6.0,-4.28571428572333e-06,-1.702657807411967e-06,-2.6121262458378425e-05,-3.4692106294142987e-06,2,0.0002500000000000002,False,,,,,,,,,,False,,,,,,,False
gru,zero,6,7.0,-1.779900332226081e-05,-8.720930232630764e-06,-4.040697674423388e-05,-6.144882914060901e-06,1,0.0007500000000000007,False,,,,,,,,,,False,,,,,,,False
gru,zero,6,8.0,-1.5456810631220287e-05,-1.5323920265819524e-05,-4.1901993355408784e-05,-5.173164362437532e-06,2,0.0005000000000000004,False,,,,,,,,,,False,,,,,,,False
gru,zero,6,9.0,0.0,0.0,0.0,0.0,0,0.0,False,,,,,,,,,,False,,,,,,,False
gru,zero,6,10.0,-1.486710963451987e-05,-1.0465116279001485e-05,-4.784053156137169e-05,-6.017763661514408e-06,1,0.0005000000000000004,False,,,,,,,,,,False,,,,,,,False
gru,zero,6,11.0,7.217607973464268e-06,5.64784053158629e-06,-4.983388703916347e-07,2.389213360420861e-06,3,0.0007499999999999989,False,,,,,,,,,,False,,,,,,,False
gru,zero,7,1.0,-4.8787375415293435e-05,-4.576411960111049e-05,-7.703488372101663e-05,-3.657133008143632e-05,0,0.00375,False,,,,,,,,,,False,,,,,,,False
gru,zero,7,2.0,-5.6187707641042195e-06,1.8272425250653868e-06,-7.869601328891473e-05,-9.310942577833714e-07,3,0.0012499999999999994,False,,,,,,,,,,False,,,,,,,False
gru,zero,7,3.0,3.589700996680101e-05,4.929401993358784e-05,6.60299003318876e-06,1.7428619327319873e-05,5,0.0014999999999999996,False,,,,,,,,,,False,,,,,,,False
gru,zero,7,4.0,0.4158055149501661,0.414602657807309,0.39765639534883723,0.2951578355298696,5,0.0025000000000000005,True,,,,,,,,,,False,,,,,,,False
gru,zero,7,5.0,0.0,0.0,0.0,0.0,0,0.0,False,,,,,,,,,,False,,,,,,,False
gru,zero,7,6.0,6.879152823922042e-05,7.58305647839963e-05,3.131229235875388e-05,2.521793569434383e-05,5,0.002,False,,,,,,,,,,False,,,,,,,False
gru,zero,7,7.0,-2.98089700996762e-05,-3.0730897010000646e-05,-4.1777408637755364e-05,-1.4196293082457955e-05,0,0.0012499999999999994,False,,,,,,,,,,False,,,,,,,False
gru,zero,7,8.0,-1.4850498338825346e-05,-2.450166112999419e-06,-5.444352159456045e-05,-5.059190371325961e-06,2,0.0007499999999999989,False,,,,,,,,,,False,,,,,,,False
gru,zero,7,9.0,0.0,0.0,0.0,0.0,0,0.0,False,,,,,,,,,,False,,,,,,,False
gru,zero,7,10.0,2.2840531561652e-06,4.152823920189341e-06,-1.8895348837255632e-05,4.320561340254159e-07,3,0.0010000000000000009,False,,,,,,,,,,False,,,,,,,False
gru,zero,7,11.0,-8.181063122880693e-06,-4.858803986595994e-06,-2.5290697674429374e-05,-3.061653638303241e-06,1,0.0005000000000000004,False,,,,,,,,,,False,,,,,,,False
gru,zero,8,1.0,9.333471760797352e-05,0.00016582225913641668,-0.00027317275747507086,0.00011128629627108478,3,0.0009999999999999992,False,,,,,,,,,,False,,,,,,,False
gru,zero,8,2.0,0.0005304983388705109,0.0004850498338871967,0.00018372093023255598,0.00026155970979881984,5,0.0012499999999999994,False,,,,,,,,,,False,,,,,,,False
gru,zero,8,3.0,-0.0003349626245847226,-0.00032655730897002133,-0.0005818521594683768,-0.00019222764637814028,0,0.0025000000000000005,False,,,,,,,,,,False,,,,,,,False
gru,zero,8,4.0,0.0004170598006645321,0.0004494808970100239,0.0001830564784052191,0.00019045607927934416,5,0.0012499999999999994,False,,,,,,,,,,False,,,,,,,False
gru,zero,8,5.0,0.0,0.0,0.0,0.0,0,0.0,False,,,,,,,,,,False,,,,,,,False
gru,zero,8,6.0,-6.556893687701404e-05,2.4086378737631087e-05,-0.0004392857142855311,-1.1141521773994078e-05,3,0.001999999999999999,False,,,,,,,,,,False,,,,,,,False
gru,zero,8,7.0,0.00010204318936886114,7.304817275766151e-05,-2.188538205960544e-05,7.484714738432707e-05,4,0.0015000000000000013,False,,,,,,,,,,False,,,,,,,False
gru,zero,8,8.0,9.822259136220702e-05,3.2807308970039806e-05,1.5780730898695694e-06,6.161528276533712e-05,5,0.0005000000000000004,False,,,,,,,,,,False,,,,,,,False
gru,zero,8,9.0,0.0,0.0,0.0,0.0,0,0.0,False,,,,,,,,,,False,,,,,,,False
gru,zero,8,10.0,2.7969269103045314e-05,3.936877076426981e-05,-6.968438538201838e-05,1.837952519017083e-05,3,0.0005000000000000004,False,,,,,,,,,,False,,,,,,,False
gru,zero,8,11.0,3.469269102998052e-05,5.0768272425227856e-05,-5.8762458471695034e-05,1.785200300974399e-05,3,0.0005000000000000004,False,,,,,,,,,,False,,,,,,,False
gru,zero,9,1.0,0.008238010797342188,0.008665386212624582,0.007167317275747487,0.006276877013028925,5,0.0025000000000000005,False,,,,,,,,,,False,,,,,,,False
gru,zero,9,2.0,0.006427429401993345,0.007213995016611352,0.00424661544850502,0.012108226387286859,5,0.0012500000000000011,False,,,,,,,,,,False,,,,,,,False
gru,zero,9,3.0,-0.0009575456810631211,-0.001026806478405362,-0.0016286129568106045,-0.00047570664249683146,0,0.0014999999999999996,False,,,,,,,,,,False,,,,,,,False
gru,zero,9,4.0,0.0025670182724252476,0.002777740863787348,0.0018301495016611602,0.0020832286147391965,5,0.0024999999999999988,False,,,,,,,,,,False,,,,,,,False
gru,zero,9,5.0,0.0,0.0,0.0,0.0,0,0.0,False,,,,,,,,,,False,,,,,,,False
gru,zero,9,6.0,-0.0029050498338870634,-0.0028110880398670712,-0.003652990033222614,-0.002685054757314664,0,0.0005000000000000004,False,,,,,,,,,,False,,,,,,,False
gru,zero,9,7.0,-0.0005533471760797548,-0.0005677325581395776,-0.0009217400332226511,-8.755139157781144e-05,1,0.0014999999999999996,False,,,,,,,,,,False,,,,,,,False
gru,zero,9,8.0,3.0303156146183065e-05,0.00010705980066438858,-0.0002815406976743873,4.508791981934212e-05,3,0.0009999999999999992,False,,,,,,,,,,False,,,,,,,False
gru,zero,9,9.0,0.0,0.0,0.0,0.0,0,0.0,False,,,,,,,,,,False,,,,,,,False
gru,zero,9,10.0,0.00043835132890364116,0.00024350083056479122,-2.464700996684943e-05,0.0007685128608703184,4,0.0012499999999999994,False,,,,,,,,,,False,,,,,,,False
gru,zero,9,11.0,-2.894518272427149e-05,-5.145348837209962e-05,-0.00020201411960130145,6.184973379317338e-05,2,0.0009999999999999992,False,,,,,,,,,,False,,,,,,,False
gru,zero,10,1.0,0.006315739202657755,0.005681519933554813,0.004940614617940264,0.0039008266157923633,5,0.006500000000000001,False,,,,,,,,,,False,,,,,,,False
gru,zero,10,2.0,0.008293941029900354,0.008756561461794043,0.00499107142857147,0.005201775885661753,5,0.011000000000000001,False,,,,,,,,,,False,,,,,,,False
gru,zero,10,3.0,0.0023823380398670492,0.002174792358803801,0.0020286129568104494,0.0014488534585134216,5,0.0007500000000000007,False,,,,,,,,,,False,,,,,,,False
gru,zero,10,4.0,0.0021801702657806787,0.002177761627907171,0.0013802533222589952,0.0012198294195896685,5,0.002,False,,,,,,,,,,False,,,,,,,False
gru,zero,10,5.0,0.0,0.0,0.0,0.0,0,0.0,False,,,,,,,,,,False,,,,,,,False
gru,zero,10,6.0,0.0031084219269102986,0.0030047134551494104,0.0025509966777408355,0.0017108403556611363,5,0.0009999999999999992,False,,,,,,,,,,False,,,,,,,False
gru,zero,10,7.0,0.0009907724252491644,0.0010180232558140156,-1.0465116279001485e-05,0.0006214533302985493,4,0.0012499999999999994,False,,,,,,,,,,False,,,,,,,False
gru,zero,10,8.0,0.00015781146179398852,0.00019875415282399889,3.6337209300407736e-06,0.00010592265686777402,5,0.0007500000000000007,False,,,,,,,,,,False,,,,,,,False
gru,zero,10,9.0,0.0,0.0,0.0,0.0,0,0.0,False,,,,,,,,,,False,,,,,,,False
gru,zero,10,10.0,-3.3176910298959863e-05,-5.571013289018545e-05,-0.00012745016611315219,-1.2370302197295401e-05,1,0.0005000000000000004,False,,,,,,,,,,False,,,,,,,False
gru,zero,10,11.0,0.00016709717607972242,0.00016698504983381213,6.499169435181251e-06,9.698602992322947e-05,5,0.0012499999999999994,False,,,,,,,,,,False,,,,,,,False
gru,zero,11,1.0,0.002148010797342259,0.0017028862126248212,0.0009994808970099633,0.0012860309706090422,5,0.003,False,,,,,,,,,,False,,,,,,,False
gru,zero,11,2.0,0.0028032184385382575,0.0026096137873753422,0.0009033014950166063,0.0016942696630696918,5,0.002,False,,,,,,,,,,False,,,,,,,False
gru,zero,11,3.0,0.001196420265780751,0.001192379568106361,0.0006792151162789972,0.0006528446866973514,5,0.0019999999999999983,False,,,,,,,,,,False,,,,,,,False
gru,zero,11,4.0,0.0013774044850498601,0.0012273878737542043,0.0008086794019933619,0.000737816788778689,5,0.002,False,,,,,,,,,,False,,,,,,,False
gru,zero,11,5.0,0.0,0.0,0.0,0.0,0,0.0,False,,,,,,,,,,False,,,,,,,False
gru,zero,11,6.0,-0.0009595265780730333,-0.0003495431893686396,-0.002761669435215941,-0.0005436439730737375,1,0.0017499999999999998,False,,,,,,,,,,False,,,,,,,False
gru,zero,11,7.0,-0.00036056478405308565,-0.00020168189368785505,-0.0008121885382059713,-0.00019140585446366653,0,0.0010000000000000009,False,,,,,,,,,,False,,,,,,,False
gru,zero,11,8.0,8.820598006686886e-06,-7.059800665176752e-07,-0.00011777408637869691,1.3802144366859004e-05,2,0.0005000000000000004,False,,,,,,,,,,False,,,,,,,False
gru,zero,11,9.0,0.0,0.0,0.0,0.0,0,0.0,False,,,,,,,,,,False,,,,,,,False
gru,zero,11,10.0,0.023948455149501703,0.02360629152823923,0.020635382059800644,0.013356135317771823,5,0.0002500000000000002,True,,,,,,,,,,False,,,,,,,False
gru,zero,11,11.0,-7.497093023254298e-05,-5.157807308964202e-05,-0.0002143272425249032,-4.245759640630897e-05,1,0.0002500000000000002,False,,,,,,,,,,False,,,,,,,False
gru,zero,12,1.0,0.019491117109634536,0.018288808139534818,0.016828156146179385,0.014330581607021853,5,0.002,False,,,,,,,,,,False,,,,,,,False
gru,zero,12,2.0,0.021387578903654458,0.02069345930232558,0.016922508305647788,0.016064579768424903,5,0.0017499999999999998,True,,,,,,,,,,False,,,,,,,False
gru,zero,12,3.0,0.005832225913621247,0.005932392026578026,0.004894165282391949,0.004191162946435312,5,0.0014999999999999996,False,,,,,,,,,,False,,,,,,,False
gru,zero,12,4.0,0.008354680232558098,0.00908766611295675,0.006812043189368677,0.00626254108574309,5,0.0024999999999999988,False,,,,,,,,,,False,,,,,,,False
gru,zero,12,5.0,0.0,0.0,0.0,0.0,0,0.0,False,,,,,,,,,,False,,,,,,,False
gru,zero,12,6.0,-0.0042378405315614655,-0.004596781561461816,-0.009712873754152862,-0.0023787190880277366,0,0.0009999999999999992,False,,,,,,,,,,False,,,,,,,False
gru,zero,12,7.0,-0.00047835548172761035,-0.00041029900332234526,-0.0015384759136213288,-0.00048563274423352176,2,0.002,False,,,,,,,,,,False,,,,,,,False
gru,zero,12,8.0,-5.379983388709153e-05,-4.464285714322891e-06,-0.00032612126245856743,-2.5142038128400655e-05,2,0.0009999999999999992,False,,,,,,,,,,False,,,,,,,False
gru,zero,12,9.0,0.0,0.0,0.0,0.0,0,0.0,False,,,,,,,,,,False,,,,,,,False
gru,zero,12,10.0,0.00013945598006643857,7.174003322263367e-05,-0.0005018687707641911,0.00013829557108093748,4,0.0010000000000000009,False,,,,,,,,,,False,,,,,,,False
gru,zero,12,11.0,0.00043279069767441223,0.0003495847176079314,-3.0045681063128882e-05,0.00024178749753651642,4,0.0009999999999999992,False,,,,,,,,,,False,,,,,,,False
gru,zero,13,1.0,0.0011836794019932872,0.0010732973421926362,0.0008904069767439182,0.0005710802213480859,5,0.0027500000000000007,False,,,,,,,,,,False,,,,,,,False
gru,zero,13,2.0,0.0013991445182724327,0.0014208056478406395,0.0009850498338869196,0.0005610640566132696,5,0.004,False,,,,,,,,,,False,,,,,,,False
gru,zero,13,3.0,-0.00023810215946844514,-0.0002190822259136027,-0.00034979235880405746,-3.588044880435959e-05,0,0.0017499999999999998,False,,,,,,,,,,False,,,,,,,False
gru,zero,13,4.0,0.00012328073089695746,4.997923588034858e-05,-2.823920265793145e-05,8.251830509786728e-05,4,0.0012500000000000011,False,,,,,,,,,,False,,,,,,,False
gru,zero,13,5.0,0.0,0.0,0.0,0.0,0,0.0,False,,,,,,,,,,False,,,,,,,False
gru,zero,13,6.0,-0.0002314742524917257,-0.00025321843853820525,-0.0003675664451827654,-9.555572702761861e-05,0,0.002,False,,,,,,,,,,False,,,,,,,False
gru,zero,13,7.0,9.575581395351306e-05,0.00010371677740850238,3.450996677722973e-05,5.2959062033930414e-05,5,0.0012499999999999994,False,,,,,,,,,,False,,,,,,,False
gru,zero,13,8.0,5.078903654531786e-06,3.239202657989715e-06,-8.554817275752136e-05,5.41791531483149e-06,3,0.0007499999999999989,False,,,,,,,,,,False,,,,,,,False
gru,zero,13,9.0,0.0,0.0,0.0,0.0,0,0.0,False,,,,,,,,,,False,,,,,,,False
gru,zero,13,10.0,2.6602990033186556e-05,1.8480066445225596e-05,-5.685215946837907e-05,1.8223953428830875e-05,3,0.0007499999999999989,False,,,,,,,,,,False,,,,,,,False
gru,zero,13,11.0,-2.5386212624578518e-05,-5.147425249163451e-05,-0.00011245847176077906,-4.533813339113734e-06,1,0.0005000000000000004,False,,,,,,,,,,False,,,,,,,False
gru,zero,14,1.0,0.00045148671096351123,0.00014381229235893578,2.6411960132977086e-05,0.0002819954866987162,5,0.0017499999999999998,False,,,,,,,,,,False,,,,,,,False
gru,zero,14,2.0,0.0006966112956810378,0.0002003737541528272,8.563122923577193e-05,0.00044701972379850296,5,0.002999999999999999,False,,,,,,,,,,False,,,,,,,False
gru,zero,14,3.0,0.0002101661129568333,0.00014372923588035214,4.667774086408727e-05,0.00012387353094953646,5,0.002,False,,,,,,,,,,False,,,,,,,False
gru,zero,14,4.0,2.8887043189373962e-05,-0.00012300664451825316,-0.00015340531561436332,5.2368641709787946e-05,2,0.0022499999999999985,False,,,,,,,,,,False,,,,,,,False
gru,zero,14,5.0,0.0,0.0,0.0,0.0,0,0.0,False,,,,,,,,,,False,,,,,,,False
gru,zero,14,6.0,0.00017720099667777322,8.646179401994303e-05,-2.4418604651188502e-05,0.00010569459971461192,4,0.0012499999999999994,False,,,,,,,,,,False,,,,,,,False
gru,zero,14,7.0,8.305647840489705e-06,7.101328903580395e-06,-7.267441860303592e-06,5.9869522394118135e-06,3,0.0012499999999999994,False,,,,,,,,,,False,,,,,,,False
gru,zero,14,8.0,-1.156561461792549e-05,4.775747508345418e-06,-5.9946013289069455e-05,-3.604760798880946e-06,3,0.0005000000000000004,False,,,,,,,,,,False,,,,,,,False
gru,zero,14,9.0,0.0,0.0,0.0,0.0,0,0.0,False,,,,,,,,,,False,,,,,,,False
gru,zero,14,10.0,0.0004954069767442393,0.00020282392026604867,8.25996677741303e-05,0.0003094615336975526,5,0.0005000000000000004,False,,,,,,,,,,False,,,,,,,False
gru,zero,14,11.0,4.526578073082988e-06,1.2915282392000904e-05,-2.234219269103832e-05,1.2716944926660645e-06,3,0.0007500000000000007,False,,,,,,,,,,False,,,,,,,False
gru,zero,15,1.0,0.0030094186046511597,0.0036775747508305257,0.0008825373754153265,0.0037147711365325352,5,0.002,False,,,,,,,,,,False,,,,,,,False
gru,zero,15,2.0,0.009068235049833872,0.0096352159468438,0.006710589700996694,0.009203544421090282,5,0.0014999999999999996,False,,,,,,,,,,False,,,,,,,False
gru,zero,15,3.0,0.004844310631229231,0.005067566445182692,0.003852159468438532,0.006211950992199911,5,0.0045000000000000005,False,,,,,,,,,,False,,,,,,,False
gru,zero,15,4.0,0.002425141196013292,0.0024954111295680814,0.0018489202657807624,0.002051482435318497,5,0.0007499999999999989,False,,,,,,,,,,False,,,,,,,False
gru,zero,15,5.0,0.0,0.0,0.0,0.0,0,0.0,False,,,,,,,,,,False,,,,,,,False
gru,zero,15,6.0,0.00029004568106312246,-3.7396179402016116e-05,-0.0009703073089700753,-3.3382035337559125e-05,2,0.0017499999999999998,False,,,,,,,,,,False,,,,,,,False
gru,zero,15,7.0,0.0005452450166112844,0.0004332641196013176,-0.0001479443521594792,0.00018669291910806686,4,0.0009999999999999992,False,,,,,,,,,,False,,,,,,,False
gru,zero,15,8.0,2.8181063122900695e-05,4.929401993358784e-05,-0.0002535714285715196,-5.3678306732884985e-05,3,0.0007499999999999989,False,,,,,,,,,,False,,,,,,,False
gru,zero,15,9.0,0.0,0.0,0.0,0.0,0,0.0,False,,,,,,,,,,False,,,,,,,False
gru,zero,15,10.0,-9.253737541528028e-05,-0.00013612956810626908,-0.0002948504983388833,-0.0002303006975278299,1,0.0007500000000000007,False,,,,,,,,,,False,,,,,,,False
gru,zero,15,11.0,-0.00012583056478405742,-1.231312292360176e-05,-0.0005998754152823915,-4.606745795354694e-05,2,0.0005000000000000004,False,,,,,,,,,,False,,,,,,,False
gru,zero,16,1.0,0.0026078073089701006,0.001961669435215918,0.0015728405315614813,0.003247485420807128,5,0.0024999999999999988,False,,,,,,,,,,False,,,,,,,False
gru,zero,16,2.0,0.00425540697674418,0.0037348421926910458,0.003288932724252458,0.0018671259407841978,5,0.0024999999999999988,False,,,,,,,,,,False,,,,,,,False
gru,zero,16,3.0,-0.002775490033222594,-0.0028042151162790407,-0.003378176910299069,-0.00100016613473084,0,0.0017499999999999998,False,,,,,,,,,,False,,,,,,,False
gru,zero,16,4.0,0.0036918313953488322,0.0036300872093023573,0.003274563953488352,0.0038694068467810096,5,0.0017500000000000016,False,,,,,,,,,,False,,,,,,,False
gru,zero,16,5.0,0.0,0.0,0.0,0.0,0,0.0,False,,,,,,,,,,False,,,,,,,False
gru,zero,16,6.0,0.002109725913621241,0.0019533845514949633,0.0014834302325581472,0.001606103696006822,5,0.002,False,,,,,,,,,,False,,,,,,,False
gru,zero,16,7.0,0.000220502491694341,9.071843853813988e-05,-0.0003471760797342238,0.0004159255005565576,3,0.0007499999999999989,False,,,,,,,,,,False,,,,,,,False
gru,zero,16,8.0,-2.9385382059810005e-05,-8.482142857146879e-05,-0.00014462209302323892,1.0825902746880445e-05,1,0.0009999999999999992,False,,,,,,,,,,False,,,,,,,False
gru,zero,16,9.0,0.0,0.0,0.0,0.0,0,0.0,False,,,,,,,,,,False,,,,,,,False
gru,zero,16,10.0,-8.91320598006562e-05,-0.00013114617940190865,-0.0002756229235880703,-0.00011407675809165241,1,0.0007499999999999989,False,,,,,,,,,,False,,,,,,,False
gru,zero,16,11.0,0.00022727159468436398,0.00014154900332219444,5.12873754152654e-05,-1.6269591643847114e-05,5,0.0007500000000000007,False,,,,,,,,,,False,,,,,,,False
gru,zero,17,1.0,1.2533222591337711e-05,-7.084717607985791e-05,-0.000765739202657878,0.00016575610207270053,2,0.00425,False,,,,,,,,,,False,,,,,,,False
gru,zero,17,2.0,0.000671698504983409,0.0005563953488372242,-0.0001679194352157687,0.0004900222764068652,4,0.0055,False,,,,,,,,,,False,,,,,,,False
gru,zero,17,3.0,-0.00022463455149501765,-0.00010772425249183648,-0.00044404069767445264,-6.417020158000497e-06,0,0.0015000000000000005,False,,,,,,,,,,False,,,,,,,False
gru,zero,17,4.0,0.00018852990033222384,0.00022396179401995564,-5.786960132880825e-05,9.94704415909542e-05,4,0.0012500000000000002,False,,,,,,,,,,False,,,,,,,False
gru,zero,17,5.0,0.0,0.0,0.0,0.0,0,0.0,False,,,,,,,,,,False,,,,,,,False
gru,zero,17,6.0,0.0007743770764119917,0.0008146179401995468,0.00026758720930220026,0.00029669316229645747,5,0.002,False,,,,,,,,,,False,,,,,,,False
gru,zero,17,7.0,-0.0003290822259136128,-0.0003234219269103722,-0.0005175872093023948,-0.00014379572271174811,0,0.0010000000000000009,False,,,,,,,,,,False,,,,,,,False
gru,zero,17,8.0,9.551495016668632e-06,-2.117940199330981e-06,-7.27574750828408e-05,8.857139220319609e-06,2,0.0007499999999999998,False,,,,,,,,,,False,,,,,,,False
gru,zero,17,9.0,0.0,0.0,0.0,0.0,0,0.0,False,,,,,,,,,,False,,,,,,,False
gru,zero,17,10.0,-6.430647840531823e-05,-0.00014547342192705592,-0.00031673588039882183,-2.9726474011715353e-05,1,0.0007500000000000007,False,,,,,,,,,,False,,,,,,,False
gru,zero,17,11.0,-6.0448504983412475e-05,-6.181478405320462e-05,-0.00017508305647839784,-1.6752462334368447e-05,1,0.0004999999999999987,False,,,,,,,,,,False,,,,,,,False
gru,zero,18,1.0,0.006720170265780712,0.006615012458471736,0.005933035714285717,0.004084862688785029,5,0.0025000000000000005,False,,,,,,,,,,False,,,,,,,False
gru,zero,18,2.0,0.008632807308970114,0.008344539036544862,0.007086980897009987,0.0053849308519048344,5,0.0017499999999999998,False,,,,,,,,,,False,,,,,,,False
gru,zero,18,3.0,0.0016615116279069752,0.0016460963455150468,0.0013527408637873384,0.0010459330268184797,5,0.002,False,,,,,,,,,,False,,,,,,,False
gru,zero,18,4.0,0.0036846220930232486,0.0036281146179402146,0.0028202865448504477,0.002243355909755018,5,0.002749999999999999,False,,,,,,,,,,False,,,,,,,False
gru,zero,18,5.0,0.0,0.0,0.0,0.0,0,0.0,False,,,,,,,,,,False,,,,,,,False
gru,zero,18,6.0,0.0016369975083056377,0.0015976951827242347,0.0012699750830564849,0.0008912650904150388,5,0.0024999999999999988,False,,,,,,,,,,False,,,,,,,False
gru,zero,18,7.0,4.737126245846213e-05,-6.310215946847553e-05,-0.0016789244186046215,5.359524096570922e-05,2,0.0007499999999999989,False,,,,,,,,,,False,,,,,,,False
gru,zero,18,8.0,8.556893687705625e-05,-5.1225083056549714e-05,-0.00017753322259139726,6.616736022502234e-05,2,0.0012499999999999994,False,,,,,,,,,,False,,,,,,,False
gru,zero,18,9.0,0.0,0.0,0.0,0.0,0,0.0,False,,,,,,,,,,False,,,,,,,False
gru,zero,18,10.0,-0.0005522134551495083,-0.0006601328903653725,-0.001120681063122908,-0.0003512167681907652,1,0.0005000000000000004,False,,,,,,,,,,False,,,,,,,False
gru,zero,18,11.0,6.023255813951689e-05,4.831810631222844e-05,-0.00018058554817279582,2.4402643589205297e-05,3,0.0019999999999999983,False,,,,,,,,,,False,,,,,,,False
gru,zero,19,1.0,0.005485390365448506,0.004953758305647815,0.0029816237541527846,0.0035959537402377563,5,0.00375,False,,,,,,,,,,False,,,,,,,False
gru,zero,19,2.0,0.008296129568106348,0.00725664451827257,0.0059479443521593955,0.005210341880817371,5,0.0017499999999999998,False,,,,,,,,,,False,,,,,,,False
gru,zero,19,3.0,0.001087479235880373,0.001107786544850442,0.0008623338870431541,0.0007582613367270064,5,0.002,False,,,,,,,,,,False,,,,,,,False
gru,zero,19,4.0,0.002078442691029969,0.0021385797342193813,0.0013133720930234016,0.001254316452435389,5,0.0014999999999999996,False,,,,,,,,,,False,,,,,,,False
gru,zero,19,5.0,0.0,0.0,0.0,0.0,0,0.0,False,,,,,,,,,,False,,,,,,,False
gru,zero,19,6.0,0.0010019186046511751,0.0009802325581393934,0.0003621262458471941,0.0006152337571685429,5,0.0007500000000000007,False,,,,,,,,,,False,,,,,,,False
gru,zero,19,7.0,0.07627120431893689,0.06968031561461807,0.06232279900332227,0.045157317367839414,5,0.0010000000000000009,True,,,,,,,,,,False,,,,,,,False
gru,zero,19,8.0,0.07110468438538206,0.07067705564784055,0.06587475083056482,0.04274463161431179,5,0.0007500000000000007,True,,,,,,,,,,False,,,,,,,False
gru,zero,19,9.0,0.0,0.0,0.0,0.0,0,0.0,False,,,,,,,,,,False,,,,,,,False
gru,zero,19,10.0,-0.00014348006644515632,-0.00012520764119605676,-0.0004417566445181764,-6.372889328440934e-05,2,0.0005000000000000004,False,,,,,,,,,,False,,,,,,,False
gru,zero,19,11.0,-5.9593023256310215e-06,3.064784053163905e-05,-0.00018355481727583278,-5.542147180870316e-06,3,0.0005000000000000004,False,,,,,,,,,,False,,,,,,,False
gru,zero,20,1.0,-0.0003312624584717261,-0.00015423588039864544,-0.000833803986710957,-0.00011287970500482026,0,0.0024999999999999988,False,,,,,,,,,,False,,,,,,,False
gru,zero,20,2.0,0.000443916112956888,0.0003219269102991973,0.0001353405315613898,0.00032353866491168225,5,0.0037500000000000007,False,,,,,,,,,,False,,,,,,,False
gru,zero,20,3.0,0.00020138704318946045,0.0002246262458471815,-4.115448504959929e-05,0.00012248252197666343,4,0.002,False,,,,,,,,,,False,,,,,,,False
gru,zero,20,4.0,8.309800664456635e-05,9.470514950182807e-05,-7.072259136220449e-05,8.204028899845283e-05,3,0.0024999999999999996,False,,,,,,,,,,False,,,,,,,False
gru,zero,20,5.0,0.0,0.0,0.0,0.0,0,0.0,False,,,,,,,,,,False,,,,,,,False
gru,zero,20,6.0,0.0003841196013289583,0.0004352367109634603,0.00019634551495018027,0.00019821508041035775,5,0.0022499999999999985,False,,,,,,,,,,False,,,,,,,False
gru,zero,20,7.0,0.00036575581395354996,0.0003613787375413846,-2.2217607972274678e-06,0.0002681464949738421,4,0.0009999999999999992,False,,,,,,,,,,False,,,,,,,False
gru,zero,20,8.0,1.7304817275731742e-05,2.9194352159422898e-05,-0.00011227159468440995,1.2090071106674039e-05,4,0.0009999999999999992,False,,,,,,,,,,False,,,,,,,False
gru,zero,20,9.0,0.0,0.0,0.0,0.0,0,0.0,False,,,,,,,,,,False,,,,,,,False
gru,zero,20,10.0,-1.8463455149508868e-05,-5.116279069761198e-05,-0.00021436877076419503,3.3756283507990757e-06,2,0.0007500000000000007,False,,,,,,,,,,False,,,,,,,False
gru,zero,20,11.0,-1.1702657807255434e-05,-4.325166112939538e-05,-8.612956810605255e-05,4.365128784677985e-06,1,0.0012499999999999994,False,,,,,,,,,,False,,,,,,,False
gru,zero,21,1.0,-0.009328629568106307,-0.00887512458471762,-0.012037396179402027,-0.0107767393722507,0,0.004749999999999999,False,,,,,,,,,,False,,,,,,,False
gru,zero,21,2.0,-0.012004983388704338,-0.01295197259136216,-0.013192026578073113,-0.013992869295226428,0,0.00275,False,,,,,,,,,,False,,,,,,,False
gru,zero,21,3.0,0.005061428571428583,0.0050392649501661,0.0034796303986711075,0.004419342304233154,5,0.002749999999999999,False,,,,,,,,,,False,,,,,,,False
gru,zero,21,4.0,0.0023644310631229515,0.002399979235880423,0.0017612126245847293,0.0015243913162948709,5,0.0017500000000000016,False,,,,,,,,,,False,,,,,,,False
gru,zero,21,5.0,0.0,0.0,0.0,0.0,0,0.0,False,,,,,,,,,,False,,,,,,,False
gru,zero,21,6.0,0.002643999169435218,0.002842317275747519,0.0014660921926910042,0.0022063235108669586,5,0.0022500000000000003,False,,,,,,,,,,False,,,,,,,False
gru,zero,21,7.0,-0.00011689784053152686,1.4410299003397853e-05,-0.00047915282392019254,-0.0002853606820106158,3,0.0009999999999999992,False,,,,,,,,,,False,,,,,,,False
gru,zero,21,8.0,8.57475083056558e-05,-1.4597176079655938e-05,-0.00019584717607978863,-0.00016399008987664221,2,0.0009999999999999992,False,,,,,,,,,,False,,,,,,,False
gru,zero,21,9.0,0.0,0.0,0.0,0.0,0,0.0,False,,,,,,,,,,False,,,,,,,False
gru,zero,21,10.0,9.251245847178292e-05,0.00011596760797349948,-6.146179402000129e-05,-0.00010582176659896802,3,0.0009999999999999992,False,,,,,,,,,,False,,,,,,,False
gru,zero,21,11.0,0.00045594269102988694,0.00024053156146180976,-6.125415282443036e-06,0.00026002992353333363,4,0.0005000000000000004,False,,,,,,,,,,False,,,,,,,False
gru,zero,22,1.0,0.007617915282392041,0.007374044850498418,0.0069815406976744265,0.0017460270771279874,5,0.004,False,,,,,,,,,,False,,,,,,,False
gru,zero,22,2.0,0.0033819310631229226,0.003170141196013221,0.0018671511627906812,0.005379663813627045,5,0.0024999999999999988,False,,,,,,,,,,False,,,,,,,False
gru,zero,22,3.0,0.0009875124584717509,0.0010009136212625336,0.00042230066445181347,-0.00011683187153097574,5,0.0015000000000000013,False,,,,,,,,,,False,,,,,,,False
gru,zero,22,4.0,0.005264364617940198,0.005238745847176096,0.004734094684385459,0.006896127954567755,5,0.0025000000000000005,False,,,,,,,,,,False,,,,,,,False
gru,zero,22,5.0,0.0,0.0,0.0,0.0,0,0.0,False,,,,,,,,,,False,,,,,,,False
gru,zero,22,6.0,-0.007348151993355456,-0.0072172757475083005,-0.009464638704318906,-0.005561714228394199,0,0.0022500000000000003,False,,,,,,,,,,False,,,,,,,False
gru,zero,22,7.0,0.0004186254152823921,0.00033810215946838973,0.00018567275747516376,0.0006963463791342494,5,0.0007499999999999989,False,,,,,,,,,,False,,,,,,,False
gru,zero,22,8.0,-2.9754983388707857e-05,8.511212624584541e-05,-0.0007358596345515833,0.0002021904778181538,3,0.0009999999999999992,False,,,,,,,,,,False,,,,,,,False
gru,zero,22,9.0,0.0,0.0,0.0,0.0,0,0.0,False,,,,,,,,,,False,,,,,,,False
gru,zero,22,10.0,0.0005880730897010134,0.00032302740863787704,6.148255813953618e-05,0.0005988048074082152,5,0.0005000000000000004,False,,,,,,,,,,False,,,,,,,False
gru,zero,22,11.0,-2.9190199335538124e-05,0.00016268687707643448,-0.00129090531561471,6.760794989046915e-06,4,0.0015000000000000013,False,,,,,,,,,,False,,,,,,,False
gru,zero,23,1.0,0.007730319767441873,0.007212271594684405,0.005443397009966766,0.006687534093568282,5,0.0014999999999999996,False,,,,,,,,,,False,,,,,,,False
gru,zero,23,2.0,0.014146524086378709,0.01365728820598,0.011981893687707634,0.015360954397993587,5,0.006500000000000001,False,,,,,,,,,,False,,,,,,,False
gru,zero,23,3.0,0.02140235049833883,0.02150292774086371,0.017450975913621214,0.017087681158209623,5,0.0010000000000000009,True,,,,,,,,,,False,,,,,,,False
gru,zero,23,4.0,0.0016822134551494727,0.0017387666112956834,0.000644580564784003,0.001961000843730143,5,0.0025000000000000005,False,,,,,,,,,,False,,,,,,,False
gru,zero,23,5.0,0.0,0.0,0.0,0.0,0,0.0,False,,,,,,,,,,False,,,,,,,False
gru,zero,23,6.0,0.0013078446843853841,0.0011713662790697743,0.000369331395348782,0.0016148193796862165,5,0.0017499999999999998,False,,,,,,,,,,False,,,,,,,False
gru,zero,23,7.0,4.29360465115991e-05,1.87499999999563e-05,-6.73588039867834e-05,0.0001460827061127823,3,0.0007499999999999989,False,,,,,,,,,,False,,,,,,,False
gru,zero,23,8.0,-1.7682724252465754e-05,-3.5112126245850916e-05,-0.0002096553156145653,0.0001047580907410417,1,0.0009999999999999992,False,,,,,,,,,,False,,,,,,,False
gru,zero,23,9.0,0.0,0.0,0.0,0.0,0,0.0,False,,,,,,,,,,False,,,,,,,False
gru,zero,23,10.0,-5.000415282392367e-05,-5.93230897010244e-05,-0.00027863372093028804,-0.00016123009705939494,2,0.0010000000000000009,False,,,,,,,,,,False,,,,,,,False
gru,zero,23,11.0,-8.737956810633829e-05,0.00018116694352154905,-0.0008799833887043196,6.401692950979143e-05,3,0.0005000000000000004,False,,,,,,,,,,False,,,,,,,False
gru,zero,24,1.0,0.06615494601328904,0.06764995847176081,0.054756872923587996,0.039005001288733056,5,0.0025000000000000005,True,,,,,,,,,,False,,,,,,,False
gru,zero,24,2.0,0.0038899792358803474,0.003709011627906822,0.0033590323920266174,0.002181993257665771,5,0.002749999999999999,False,,,,,,,,,,False,,,,,,,False
gru,zero,24,3.0,0.0014528488372092863,0.0014230897009966936,0.0011632682724251886,0.0007791390003916154,5,0.0022500000000000003,False,,,,,,,,,,False,,,,,,,False
gru,zero,24,4.0,0.0012211918604651873,0.0012560631229235897,0.00044287790697683516,0.0006184801649844696,5,0.0024999999999999996,False,,,,,,,,,,False,,,,,,,False
gru,zero,24,5.0,0.0,0.0,0.0,0.0,0,0.0,False,,,,,,,,,,False,,,,,,,False
gru,zero,24,6.0,-0.002647790697674357,-0.0029577242524915226,-0.004508554817275634,-0.0015223229105806092,0,0.0010000000000000009,False,,,,,,,,,,False,,,,,,,False
gru,zero,24,7.0,0.0003518770764119994,0.0004136627906976553,3.907807308978217e-05,0.00019560838166603477,5,0.0014999999999999996,False,,,,,,,,,,False,,,,,,,False
gru,zero,24,8.0,6.227990033222942e-05,0.00015639534883715722,-0.00017796926910285116,2.651082745304123e-05,3,0.0004999999999999987,False,,,,,,,,,,False,,,,,,,False
gru,zero,24,9.0,0.0,0.0,0.0,0.0,0,0.0,False,,,,,,,,,,False,,,,,,,False
gru,zero,24,10.0,9.99127906976316e-05,9.867109634542626e-05,-2.0348837208583603e-06,5.464223418205627e-05,4,0.0012499999999999994,False,,,,,,,,,,False,,,,,,,False
gru,zero,24,11.0,-2.774086378720675e-06,-4.1528239203003636e-07,-0.00013509136212641604,5.435217116289692e-06,2,0.0014999999999999996,False,,,,,,,,,,False,,,,,,,False
gru,zero,25,1.0,0.0084937167774086,0.0076117524916943236,0.00732977574750826,0.005701836095205248,5,0.00375,False,,,,,,,,,,False,,,,,,,False
gru,zero,25,2.0,0.228231823089701,0.2190881021594684,0.2123350083056479,0.1751285274177316,5,0.003,True,,,,,,,,,,False,,,,,,,False
gru,zero,25,3.0,0.0032546553156146186,0.003259572259136201,0.0015917774086380287,0.0022958140361576175,5,0.0032499999999999994,False,,,,,,,,,,False,,,,,,,False
gru,zero,25,4.0,0.005534667774086355,0.005399709302325584,0.004079215116279067,0.0036635148344296596,5,0.0022500000000000003,False,,,,,,,,,,False,,,,,,,False
gru,zero,25,5.0,0.0,0.0,0.0,0.0,0,0.0,False,,,,,,,,,,False,,,,,,,False
gru,zero,25,6.0,0.0029658388704318916,0.0031966154485050247,-0.0017905938538205213,0.0022686254610758683,4,0.002749999999999999,False,,,,,,,,,,False,,,,,,,False
gru,zero,25,7.0,0.0012092691029900403,0.0013419435215946685,-0.0002886835548172595,0.000790686303916388,4,0.0017499999999999998,False,,,,,,,,,,False,,,,,,,False
gru,zero,25,8.0,0.0001658305647840086,0.00028932724252495046,-0.0004518272425249048,0.00011058278306161907,4,0.0007500000000000007,False,,,,,,,,,,False,,,,,,,False
gru,zero,25,9.0,0.0,0.0,0.0,0.0,0,0.0,False,,,,,,,,,,False,,,,,,,False
gru,zero,25,10.0,0.00026995847176078944,0.0004250000000000087,-0.00012547757475078747,0.00019338023227988277,4,0.0005000000000000004,False,,,,,,,,,,False,,,,,,,False
gru,zero,25,11.0,0.00013868770764116078,0.00012263289036540392,-0.0005298380398671698,7.197324309664577e-05,3,0.0010000000000000009,False,,,,,,,,,,False,,,,,,,False
gru,zero,26,1.0,0.005273970099667791,0.005795494186046635,0.0030365656146178477,0.0032795536286395867,5,0.002,False,,,,,,,,,,False,,,,,,,False
gru,zero,26,2.0,0.008230402823920336,0.00895930232558162,0.0064762666112956335,0.004929050608288366,5,0.0022500000000000003,False,,,,,,,,,,False,,,,,,,False
gru,zero,26,3.0,0.0020301619601329037,0.002346449335548173,0.0013230481727574128,0.0011799061072182092,5,0.0014999999999999996,False,,,,,,,,,,False,,,,,,,False
gru,zero,26,4.0,0.3675607350498339,0.36983571428571427,0.3618345722591363,0.30374624667628375,5,0.002,True,,,,,,,,,,False,,,,,,,False
gru,zero,26,5.0,0.0,0.0,0.0,0.0,0,0.0,False,,,,,,,,,,False,,,,,,,False
gru,zero,26,6.0,-2.4431063122909437e-05,-0.00010045681063119982,-0.00036038205980060134,3.738748020043481e-05,1,0.0035000000000000005,False,,,,,,,,,,False,,,,,,,False
gru,zero,26,7.0,0.00043532807308976906,0.00043594269102986694,0.00029821428571441544,0.0002624399137817424,5,0.0014999999999999996,False,,,,,,,,,,False,,,,,,,False
gru,zero,26,8.0,-0.000198264119601288,-0.00015348837209294697,-0.0004645556478404256,-9.325683846199695e-05,0,0.0010000000000000009,False,,,,,,,,,,False,,,,,,,False
gru,zero,26,9.0,0.0,0.0,0.0,0.0,0,0.0,False,,,,,,,,,,False,,,,,,,False
gru,zero,26,10.0,0.00011156561461791447,0.00015267857142864383,-5.832641196024113e-05,5.817304901212239e-05,3,0.0005000000000000004,False,,,,,,,,,,False,,,,,,,False
gru,zero,26,11.0,6.26204318936896e-05,0.00012713870431901864,-0.0001887043189368054,3.131327810648177e-05,3,0.0010000000000000009,False,,,,,,,,,,False,,,,,,,False
gru,zero,27,1.0,0.013792720099667788,0.013354152823920273,0.009736939368770736,0.010275628380983014,5,0.002,False,,,,,,,,,,False,,,,,,,False
gru,zero,27,2.0,0.014871719269103,0.01573943106312292,0.010260049833887064,0.01286345891444427,5,0.003000000000000001,False,,,,,,,,,,False,,,,,,,False
gru,zero,27,3.0,0.008244779900332233,0.008226121262458475,0.006438911960132909,0.0057500620057465476,5,0.0005000000000000004,False,,,,,,,,,,False,,,,,,,False
gru,zero,27,4.0,0.006893563122923574,0.00679366694352157,0.004334323089700942,0.005497177946136134,5,0.0012500000000000011,False,,,,,,,,,,False,,,,,,,False
gru,zero,27,5.0,0.0,0.0,0.0,0.0,0,0.0,False,,,,,,,,,,False,,,,,,,False
gru,zero,27,6.0,-0.0007066112956810588,-0.0002679817275746954,-0.0030632682724252014,-0.00013063504451595875,2,0.0009999999999999992,False,,,,,,,,,,False,,,,,,,False
gru,zero,27,7.0,-3.248754152824773e-05,5.045681063076124e-06,-0.0004843646179402139,-4.2745420115641865e-05,3,0.0007500000000000007,False,,,,,,,,,,False,,,,,,,False
gru,zero,27,8.0,0.0003924667774086288,0.00040006229235878266,1.7068106312301268e-05,0.0002214660890893727,5,0.0010000000000000009,False,,,,,,,,,,False,,,,,,,False
gru,zero,27,9.0,0.0,0.0,0.0,0.0,0,0.0,False,,,,,,,,,,False,,,,,,,False
gru,zero,27,10.0,0.03366117109634552,0.028502242524916954,0.019632641196013267,0.02178925595620096,5,0.0002500000000000002,True,,,,,,,,,,False,,,,,,,False
gru,zero,27,11.0,2.438953488375084e-05,7.578903654548164e-06,-0.0005793812292358425,2.2394645788903488e-07,3,0.0002500000000000002,False,,,,,,,,,,False,,,,,,,False
gru,zero,28,1.0,0.009533143687707657,0.00987535299003317,0.007499397840531552,0.01203528470245585,5,0.003000000000000001,False,,,,,,,,,,False,,,,,,,False
gru,zero,28,2.0,0.01239819352159468,0.012823442691029974,0.010294102990033194,0.01366604983521329,5,0.0045000000000000005,False,,,,,,,,,,False,,,,,,,False
gru,zero,28,3.0,0.0035674750830564815,0.0038161337209302593,0.0028385174418604775,0.0046449977844773786,5,0.0022500000000000003,False,,,,,,,,,,False,,,,,,,False
gru,zero,28,4.0,0.007981532392026569,0.008714514119601335,0.005022009966777374,0.00821420946958613,5,0.002,False,,,,,,,,,,False,,,,,,,False
gru,zero,28,5.0,0.0,0.0,0.0,0.0,0,0.0,False,,,,,,,,,,False,,,,,,,False
gru,zero,28,6.0,-0.0014296428571428875,-0.0011606104651162852,-0.0028311669435217013,-1.7765941852032618e-05,0,0.0017499999999999998,False,,,,,,,,,,False,,,,,,,False
gru,zero,28,7.0,-9.577657807307016e-05,-8.743770764119141e-05,-0.0009783222591361884,-0.00026466440018515505,2,0.0012499999999999994,False,,,,,,,,,,False,,,,,,,False
gru,zero,28,8.0,-1.860465116254595e-06,0.0002156976744185357,-0.0008785921926910412,9.248919309949866e-05,4,0.0012499999999999994,False,,,,,,,,,,False,,,,,,,False
gru,zero,28,9.0,0.0,0.0,0.0,0.0,0,0.0,False,,,,,,,,,,False,,,,,,,False
gru,zero,28,10.0,-9.612956810629569e-05,-4.09260797341604e-05,-0.00047828073089695167,4.891267548070566e-05,2,0.0014999999999999996,False,,,,,,,,,,False,,,,,,,False
gru,zero,28,11.0,0.00031494601328905245,0.00028467607973414744,0.00014368770764128236,0.00033176339950236056,5,0.0012499999999999994,False,,,,,,,,,,False,,,,,,,False
tcn,conditional,1,1.0,8.862126245823277e-06,1.0215946843805668e-05,2.990033222571853e-06,5.713281199115628e-06,5,0.0005000000000000004,False,legacy_mean,0.9735514594657588,0.9860982298851012,0.0107001973907897,0.0037028193473815,0.9716406840851836,0.972594011099527,1.0054640769958496,True,False,-2.491694352150242e-06,-1.6947674418623103e-05,1.296096345518425e-05,-5.159773807117407e-07,-7.391703789154158e-06,6.32725621123567e-06,False
tcn,conditional,1,2.0,1.2317275747553147e-05,1.0548172757363083e-05,6.644518272591604e-06,4.545188270310696e-06,5,0.0007499999999999989,False,legacy_mean,0.9547037280833192,0.976567566394806,0.0173378191583196,0.0056550055742263,0.9528272462470592,0.957772059655812,1.0040563344955444,True,False,1.2292358803994708e-05,-8.642026578068867e-06,3.355897009966455e-05,5.370935827561096e-06,-3.2232612155768114e-06,1.4230711816728662e-05,False
tcn,conditional,1,3.0,2.7234219269089976e-05,2.6495016611227662e-05,1.3289036544850141e-05,1.01093955651832e-05,5,0.0010000000000000009,False,legacy_mean,0.9645213980895376,0.9826198816299438,0.0132580876337276,0.0045016407966613,0.9338504025323758,0.9224820453538722,0.9988558888435364,True,False,2.956810631229212e-05,-5.024916943658917e-07,6.097176079732065e-05,1.28251959689063e-05,-4.3661974494532633e-07,2.6812987668455112e-05,False
tcn,conditional,1,4.0,5.637873754158473e-05,4.97093023257289e-05,4.713455149496504e-05,2.7253923138670366e-05,5,0.0005000000000000004,False,legacy_mean,0.578858077860626,0.7629849314689636,0.188949346998356,0.0666544735431671,0.6053401041017571,0.6451221459408996,0.995981752872467,True,False,3.9036544850505896e-05,2.3255813953348137e-06,7.625830564784646e-05,1.9249168673307616e-05,2.8961802277558124e-06,3.565706034953369e-05,True
tcn,conditional,1,5.0,0.0,0.0,0.0,0.0,0,0.0,False,legacy_mean,,,0.0,0.0,,,0.0,False,False,0.0,0.0,0.0,0.0,0.0,0.0,False
tcn,conditional,1,6.0,3.715946843858564e-05,3.712624584717439e-05,2.7699335548247994e-05,1.7088597310666033e-05,5,0.0009999999999999992,False,legacy_mean,0.997028398791882,0.99845689535141,0.0014378663426005,0.0010824799537658,0.982810815577105,0.9823900750798902,0.9907699823379515,True,False,3.6378737541538086e-05,2.1926910299010226e-05,5.133305647843864e-05,1.5941973225543915e-05,9.336477664233762e-06,2.2976717432354432e-05,True
tcn,conditional,1,7.0,-3.7043189368590747e-06,-1.8687707640241413e-06,-9.343853820675818e-06,-1.0171909292644443e-06,0,0.0002499999999999985,False,legacy_mean,0.7184863700707094,0.8477235436439514,0.1213696854402002,0.0426122844219207,0.8106234837175326,0.886557398930125,0.994693160057068,True,False,-4.3189368770713e-06,-1.5780730896996275e-05,6.648671096359309e-06,-1.4314974083051712e-06,-6.233791014236295e-06,3.1197376437642747e-06,False
tcn,conditional,1,8.0,1.1860465116320108e-05,9.094684385591023e-06,3.2392026577676702e-06,6.919188461540493e-06,5,0.0004999999999999987,False,legacy_mean,0.2974372147454651,0.5468789935112,0.3615364657126344,0.1433535814285278,0.5001105345716035,0.6359453685855146,0.9983698129653932,False,False,7.807308970110283e-06,-2.657807308963617e-06,1.9269102990052912e-05,4.551987184228113e-06,-1.5188818328243368e-07,9.783414688073302e-06,False
tcn,conditional,1,9.0,0.0,0.0,0.0,0.0,0,0.0,False,legacy_mean,,,0.0,0.0,,,0.0,False,False,0.0,0.0,0.0,0.0,0.0,0.0,False
tcn,conditional,1,10.0,-7.450166113032175e-06,-7.059800664399596e-06,-1.4036544850659638e-05,-3.2953617234987576e-06,1,0.0002500000000000002,False,legacy_mean,0.1901592773672956,0.4344758987426758,0.4539596056210538,0.1942001581192016,0.1148842134756825,0.4754276976683602,1.00121009349823,False,False,-8.471760797338357e-06,-1.8604651162775322e-05,3.363787375550204e-07,-4.057144251186085e-06,-8.951724155420226e-06,5.127915142230373e-07,False
tcn,conditional,1,11.0,-1.1627906976663382e-05,-1.2167774086413452e-05,-1.5531561461834542e-05,-4.884767979085325e-06,0,0.0002499999999999985,False,legacy_mean,0.0145931334962615,0.1211393773555755,0.7025116868592033,0.3832193613052368,-0.013847639476689,-0.2776265762891957,0.9969984889030457,False,False,-1.0299003322257194e-05,-2.192691029900401e-05,8.305647840615715e-07,-4.471884020684769e-06,-9.306145950456617e-06,4.0552457865647015e-07,False
tcn,conditional,2,1.0,-0.00016009136212631337,-0.00016478405315600853,-0.00017940199335564344,-8.684469626387691e-05,0,0.0005000000000000004,False,legacy_mean,0.9735514594657588,0.9860982298851012,0.0107001973907897,0.0037028193473815,0.9716406840851836,0.972594011099527,1.0054640769958496,True,False,-0.00016021594684384577,-0.00019302740863787253,-0.00012798795681062222,-8.793936855139406e-05,-0.00010242291889828021,-7.367040792194449e-05,False
tcn,conditional,2,2.0,0.0002280938538205879,0.00022728405315641798,0.00020232558139521295,0.00012222784190651925,5,0.0007500000000000007,False,legacy_mean,0.9547037280833192,0.976567566394806,0.0173378191583196,0.0056550055742263,0.9528272462470592,0.957772059655812,1.0040563344955444,True,False,0.0002270764119601476,0.00019202242524918217,0.0002659551495016914,0.0001201955222526796,0.00010289127632738868,0.00014024053363175272,True
tcn,conditional,2,3.0,3.5058139534860366e-05,3.6088039866988275e-05,1.800249169436885e-05,1.4258074556128264e-05,5,0.0007499999999999989,False,legacy_mean,0.9645213980895376,0.9826198816299438,0.0132580876337276,0.0045016407966613,0.9338504025323758,0.9224820453538722,0.9988558888435364,True,False,2.9817275747519022e-05,-2.4098837209285045e-05,8.488579734220884e-05,9.401908180967089e-06,-1.1934906077517184e-05,3.104058039576703e-05,False
tcn,conditional,2,4.0,0.00031741694352154236,0.00030859634551472226,0.0002994601328903945,0.00015261862930051606,5,0.0014999999999999996,False,legacy_mean,0.578858077860626,0.7629849314689636,0.188949346998356,0.0666544735431671,0.6053401041017571,0.6451221459408996,0.995981752872467,True,False,0.0003129568106312441,0.00023005398671097912,0.00039138289036546865,0.0001525577270060352,0.0001169188469940695,0.0001888576897602905,True
tcn,conditional,2,5.0,0.0,0.0,0.0,0.0,0,0.0,False,legacy_mean,,,0.0,0.0,,,0.0,False,False,0.0,0.0,0.0,0.0,0.0,0.0,False
tcn,conditional,2,6.0,-1.9862956810667853e-05,-2.007890365440801e-05,-2.805232558145132e-05,-1.211616573728591e-05,0,0.0007500000000000007,False,legacy_mean,0.997028398791882,0.99845689535141,0.0014378663426005,0.0010824799537658,0.982810815577105,0.9823900750798902,0.9907699823379515,True,False,-1.661129568107045e-05,-3.189784053158901e-05,-1.162790697685684e-06,-1.0660390923287188e-05,-1.7561077244382216e-05,-3.509346760676963e-06,False
tcn,conditional,2,7.0,3.4497508305619816e-05,3.488372093041203e-05,1.5905315614572757e-05,1.972899976916409e-05,5,0.0005000000000000004,False,legacy_mean,0.7184863700707094,0.8477235436439514,0.1213696854402002,0.0426122844219207,0.8106234837175326,0.886557398930125,0.994693160057068,True,False,2.906976744187717e-05,6.972591362129604e-06,5.431893687708425e-05,1.756417929952181e-05,6.43242757694279e-06,3.08293811070239e-05,True
tcn,conditional,2,8.0,3.6632059800556506e-05,3.305647840545767e-05,1.2022425249114121e-05,1.907794662661111e-05,5,0.0002500000000000002,False,legacy_mean,0.2974372147454651,0.5468789935112,0.3615364657126344,0.1433535814285278,0.5001105345716035,0.6359453685855146,0.9983698129653932,False,False,2.6910299003327643e-05,7.304817275746583e-06,4.684800664453171e-05,1.4503185381269378e-05,3.94573647719898e-06,2.4809553257386528e-05,True
tcn,conditional,2,9.0,0.0,0.0,0.0,0.0,0,0.0,False,legacy_mean,,,0.0,0.0,,,0.0,False,False,0.0,0.0,0.0,0.0,0.0,0.0,False
tcn,conditional,2,10.0,-5.2387873754211614e-05,-5.091362126263821e-05,-7.271594684399307e-05,-2.7169400590909555e-05,0,0.0005000000000000004,False,legacy_mean,0.1901592773672956,0.4344758987426758,0.4539596056210538,0.1942001581192016,0.1148842134756825,0.4754276976683602,1.00121009349823,False,False,-5.91362126245798e-05,-8.023255813953928e-05,-4.036129568103716e-05,-3.057576224502201e-05,-4.1310123287521315e-05,-2.0758290218328065e-05,False
tcn,conditional,2,11.0,-8.010797342206111e-06,-6.769102990022979e-06,-1.798172757483396e-05,-2.8962679046395935e-06,0,0.0005000000000000004,False,legacy_mean,0.0145931334962615,0.1211393773555755,0.7025116868592033,0.3832193613052368,-0.013847639476689,-0.2776265762891957,0.9969984889030457,False,False,-1.4784053156138289e-05,-3.687707641192717e-05,5.3156146179634275e-06,-5.1786266987741135e-06,-1.547689689031892e-05,4.267571518574366e-06,False
tcn,conditional,3,1.0,-0.00048455149501660524,-0.0004509136212623721,-0.0006776370431893497,-0.00037357457029552066,0,0.0004999999999999987,False,legacy_mean,0.9735514594657588,0.9860982298851012,0.0107001973907897,0.0037028193473815,0.9716406840851836,0.972594011099527,1.0054640769958496,True,False,-0.000502906976744184,-0.0007560901162790737,-0.00024133720930231726,-0.00033373329510573256,-0.0006027838003305407,-9.039609457908024e-05,False
tcn,conditional,3,2.0,-0.00046554817275747953,-0.00047458471760797316,-0.0005538205980066824,-0.0006063648200054894,0,0.0005000000000000004,False,legacy_mean,0.9547037280833192,0.976567566394806,0.0173378191583196,0.0056550055742263,0.9528272462470592,0.957772059655812,1.0040563344955444,True,False,-0.00047807308970099883,-0.0008253114617940277,-0.00012168189368770937,-0.0006248753899024794,-0.0010503936258550394,-0.0002395608594016374,False
tcn,conditional,3,3.0,-5.859634551508286e-06,-8.201827242593218e-06,-0.00011455564784046413,-9.901488819015203e-05,2,0.0007500000000000007,False,legacy_mean,0.9645213980895376,0.9826198816299438,0.0132580876337276,0.0045016407966613,0.9338504025323758,0.9224820453538722,0.9988558888435364,True,False,-4.069767441861161e-05,-0.0004291362126245916,0.0003145245016611176,-0.00036296996361330323,-0.0007653845722403309,2.9071270756147517e-05,False
tcn,conditional,3,4.0,0.0026633679401993236,0.0030000622923588294,0.0020391818936876804,0.003063368602290395,5,0.0010000000000000009,False,legacy_mean,0.578858077860626,0.7629849314689636,0.188949346998356,0.0666544735431671,0.6053401041017571,0.6451221459408996,0.995981752872467,True,False,0.002514119601328901,0.0017675872093023282,0.003298608803986704,0.0029404324235916433,0.002323280522512954,0.003613851375521935,True
tcn,conditional,3,5.0,0.0,0.0,0.0,0.0,0,0.0,False,legacy_mean,,,0.0,0.0,,,0.0,False,False,0.0,0.0,0.0,0.0,0.0,0.0,False
tcn,conditional,3,6.0,-0.00023332641196014415,-0.00018575581395352536,-0.0004403031561461823,-0.00012614231670027287,0,0.0007500000000000007,False,legacy_mean,0.997028398791882,0.99845689535141,0.0014378663426005,0.0010824799537658,0.982810815577105,0.9823900750798902,0.9907699823379515,True,False,-0.00020224252491694684,-0.00042643480066446664,-2.4854651162779855e-06,-0.00014057454123222568,-0.0003386418401296955,8.157313822050565e-05,False
tcn,conditional,3,7.0,-2.8895348837187916e-05,-2.026578073088814e-05,-6.565614617937143e-05,-0.0001418028332649479,1,0.0002500000000000002,False,legacy_mean,0.7184863700707094,0.8477235436439514,0.1213696854402002,0.0426122844219207,0.8106234837175326,0.886557398930125,0.994693160057068,True,False,-2.782392026579039e-05,-0.00014186669435217283,9.72715946843846e-05,-9.383053816560904e-05,-0.00027020486316524963,7.788628174828075e-05,False
tcn,conditional,3,8.0,3.1885382059781975e-05,3.326411960125064e-05,-6.083887043151215e-06,3.8387290990304915e-05,4,0.0002500000000000002,False,legacy_mean,0.2974372147454651,0.5468789935112,0.3615364657126344,0.1433535814285278,0.5001105345716035,0.6359453685855146,0.9983698129653932,False,False,1.5199335548173876e-05,-8.298172757475672e-05,0.00011637043189368858,5.6178912190664173e-05,-6.605778283829383e-05,0.00021233810592267678,False
tcn,conditional,3,9.0,0.0,0.0,0.0,0.0,0,0.0,False,legacy_mean,,,0.0,0.0,,,0.0,False,False,0.0,0.0,0.0,0.0,0.0,0.0,False
tcn,conditional,3,10.0,0.00016841362126245317,0.00014279485049828455,-0.00014707225913623834,0.00022956654703685243,4,0.0002500000000000002,False,legacy_mean,0.1901592773672956,0.4344758987426758,0.4539596056210538,0.1942001581192016,0.1148842134756825,0.4754276976683602,1.00121009349823,False,False,0.00018338870431893083,1.4929401993352411e-05,0.0003616445182724092,0.00019328148738226525,6.693545165060946e-05,0.0003353590886075353,True
tcn,conditional,3,11.0,0.00014053156146180966,0.00013546511627904323,0.00011283222591362829,7.585534391458814e-05,5,0.0007500000000000007,False,legacy_mean,0.0145931334962615,0.1211393773555755,0.7025116868592033,0.3832193613052368,-0.013847639476689,-0.2776265762891957,0.9969984889030457,False,False,0.00015016611295680659,-1.777616279070576e-05,0.00031104651162790046,7.37668155273008e-05,-0.00016110748614326875,0.0003171892824259767,False
tcn,conditional,4,1.0,0.008657458471760781,0.00950651993355478,0.006150789036544868,0.00725998946208728,5,0.0005000000000000004,False,legacy_mean,0.9735514594657588,0.9860982298851012,0.0107001973907897,0.0037028193473815,0.9716406840851836,0.972594011099527,1.0054640769958496,True,False,0.008708471760797346,0.0070974127906976835,0.010159705149501663,0.007173338546856256,0.005901921635021484,0.008298244044406293,True
tcn,conditional,4,2.0,-0.01177823504983393,-0.011624169435215936,-0.013900207641196038,-0.009928467245659257,0,0.0007499999999999989,False,legacy_mean,0.9547037280833192,0.976567566394806,0.0173378191583196,0.0056550055742263,0.9528272462470592,0.957772059655812,1.0040563344955444,True,False,-0.011788039867109634,-0.013120913621262454,-0.010599098837209308,-0.009728774985785157,-0.010796760918349087,-0.008686572896480307,False
tcn,conditional,4,3.0,0.0019137666112956308,0.0014009759136212052,-9.543189368776961e-05,0.0013195891514367509,4,0.0004999999999999987,False,legacy_mean,0.9645213980895376,0.9826198816299438,0.0132580876337276,0.0045016407966613,0.9338504025323758,0.9224820453538722,0.9988558888435364,True,False,0.0018960132890365466,0.000559443521594686,0.0033645182724252477,0.001235635654731071,0.00023101043075529797,0.0023272598747238133,True
tcn,conditional,4,4.0,-0.0029872259136212833,-0.0032404485049833953,-0.005885257475083061,-0.0034606914765394014,0,0.0005000000000000004,False,legacy_mean,0.578858077860626,0.7629849314689636,0.188949346998356,0.0666544735431671,0.6053401041017571,0.6451221459408996,0.995981752872467,True,False,-0.0029749169435215883,-0.004774480897009957,-0.0012550352990033202,-0.0033197396651760635,-0.004881929715814104,-0.001831846531048649,False
tcn,conditional,4,5.0,0.0,0.0,0.0,0.0,0,0.0,False,legacy_mean,,,0.0,0.0,,,0.0,False,False,0.0,0.0,0.0,0.0,0.0,0.0,False
tcn,conditional,4,6.0,-0.008235423588039904,-0.006395141196013365,-0.016820452657807294,-0.006576514504483511,0,0.0005000000000000004,False,legacy_mean,0.997028398791882,0.99845689535141,0.0014378663426005,0.0010824799537658,0.982810815577105,0.9823900750798902,0.9907699823379515,True,False,-0.008128986710963456,-0.012980911544850492,-0.0035705481727574834,-0.006407373912066679,-0.010084141521199566,-0.002873852763101325,False
tcn,conditional,4,7.0,-0.004308222591362187,-0.004239078073089764,-0.0057589493355482135,-0.0033259156102991793,0,0.0009999999999999992,False,legacy_mean,0.7184863700707094,0.8477235436439514,0.1213696854402002,0.0426122844219207,0.8106234837175326,0.886557398930125,0.994693160057068,True,False,-0.004301661129568105,-0.0051568812292358815,-0.0035077574750830604,-0.003256684058000083,-0.0038982449568926,-0.0026679119870363726,False
tcn,conditional,4,8.0,-0.001445855481727576,-0.0017594476744186016,-0.0022046511627906717,-0.0011210159951424714,1,0.0002500000000000002,False,legacy_mean,0.2974372147454651,0.5468789935112,0.3615364657126344,0.1433535814285278,0.5001105345716035,0.6359453685855146,0.9983698129653932,False,False,-0.0014474252491694295,-0.0020471885382059704,-0.00048377284053156903,-0.001115726463798765,-0.0016069430226213581,-0.00040290616947933114,False
tcn,conditional,4,9.0,0.0,0.0,0.0,0.0,0,0.0,False,legacy_mean,,,0.0,0.0,,,0.0,False,False,0.0,0.0,0.0,0.0,0.0,0.0,False
tcn,conditional,4,10.0,0.16492982142857143,0.18488243355481726,0.09825095514950166,0.12091528638107063,5,0.0002499999999999985,True,legacy_mean,0.1901592773672956,0.4344758987426758,0.4539596056210538,0.1942001581192016,0.1148842134756825,0.4754276976683602,1.00121009349823,False,False,0.16496486710963457,0.123824634551495,0.20546735880398667,0.11984073546795868,0.08672998146063904,0.1522584936846502,True
tcn,conditional,4,11.0,-6.639950166114073e-05,-6.384966777406298e-05,-0.00013812292358805767,-4.327117207676423e-05,0,0.0005000000000000004,False,legacy_mean,0.0145931334962615,0.1211393773555755,0.7025116868592033,0.3832193613052368,-0.013847639476689,-0.2776265762891957,0.9969984889030457,False,False,-9.227574750830691e-05,-0.0002540863787375564,8.556686046511675e-05,-7.338697137790229e-05,-0.0002280210392310056,8.526421600873868e-05,False
tcn,conditional,5,1.0,6.255398671095591e-05,5.249169435217471e-05,-5.0249169435412355e-06,7.698499784631885e-05,4,0.0005000000000000004,False,legacy_mean,0.9735514594657588,0.9860982298851012,0.0107001973907897,0.0037028193473815,0.9716406840851836,0.972594011099527,1.0054640769958496,True,False,6.727574750830467e-05,-0.00016345307308972165,0.0003052574750830673,0.00010862664850456393,-0.00014871275616926312,0.0003422949027025807,False
tcn,conditional,5,2.0,0.00018491694352157362,0.00015598006644512719,6.629983388700689e-05,0.0001534531107671544,5,0.0007499999999999989,False,legacy_mean,0.9547037280833192,0.976567566394806,0.0173378191583196,0.0056550055742263,0.9528272462470592,0.957772059655812,1.0040563344955444,True,False,0.00022225913621262084,-7.657807308970434e-05,0.0005274916943521469,0.00021295192543740904,-0.00010145164989977714,0.0005312118610716265,False
tcn,conditional,5,3.0,3.207641196009137e-05,-4.362541528246666e-05,-0.00016110880398673144,-0.0003122192566628712,2,0.0005000000000000004,False,legacy_mean,0.9645213980895376,0.9826198816299438,0.0132580876337276,0.0045016407966613,0.9338504025323758,0.9224820453538722,0.9988558888435364,True,False,7.62458471760774e-05,-0.00040905523255814686,0.0005322321428571391,-0.00015338171932888,-0.0005472620831853223,0.00025850922826301827,False
tcn,conditional,5,4.0,3.924418604628333e-06,-6.025747508309198e-05,-0.00023257890365446787,-0.0005420595580965415,2,0.0014999999999999996,False,legacy_mean,0.578858077860626,0.7629849314689636,0.188949346998356,0.0666544735431671,0.6053401041017571,0.6451221459408996,0.995981752872467,True,False,-2.3754152823919904e-05,-0.0005569933554817381,0.0005428156146179393,-0.0006563389244015749,-0.001134345681539125,-0.00016142312418498356,False
tcn,conditional,5,5.0,0.0,0.0,0.0,0.0,0,0.0,False,legacy_mean,,,0.0,0.0,,,0.0,False,False,0.0,0.0,0.0,0.0,0.0,0.0,False
tcn,conditional,5,6.0,-7.184385382064118e-06,-9.1362126246608e-06,-4.379152823918986e-05,0.000196250967979128,2,0.0005000000000000004,False,legacy_mean,0.997028398791882,0.99845689535141,0.0014378663426005,0.0010824799537658,0.982810815577105,0.9823900750798902,0.9907699823379515,True,False,1.1046511627906818e-05,-0.00017428986710962455,0.00019569559800662923,0.00016048297561092607,-6.149688529374122e-05,0.00037969050281303157,False
tcn,conditional,5,7.0,1.5128737541492131e-05,-9.551495016579814e-06,-4.067691029907561e-05,7.167978507729433e-05,2,0.0002500000000000002,False,legacy_mean,0.7184863700707094,0.8477235436439514,0.1213696854402002,0.0426122844219207,0.8106234837175326,0.886557398930125,0.994693160057068,True,False,2.0016611295679e-05,-9.37001661129511e-05,0.0001272508305647811,0.00013061065888357758,8.131023048731979e-06,0.00026513659216944815,False
tcn,conditional,5,8.0,-7.355897009970746e-05,-0.00010164036544857424,-0.00011870847176087551,-3.2864704695501065e-05,0,0.0002500000000000002,False,legacy_mean,0.2974372147454651,0.5468789935112,0.3615364657126344,0.1433535814285278,0.5001105345716035,0.6359453685855146,0.9983698129653932,False,False,-7.923588039867147e-05,-0.00017484426910299418,1.4958471760797382e-05,-4.1373264992699e-05,-0.00013221101162071586,4.538986109382657e-05,False
tcn,conditional,5,9.0,0.0,0.0,0.0,0.0,0,0.0,False,legacy_mean,,,0.0,0.0,,,0.0,False,False,0.0,0.0,0.0,0.0,0.0,0.0,False
tcn,conditional,5,10.0,7.078073089696879e-05,5.9842192691006435e-05,1.652823920261781e-05,3.622896207748916e-05,5,0.0005000000000000004,False,legacy_mean,0.1901592773672956,0.4344758987426758,0.4539596056210538,0.1942001581192016,0.1148842134756825,0.4754276976683602,1.00121009349823,False,False,7.56644518272409e-05,-2.167774086371379e-06,0.00015431893687707648,8.125794305484324e-05,5.716775100793327e-07,0.00015885489778753406,False
tcn,conditional,5,11.0,0.00016125830564779343,3.021179401990759e-05,-0.00020159883720938243,-3.3184578016642877e-05,4,0.0004999999999999987,False,legacy_mean,0.0145931334962615,0.1211393773555755,0.7025116868592033,0.3832193613052368,-0.013847639476689,-0.2776265762891957,0.9969984889030457,False,False,0.00017765780730896906,-9.784676079733396e-05,0.00046188745847175645,5.3896990634019206e-05,-0.00020886942772989326,0.00032709521805358356,False
tcn,conditional,6,1.0,-3.895348837201773e-06,-4.318936877134583e-06,-6.686046511550359e-06,-1.8464033587184403e-06,0,0.0007500000000000007,False,legacy_mean,0.9735514594657588,0.9860982298851012,0.0107001973907897,0.0037028193473815,0.9716406840851836,0.972594011099527,1.0054640769958496,True,False,-8.305647840516351e-06,-1.395348837204885e-05,-2.3255813953437787e-06,-3.560541062411771e-06,-5.626404670824759e-06,-1.3662638541593058e-06,False
tcn,conditional,6,2.0,1.0141196013235821e-05,1.092192691021232e-05,6.353820597992943e-06,3.7387640086761207e-06,5,0.0005000000000000004,False,legacy_mean,0.9547037280833192,0.976567566394806,0.0173378191583196,0.0056550055742263,0.9528272462470592,0.957772059655812,1.0040563344955444,True,False,1.0631229235869011e-05,1.1627906976484638e-06,1.9439368770762165e-05,3.7923860758326544e-06,-6.815566095919042e-08,7.508237442794857e-06,True
tcn,conditional,6,3.0,-2.955149501666643e-05,-2.9775747508398176e-05,-4.44767441859506e-05,-1.3892616506971933e-05,0,0.0007500000000000007,False,legacy_mean,0.9645213980895376,0.9826198816299438,0.0132580876337276,0.0045016407966613,0.9338504025323758,0.9224820453538722,0.9988558888435364,True,False,-2.4418604651137433e-05,-4.9833887043158357e-05,-1.4908637873261246e-06,-1.2093493557545632e-05,-2.230200007792438e-05,-3.022598214604794e-06,False
tcn,conditional,6,4.0,-6.0955149501729086e-05,-5.9094684385474494e-05,-6.723421926901896e-05,-2.2203439172185923e-05,0,0.0010000000000000009,False,legacy_mean,0.578858077860626,0.7629849314689636,0.188949346998356,0.0666544735431671,0.6053401041017571,0.6451221459408996,0.995981752872467,True,False,-6.29568106312195e-05,-8.803986710961762e-05,-3.920265780731624e-05,-2.3284977456736745e-05,-3.2602314814768496e-05,-1.4262079326228502e-05,False
tcn,conditional,6,5.0,0.0,0.0,0.0,0.0,0,0.0,False,legacy_mean,,,0.0,0.0,,,0.0,False,False,0.0,0.0,0.0,0.0,0.0,0.0,False
tcn,conditional,6,6.0,-8.247508305614382e-06,-7.350498338998257e-06,-1.0465116279001485e-05,-3.490332452571465e-06,0,0.0007499999999999989,False,legacy_mean,0.997028398791882,0.99845689535141,0.0014378663426005,0.0010824799537658,0.982810815577105,0.9823900750798902,0.9907699823379515,True,False,-7.142857142857784e-06,-1.395348837206825e-05,3.3222591360523855e-07,-3.1457645644406005e-06,-5.70966519441482e-06,-4.571947351396943e-07,False
tcn,conditional,6,7.0,-2.7076411960758053e-06,-2.5332225913610174e-06,-4.734219269164619e-06,-1.2124221258513756e-06,0,0.0005000000000000004,False,legacy_mean,0.7184863700707094,0.8477235436439514,0.1213696854402002,0.0426122844219207,0.8106234837175326,0.886557398930125,0.994693160057068,True,False,-3.3222591362069843e-06,-1.013289036541859e-05,4.1528239202693055e-06,-1.3641049611834433e-06,-3.9815536628619305e-06,1.6213767727619977e-06,False
tcn,conditional,6,8.0,4.1528239203003635e-08,0.0,-2.574750830652839e-06,-2.0300895964275867e-08,2,0.0005000000000000004,False,legacy_mean,0.2974372147454651,0.5468789935112,0.3615364657126344,0.1433535814285278,0.5001105345716035,0.6359453685855146,0.9983698129653932,False,False,1.993355481736403e-06,-2.325581395348275e-06,6.6445182724185205e-06,7.138317343424738e-07,-9.622116199811957e-07,2.4738647061264246e-06,False
tcn,conditional,6,9.0,0.0,0.0,0.0,0.0,0,0.0,False,legacy_mean,,,0.0,0.0,,,0.0,False,False,0.0,0.0,0.0,0.0,0.0,0.0,False
tcn,conditional,6,10.0,6.22923588067259e-07,4.983388703916347e-07,-1.0382059799640686e-06,2.480782751224098e-07,3,0.0004999999999999987,False,legacy_mean,0.1901592773672956,0.4344758987426758,0.4539596056210538,0.1942001581192016,0.1148842134756825,0.4754276976683602,1.00121009349823,False,False,9.96677740869867e-07,-3.8205980066142175e-06,5.481727574747963e-06,5.481742394464195e-07,-1.3292712714486899e-06,2.413508852692341e-06,False
tcn,conditional,6,11.0,3.3056478404791535e-06,3.903654484993524e-06,7.475083055874521e-07,1.55704748427965e-06,5,0.0012499999999999994,False,legacy_mean,0.0145931334962615,0.1211393773555755,0.7025116868592033,0.3832193613052368,-0.013847639476689,-0.2776265762891957,0.9969984889030457,False,False,-4.983388704160597e-07,-7.142857142845682e-06,5.980066445195969e-06,2.3787479642378705e-07,-2.447259590491635e-06,2.92713425237398e-06,False
tcn,conditional,7,1.0,-1.8729235880865502e-06,-3.986710963577167e-06,-5.64784053158629e-06,-3.226066526584859e-07,1,0.0005000000000000004,False,legacy_mean,0.9735514594657588,0.9860982298851012,0.0107001973907897,0.0037028193473815,0.9716406840851836,0.972594011099527,1.0054640769958496,True,False,4.98338870432713e-07,-1.3127076411976273e-05,1.2790697674418872e-05,8.535207844051484e-07,-4.5551436089047434e-06,5.634144878673611e-06,False
tcn,conditional,7,2.0,-2.9202657807281264e-05,-2.9194352159422898e-05,-3.4551495016743594e-05,-1.1158600700800214e-05,0,0.0005000000000000004,False,legacy_mean,0.9547037280833192,0.976567566394806,0.0173378191583196,0.0056550055742263,0.9528272462470592,0.957772059655812,1.0040563344955444,True,False,-3.106312292358027e-05,-4.551495016608792e-05,-1.7271594684367418e-05,-1.2169161301570641e-05,-1.7872736862087207e-05,-6.71118304098553e-06,False
tcn,conditional,7,3.0,6.644518271148315e-08,1.20431893690931e-06,-1.0132890365333047e-05,-5.240198111211569e-07,3,0.0009999999999999992,False,legacy_mean,0.9645213980895376,0.9826198816299438,0.0132580876337276,0.0045016407966613,0.9338504025323758,0.9224820453538722,0.9988558888435364,True,False,-1.4285714285711126e-05,-5.1000830564759126e-05,1.4455980066433149e-05,-5.998475598120168e-06,-2.018938295383435e-05,4.934162097016572e-06,False
tcn,conditional,7,4.0,-5.0083056477578936e-06,-2.9485049833910537e-06,-2.2425249169177874e-05,-1.4887162801846543e-06,1,0.0010000000000000009,False,legacy_mean,0.578858077860626,0.7629849314689636,0.188949346998356,0.0666544735431671,0.6053401041017571,0.6451221459408996,0.995981752872467,True,False,-8.471760797352789e-06,-2.9900332225925168e-05,1.2462624584724113e-05,-2.6764957483360607e-06,-1.1105336764899193e-05,5.498204987394084e-06,False
tcn,conditional,7,5.0,0.0,0.0,0.0,0.0,0,0.0,False,legacy_mean,,,0.0,0.0,,,0.0,False,False,0.0,0.0,0.0,0.0,0.0,0.0,False
tcn,conditional,7,6.0,-3.1644518271978226e-06,-4.941860465068615e-06,-7.10132890380244e-06,-1.2311001995835014e-06,1,0.0004999999999999987,False,legacy_mean,0.997028398791882,0.99845689535141,0.0014378663426005,0.0010824799537658,0.982810815577105,0.9823900750798902,0.9907699823379515,True,False,-1.6611295681157045e-06,-1.5614617940212905e-05,1.1964285714288902e-05,-9.663715314633947e-07,-6.481621308668112e-06,4.3067200717661035e-06,False
tcn,conditional,7,7.0,4.509966777455077e-06,5.398671096390473e-06,-2.2009966776925793e-06,1.5567121979920274e-06,4,0.0007500000000000007,False,legacy_mean,0.7184863700707094,0.8477235436439514,0.1213696854402002,0.0426122844219207,0.8106234837175326,0.886557398930125,0.994693160057068,True,False,5.813953488380541e-06,-4.651162790660968e-06,1.5946843853812425e-05,2.238607345533827e-06,-1.7680812779774235e-06,6.205708597552927e-06,False
tcn,conditional,7,8.0,3.405315615712112e-07,-3.737541526271926e-07,-2.3671096343047537e-06,-1.7912846554946072e-07,2,0.0004999999999999987,False,legacy_mean,0.2974372147454651,0.5468789935112,0.3615364657126344,0.1433535814285278,0.5001105345716035,0.6359453685855146,0.9983698129653932,False,False,-2.3255813953571012e-06,-8.803986710970214e-06,4.1528239202518185e-06,-1.0277153145610284e-06,-3.460422329500501e-06,1.26016101734977e-06,False
tcn,conditional,7,9.0,0.0,0.0,0.0,0.0,0,0.0,False,legacy_mean,,,0.0,0.0,,,0.0,False,False,0.0,0.0,0.0,0.0,0.0,0.0,False
tcn,conditional,7,10.0,1.229235880439994e-06,2.491694352180218e-06,-1.8687707640241413e-06,6.38867623070638e-07,3,0.0002500000000000002,False,legacy_mean,0.1901592773672956,0.4344758987426758,0.4539596056210538,0.1942001581192016,0.1148842134756825,0.4754276976683602,1.00121009349823,False,False,2.990033222586286e-06,-3.1561461793740142e-06,9.80481727573646e-06,1.4093847232565792e-06,-1.1242178130356494e-06,4.306978985305408e-06,False
tcn,conditional,7,11.0,-1.0672757475016503e-05,-9.053156146299202e-06,-1.7981727574611917e-05,-4.387905515579327e-06,0,0.0002500000000000002,False,legacy_mean,0.0145931334962615,0.1211393773555755,0.7025116868592033,0.3832193613052368,-0.013847639476689,-0.2776265762891957,0.9969984889030457,False,False,-1.2956810631226112e-05,-2.1931063122937105e-05,-2.990033222601801e-06,-5.394668963859539e-06,-8.816579058691737e-06,-1.6326070631399815e-06,False
tcn,conditional,8,1.0,-0.00017088870431896107,-0.00017645348837214136,-0.00020263704318945752,-0.00010086574485426158,0,0.0005000000000000004,False,legacy_mean,0.9735514594657588,0.9860982298851012,0.0107001973907897,0.0037028193473815,0.9716406840851836,0.972594011099527,1.0054640769958496,True,False,-0.00018031561461791522,-0.00023922342192686437,-0.0001260797342192519,-0.00010224900089936818,-0.00013076697025778193,-7.5700567324288e-05,False
tcn,conditional,8,2.0,-3.978405315629985e-06,-3.2599667771915364e-06,-2.5249169435248575e-05,-1.2150284019796231e-05,2,0.0005000000000000004,False,legacy_mean,0.9547037280833192,0.976567566394806,0.0173378191583196,0.0056550055742263,0.9528272462470592,0.957772059655812,1.0040563344955444,True,False,-1.561461794018282e-05,-6.296926910296402e-05,3.40614617940438e-05,-1.5122894892479755e-05,-3.744789901392648e-05,9.261795791745043e-06,False
tcn,conditional,8,3.0,6.207641196007697e-05,4.6989202657554685e-05,9.96677741005314e-07,4.2223754639514335e-05,5,0.0007500000000000007,False,legacy_mean,0.9645213980895376,0.9826198816299438,0.0132580876337276,0.0045016407966613,0.9338504025323758,0.9224820453538722,0.9988558888435364,True,False,7.142857142859226e-05,-3.853820598004051e-05,0.000176270764119613,5.0484199769327274e-05,7.361145286365895e-07,9.655702499564227e-05,False
tcn,conditional,8,4.0,0.0005243604651163025,0.0005014534883721611,0.00041850083056471643,0.0003109023489541229,5,0.0017499999999999998,False,legacy_mean,0.578858077860626,0.7629849314689636,0.188949346998356,0.0666544735431671,0.6053401041017571,0.6451221459408996,0.995981752872467,True,False,0.0004163621262458528,0.00024106935215946297,0.000591366279069783,0.00025737215263784254,0.00016877961419815393,0.00034437805014237577,True
tcn,conditional,8,5.0,0.0,0.0,0.0,0.0,0,0.0,False,legacy_mean,,,0.0,0.0,,,0.0,False,False,0.0,0.0,0.0,0.0,0.0,0.0,False
tcn,conditional,8,6.0,1.0357142857086999e-05,8.181063122947307e-06,7.080564783934484e-06,3.5091355880867424e-06,5,0.0005000000000000004,False,legacy_mean,0.997028398791882,0.99845689535141,0.0014378663426005,0.0010824799537658,0.982810815577105,0.9823900750798902,0.9907699823379515,True,False,-1.7940199335522156e-05,-5.4821428571399874e-05,2.0103820598050997e-05,-7.011363776058266e-06,-2.4204378497374e-05,1.0020869260397909e-05,False
tcn,conditional,8,7.0,7.28073089700354e-05,7.526993355477796e-05,2.6951827242327475e-05,4.7818081313577564e-05,5,0.0004999999999999987,False,legacy_mean,0.7184863700707094,0.8477235436439514,0.1213696854402002,0.0426122844219207,0.8106234837175326,0.886557398930125,0.994693160057068,True,False,6.677740863789472e-05,1.0959302325611626e-05,0.00012244186046515737,4.6496411084692156e-05,1.4202984695147164e-05,7.920674555250321e-05,True
tcn,conditional,8,8.0,0.00020601328903655514,0.0002281353820597909,0.00013500830564772137,0.00011749234408136023,5,0.0005000000000000004,False,legacy_mean,0.2974372147454651,0.5468789935112,0.3615364657126344,0.1433535814285278,0.5001105345716035,0.6359453685855146,0.9983698129653932,False,False,0.00019825581395350512,0.00013970099667775504,0.00026714078073091955,0.00011348441796769415,8.212638923865363e-05,0.00015109814664352944,True
tcn,conditional,8,9.0,0.0,0.0,0.0,0.0,0,0.0,False,legacy_mean,,,0.0,0.0,,,0.0,False,False,0.0,0.0,0.0,0.0,0.0,0.0,False
tcn,conditional,8,10.0,-2.3500830564748832e-05,-1.825166112967569e-05,-3.677325581386004e-05,-1.5253280374927235e-05,0,0.0005000000000000004,False,legacy_mean,0.1901592773672956,0.4344758987426758,0.4539596056210538,0.1942001581192016,0.1148842134756825,0.4754276976683602,1.00121009349823,False,False,-3.073089700995291e-05,-4.9169435215923626e-05,-1.0627076411952258e-05,-1.8227535135983964e-05,-2.7172405461442978e-05,-9.258755272129442e-06,False
tcn,conditional,8,11.0,9.551495016579814e-06,6.914451827211288e-06,2.720099667841147e-06,2.5634301252130955e-06,5,0.0005000000000000004,False,legacy_mean,0.0145931334962615,0.1211393773555755,0.7025116868592033,0.3832193613052368,-0.013847639476689,-0.2776265762891957,0.9969984889030457,False,False,9.13621262460418e-06,-3.2396179401990936e-05,5.183139534886103e-05,2.6207535825373276e-06,-1.6074851135509076e-05,2.1177309900982172e-05,False
tcn,conditional,9,1.0,0.0002709177740863655,0.000287520764119642,0.00021958056478399435,-1.9000286292691903e-05,5,0.0005000000000000004,False,legacy_mean,0.9735514594657588,0.9860982298851012,0.0107001973907897,0.0037028193473815,0.9716406840851836,0.972594011099527,1.0054640769958496,True,False,0.00035282392026578127,0.00019506852159468586,0.000526098421926921,3.387023269292189e-05,-0.00023221822230924186,0.00031629128493466886,True
tcn,conditional,9,2.0,-0.0002340988372093289,-0.00022921511627904678,-0.0002596968438538516,-0.0002999771686985842,0,0.0005000000000000004,False,legacy_mean,0.9547037280833192,0.976567566394806,0.0173378191583196,0.0056550055742263,0.9528272462470592,0.957772059655812,1.0040563344955444,True,False,-0.0002206810631229228,-0.00047868147840531494,2.6349667774094557e-05,-0.00033560320744799755,-0.0005869207428277204,-7.451877853249743e-05,False
tcn,conditional,9,3.0,-0.00027742109634554257,-0.00019711378737541363,-0.0007067898671097028,-0.0001712406506128472,0,0.0007500000000000007,False,legacy_mean,0.9645213980895376,0.9826198816299438,0.0132580876337276,0.0045016407966613,0.9338504025323758,0.9224820453538722,0.9988558888435364,True,False,-0.0003075581395348803,-0.0007743812292358772,0.0001760672757475179,-0.0004367173306160577,-0.0008909140188074664,-2.384975347992561e-05,False
tcn,conditional,9,4.0,0.0032874543189368665,0.003291424418604638,0.002934613787375362,0.0033755639835178373,5,0.0010000000000000009,False,legacy_mean,0.578858077860626,0.7629849314689636,0.188949346998356,0.0666544735431671,0.6053401041017571,0.6451221459408996,0.995981752872467,True,False,0.003384966777408646,0.0027815365448505052,0.003973093853820607,0.0032776406442857364,0.002745894220298672,0.0038140276779840407,True
tcn,conditional,9,5.0,0.0,0.0,0.0,0.0,0,0.0,False,legacy_mean,,,0.0,0.0,,,0.0,False,False,0.0,0.0,0.0,0.0,0.0,0.0,False
tcn,conditional,9,6.0,8.957225913619471e-05,8.542358803986794e-05,6.478405315646363e-06,0.00011165603780449729,5,0.0005000000000000004,False,legacy_mean,0.997028398791882,0.99845689535141,0.0014378663426005,0.0010824799537658,0.982810815577105,0.9823900750798902,0.9907699823379515,True,False,4.725913621263289e-05,-0.00010159260797340724,0.00019551910299003733,8.249829867790215e-05,-0.00013819252163657078,0.0002936299881744569,False
tcn,conditional,9,7.0,-6.202657807312662e-05,-8.12292358804978e-05,-0.00011320598006647753,-3.353554650387114e-05,1,0.0002500000000000002,False,legacy_mean,0.7184863700707094,0.8477235436439514,0.1213696854402002,0.0426122844219207,0.8106234837175326,0.886557398930125,0.994693160057068,True,False,-3.6627906976736126e-05,-0.00014303986710962566,7.460132890366788e-05,3.0336715671086533e-06,-0.0001929815869112612,0.00020249501513207915,False
tcn,conditional,9,8.0,8.986710963452272e-05,0.00010180647840529744,5.938538205974009e-05,0.00010754946754638617,5,0.0002500000000000002,False,legacy_mean,0.2974372147454651,0.5468789935112,0.3615364657126344,0.1433535814285278,0.5001105345716035,0.6359453685855146,0.9983698129653932,False,False,8.68770764119653e-05,-6.835548172750865e-06,0.0001783243355481788,0.0001283044729624483,1.989135903713646e-05,0.00024244836205883905,False
tcn,conditional,9,9.0,0.0,0.0,0.0,0.0,0,0.0,False,legacy_mean,,,0.0,0.0,,,0.0,False,False,0.0,0.0,0.0,0.0,0.0,0.0,False
tcn,conditional,9,10.0,9.057724252490296e-05,5.076827242533888e-05,-0.0002084094684385862,0.00014645796642034358,3,0.0002500000000000002,False,legacy_mean,0.1901592773672956,0.4344758987426758,0.4539596056210538,0.1942001581192016,0.1148842134756825,0.4754276976683602,1.00121009349823,False,False,0.00011029900332226616,-8.941860465115756e-05,0.00031928156146179826,8.47936150795836e-05,-0.00011067232814652888,0.0002813257594517088,False
tcn,conditional,9,11.0,-0.0002413870431893672,-0.0002351328903654748,-0.00029879568106305765,-0.0003167474906589529,0,0.0007499999999999989,False,legacy_mean,0.0145931334962615,0.1211393773555755,0.7025116868592033,0.3832193613052368,-0.013847639476689,-0.2776265762891957,0.9969984889030457,False,False,-0.0001963455149501614,-0.00036696843853820636,-2.656976744185856e-05,-0.0001783686633048309,-0.0004171556681070593,7.19143094756313e-05,False
tcn,conditional,10,1.0,0.00019218438538204374,0.00020234634551496988,0.00014954318936877264,0.00010546577323220508,5,0.0007499999999999989,False,legacy_mean,0.9735514594657588,0.9860982298851012,0.0107001973907897,0.0037028193473815,0.9716406840851836,0.972594011099527,1.0054640769958496,True,False,0.00015149501661128383,6.063122923587902e-05,0.00023987126245845873,8.836338200283067e-05,3.588184721538873e-05,0.0001395759766289698,True
tcn,conditional,10,2.0,-0.000186337209302323,-0.00017562292358797027,-0.0002827242524916507,-9.419683620837116e-05,0,0.0007500000000000007,False,legacy_mean,0.9547037280833192,0.976567566394806,0.0173378191583196,0.0056550055742263,0.9528272462470592,0.957772059655812,1.0040563344955444,True,False,-0.0001742524916943644,-0.0002973463455149518,-5.7279900332249155e-05,-8.87157001145178e-05,-0.00015268875586995945,-3.204479416089671e-05,False
tcn,conditional,10,3.0,0.00020779485049835512,0.00020892857142862375,0.00012009966777415393,0.00012412034240676383,5,0.0014999999999999996,False,legacy_mean,0.9645213980895376,0.9826198816299438,0.0132580876337276,0.0045016407966613,0.9338504025323758,0.9224820453538722,0.9988558888435364,True,False,0.00022267441860464145,7.072466777404465e-05,0.0003707848837209396,0.0001280459745928908,5.361509125576808e-05,0.0001969155102031836,True
tcn,conditional,10,4.0,0.00027997923588038984,0.00028664867109640113,0.00019873338870435298,0.00014597538534308896,5,0.0007499999999999989,False,legacy_mean,0.578858077860626,0.7629849314689636,0.188949346998356,0.0666544735431671,0.6053401041017571,0.6451221459408996,0.995981752872467,True,False,0.00020880398671096256,-2.378737541526815e-05,0.0004523421926910502,0.00011688489058053419,-1.1285006003176278e-05,0.00024737904221520853,False
tcn,conditional,10,5.0,0.0,0.0,0.0,0.0,0,0.0,False,legacy_mean,,,0.0,0.0,,,0.0,False,False,0.0,0.0,0.0,0.0,0.0,0.0,False
tcn,conditional,10,6.0,0.0006583762458471476,0.0006547134551495581,0.0005229858803985632,0.0003926801941969149,5,0.0010000000000000009,False,legacy_mean,0.997028398791882,0.99845689535141,0.0014378663426005,0.0010824799537658,0.982810815577105,0.9823900750798902,0.9907699823379515,True,False,0.0006646179401993191,0.0005553114617939793,0.0007715988372092921,0.00039591042463449247,0.0003368311372842846,0.00045602880365575537,True
tcn,conditional,10,7.0,-0.0007346137873753822,-0.0006381852159468293,-0.0008940199335547572,-0.00043287767853086303,0,0.0010000000000000009,False,legacy_mean,0.7184863700707094,0.8477235436439514,0.1213696854402002,0.0426122844219207,0.8106234837175326,0.886557398930125,0.994693160057068,True,False,-0.0007526578073089562,-0.0009031810631229186,-0.0006130980066445115,-0.00044134974925816414,-0.0005280627073346639,-0.00036082877104417674,False
tcn,conditional,10,8.0,0.00015298588039867056,0.0001802325581395925,-3.041943521597812e-05,9.587585079890992e-05,4,0.0005000000000000004,False,legacy_mean,0.2974372147454651,0.5468789935112,0.3615364657126344,0.1433535814285278,0.5001105345716035,0.6359453685855146,0.9983698129653932,False,False,0.00013737541528238584,2.972591362124216e-05,0.00022609634551495035,8.897765910377275e-05,2.6189390594022254e-05,0.00014365179804172557,True
tcn,conditional,10,9.0,0.0,0.0,0.0,0.0,0,0.0,False,legacy_mean,,,0.0,0.0,,,0.0,False,False,0.0,0.0,0.0,0.0,0.0,0.0,False
tcn,conditional,10,10.0,-4.0822259136197306e-05,-5.2429401993459024e-05,-5.732973421923582e-05,-2.5650466357229896e-05,0,0.0002500000000000002,False,legacy_mean,0.1901592773672956,0.4344758987426758,0.4539596056210538,0.1942001581192016,0.1148842134756825,0.4754276976683602,1.00121009349823,False,False,-4.385382059803433e-05,-8.389534883723957e-05,-5.813953488424284e-06,-2.6760816444661994e-05,-4.714828399442572e-05,-7.3221943882532395e-06,False
tcn,conditional,10,11.0,9.070182724255638e-05,8.091777408636425e-05,4.7923588039955334e-05,3.312236626162868e-05,5,0.0007500000000000007,False,legacy_mean,0.0145931334962615,0.1211393773555755,0.7025116868592033,0.3832193613052368,-0.013847639476689,-0.2776265762891957,0.9969984889030457,False,False,6.411960132889472e-05,1.1623754152811945e-05,0.00011812292358804207,2.0363976791631932e-05,-7.76358090509746e-06,4.8154411672880484e-05,True
tcn,conditional,11,1.0,0.0010492940199334998,0.0010244393687706133,0.0008457433554815985,0.0006202982097812448,5,0.0007499999999999989,False,legacy_mean,0.9735514594657588,0.9860982298851012,0.0107001973907897,0.0037028193473815,0.9716406840851836,0.972594011099527,1.0054640769958496,True,False,0.001049501661129576,0.0009170805647840648,0.0011868853820598047,0.0006257667736435013,0.0005531478037464225,0.0007020338197154285,True
tcn,conditional,11,2.0,-0.001197009966777518,-0.0011784676079735767,-0.0012881852159469798,-0.0007369711823454139,0,0.0007500000000000007,False,legacy_mean,0.9547037280833192,0.976567566394806,0.0173378191583196,0.0056550055742263,0.9528272462470592,0.957772059655812,1.0040563344955444,True,False,-0.0012111295681063161,-0.0013661171096345523,-0.0010587915282392105,-0.0007429415886019408,-0.0008276640891378183,-0.0006554875049253135,False
tcn,conditional,11,3.0,0.00023348421926900899,0.00022522840531558064,-6.067275747523304e-05,0.0001358775378184074,4,0.0009999999999999992,False,legacy_mean,0.9645213980895376,0.9826198816299438,0.0132580876337276,0.0045016407966613,0.9338504025323758,0.9224820453538722,0.9988558888435364,True,False,0.000249169435215959,2.806063122925448e-05,0.0004453779069767384,0.00013499949662173604,1.1471369725379573e-05,0.0002471709356032878,True
tcn,conditional,11,4.0,-0.0011018646179402625,-0.0010814161129569788,-0.0014451827242524251,-0.00068081337076491,0,0.0017499999999999998,False,legacy_mean,0.578858077860626,0.7629849314689636,0.188949346998356,0.0666544735431671,0.6053401041017571,0.6451221459408996,0.995981752872467,True,False,-0.001039036544850499,-0.001352242524916936,-0.0007129401993355538,-0.0006341211592346052,-0.0008237257217593759,-0.000440257816295391,False
tcn,conditional,11,5.0,0.0,0.0,0.0,0.0,0,0.0,False,legacy_mean,,,0.0,0.0,,,0.0,False,False,0.0,0.0,0.0,0.0,0.0,0.0,False
tcn,conditional,11,6.0,-0.0016488787375415815,-0.0014901785714286353,-0.0024745224252491482,-0.0009582138482365554,0,0.0005000000000000004,False,legacy_mean,0.997028398791882,0.99845689535141,0.0014378663426005,0.0010824799537658,0.982810815577105,0.9823900750798902,0.9907699823379515,True,False,-0.00166503322259136,-0.0021721968438538184,-0.0011989015780730758,-0.0009700915801597088,-0.0012501084177113844,-0.0007107983962092898,False
tcn,conditional,11,7.0,-0.0006414036544851287,-0.0007516818936877945,-0.0007634343853820669,-0.0003810728456220103,0,0.0007499999999999989,False,legacy_mean,0.7184863700707094,0.8477235436439514,0.1213696854402002,0.0426122844219207,0.8106234837175326,0.886557398930125,0.994693160057068,True,False,-0.000630232558139534,-0.000791362126245843,-0.00043534053156145055,-0.0003721489971147818,-0.0004624659099725501,-0.0002614819118956336,False
tcn,conditional,11,8.0,-0.00010577657807313568,-0.00014968853820607197,-0.00016000830564788515,-5.732207689381763e-05,1,0.0005000000000000004,False,legacy_mean,0.2974372147454651,0.5468789935112,0.3615364657126344,0.1433535814285278,0.5001105345716035,0.6359453685855146,0.9983698129653932,False,False,-0.00011295681063121953,-0.0001850539867109695,-1.8596345514906843e-05,-6.639952659579285e-05,-0.00010910712914110255,-7.498403525053774e-06,False
tcn,conditional,11,9.0,0.0,0.0,0.0,0.0,0,0.0,False,legacy_mean,,,0.0,0.0,,,0.0,False,False,0.0,0.0,0.0,0.0,0.0,0.0,False
tcn,conditional,11,10.0,0.0188339327242524,0.019876619601328804,0.014375186877076396,0.010558292835312465,5,0.0005000000000000004,False,legacy_mean,0.1901592773672956,0.4344758987426758,0.4539596056210538,0.1942001581192016,0.1148842134756825,0.4754276976683602,1.00121009349823,False,False,0.018802657807308974,0.015516914451827237,0.02218046096345516,0.010592688156004018,0.008683101718821605,0.012493170822258936,True
tcn,conditional,11,11.0,-4.60714285715369e-05,-4.408222591378852e-05,-7.971345514967698e-05,-3.083632539451209e-05,0,0.0005000000000000004,False,legacy_mean,0.0145931334962615,0.1211393773555755,0.7025116868592033,0.3832193613052368,-0.013847639476689,-0.2776265762891957,0.9969984889030457,False,False,-8.588039867110653e-05,-0.00014186877076413765,-3.006644518270332e-05,-4.93372132638914e-05,-8.038823593467779e-05,-1.7596368114402075e-05,False
tcn,conditional,12,1.0,0.00044898255813949903,0.0004469061461793711,0.00038357558139534564,0.0003544717725733504,5,0.0005000000000000004,False,legacy_mean,0.9735514594657588,0.9860982298851012,0.0107001973907897,0.0037028193473815,0.9716406840851836,0.972594011099527,1.0054640769958496,True,False,0.0004719269102989976,0.00030647425249168635,0.0006332392026577918,0.00036588276152510924,0.00026530215094838154,0.0004612112927134827,True
tcn,conditional,12,2.0,0.001909111295681054,0.001962333887043144,0.001718791528239172,0.0012121300725312922,5,0.0005000000000000004,False,legacy_mean,0.9547037280833192,0.976567566394806,0.0173378191583196,0.0056550055742263,0.9528272462470592,0.957772059655812,1.0040563344955444,True,False,0.0019465116279069783,0.001664522425249174,0.0022264493355481792,0.001218156557280854,0.001040177537157314,0.00139440822419271,True
tcn,conditional,12,3.0,5.952242524913665e-05,4.3085548172672183e-05,-7.649501661133318e-05,8.275812925038207e-05,4,0.0005000000000000004,False,legacy_mean,0.9645213980895376,0.9826198816299438,0.0132580876337276,0.0045016407966613,0.9338504025323758,0.9224820453538722,0.9988558888435364,True,False,8.28903654485047e-05,-0.0001616569767441962,0.0003348006644518264,0.00011785533367429935,-4.012434088155009e-05,0.00029520995562840513,False
tcn,conditional,12,4.0,0.0014330772425248828,0.001456623754152786,0.001232537375415288,0.001286427718523453,5,0.0012500000000000011,False,legacy_mean,0.578858077860626,0.7629849314689636,0.188949346998356,0.0666544735431671,0.6053401041017571,0.6451221459408996,0.995981752872467,True,False,0.0014845514950166084,0.0010820099667774024,0.0019181935215946766,0.0013563425620857494,0.0010477835333231192,0.001668902680592496,True
tcn,conditional,12,5.0,0.0,0.0,0.0,0.0,0,0.0,False,legacy_mean,,,0.0,0.0,,,0.0,False,False,0.0,0.0,0.0,0.0,0.0,0.0,False
tcn,conditional,12,6.0,0.00021271179401991525,0.00017865448504983394,5.9655315614581816e-05,0.00015877286373531252,5,0.0002500000000000002,False,legacy_mean,0.997028398791882,0.99845689535141,0.0014378663426005,0.0010824799537658,0.982810815577105,0.9823900750798902,0.9907699823379515,True,False,0.0002958471760797343,0.0001431852159468396,0.0004413870431893651,0.0002098309121532349,0.00011708926445228732,0.0003023066880236027,True
tcn,conditional,12,7.0,0.000617707641195997,0.000613517441860445,0.000498712624584674,0.0004108978270794594,5,0.0005000000000000004,False,legacy_mean,0.7184863700707094,0.8477235436439514,0.1213696854402002,0.0426122844219207,0.8106234837175326,0.886557398930125,0.994693160057068,True,False,0.0006258305647840478,0.0004798961794019853,0.0007810755813953463,0.00043078350748363857,0.00034447545326792066,0.0005261613659476456,True
tcn,conditional,12,8.0,0.00024145348837205648,0.00022659883720932417,0.0002096760797342112,0.00014326221161182763,5,0.0002500000000000002,False,legacy_mean,0.2974372147454651,0.5468789935112,0.3615364657126344,0.1433535814285278,0.5001105345716035,0.6359453685855146,0.9983698129653932,False,False,0.00023480066445182856,0.00016129568106312492,0.00031088870431894236,0.00014346478194528057,0.00010052481405549024,0.0001882651414889529,True
tcn,conditional,12,9.0,0.0,0.0,0.0,0.0,0,0.0,False,legacy_mean,,,0.0,0.0,,,0.0,False,False,0.0,0.0,0.0,0.0,0.0,0.0,False
tcn,conditional,12,10.0,2.7176079734236858e-05,-1.4161129568091013e-05,-3.492524916937079e-05,3.3566296822784555e-05,2,0.0005000000000000004,False,legacy_mean,0.1901592773672956,0.4344758987426758,0.4539596056210538,0.1942001581192016,0.1148842134756825,0.4754276976683602,1.00121009349823,False,False,5.099667774086103e-05,-3.98754152823923e-05,0.00014369186046511045,4.8936735907579856e-05,-9.398068000833397e-06,0.00010842174992500683,False
tcn,conditional,12,11.0,-9.320182724255055e-05,-7.4418604651183e-05,-0.00019379152823928436,-0.0001623512862529708,0,0.0002500000000000002,False,legacy_mean,0.0145931334962615,0.1211393773555755,0.7025116868592033,0.3832193613052368,-0.013847639476689,-0.2776265762891957,0.9969984889030457,False,False,-8.22259136212633e-05,-0.00020650332225914027,4.169850498338943e-05,-0.00014882711656852065,-0.0002442997647626169,-5.344646152212258e-05,False
tcn,conditional,13,1.0,-0.0001056021594684875,-0.00011250000000007088,-0.0001408845514949686,-5.91566239419361e-05,0,0.0004999999999999987,False,legacy_mean,0.9735514594657588,0.9860982298851012,0.0107001973907897,0.0037028193473815,0.9716406840851836,0.972594011099527,1.0054640769958496,True,False,-0.00011594684385382359,-0.00017541528239200082,-4.9983388704293896e-05,-6.193086034279482e-05,-8.58411658323334e-05,-3.7063656855575066e-05,False
tcn,conditional,13,2.0,6.517857142849249e-05,7.454318936861437e-05,3.3887043189184674e-05,2.9494385593609172e-05,5,0.0005000000000000004,False,legacy_mean,0.9547037280833192,0.976567566394806,0.0173378191583196,0.0056550055742263,0.9528272462470592,0.957772059655812,1.0040563344955444,True,False,6.893687707642205e-05,1.8438538206027006e-05,0.00011993355481729553,3.170005915627105e-05,9.953546510217014e-06,5.4459787634070414e-05,True
tcn,conditional,13,3.0,0.00021806478405312913,0.00024219269102965235,0.00016268687707632346,7.992855447609415e-05,5,0.0004999999999999987,False,legacy_mean,0.9645213980895376,0.9826198816299438,0.0132580876337276,0.0045016407966613,0.9338504025323758,0.9224820453538722,0.9988558888435364,True,False,0.00020780730897009935,0.00010363787375415332,0.0003064825581395257,7.968342988387889e-05,3.567980066617854e-05,0.00012135761262677067,True
tcn,conditional,13,4.0,-4.4019933564953817e-07,1.2063953488183898e-05,-7.732558139539325e-05,2.311125262330904e-05,3,0.0010000000000000009,False,legacy_mean,0.578858077860626,0.7629849314689636,0.188949346998356,0.0666544735431671,0.6053401041017571,0.6451221459408996,0.995981752872467,True,False,3.064784053157465e-05,-0.0001384613787375205,0.00019768480066451483,4.924834353508989e-05,-2.220032139193681e-05,0.00012013479630660178,False
tcn,conditional,13,5.0,0.0,0.0,0.0,0.0,0,0.0,False,legacy_mean,,,0.0,0.0,,,0.0,False,False,0.0,0.0,0.0,0.0,0.0,0.0,False
tcn,conditional,13,6.0,9.796511627868654e-06,4.7134551496297306e-06,-4.401993355607203e-06,5.002907940743207e-06,4,0.0007499999999999989,False,legacy_mean,0.997028398791882,0.99845689535141,0.0014378663426005,0.0010824799537658,0.982810815577105,0.9823900750798902,0.9907699823379515,True,False,2.6578073089722486e-06,-4.069767441859612e-05,5.2338039867116145e-05,5.275242267543945e-06,-1.4149069169803797e-05,2.8041710050648752e-05,False
tcn,conditional,13,7.0,-1.735049833890834e-05,-1.6652823920382254e-05,-3.793604651158855e-05,-8.262756273369477e-06,0,0.0002500000000000002,False,legacy_mean,0.7184863700707094,0.8477235436439514,0.1213696854402002,0.0426122844219207,0.8106234837175326,0.886557398930125,0.994693160057068,True,False,-1.395348837209709e-05,-4.734634551495587e-05,1.9447674418611715e-05,-5.375476209950047e-06,-1.898107348957642e-05,8.108555465231e-06,False
tcn,conditional,13,8.0,-1.9119601328965176e-05,-1.7213455149600598e-05,-3.264119601331661e-05,-5.216479950309605e-06,0,0.0002500000000000002,False,legacy_mean,0.2974372147454651,0.5468789935112,0.3615364657126344,0.1433535814285278,0.5001105345716035,0.6359453685855146,0.9983698129653932,False,False,-1.5448504983388566e-05,-4.302740863785548e-05,1.578073089703408e-05,-4.627102037895181e-06,-1.710350659574625e-05,9.906192795002734e-06,False
tcn,conditional,13,9.0,0.0,0.0,0.0,0.0,0,0.0,False,legacy_mean,,,0.0,0.0,,,0.0,False,False,0.0,0.0,0.0,0.0,0.0,0.0,False
tcn,conditional,13,10.0,-3.734634551499916e-05,-4.460132890360402e-05,-5.070598006662319e-05,-1.8931759550810945e-05,0,0.0005000000000000004,False,legacy_mean,0.1901592773672956,0.4344758987426758,0.4539596056210538,0.1942001581192016,0.1148842134756825,0.4754276976683602,1.00121009349823,False,False,-4.584717607973743e-05,-7.625000000000586e-05,-2.0099667774095055e-05,-2.314271106298893e-05,-3.705719118965645e-05,-1.060530932606302e-05,False
tcn,conditional,13,11.0,-1.74667774087256e-05,-1.0340531561459088e-05,-3.5610465116353573e-05,-4.414121785667468e-06,0,0.0005000000000000004,False,legacy_mean,0.0145931334962615,0.1211393773555755,0.7025116868592033,0.3832193613052368,-0.013847639476689,-0.2776265762891957,0.9969984889030457,False,False,-2.9401993355473444e-05,-7.524916943520699e-05,1.5116279069764372e-05,-1.0656007023831516e-05,-2.8763463485553006e-05,5.815840456565027e-06,False
tcn,conditional,14,1.0,-5.6129568106388915e-05,-5.7994186046683716e-05,-0.00011225083056476404,-3.964221071597329e-05,1,0.0002500000000000002,False,legacy_mean,0.9735514594657588,0.9860982298851012,0.0107001973907897,0.0037028193473815,0.9716406840851836,0.972594011099527,1.0054640769958496,True,False,-7.57475083056569e-05,-0.00011229235880398411,-4.0523255813954124e-05,-5.163217045237256e-05,-7.331052283975143e-05,-3.088109170700898e-05,False
tcn,conditional,14,2.0,-0.0001292358803986815,-0.0001431478405315989,-0.00016229235880405035,-8.202091662383726e-05,0,0.0009999999999999992,False,legacy_mean,0.9547037280833192,0.976567566394806,0.0173378191583196,0.0056550055742263,0.9528272462470592,0.957772059655812,1.0040563344955444,True,False,-0.00012607973421926766,-0.00016926910299002636,-8.072674418603609e-05,-8.129372863927565e-05,-0.00010717787416482568,-5.4086036150491594e-05,False
tcn,conditional,14,3.0,4.132059800565635e-06,1.5157807308874283e-05,-4.3106312292429116e-05,-3.4190567437031304e-06,3,0.0012499999999999994,False,legacy_mean,0.9645213980895376,0.9826198816299438,0.0132580876337276,0.0045016407966613,0.9338504025323758,0.9224820453538722,0.9988558888435364,True,False,-2.6578073089777996e-06,-4.202657807309812e-05,3.803986710960542e-05,-4.883024451547424e-06,-2.9078773807210716e-05,2.16472631883579e-05,False
tcn,conditional,14,4.0,-0.00012038621262464578,-0.0001207641196014908,-0.00015651993355481064,-6.244420428898056e-05,0,0.0017499999999999998,False,legacy_mean,0.578858077860626,0.7629849314689636,0.188949346998356,0.0666544735431671,0.6053401041017571,0.6451221459408996,0.995981752872467,True,False,-0.0001282392026578294,-0.00020581395348839523,-5.232142857147389e-05,-7.164031923737046e-05,-0.00011665243072752055,-2.7718312553293937e-05,False
tcn,conditional,14,5.0,0.0,0.0,0.0,0.0,0,0.0,False,legacy_mean,,,0.0,0.0,,,0.0,False,False,0.0,0.0,0.0,0.0,0.0,0.0,False
tcn,conditional,14,6.0,-6.0813953488336736e-05,-7.063953488362085e-05,-0.00013909883720919503,-4.5909849944569814e-05,1,0.0007499999999999989,False,legacy_mean,0.997028398791882,0.99845689535141,0.0014378663426005,0.0010824799537658,0.982810815577105,0.9823900750798902,0.9907699823379515,True,False,-7.840531561463026e-05,-0.00014186046511625394,-1.2607973421946784e-05,-5.891698328799988e-05,-9.532774759752901e-05,-2.070006915951887e-05,False
tcn,conditional,14,7.0,-8.09385382056771e-06,-6.706810631196269e-06,-1.6009136212580266e-05,-3.3596260413215616e-06,0,0.0002500000000000002,False,legacy_mean,0.7184863700707094,0.8477235436439514,0.1213696854402002,0.0426122844219207,0.8106234837175326,0.886557398930125,0.994693160057068,True,False,-8.471760797340577e-06,-2.7242524916935156e-05,9.302325581390685e-06,-3.170222341757345e-06,-1.324054220793222e-05,7.04036471893224e-06,False
tcn,conditional,14,8.0,-9.7466777408739e-06,-7.558139535013275e-06,-2.724252491703716e-05,-5.407437609505905e-06,1,0.0002500000000000002,False,legacy_mean,0.2974372147454651,0.5468789935112,0.3615364657126344,0.1433535814285278,0.5001105345716035,0.6359453685855146,0.9983698129653932,False,False,-7.64119601329938e-06,-2.358803986708649e-05,7.142857142822313e-06,-4.03574775115767e-06,-1.2857470125314379e-05,4.433700255976162e-06,False
tcn,conditional,14,9.0,0.0,0.0,0.0,0.0,0,0.0,False,legacy_mean,,,0.0,0.0,,,0.0,False,False,0.0,0.0,0.0,0.0,0.0,0.0,False
tcn,conditional,14,10.0,0.0003040656146179099,0.0002922757475083415,0.00017799003322238605,0.00019574035707456972,5,0.0005000000000000004,False,legacy_mean,0.1901592773672956,0.4344758987426758,0.4539596056210538,0.1942001581192016,0.1148842134756825,0.4754276976683602,1.00121009349823,False,False,0.00029593023255813477,0.00018970099667772733,0.0004084177740863812,0.00018909397318039756,0.00012255198320737976,0.00025986379359158886,True
tcn,conditional,14,11.0,-1.0016611295715628e-05,-1.0838870432072767e-05,-1.8438538206044797e-05,-5.964396104141123e-06,1,0.0005000000000000004,False,legacy_mean,0.0145931334962615,0.1211393773555755,0.7025116868592033,0.3832193613052368,-0.013847639476689,-0.2776265762891957,0.9969984889030457,False,False,-1.5946843853831273e-05,-3.588455149503234e-05,3.8289036544820005e-06,-9.247788547707137e-06,-2.05305416858908e-05,1.6621224554677339e-06,False
tcn,conditional,15,1.0,0.00022545681063121937,0.00023380398671091207,0.00016025747508296995,0.00018052717662866424,5,0.0007500000000000007,False,legacy_mean,0.9735514594657588,0.9860982298851012,0.0107001973907897,0.0037028193473815,0.9716406840851836,0.972594011099527,1.0054640769958496,True,False,0.0003229235880398612,0.00010891611295680827,0.0005391112956810514,0.00021139207168579754,-1.103298970650454e-05,0.00043266781647414374,True
tcn,conditional,15,2.0,0.0002776245847176062,0.00028812292358804115,0.00015220099667778708,0.0004934433421018624,5,0.0010000000000000009,False,legacy_mean,0.9547037280833192,0.976567566394806,0.0173378191583196,0.0056550055742263,0.9528272462470592,0.957772059655812,1.0040563344955444,True,False,0.0003137873754152776,-1.3828903654492183e-05,0.0006389244186046476,0.0006099174974264676,0.0002890345124013477,0.0009594617858379625,False
tcn,conditional,15,3.0,-0.0002742649501661143,-0.0001446428571427738,-0.0005495431893688396,0.00019797636680369824,0,0.0009999999999999992,False,legacy_mean,0.9645213980895376,0.9826198816299438,0.0132580876337276,0.0045016407966613,0.9338504025323758,0.9224820453538722,0.9988558888435364,True,False,-0.00011852159468438762,-0.000629999999999999,0.0003678135382059729,0.0005135964847564423,7.993521535319276e-05,0.0009115699283543191,False
tcn,conditional,15,4.0,0.00047484634551493433,0.00045010382059795795,0.00026586378737547545,0.0003951888849747398,5,0.0014999999999999996,False,legacy_mean,0.578858077860626,0.7629849314689636,0.188949346998356,0.0666544735431671,0.6053401041017571,0.6451221459408996,0.995981752872467,True,False,0.0006638704318936883,0.0001552304817275783,0.0012071449335548242,0.000619222152596921,7.226164796723231e-05,0.0011746268726263883,True
tcn,conditional,15,5.0,0.0,0.0,0.0,0.0,0,0.0,False,legacy_mean,,,0.0,0.0,,,0.0,False,False,0.0,0.0,0.0,0.0,0.0,0.0,False
tcn,conditional,15,6.0,-8.440614617939435e-05,-0.00010643687707634353,-0.00012759551495011845,-0.00014179184043439097,0,0.0007500000000000007,False,legacy_mean,0.997028398791882,0.99845689535141,0.0014378663426005,0.0010824799537658,0.982810815577105,0.9823900750798902,0.9907699823379515,True,False,-6.0963455149506963e-05,-0.0002792400332225988,0.00014487541528238184,5.040244350382528e-05,-0.0001590280631130686,0.0002640841661471493,False
tcn,conditional,15,7.0,-3.132059800665665e-05,-1.4140365448556125e-05,-0.00012886212624585447,8.337906819044783e-06,1,0.0002500000000000002,False,legacy_mean,0.7184863700707094,0.8477235436439514,0.1213696854402002,0.0426122844219207,0.8106234837175326,0.886557398930125,0.994693160057068,True,False,2.906976744183054e-06,-9.30274086378807e-05,0.00010335963455149495,0.00012507195618918887,-3.007874955152198e-05,0.0002781343737442091,False
tcn,conditional,15,8.0,5.1374584717645e-05,6.206395348840044e-05,2.1594684385339846e-05,7.763537669449593e-05,5,0.0002500000000000002,False,legacy_mean,0.2974372147454651,0.5468789935112,0.3615364657126344,0.1433535814285278,0.5001105345716035,0.6359453685855146,0.9983698129653932,False,False,3.629568106311654e-05,-7.061669435217907e-05,0.00013058139534882982,8.789173858677723e-05,-5.804258862903383e-05,0.000236426588232022,False
tcn,conditional,15,9.0,0.0,0.0,0.0,0.0,0,0.0,False,legacy_mean,,,0.0,0.0,,,0.0,False,False,0.0,0.0,0.0,0.0,0.0,0.0,False
tcn,conditional,15,10.0,-1.2084717607963036e-05,-1.8521594684295373e-05,-2.915282392035312e-05,3.531380106420734e-05,1,0.0005000000000000004,False,legacy_mean,0.1901592773672956,0.4344758987426758,0.4539596056210538,0.1942001581192016,0.1148842134756825,0.4754276976683602,1.00121009349823,False,False,9.219269102991868e-06,-5.797965116279356e-05,7.235049833887143e-05,0.00010256548497614815,3.88907527308624e-06,0.00020403322398380598,False
tcn,conditional,15,11.0,0.00020731312292359138,0.00020342607973422577,7.431478405317549e-05,4.3659557425201886e-05,5,0.0007500000000000007,False,legacy_mean,0.0145931334962615,0.1211393773555755,0.7025116868592033,0.3832193613052368,-0.013847639476689,-0.2776265762891957,0.9969984889030457,False,False,0.0002470930232558116,3.95224252491673e-05,0.0004606519933554864,0.00024991377893248236,-5.97450258704346e-06,0.0004923040253465658,True
tcn,conditional,16,1.0,-0.00019659883720930528,-0.0002058970099668711,-0.00031486710963457565,-9.426619609480547e-05,0,0.0004999999999999987,False,legacy_mean,0.9735514594657588,0.9860982298851012,0.0107001973907897,0.0037028193473815,0.9716406840851836,0.972594011099527,1.0054640769958496,True,False,-0.000211129568106313,-0.00042367109634550897,1.03239202657804e-05,-0.000176330200237661,-0.0003903185204416423,3.095248341670676e-05,False
tcn,conditional,16,2.0,-7.658637873753094e-05,-8.978405315618332e-05,-0.00015440199335547966,-0.00029040963532722675,0,0.0007500000000000007,False,legacy_mean,0.9547037280833192,0.976567566394806,0.0173378191583196,0.0056550055742263,0.9528272462470592,0.957772059655812,1.0040563344955444,True,False,-8.45514950166093e-05,-0.00041762458471760226,0.00022946428571428702,-0.00034553853463378136,-0.0006619649173400228,-4.4900833941648465e-05,False
tcn,conditional,16,3.0,0.0007587707641196096,0.000754111295681037,0.0006894725913620947,0.00024248390701238077,5,0.0010000000000000009,False,legacy_mean,0.9645213980895376,0.9826198816299438,0.0132580876337276,0.0045016407966613,0.9338504025323758,0.9224820453538722,0.9988558888435364,True,False,0.0007161129568106361,0.00030804194352159717,0.0011399667774086458,0.0001748540757472561,-0.00018123328956677794,0.0005114901621764864,True
tcn,conditional,16,4.0,0.0006218521594684612,0.0006300456810631738,0.0005152823920265837,0.0011156748188853038,5,0.0015000000000000013,False,legacy_mean,0.578858077860626,0.7629849314689636,0.188949346998356,0.0666544735431671,0.6053401041017571,0.6451221459408996,0.995981752872467,True,False,0.0004598837209302326,-0.00014823920265781042,0.0011079173588039878,0.001091162087246894,0.00045806530135142923,0.0017251639113710956,False
tcn,conditional,16,5.0,0.0,0.0,0.0,0.0,0,0.0,False,legacy_mean,,,0.0,0.0,,,0.0,False,False,0.0,0.0,0.0,0.0,0.0,0.0,False
tcn,conditional,16,6.0,0.00011036544850497875,0.00010639534883727375,9.954318936877815e-05,0.00015704295161305114,5,0.0002500000000000002,False,legacy_mean,0.997028398791882,0.99845689535141,0.0014378663426005,0.0010824799537658,0.982810815577105,0.9823900750798902,0.9907699823379515,True,False,0.00010681063122923607,-7.012458471760923e-05,0.00028991486710963095,0.00012206675043028636,-8.72047420376301e-05,0.0003245598999095583,False
tcn,conditional,16,7.0,-4.352159468439254e-05,-2.9734219269106354e-05,-0.00010953073089703391,1.3164598924042537e-05,1,0.0005000000000000004,False,legacy_mean,0.7184863700707094,0.8477235436439514,0.1213696854402002,0.0426122844219207,0.8106234837175326,0.886557398930125,0.994693160057068,True,False,-8.729235880398035e-05,-0.00023422342192690415,6.124584717609005e-05,-3.879813226102535e-05,-0.0001964072247447061,9.519919672268965e-05,False
tcn,conditional,16,8.0,0.00010356727574754033,0.00010732973421934133,5.631229235880664e-05,6.575938968136352e-05,5,0.0004999999999999987,False,legacy_mean,0.2974372147454651,0.5468789935112,0.3615364657126344,0.1433535814285278,0.5001105345716035,0.6359453685855146,0.9983698129653932,False,False,0.00011843853820598494,3.346968438537872e-05,0.0002074003322259143,7.90150246867305e-05,-4.291365002838748e-05,0.00019336154923890834,True
tcn,conditional,16,9.0,0.0,0.0,0.0,0.0,0,0.0,False,legacy_mean,,,0.0,0.0,,,0.0,False,False,0.0,0.0,0.0,0.0,0.0,0.0,False
tcn,conditional,16,10.0,-2.934800664451398e-05,-4.4393687707700025e-05,-0.00013110465116272785,-3.154972181962368e-05,2,0.0002500000000000002,False,legacy_mean,0.1901592773672956,0.4344758987426758,0.4539596056210538,0.1942001581192016,0.1148842134756825,0.4754276976683602,1.00121009349823,False,False,-2.607973421926868e-05,-0.0001286565614617961,6.669642857143051e-05,-3.821777116324254e-05,-0.00010786507228232247,3.304730657587919e-05,False
tcn,conditional,16,11.0,0.000224688538205986,0.000213102159468459,0.00012531146179406427,0.00013831727939455084,5,0.0004999999999999987,False,legacy_mean,0.0145931334962615,0.1211393773555755,0.7025116868592033,0.3832193613052368,-0.013847639476689,-0.2776265762891957,0.9969984889030457,False,False,0.00022516611295681331,2.7456395348846088e-05,0.0004179443521594749,0.00016712303586559728,-7.085326366985008e-05,0.00038488344013330034,True
tcn,conditional,17,1.0,0.00017875415282386786,0.00018286960132907204,0.00014505813953480384,0.00011709293739805559,5,0.0002500000000000002,False,legacy_mean,0.9735514594657588,0.9860982298851012,0.0107001973907897,0.0037028193473815,0.9716406840851836,0.972594011099527,1.0054640769958496,True,False,0.00020182724252491014,0.00013321428571426978,0.00027691445182721313,0.0001265490632259847,9.283089479993428e-05,0.00016308166719267145,True
tcn,conditional,17,2.0,-8.75830564788238e-06,1.1420265780826e-06,-5.9323089701246445e-05,-2.622963505511944e-05,3,0.0007500000000000007,False,legacy_mean,0.9547037280833192,0.976567566394806,0.0173378191583196,0.0056550055742263,0.9528272462470592,0.957772059655812,1.0040563344955444,True,False,1.1461794019939075e-05,-7.027408637872324e-05,9.152823920265421e-05,-1.5143745833129384e-05,-5.662668984388209e-05,2.4931389536278392e-05,False
tcn,conditional,17,3.0,1.6997508305638398e-05,2.3421926910405233e-05,-6.046511627921802e-05,1.8573998974646955e-05,3,0.0015000000000000005,False,legacy_mean,0.9645213980895376,0.9826198816299438,0.0132580876337276,0.0045016407966613,0.9338504025323758,0.9224820453538722,0.9988558888435364,True,False,5.498338870430608e-05,-6.330149501661432e-05,0.00017574750830563727,3.681813180097193e-05,-1.721262252884431e-05,9.14733662529784e-05,False
tcn,conditional,17,4.0,-0.00023553986710969088,-0.00030348837209293045,-0.0003794435215948022,-0.00014910370016696373,0,0.0005000000000000004,False,legacy_mean,0.578858077860626,0.7629849314689636,0.188949346998356,0.0666544735431671,0.6053401041017571,0.6451221459408996,0.995981752872467,True,False,-0.000217275747508312,-0.00041379152823918454,-2.7383720930255203e-05,-0.00014650551487855102,-0.000247636812230043,-4.575696606084976e-05,False
tcn,conditional,17,5.0,0.0,0.0,0.0,0.0,0,0.0,False,legacy_mean,,,0.0,0.0,,,0.0,False,False,0.0,0.0,0.0,0.0,0.0,0.0,False
tcn,conditional,17,6.0,-5.482558139542348e-05,-5.780730896998154e-05,-7.126245847199897e-05,-3.319136925985511e-05,0,0.0005000000000000004,False,legacy_mean,0.997028398791882,0.99845689535141,0.0014378663426005,0.0010824799537658,0.982810815577105,0.9823900750798902,0.9907699823379515,True,False,-5.249169435215917e-05,-0.00010581810631228928,-1.320598006651259e-06,-3.414471466714697e-05,-6.069133245199723e-05,-8.645556389858871e-06,False
tcn,conditional,17,7.0,0.0003466735880398142,0.00034271179402001195,0.00025220099667766505,0.0002010335565674204,5,0.0002500000000000002,False,legacy_mean,0.7184863700707094,0.8477235436439514,0.1213696854402002,0.0426122844219207,0.8106234837175326,0.886557398930125,0.994693160057068,True,False,0.0003727574750830631,0.0003119559800664287,0.00043089700996679444,0.00021169226971391565,0.000179476832398339,0.00024235012734285765,True
tcn,conditional,17,8.0,5.102159468437506e-05,5.446428571420636e-05,3.6046511627807476e-05,2.5108479680158168e-05,5,0.0007499999999999989,False,legacy_mean,0.2974372147454651,0.5468789935112,0.3615364657126344,0.1433535814285278,0.5001105345716035,0.6359453685855146,0.9983698129653932,False,False,3.7375415282400184e-05,1.2292358804014275e-05,6.212624584717497e-05,1.980601076448707e-05,7.895011382899499e-06,3.123547123218594e-05,True
tcn,conditional,17,9.0,0.0,0.0,0.0,0.0,0,0.0,False,legacy_mean,,,0.0,0.0,,,0.0,False,False,0.0,0.0,0.0,0.0,0.0,0.0,False
tcn,conditional,17,10.0,-2.0635382059763785e-05,-1.229235880395585e-05,-6.916528239198083e-05,-1.1703610940472231e-05,1,0.0005000000000000004,False,legacy_mean,0.1901592773672956,0.4344758987426758,0.4539596056210538,0.1942001581192016,0.1148842134756825,0.4754276976683602,1.00121009349823,False,False,-1.8438538205974852e-05,-4.119601328902039e-05,3.1602990033217975e-06,-1.1764217206896577e-05,-2.4276002684286508e-05,-4.5984459894632593e-07,False
tcn,conditional,17,11.0,-3.726328903654874e-05,-4.470514950161153e-05,-4.831810631233946e-05,-1.3854114569067378e-05,0,0.0007500000000000007,False,legacy_mean,0.0145931334962615,0.1211393773555755,0.7025116868592033,0.3832193613052368,-0.013847639476689,-0.2776265762891957,0.9969984889030457,False,False,-3.961794019933462e-05,-7.973837209302373e-05,7.475083056537324e-07,-1.627876038449383e-05,-3.6100877234575e-05,3.3678219579303608e-06,False
tcn,conditional,18,1.0,0.00025151993355481127,0.0002644310631229052,0.00019723837209306705,0.00014714789270062756,5,0.0009999999999999992,False,legacy_mean,0.9735514594657588,0.9860982298851012,0.0107001973907897,0.0037028193473815,0.9716406840851836,0.972594011099527,1.0054640769958496,True,False,0.00024202657807310124,0.00015631229235881414,0.0003335672757475344,0.00014916553583466108,0.00010156460738547493,0.0001991169919429479,True
tcn,conditional,18,2.0,0.00036668189368769253,0.00036395348837203745,0.0002721968438538225,0.00018056842509257544,5,0.0007500000000000007,False,legacy_mean,0.9547037280833192,0.976567566394806,0.0173378191583196,0.0056550055742263,0.9528272462470592,0.957772059655812,1.0040563344955444,True,False,0.00036627906976744227,0.00022671096345515667,0.0005076702657807272,0.00017495615120699748,9.840879791774476e-05,0.0002489843431495375,True
tcn,conditional,18,3.0,0.000556731727574733,0.0005800249169434224,0.0004972176079734991,0.00029693689796985725,5,0.0007500000000000007,False,legacy_mean,0.9645213980895376,0.9826198816299438,0.0132580876337276,0.0045016407966613,0.9338504025323758,0.9224820453538722,0.9988558888435364,True,False,0.0005933554817275855,0.0004361960132890457,0.0007523297342192821,0.0003105462064255393,0.00023385899695392486,0.00038649869254564966,True
tcn,conditional,18,4.0,0.0008707350498338817,0.0008369393687707172,0.0008056270764119633,0.000500121580013757,5,0.0010000000000000009,False,legacy_mean,0.578858077860626,0.7629849314689636,0.188949346998356,0.0666544735431671,0.6053401041017571,0.6451221459408996,0.995981752872467,True,False,0.0008044850498338896,0.0005220598006644454,0.0011209883720930383,0.00047844087937855886,0.000311983998631798,0.0006629899965367711,True
tcn,conditional,18,5.0,0.0,0.0,0.0,0.0,0,0.0,False,legacy_mean,,,0.0,0.0,,,0.0,False,False,0.0,0.0,0.0,0.0,0.0,0.0,False
tcn,conditional,18,6.0,0.0003664368770764259,0.00036488787375410503,0.00012016196013286962,0.00018631382485407856,5,0.0007500000000000007,False,legacy_mean,0.997028398791882,0.99845689535141,0.0014378663426005,0.0010824799537658,0.982810815577105,0.9823900750798902,0.9907699823379515,True,False,0.0003400332225913627,0.00020298172757474183,0.0004765905315614753,0.00017772648651409928,9.15305099078671e-05,0.00026032411820655786,True
tcn,conditional,18,7.0,0.00016284053156143675,0.00016841777408638237,7.680647840524468e-05,9.635937458876142e-05,5,0.0002500000000000002,False,legacy_mean,0.7184863700707094,0.8477235436439514,0.1213696854402002,0.0426122844219207,0.8106234837175326,0.886557398930125,0.994693160057068,True,False,0.00017242524916944002,9.684385382061586e-05,0.0002441943521594875,0.0001021629931207857,6.132225604597619e-05,0.000140349758818508,True
tcn,conditional,18,8.0,3.12250830564631e-05,4.152823920267057e-05,6.083887043151215e-06,1.9995439691311566e-05,5,0.0007500000000000007,False,legacy_mean,0.2974372147454651,0.5468789935112,0.3615364657126344,0.1433535814285278,0.5001105345716035,0.6359453685855146,0.9983698129653932,False,False,3.1229235880394504e-05,-1.7782392026595953e-05,7.292774086378097e-05,2.277141610205535e-05,-7.752539139301047e-06,4.987493694045664e-05,False
tcn,conditional,18,9.0,0.0,0.0,0.0,0.0,0,0.0,False,legacy_mean,,,0.0,0.0,,,0.0,False,False,0.0,0.0,0.0,0.0,0.0,0.0,False
tcn,conditional,18,10.0,1.7686877076394937e-05,2.4501661128883967e-06,-1.679817275745954e-05,1.3409480066606249e-05,3,0.0002500000000000002,False,legacy_mean,0.1901592773672956,0.4344758987426758,0.4539596056210538,0.1942001581192016,0.1148842134756825,0.4754276976683602,1.00121009349823,False,False,3.986710963454376e-05,-8.388704319173541e-07,7.95722591362198e-05,2.8263737471759807e-05,6.044763739678716e-06,5.146949465387341e-05,False
tcn,conditional,18,11.0,-0.00022841362126251318,-0.00022244601328913483,-0.0002504152823920025,-0.0001421394137708587,0,0.0005000000000000004,False,legacy_mean,0.0145931334962615,0.1211393773555755,0.7025116868592033,0.3832193613052368,-0.013847639476689,-0.2776265762891957,0.9969984889030457,False,False,-0.0002928571428571447,-0.00037642026578074624,-0.00021511212624585456,-0.00017103366000449373,-0.0002177210983766793,-0.0001297368016405526,False
tcn,conditional,19,1.0,-0.003396308139534976,-0.003538205980066378,-0.0042173380398672355,-0.0021887464938904035,0,0.0005000000000000004,False,legacy_mean,0.9735514594657588,0.9860982298851012,0.0107001973907897,0.0037028193473815,0.9716406840851836,0.972594011099527,1.0054640769958496,True,False,-0.0034049833887043056,-0.004007778239202645,-0.0028024501661129395,-0.0022455828074757177,-0.0026566735130793867,-0.0018430860846950484,False
tcn,conditional,19,2.0,-0.010500282392026605,-0.010101162790697726,-0.013080564784053172,-0.006854745589118139,0,0.0004999999999999987,False,legacy_mean,0.9547037280833192,0.976567566394806,0.0173378191583196,0.0056550055742263,0.9528272462470592,0.957772059655812,1.0040563344955444,True,False,-0.010495681063122922,-0.012463197674418619,-0.008712200996677704,-0.006963864600571238,-0.008345505978717324,-0.0057395148432994245,False
tcn,conditional,19,3.0,0.00046777823920256533,0.0003784676079734428,0.00018901578073082792,0.00027103343260392876,5,0.0009999999999999992,False,legacy_mean,0.9645213980895376,0.9826198816299438,0.0132580876337276,0.0045016407966613,0.9338504025323758,0.9224820453538722,0.9988558888435364,True,False,0.0005260797342192813,0.00025708471760798587,0.0008357433554817335,0.0003159755642619011,0.0001572505285493488,0.0005003192465154831,True
tcn,conditional,19,4.0,-0.018512400332225964,-0.020479817275747658,-0.023219705149501557,-0.011814253044665213,0,0.0004999999999999987,False,legacy_mean,0.578858077860626,0.7629849314689636,0.188949346998356,0.0666544735431671,0.6053401041017571,0.6451221459408996,0.995981752872467,True,False,-0.0186202657807309,-0.022662607973421928,-0.014324497508305655,-0.011991385271022668,-0.014766000583758173,-0.009078360157626381,False
tcn,conditional,19,5.0,0.0,0.0,0.0,0.0,0,0.0,False,legacy_mean,,,0.0,0.0,,,0.0,False,False,0.0,0.0,0.0,0.0,0.0,0.0,False
tcn,conditional,19,6.0,-6.98712624584541e-05,-7.630813953485305e-05,-9.761212624581628e-05,-5.482511089101027e-05,0,0.0004999999999999987,False,legacy_mean,0.997028398791882,0.99845689535141,0.0014378663426005,0.0010824799537658,0.982810815577105,0.9823900750798902,0.9907699823379515,True,False,-0.00011478405315613393,-0.00019850913621261666,-2.3729235880379976e-05,-8.19264681685361e-05,-0.0001319201935645817,-2.6288451300487306e-05,False
tcn,conditional,19,7.0,0.029573181063122855,0.029226806478405143,0.02706945598006638,0.019853097367513707,5,0.0007499999999999989,True,legacy_mean,0.7184863700707094,0.8477235436439514,0.1213696854402002,0.0426122844219207,0.8106234837175326,0.886557398930125,0.994693160057068,True,True,0.02979352159468439,0.027461158637873774,0.032352408637873746,0.020154583045627117,0.0182120627602371,0.022329068164884662,True
tcn,conditional,19,8.0,0.03725597591362122,0.037449439368770654,0.03526108803986716,0.02366789766102011,5,0.0004999999999999987,True,legacy_mean,0.2974372147454651,0.5468789935112,0.3615364657126344,0.1433535814285278,0.5001105345716035,0.6359453685855146,0.9983698129653932,False,False,0.037402990033222595,0.0350162707641196,0.03967998754152825,0.02397727625151103,0.022282255248324577,0.02563600806090188,True
tcn,conditional,19,9.0,0.0,0.0,0.0,0.0,0,0.0,False,legacy_mean,,,0.0,0.0,,,0.0,False,False,0.0,0.0,0.0,0.0,0.0,0.0,False
tcn,conditional,19,10.0,-9.230897009970818e-05,-0.000123463455149464,-0.0003095930232559496,-5.6434302222263534e-05,1,0.0002500000000000002,False,legacy_mean,0.1901592773672956,0.4344758987426758,0.4539596056210538,0.1942001581192016,0.1148842134756825,0.4754276976683602,1.00121009349823,False,False,-9.966777408638162e-05,-0.0002903820598006451,0.00013971345514946783,-6.123583486315809e-05,-0.00019751071857440655,9.73345691023188e-05,False
tcn,conditional,19,11.0,5.9331395348838355e-05,1.6486710963214968e-05,-3.1748338870318804e-05,3.43607392146783e-05,3,0.0007499999999999989,False,legacy_mean,0.0145931334962615,0.1211393773555755,0.7025116868592033,0.3832193613052368,-0.013847639476689,-0.2776265762891957,0.9969984889030457,False,False,6.245847176079677e-05,-1.4626245847144224e-05,0.00014535299003321206,3.483314671271387e-05,-1.1820654953247632e-05,8.615601161980937e-05,False
tcn,conditional,20,1.0,-2.1511627906756203e-06,-1.66112956834219e-07,-8.226744186035084e-05,-2.1559261996939583e-05,2,0.0005000000000000004,False,legacy_mean,0.9735514594657588,0.9860982298851012,0.0107001973907897,0.0037028193473815,0.9716406840851836,0.972594011099527,1.0054640769958496,True,False,1.0215946843862289e-05,-8.868355481728276e-05,0.0001059800664451798,-1.79942596553051e-05,-6.703577051936596e-05,2.849858329444873e-05,False
tcn,conditional,20,2.0,2.947674418614099e-05,1.667358803980612e-05,-5.809800664435816e-05,4.013600465544442e-05,3,0.0012499999999999994,False,legacy_mean,0.9547037280833192,0.976567566394806,0.0173378191583196,0.0056550055742263,0.9528272462470592,0.957772059655812,1.0040563344955444,True,False,-2.0681063122913733e-05,-0.00010614617940197928,7.027408637875223e-05,1.4178018129724634e-05,-3.062633597642542e-05,6.124023796194213e-05,False
tcn,conditional,20,3.0,0.00010313538205988237,9.401993355484528e-05,7.458471760801721e-05,6.331542825150915e-05,5,0.0007500000000000007,False,legacy_mean,0.9645213980895376,0.9826198816299438,0.0132580876337276,0.0045016407966613,0.9338504025323758,0.9224820453538722,0.9988558888435364,True,False,0.00010348837209302353,9.966777408644545e-06,0.00019352159468438322,6.575696424887089e-05,2.3735959005620283e-05,0.00010510180520895056,True
tcn,conditional,20,4.0,0.00017218853820601953,0.00018683554817278125,5.9302325581600535e-05,0.00012634598416823019,5,0.0007499999999999989,False,legacy_mean,0.578858077860626,0.7629849314689636,0.188949346998356,0.0666544735431671,0.6053401041017571,0.6451221459408996,0.995981752872467,True,False,0.0001632890365448736,-1.549418604648797e-05,0.00034053156146180927,0.00012129248221879662,3.7164086153140156e-05,0.00020420437938475957,False
tcn,conditional,20,5.0,0.0,0.0,0.0,0.0,0,0.0,False,legacy_mean,,,0.0,0.0,,,0.0,False,False,0.0,0.0,0.0,0.0,0.0,0.0,False
tcn,conditional,20,6.0,-0.00012223006644513924,-0.00010564784053146425,-0.00021106727574760065,-9.028066992946559e-05,0,0.0002500000000000002,False,legacy_mean,0.997028398791882,0.99845689535141,0.0014378663426005,0.0010824799537658,0.982810815577105,0.9823900750798902,0.9907699823379515,True,False,-0.00010913621262457762,-0.00017375415282391428,-4.916943521595438e-05,-8.418101401230337e-05,-0.00012072262443638978,-5.199860873333179e-05,False
tcn,conditional,20,7.0,0.00011571843853830366,0.00012338039867121342,-1.3289036544739119e-05,8.274310732483414e-05,4,0.0004999999999999987,False,legacy_mean,0.7184863700707094,0.8477235436439514,0.1213696854402002,0.0426122844219207,0.8106234837175326,0.886557398930125,0.994693160057068,True,False,0.00011777408637873576,4.168189368769676e-05,0.00019503737541529822,8.115726192633122e-05,3.104773400639849e-05,0.00013301414481397153,True
tcn,conditional,20,8.0,2.9049003322301204e-05,3.307724252477051e-05,-1.2645348837159176e-05,1.9155992809416487e-05,4,0.0002500000000000002,False,legacy_mean,0.2974372147454651,0.5468789935112,0.3615364657126344,0.1433535814285278,0.5001105345716035,0.6359453685855146,0.9983698129653932,False,False,3.737541528239796e-05,3.280730897433362e-07,7.544019933554656e-05,2.2335151857028056e-05,2.630514721068955e-06,4.2036156052819635e-05,True
tcn,conditional,20,9.0,0.0,0.0,0.0,0.0,0,0.0,False,legacy_mean,,,0.0,0.0,,,0.0,False,False,0.0,0.0,0.0,0.0,0.0,0.0,False
tcn,conditional,20,10.0,-3.073504983395203e-05,-2.3006644518375197e-05,-5.697674418603249e-05,-2.101143123982574e-05,0,0.0002500000000000002,False,legacy_mean,0.1901592773672956,0.4344758987426758,0.4539596056210538,0.1942001581192016,0.1148842134756825,0.4754276976683602,1.00121009349823,False,False,-2.8571428571424475e-05,-5.149501661128439e-05,-5.980066445175819e-06,-2.005106247655597e-05,-3.202383827351346e-05,-8.603719008183914e-06,False
tcn,conditional,20,11.0,-1.960132890332922e-06,-3.4468438537826884e-06,-1.54485049832509e-05,9.150389472334375e-06,2,0.0004999999999999987,False,legacy_mean,0.0145931334962615,0.1211393773555755,0.7025116868592033,0.3832193613052368,-0.013847639476689,-0.2776265762891957,0.9969984889030457,False,False,2.6245847176086244e-05,-2.9900332225898855e-05,8.256229235881969e-05,1.9664257258884544e-05,-3.105310094350777e-06,4.246136708605321e-05,False
tcn,conditional,21,1.0,-0.00018267441860466693,-0.00019846345514951125,-0.0002318106312292345,-0.00017408370542242312,0,0.0005000000000000004,False,legacy_mean,0.9735514594657588,0.9860982298851012,0.0107001973907897,0.0037028193473815,0.9716406840851836,0.972594011099527,1.0054640769958496,True,False,-0.0001958471760797398,-0.0004233513289036662,4.005813953487961e-05,-0.00020435541001745605,-0.00045534597022101004,3.982941812541044e-05,False
tcn,conditional,21,2.0,-0.0001544601328903883,-0.00012468853820601922,-0.00023546511627908773,-0.00012054218293793273,0,0.0005000000000000004,False,legacy_mean,0.9547037280833192,0.976567566394806,0.0173378191583196,0.0056550055742263,0.9528272462470592,0.957772059655812,1.0040563344955444,True,False,-4.401993355482359e-05,-0.00037656353820599486,0.0002843563122923536,-4.687507670953273e-05,-0.0003984975072118217,0.0003244570009091861,False
tcn,conditional,21,3.0,-9.806063122922427e-05,-7.967192691027414e-05,-0.00023255813953493298,-0.0004042539316608584,1,0.0007500000000000007,False,legacy_mean,0.9645213980895376,0.9826198816299438,0.0132580876337276,0.0045016407966613,0.9338504025323758,0.9224820453538722,0.9988558888435364,True,False,-0.00014526578073090267,-0.0005914098837209409,0.000319806893687716,-0.0005048503062492749,-0.000856925454243167,-0.00014007423872001374,False
tcn,conditional,21,4.0,-0.0008710838870432003,-0.0008139742524916893,-0.001250913621262506,-0.0008225703882533298,0,0.0005000000000000004,False,legacy_mean,0.578858077860626,0.7629849314689636,0.188949346998356,0.0666544735431671,0.6053401041017571,0.6451221459408996,0.995981752872467,True,False,-0.0007083887043189446,-0.001237063953488375,-0.00017705149501662799,-0.0006017385863955626,-0.0011387696646431836,-7.135615976503531e-05,False
tcn,conditional,21,5.0,0.0,0.0,0.0,0.0,0,0.0,False,legacy_mean,,,0.0,0.0,,,0.0,False,False,0.0,0.0,0.0,0.0,0.0,0.0,False
tcn,conditional,21,6.0,0.00017791528239201603,0.00017506229235880744,0.00012431478405311447,0.00022963421806230234,5,0.0007499999999999989,False,legacy_mean,0.997028398791882,0.99845689535141,0.0014378663426005,0.0010824799537658,0.982810815577105,0.9823900750798902,0.9907699823379515,True,False,0.00015747508305647085,-3.254568106312499e-05,0.0003494497508305595,0.0003228478700045334,8.66833698340633e-05,0.0005431985693341217,False
tcn,conditional,21,7.0,-0.00018307308970100244,-0.00019275332225909825,-0.00022757475083057255,-4.186261901251154e-05,0,0.0005000000000000004,False,legacy_mean,0.7184863700707094,0.8477235436439514,0.1213696854402002,0.0426122844219207,0.8106234837175326,0.886557398930125,0.994693160057068,True,False,-0.0001562292358804085,-0.00029237541528240134,-1.9927325581405648e-05,-3.506551153189652e-05,-0.00017861897257549683,0.0001058901145472908,False
tcn,conditional,21,8.0,-2.1387043189213806e-06,-1.2728405315631797e-05,-4.4248338870400694e-05,-7.585296845744605e-05,2,0.0002500000000000002,False,legacy_mean,0.2974372147454651,0.5468789935112,0.3615364657126344,0.1433535814285278,0.5001105345716035,0.6359453685855146,0.9983698129653932,False,False,-3.3222591363291086e-07,-8.971968438539296e-05,9.651370431891978e-05,-6.895542762576868e-05,-0.0001967809922968697,4.256122582065937e-05,False
tcn,conditional,21,9.0,0.0,0.0,0.0,0.0,0,0.0,False,legacy_mean,,,0.0,0.0,,,0.0,False,False,0.0,0.0,0.0,0.0,0.0,0.0,False
tcn,conditional,21,10.0,3.066860465114063e-05,2.3608803986663318e-05,4.775747508012351e-07,2.1893340740430922e-05,5,0.0002500000000000002,False,legacy_mean,0.1901592773672956,0.4344758987426758,0.4539596056210538,0.1942001581192016,0.1148842134756825,0.4754276976683602,1.00121009349823,False,False,5.024916943520641e-05,-3.705564784054636e-05,0.0001512520764119517,3.592123764896149e-05,-7.993270212781375e-05,0.0001578275931587615,False
tcn,conditional,21,11.0,6.7607973421868195e-06,9.551495016579814e-06,-3.274501661132412e-05,1.3789756627158311e-05,3,0.0005000000000000004,False,legacy_mean,0.0145931334962615,0.1211393773555755,0.7025116868592033,0.3832193613052368,-0.013847639476689,-0.2776265762891957,0.9969984889030457,False,False,5.315614617936171e-06,-0.00015590739202657735,0.00016570598006644628,4.1920397166806955e-05,-0.00018092660277392266,0.0002500138956756643,False
tcn,conditional,22,1.0,0.00019393687707636165,0.00019983388704314375,0.0001714285714284891,0.00014832306202927636,5,0.0005000000000000004,False,legacy_mean,0.9735514594657588,0.9860982298851012,0.0107001973907897,0.0037028193473815,0.9716406840851836,0.972594011099527,1.0054640769958496,True,False,0.00015340531561461312,-2.8245431893687556e-05,0.0003416175249169317,0.0001552112388104654,-9.147379228601298e-05,0.0003997458693370351,False
tcn,conditional,22,2.0,0.0004041528239202341,0.0004264327242524679,0.0002606935215947459,0.00048119666182659947,5,0.0007500000000000007,False,legacy_mean,0.9547037280833192,0.976567566394806,0.0173378191583196,0.0056550055742263,0.9528272462470592,0.957772059655812,1.0040563344955444,True,False,0.0004052325581395322,0.00010062915282391482,0.0007281042358803944,0.0005453562821500169,0.0002698709280927847,0.0008382600176269621,True
tcn,conditional,22,3.0,0.00047466777408637916,0.0005011004983388467,0.0003158222591361781,0.00035526605510889376,5,0.0009999999999999992,False,legacy_mean,0.9645213980895376,0.9826198816299438,0.0132580876337276,0.0045016407966613,0.9338504025323758,0.9224820453538722,0.9988558888435364,True,False,0.0003245847176079719,-4.7765780730898294e-05,0.0006864493355481729,0.0003337759033611398,-1.5297387137231777e-05,0.0007104034953631394,False
tcn,conditional,22,4.0,0.004451411960132878,0.004488828903654429,0.004118064784053188,0.004076603237488663,5,0.0010000000000000009,False,legacy_mean,0.578858077860626,0.7629849314689636,0.188949346998356,0.0666544735431671,0.6053401041017571,0.6451221459408996,0.995981752872467,True,False,0.00453355481727575,0.00381790074750831,0.00524937084717608,0.003992134264628063,0.003157307205334991,0.004865342359574142,True
tcn,conditional,22,5.0,0.0,0.0,0.0,0.0,0,0.0,False,legacy_mean,,,0.0,0.0,,,0.0,False,False,0.0,0.0,0.0,0.0,0.0,0.0,False
tcn,conditional,22,6.0,-5.1582225913637815e-05,-9.707225913624384e-05,-0.00010450581395349268,-1.49261883716445e-05,2,0.0005000000000000004,False,legacy_mean,0.997028398791882,0.99845689535141,0.0014378663426005,0.0010824799537658,0.982810815577105,0.9823900750798902,0.9907699823379515,True,False,-1.5282392026576553e-05,-0.00019012250830564368,0.00017620431893687296,-2.2997618655128394e-05,-0.00024466870992385215,0.00019978023506446641,False
tcn,conditional,22,7.0,-0.00024791528239205275,-0.00022539451827241486,-0.00034026162790701253,-8.573319013815972e-05,0,0.0002499999999999985,False,legacy_mean,0.7184863700707094,0.8477235436439514,0.1213696854402002,0.0426122844219207,0.8106234837175326,0.886557398930125,0.994693160057068,True,False,-0.0002295681063122934,-0.00036397425249169865,-7.491694352159794e-05,-0.0001634549157829246,-0.00029816715683554125,-1.676943913981963e-05,False
tcn,conditional,22,8.0,-2.3347176079768772e-05,-1.9871262458504013e-05,-5.834717607977602e-05,6.883865406530632e-05,1,0.0002500000000000002,False,legacy_mean,0.2974372147454651,0.5468789935112,0.3615364657126344,0.1433535814285278,0.5001105345716035,0.6359453685855146,0.9983698129653932,False,False,-6.0714285714288385e-05,-0.00014386004983388723,2.2622508305645823e-05,5.734476438338243e-05,-7.494641631993596e-05,0.00017957360964913105,False
tcn,conditional,22,9.0,0.0,0.0,0.0,0.0,0,0.0,False,legacy_mean,,,0.0,0.0,,,0.0,False,False,0.0,0.0,0.0,0.0,0.0,0.0,False
tcn,conditional,22,10.0,0.00027636212624582157,0.00024406146179400956,-7.848837209301074e-05,0.00023170301587547293,4,0.0002500000000000002,False,legacy_mean,0.1901592773672956,0.4344758987426758,0.4539596056210538,0.1942001581192016,0.1148842134756825,0.4754276976683602,1.00121009349823,False,False,0.0003058970099667724,6.442898671096065e-05,0.0005687832225913513,0.000250437285137457,4.82176590625964e-05,0.0004768148871450842,True
tcn,conditional,22,11.0,-5.374584717610098e-05,-6.189784053156622e-05,-0.000139950166112901,-9.668719723814334e-05,1,0.0007499999999999989,False,legacy_mean,0.0145931334962615,0.1211393773555755,0.7025116868592033,0.3832193613052368,-0.013847639476689,-0.2776265762891957,0.9969984889030457,False,False,-4.584717607974298e-05,-0.00020099667774086912,0.00011639950166112461,-0.00012005823545574557,-0.00032440756689578284,8.92282337114181e-05,False
tcn,conditional,23,1.0,-0.00028956395348840315,-0.00031507475083059067,-0.00046287375415288157,-0.0001903254627226847,0,0.0005000000000000004,False,legacy_mean,0.9735514594657588,0.9860982298851012,0.0107001973907897,0.0037028193473815,0.9716406840851836,0.972594011099527,1.0054640769958496,True,False,-0.00032848837209303205,-0.0005867192691029955,-6.0853405315627586e-05,-0.00031473110757492705,-0.0005740683071731609,-6.111811140892942e-05,False
tcn,conditional,23,2.0,0.00020873754152823666,0.00022178156146179795,0.000111835548172734,0.00010872927210374695,5,0.0005000000000000004,False,legacy_mean,0.9547037280833192,0.976567566394806,0.0173378191583196,0.0056550055742263,0.9528272462470592,0.957772059655812,1.0040563344955444,True,False,0.0001711794019933488,-0.00011147217607973329,0.0004444829734219187,2.922997666061633e-05,-0.00018932626605045326,0.00025125394977294074,False
tcn,conditional,23,3.0,0.02940617524916942,0.029178488372093025,0.028324024086378796,0.02348210699386999,5,0.0009999999999999992,True,legacy_mean,0.9645213980895376,0.9826198816299438,0.0132580876337276,0.0045016407966613,0.9338504025323758,0.9224820453538722,0.9988558888435364,True,True,0.029261212624584716,0.028097026578073094,0.03046850498338871,0.02294230594801043,0.022067920814305586,0.023903509468111248,True
tcn,conditional,23,4.0,-0.02658118355481729,-0.026668542358804004,-0.027427117940199364,-0.02572141512747077,0,0.0009999999999999992,False,legacy_mean,0.578858077860626,0.7629849314689636,0.188949346998356,0.0666544735431671,0.6053401041017571,0.6451221459408996,0.995981752872467,True,False,-0.02673546511627908,-0.02784329526578073,-0.025654593023255817,-0.025115271099469618,-0.026489884792229013,-0.02384054526279077,False
tcn,conditional,23,5.0,0.0,0.0,0.0,0.0,0,0.0,False,legacy_mean,,,0.0,0.0,,,0.0,False,False,0.0,0.0,0.0,0.0,0.0,0.0,False
tcn,conditional,23,6.0,-0.00018100913621263981,-0.00018920265780730805,-0.00021669435215943,4.2126034951328605e-05,0,0.0004999999999999987,False,legacy_mean,0.997028398791882,0.99845689535141,0.0014378663426005,0.0010824799537658,0.982810815577105,0.9823900750798902,0.9907699823379515,True,False,-0.00016810631229236206,-0.00035084925249169723,1.9609634551488436e-05,8.816437506285135e-05,-0.0001311369662342853,0.00030286654893037885,False
tcn,conditional,23,7.0,9.129983388700413e-05,0.00012408637873750905,-3.7666112956857845e-05,2.3632438350174034e-05,4,0.0005000000000000004,False,legacy_mean,0.7184863700707094,0.8477235436439514,0.1213696854402002,0.0426122844219207,0.8106234837175326,0.886557398930125,0.994693160057068,True,False,0.00011196013289036078,-1.0631229235876809e-05,0.00023821013289035504,2.2655479241433517e-05,-0.00018784034118138508,0.00022905880674950019,False
tcn,conditional,23,8.0,6.448504983385117e-05,7.6744186046529e-05,1.2022425249114121e-05,9.987787793594994e-05,5,0.0002500000000000002,False,legacy_mean,0.2974372147454651,0.5468789935112,0.3615364657126344,0.1433535814285278,0.5001105345716035,0.6359453685855146,0.9983698129653932,False,False,6.644518272424848e-05,-9.22965116279445e-06,0.0001441092192691052,0.00013607469147855044,3.496926851836102e-05,0.00024892652297242324,False
tcn,conditional,23,9.0,0.0,0.0,0.0,0.0,0,0.0,False,legacy_mean,,,0.0,0.0,,,0.0,False,False,0.0,0.0,0.0,0.0,0.0,0.0,False
tcn,conditional,23,10.0,-1.1034053156167012e-05,-2.5436046511617683e-05,-4.4310631229227404e-05,-1.1539240235403093e-05,2,0.0002500000000000002,False,legacy_mean,0.1901592773672956,0.4344758987426758,0.4539596056210538,0.1942001581192016,0.1148842134756825,0.4754276976683602,1.00121009349823,False,False,-6.9767441860513205e-06,-7.724252491695405e-05,6.138289036544672e-05,1.678847259079963e-05,-7.670394763977026e-05,0.0001082373079876235,False
tcn,conditional,23,11.0,5.23671096345435e-05,3.372093023246148e-05,2.117940199330981e-06,0.0002494961483022973,5,0.0002500000000000002,False,legacy_mean,0.0145931334962615,0.1211393773555755,0.7025116868592033,0.3832193613052368,-0.013847639476689,-0.2776265762891957,0.9969984889030457,False,False,3.488372093022884e-05,-0.00015515365448505951,0.00021811877076411746,0.00020554579856537635,3.6210958378873976e-05,0.0003785196095109173,False
tcn,conditional,24,1.0,0.005485199335548141,0.005459136212624616,0.005407080564784006,0.0032138292975409264,5,0.0005000000000000004,False,legacy_mean,0.9735514594657588,0.9860982298851012,0.0107001973907897,0.0037028193473815,0.9716406840851836,0.972594011099527,1.0054640769958496,True,False,0.0054918604651162896,0.005034505813953475,0.005972088870431894,0.0032589348970975996,0.002970711846573063,0.003559524694924337,True
tcn,conditional,24,2.0,0.002361976744186056,0.002356997508305647,0.00226123338870432,0.0013942690644823009,5,0.0005000000000000004,False,legacy_mean,0.9547037280833192,0.976567566394806,0.0173378191583196,0.0056550055742263,0.9528272462470592,0.957772059655812,1.0040563344955444,True,False,0.002347591362126252,0.0021109468438538195,0.00257758513289038,0.001389422983879679,0.0012512382474316563,0.0015224828753076247,True
tcn,conditional,24,3.0,0.000239439368770733,0.00022232142857159243,0.00014024086378738865,0.00013181702452051968,5,0.0009999999999999992,False,legacy_mean,0.9645213980895376,0.9826198816299438,0.0132580876337276,0.0045016407966613,0.9338504025323758,0.9224820453538722,0.9988558888435364,True,False,0.00022093023255814414,7.009136212624936e-05,0.0003623255813953819,0.00012892756555689223,5.157367659433449e-05,0.0002046931131703777,True
tcn,conditional,24,4.0,0.0009107225913620676,0.0009399709302325698,0.0007453696013287603,0.0005178613838589863,5,0.0010000000000000009,False,legacy_mean,0.578858077860626,0.7629849314689636,0.188949346998356,0.0666544735431671,0.6053401041017571,0.6451221459408996,0.995981752872467,True,False,0.0009249169435216109,0.0007282350498339034,0.0011206395348837322,0.0005215168617168331,0.00041150068486535835,0.0006319189056972206,True
tcn,conditional,24,5.0,0.0,0.0,0.0,0.0,0,0.0,False,legacy_mean,,,0.0,0.0,,,0.0,False,False,0.0,0.0,0.0,0.0,0.0,0.0,False
tcn,conditional,24,6.0,2.517441860467873e-05,3.208056478398724e-05,-5.681063122919827e-05,2.3422963699282207e-05,3,0.0004999999999999987,False,legacy_mean,0.997028398791882,0.99845689535141,0.0014378663426005,0.0010824799537658,0.982810815577105,0.9823900750798902,0.9907699823379515,True,False,1.503322259136075e-05,-5.4653239202691685e-05,8.879983388705241e-05,1.8941744489950896e-05,-2.0470821019492547e-05,5.9865302927636714e-05,False
tcn,conditional,24,7.0,0.0006935880398671213,0.0007250830564783373,0.00034426910299001356,0.000408825531507806,5,0.0007500000000000007,False,legacy_mean,0.7184863700707094,0.8477235436439514,0.1213696854402002,0.0426122844219207,0.8106234837175326,0.886557398930125,0.994693160057068,True,False,0.0006852159468438601,0.0004622923588039903,0.0009116362126246012,0.00040574662939668496,0.00027743719746810015,0.0005345605666645836,True
tcn,conditional,24,8.0,-1.3313953488469643e-05,-1.791943521600725e-05,-4.8048172757608754e-05,-9.422993286944959e-06,1,0.0002500000000000002,False,legacy_mean,0.2974372147454651,0.5468789935112,0.3615364657126344,0.1433535814285278,0.5001105345716035,0.6359453685855146,0.9983698129653932,False,False,-1.528239202656323e-05,-5.581810631228662e-05,2.8575581395349246e-05,-1.1603840846795554e-05,-3.3283139109795026e-05,1.1126867565185068e-05,False
tcn,conditional,24,9.0,0.0,0.0,0.0,0.0,0,0.0,False,legacy_mean,,,0.0,0.0,,,0.0,False,False,0.0,0.0,0.0,0.0,0.0,0.0,False
tcn,conditional,24,10.0,-0.0003079858803986868,-0.000324294019933391,-0.0004356104651161985,-0.00017974795961053224,0,0.0005000000000000004,False,legacy_mean,0.1901592773672956,0.4344758987426758,0.4539596056210538,0.1942001581192016,0.1148842134756825,0.4754276976683602,1.00121009349823,False,False,-0.0003167774086378661,-0.00041149086378737315,-0.0002159426910298722,-0.00018590822847437073,-0.00024237185712919102,-0.0001266725667979692,False
tcn,conditional,24,11.0,-1.2292358804000258e-05,-2.356727574759354e-05,-2.7097176079737828e-05,-9.104738853604744e-06,1,0.0004999999999999987,False,legacy_mean,0.0145931334962615,0.1211393773555755,0.7025116868592033,0.3832193613052368,-0.013847639476689,-0.2776265762891957,0.9969984889030457,False,False,-2.425249169433319e-05,-7.325996677740243e-05,2.110049833891107e-05,-1.3285944992732502e-05,-4.076549284867279e-05,1.2124752847823285e-05,False
tcn,conditional,25,1.0,0.0027309343853821446,0.002788102159468564,0.0024184593023257595,0.0016531301297248112,5,0.0002500000000000002,False,legacy_mean,0.9735514594657588,0.9860982298851012,0.0107001973907897,0.0037028193473815,0.9716406840851836,0.972594011099527,1.0054640769958496,True,False,0.0026838039867109675,0.0024416881229235637,0.0029225186877076454,0.001627006549952319,0.0014886239798746364,0.0017617121157974718,True
tcn,conditional,25,2.0,0.014841200166112989,0.014857807308970128,0.014559198504983328,0.00906190717594626,5,0.0002500000000000002,False,legacy_mean,0.9547037280833192,0.976567566394806,0.0173378191583196,0.0056550055742263,0.9528272462470592,0.957772059655812,1.0040563344955444,True,False,0.014706063122923574,0.013968068936877036,0.015505500415282395,0.008963916084687653,0.008549486631481444,0.009407727230784821,True
tcn,conditional,25,3.0,0.0003118729235880746,0.00035056063122940184,0.0001197051495017698,0.0002098157175556503,5,0.0005000000000000004,False,legacy_mean,0.9645213980895376,0.9826198816299438,0.0132580876337276,0.0045016407966613,0.9338504025323758,0.9224820453538722,0.9988558888435364,True,False,0.00021553156146178698,4.511212624583725e-05,0.00038364202657807,0.0001649513468273478,8.053270582345973e-05,0.00024375115286558912,True
tcn,conditional,25,4.0,0.00016932724252496367,0.00014640780730890146,0.0001030107973424288,0.0001615022793533205,5,0.0004999999999999996,False,legacy_mean,0.578858077860626,0.7629849314689636,0.188949346998356,0.0666544735431671,0.6053401041017571,0.6451221459408996,0.995981752872467,True,False,0.0002080564784053085,2.3639950166074647e-05,0.0003833970099667681,0.00018211986842046725,8.486304247783514e-05,0.00027439211381109085,True
tcn,conditional,25,5.0,0.0,0.0,0.0,0.0,0,0.0,False,legacy_mean,,,0.0,0.0,,,0.0,False,False,0.0,0.0,0.0,0.0,0.0,0.0,False
tcn,conditional,25,6.0,4.5897009966799905e-05,5.386212624580722e-05,1.02367109635626e-05,3.2938006713734144e-05,5,0.0005000000000000004,False,legacy_mean,0.997028398791882,0.99845689535141,0.0014378663426005,0.0010824799537658,0.982810815577105,0.9823900750798902,0.9907699823379515,True,False,4.227574750830465e-05,-5.349252491694031e-05,0.00014270348837208736,2.883128359560505e-05,-2.0066981208039705e-05,7.914754810093913e-05,False
tcn,conditional,25,7.0,0.0008840116279070331,0.0009653862126245416,0.0006529692691031874,0.00047643126980612127,5,0.0002500000000000002,False,legacy_mean,0.7184863700707094,0.8477235436439514,0.1213696854402002,0.0426122844219207,0.8106234837175326,0.886557398930125,0.994693160057068,True,False,0.0008970099667774034,0.0007098795681062852,0.0010995078903654589,0.00048299094297629794,0.0003790776437172036,0.0005906633156483463,True
tcn,conditional,25,8.0,-0.0005278363787374785,-0.00044084302325575475,-0.0007530938538203857,-0.0003049129122759675,0,0.0004999999999999996,False,legacy_mean,0.2974372147454651,0.5468789935112,0.3615364657126344,0.1433535814285278,0.5001105345716035,0.6359453685855146,0.9983698129653932,False,False,-0.00052317275747508,-0.0006512811461793754,-0.0004092960963455417,-0.00029801894932808716,-0.0003735625753360676,-0.00023287227521299857,False
tcn,conditional,25,9.0,0.0,0.0,0.0,0.0,0,0.0,False,legacy_mean,,,0.0,0.0,,,0.0,False,False,0.0,0.0,0.0,0.0,0.0,0.0,False
tcn,conditional,25,10.0,-4.917774086372617e-05,-4.5161960132822365e-05,-7.738787375421996e-05,-3.1290705656794594e-05,0,0.0002500000000000002,False,legacy_mean,0.1901592773672956,0.4344758987426758,0.4539596056210538,0.1942001581192016,0.1148842134756825,0.4754276976683602,1.00121009349823,False,False,-6.18770764119625e-05,-9.676287375417233e-05,-2.5409053156154585e-05,-3.685320093065547e-05,-5.689563010550614e-05,-1.6742904207324053e-05,False
tcn,conditional,25,11.0,-0.00013660714285714803,-0.0001465946843853816,-0.00018251661129586871,-7.161275161782221e-05,0,0.0005000000000000004,False,legacy_mean,0.0145931334962615,0.1211393773555755,0.7025116868592033,0.3832193613052368,-0.013847639476689,-0.2776265762891957,0.9969984889030457,False,False,-0.00014684385382058185,-0.00022209717607972048,-7.848837209301035e-05,-7.974566482852996e-05,-0.00011979443598078279,-4.214817873568391e-05,False
tcn,conditional,26,1.0,-8.556893687705625e-05,-8.471760797335026e-05,-0.0001434177740863296,-7.609375221990788e-05,0,0.0005000000000000004,False,legacy_mean,0.9735514594657588,0.9860982298851012,0.0107001973907897,0.0037028193473815,0.9716406840851836,0.972594011099527,1.0054640769958496,True,False,-0.00012292358803986714,-0.0002089742524916954,-3.870016611295004e-05,-9.420656006910887e-05,-0.0001397961299380369,-5.0543096871252495e-05,False
tcn,conditional,26,2.0,0.0004924003322259285,0.0005009136212624776,0.00043382475083053595,0.00029022468601638265,5,0.0007499999999999989,False,legacy_mean,0.9547037280833192,0.976567566394806,0.0173378191583196,0.0056550055742263,0.9528272462470592,0.957772059655812,1.0040563344955444,True,False,0.00048720930232558525,0.00035612541528239056,0.0006257558139534849,0.0002877777142001159,0.0002234310326850797,0.0003548345046981621,True
tcn,conditional,26,3.0,0.0007407682724252628,0.0007484219269102699,0.0006481104651163694,0.0004399458295793135,5,0.0015000000000000013,False,legacy_mean,0.9645213980895376,0.9826198816299438,0.0132580876337276,0.0045016407966613,0.9338504025323758,0.9224820453538722,0.9988558888435364,True,False,0.0007885382059800661,0.0006014867109634435,0.0009834426910299105,0.0004798387108058655,0.00038210696556008745,0.0005792802686011994,True
tcn,conditional,26,4.0,0.1011826827242525,0.10167938122923592,0.0997441445182724,0.06933626964211548,5,0.0007500000000000007,True,legacy_mean,0.578858077860626,0.7629849314689636,0.188949346998356,0.0666544735431671,0.6053401041017571,0.6451221459408996,0.995981752872467,True,True,0.10094933554817277,0.09559926910299002,0.10580252491694353,0.07087599766628855,0.06637964848551665,0.07497990331537717,True
tcn,conditional,26,5.0,0.0,0.0,0.0,0.0,0,0.0,False,legacy_mean,,,0.0,0.0,,,0.0,False,False,0.0,0.0,0.0,0.0,0.0,0.0,False
tcn,conditional,26,6.0,0.00013265365448504872,0.0001395764119601628,7.755398671094316e-05,8.309480809780556e-05,5,0.0007500000000000007,False,legacy_mean,0.997028398791882,0.99845689535141,0.0014378663426005,0.0010824799537658,0.982810815577105,0.9823900750798902,0.9907699823379515,True,False,0.00012250830564783155,2.0593853820583623e-05,0.00022793604651162556,8.078503804281322e-05,2.0523912107660274e-05,0.00014379113030180314,True
tcn,conditional,26,7.0,-0.0004603654485049624,-0.0004448297342192209,-0.0005096137873754625,-0.0002592041728896266,0,0.0007500000000000007,False,legacy_mean,0.7184863700707094,0.8477235436439514,0.1213696854402002,0.0426122844219207,0.8106234837175326,0.886557398930125,0.994693160057068,True,False,-0.0004803986710963459,-0.0005478488372093224,-0.00041427325581396045,-0.00026677653194069227,-0.0003061770367416221,-0.0002290994943075155,False
tcn,conditional,26,8.0,-0.00036865033222588384,-0.0002466777408637322,-0.0006136004983388066,-0.00021906063965524414,0,0.0005000000000000004,False,legacy_mean,0.2974372147454651,0.5468789935112,0.3615364657126344,0.1433535814285278,0.5001105345716035,0.6359453685855146,0.9983698129653932,False,False,-0.00036794019933555244,-0.0005448546511627905,-0.00020696013289035878,-0.00022299995698501273,-0.00033959858717059376,-0.00011529571401643735,False
tcn,conditional,26,9.0,0.0,0.0,0.0,0.0,0,0.0,False,legacy_mean,,,0.0,0.0,,,0.0,False,False,0.0,0.0,0.0,0.0,0.0,0.0,False
tcn,conditional,26,10.0,4.392026578072805e-05,8.691860465115386e-05,-7.738787375410894e-05,3.071594671051336e-05,3,0.0002500000000000002,False,legacy_mean,0.1901592773672956,0.4344758987426758,0.4539596056210538,0.1942001581192016,0.1148842134756825,0.4754276976683602,1.00121009349823,False,False,5.523255813952077e-05,-4.379983388704791e-05,0.00015764534883720157,3.795328549952459e-05,-1.9018536048940797e-05,9.825145685949165e-05,False
tcn,conditional,26,11.0,8.338870431900958e-06,2.6287375415323666e-05,-6.725498338866487e-05,-2.6579910405999385e-06,3,0.0007500000000000007,False,legacy_mean,0.0145931334962615,0.1211393773555755,0.7025116868592033,0.3832193613052368,-0.013847639476689,-0.2776265762891957,0.9969984889030457,False,False,2.990033222592947e-06,-0.00010036129568106272,0.0001003363787375443,-5.203562714810594e-06,-5.9890660604603325e-05,4.439373182644224e-05,False
tcn,conditional,27,1.0,0.0012676578073089306,0.001274377076411981,0.0011639950166112412,0.0008296824711843565,5,0.0005000000000000004,False,legacy_mean,0.9735514594657588,0.9860982298851012,0.0107001973907897,0.0037028193473815,0.9716406840851836,0.972594011099527,1.0054640769958496,True,False,0.0013249169435215914,0.0011793521594684357,0.0014548172757475012,0.0008491293691893165,0.0007573284057222509,0.0009400940429577362,True
tcn,conditional,27,2.0,-0.001723550664451823,-0.0017338455149501497,-0.002021303986710965,-0.0012138039239957044,0,0.0007500000000000007,False,legacy_mean,0.9547037280833192,0.976567566394806,0.0173378191583196,0.0056550055742263,0.9528272462470592,0.957772059655812,1.0040563344955444,True,False,-0.001715780730897013,-0.0019915282392026566,-0.0014443189368770811,-0.0012273108127829346,-0.0014321333988685388,-0.0010188123303016454,False
tcn,conditional,27,3.0,7.108388704319956e-05,0.00012489617940203424,-0.00030209717607965203,-4.059261288553717e-05,3,0.0007499999999999989,False,legacy_mean,0.9645213980895376,0.9826198816299438,0.0132580876337276,0.0045016407966613,0.9338504025323758,0.9224820453538722,0.9988558888435364,True,False,0.00010747508305647635,-0.0002601370431893863,0.00045931063122924253,-6.796531736825484e-05,-0.0002992697434473191,0.0001597399155888281,False
tcn,conditional,27,4.0,-0.0012021262458471681,-0.0012277200996677617,-0.0014653862126245976,-0.000624673602578385,0,0.0010000000000000009,False,legacy_mean,0.578858077860626,0.7629849314689636,0.188949346998356,0.0666544735431671,0.6053401041017571,0.6451221459408996,0.995981752872467,True,False,-0.0010780730897010037,-0.0014514991694352208,-0.0006833845514950178,-0.0005521784278789432,-0.0008397845669653599,-0.0002581934448940421,False
tcn,conditional,27,5.0,0.0,0.0,0.0,0.0,0,0.0,False,legacy_mean,,,0.0,0.0,,,0.0,False,False,0.0,0.0,0.0,0.0,0.0,0.0,False
tcn,conditional,27,6.0,-0.002462670265780753,-0.0023071843853820218,-0.003371615448505061,-0.001718032294947891,0,0.0005000000000000004,False,legacy_mean,0.997028398791882,0.99845689535141,0.0014378663426005,0.0010824799537658,0.982810815577105,0.9823900750798902,0.9907699823379515,True,False,-0.0024055647840531633,-0.002968509136212643,-0.0018340490033222688,-0.0016899422581111235,-0.0020777153066484292,-0.001313840286539675,False
tcn,conditional,27,7.0,-0.000607147009966802,-0.0004765365448504699,-0.0009688330564784353,-0.00035866602943754875,0,0.0007500000000000007,False,legacy_mean,0.7184863700707094,0.8477235436439514,0.1213696854402002,0.0426122844219207,0.8106234837175326,0.886557398930125,0.994693160057068,True,False,-0.0006019102990033253,-0.0008864348006644515,-0.0003500498338870424,-0.00036230468517836953,-0.0005404278904023352,-0.00020314626081592015,False
tcn,conditional,27,8.0,-1.4871262458471257e-05,2.2632890365192893e-06,-8.972176079735661e-05,-1.5284742705978795e-05,3,0.0005000000000000004,False,legacy_mean,0.2974372147454651,0.5468789935112,0.3615364657126344,0.1433535814285278,0.5001105345716035,0.6359453685855146,0.9983698129653932,False,False,1.627906976743754e-05,-5.648255813954131e-05,8.870847176079971e-05,-4.977630995584015e-07,-4.9292092117219135e-05,4.741321523689318e-05,False
tcn,conditional,27,9.0,0.0,0.0,0.0,0.0,0,0.0,False,legacy_mean,,,0.0,0.0,,,0.0,False,False,0.0,0.0,0.0,0.0,0.0,0.0,False
tcn,conditional,27,10.0,0.009127192691029929,0.007461627906976798,0.006129215116279063,0.0057474984358987236,5,0.0007500000000000007,False,legacy_mean,0.1901592773672956,0.4344758987426758,0.4539596056210538,0.1942001581192016,0.1148842134756825,0.4754276976683602,1.00121009349823,False,False,0.009176162790697674,0.006640581395348835,0.011784231727574755,0.0057202991965991075,0.00412394728002072,0.007390174307673666,True
tcn,conditional,27,11.0,9.387043189366118e-05,6.99958471760409e-05,3.814368770760357e-05,6.901279314837083e-05,5,0.001,False,legacy_mean,0.0145931334962615,0.1211393773555755,0.7025116868592033,0.3832193613052368,-0.013847639476689,-0.2776265762891957,0.9969984889030457,False,False,0.00010348837209301908,-1.6112956810626857e-05,0.0002302408637873751,6.682302933450845e-05,-1.1850138377041046e-05,0.00015129836966228875,False
tcn,conditional,28,1.0,0.0004765822259135799,0.0004684593023255301,0.00040921926910297834,0.00030287986234656117,5,0.0007500000000000007,False,legacy_mean,0.9735514594657588,0.9860982298851012,0.0107001973907897,0.0037028193473815,0.9716406840851836,0.972594011099527,1.0054640769958496,True,False,0.00048754152823920485,0.0002512437707641151,0.000732558139534888,0.00024941563232485644,-8.190471599345133e-06,0.0004953453254266697,True
tcn,conditional,28,2.0,0.000600029069767416,0.0005917981727574517,0.000543106312292263,0.0005301080347960951,5,0.0005000000000000004,False,legacy_mean,0.9547037280833192,0.976567566394806,0.0173378191583196,0.0056550055742263,0.9528272462470592,0.957772059655812,1.0040563344955444,True,False,0.0006691860465116217,0.0003570535714285652,0.0009850685215946672,0.0006052752163711194,0.00026447254241860653,0.0009563420189007647,True
tcn,conditional,28,3.0,0.00043553986710960225,0.00042890365448500223,6.370431893687467e-05,0.0006128626225867517,5,0.0005000000000000004,False,legacy_mean,0.9645213980895376,0.9826198816299438,0.0132580876337276,0.0045016407966613,0.9338504025323758,0.9224820453538722,0.9988558888435364,True,False,0.0003942691029900303,-4.902408637875666e-06,0.0007839680232558131,0.000421137712264229,-7.025048636909043e-05,0.0009020026969660542,False
tcn,conditional,28,4.0,0.0019183471760796822,0.0018996054817275176,0.0016347591362125824,0.0017862024250263398,5,0.001999999999999999,False,legacy_mean,0.578858077860626,0.7629849314689636,0.188949346998356,0.0666544735431671,0.6053401041017571,0.6451221459408996,0.995981752872467,True,False,0.0018660299003322289,0.001320382059800671,0.0025005813953488383,0.0013662233320238847,0.0007107124033486012,0.002014436674474653,True
tcn,conditional,28,5.0,0.0,0.0,0.0,0.0,0,0.0,False,legacy_mean,,,0.0,0.0,,,0.0,False,False,0.0,0.0,0.0,0.0,0.0,0.0,False
tcn,conditional,28,6.0,-0.00019848837209304193,-0.0002493978405315733,-0.0002862333887043711,-0.0001901038450999648,0,0.0009999999999999992,False,legacy_mean,0.997028398791882,0.99845689535141,0.0014378663426005,0.0010824799537658,0.982810815577105,0.9823900750798902,0.9907699823379515,True,False,-0.00016461794019933195,-0.0003634676079734101,5.233596345514361e-05,-0.0002227929750385127,-0.00042263868509470116,-3.116202421925037e-05,False
tcn,conditional,28,7.0,0.00021419850498334282,0.0002281976744186176,0.00015467192691021037,4.639647057611551e-05,5,0.0002499999999999985,False,legacy_mean,0.7184863700707094,0.8477235436439514,0.1213696854402002,0.0426122844219207,0.8106234837175326,0.886557398930125,0.994693160057068,True,False,0.00018820598006644707,8.346345514950157e-05,0.0002962209302325606,-3.449492350014127e-05,-0.00017074110102834847,0.00010554838752144858,True
tcn,conditional,28,8.0,2.6926910298974426e-05,2.9588870431918046e-05,-2.1989202657834994e-05,3.0807504008523166e-06,4,0.0002500000000000002,False,legacy_mean,0.2974372147454651,0.5468789935112,0.3615364657126344,0.1433535814285278,0.5001105345716035,0.6359453685855146,0.9983698129653932,False,False,5.3737541528235954e-05,-2.9738372093029818e-05,0.00013122923588038598,-3.049814296951947e-05,-0.00012702381487761255,7.442555700051532e-05,False
tcn,conditional,28,9.0,0.0,0.0,0.0,0.0,0,0.0,False,legacy_mean,,,0.0,0.0,,,0.0,False,False,0.0,0.0,0.0,0.0,0.0,0.0,False
tcn,conditional,28,10.0,0.00012021179401988658,8.698089700998057e-05,3.799833886986015e-06,0.0001138365716131906,5,0.0002500000000000002,False,legacy_mean,0.1901592773672956,0.4344758987426758,0.4539596056210538,0.1942001581192016,0.1148842134756825,0.4754276976683602,1.00121009349823,False,False,0.00011071428571428955,1.8430232558143165e-05,0.00020781976744186346,2.517445636831761e-05,-0.00010484065057513156,0.0001493710883549477,True
tcn,conditional,28,11.0,-0.00014803986710967276,-0.00016243770764123866,-0.0002514119601328968,-5.1943187531433566e-05,0,0.0005000000000000004,False,legacy_mean,0.0145931334962615,0.1211393773555755,0.7025116868592033,0.3832193613052368,-0.013847639476689,-0.2776265762891957,0.9969984889030457,False,False,-0.00013870431893687752,-0.00033217192691030066,3.506644518272499e-05,-1.8618896310124144e-05,-0.0002340026383875881,0.00017989448121599337,False
tcn,loo_sample,1,1.0,4.654485049839785e-05,4.638704318959963e-05,4.227574750825802e-05,2.187334648040551e-05,5,0.0010000000000000009,False,loo_residual_sample,0.8651731632450161,0.9980531930923462,0.0049596181608603,0.0042440295219421,0.9716406840851812,0.9420414687586508,1.0054640769958496,True,False,3.239202657809415e-05,-2.1636212624219217e-06,6.744601328904377e-05,1.3850084133855134e-05,-2.0878028782519984e-06,2.9674185927237826e-05,False
tcn,loo_sample,1,2.0,4.709717607975783e-05,5.6187707641042195e-05,2.8696013289142286e-05,1.8968495181481694e-05,5,0.0002500000000000002,False,loo_residual_sample,0.9265466011957644,0.9996967911720276,0.003525135654436,0.0034029483795166,0.9528272462470624,0.9411839774807056,1.0040563344955444,True,False,3.3056478405308895e-05,-8.305647840324559e-07,6.694352159465272e-05,1.1998925621118372e-05,-2.5006236820608042e-06,2.6588889539061992e-05,False
tcn,loo_sample,1,3.0,1.857973421928172e-05,1.3289036544850141e-05,4.360465116315382e-06,5.295727176868326e-06,5,0.0007499999999999989,False,loo_residual_sample,0.9322225435181724,1.00082266330719,0.0034354509736944,0.0032872557640075,0.933850402532371,0.909343663450228,0.9988558888435364,True,False,3.073089700997733e-05,-2.1594684385262687e-06,6.396594684383565e-05,1.300258035147106e-05,-1.263251944747218e-06,2.7070657351115408e-05,False
tcn,loo_sample,1,4.0,9.453488372095365e-05,9.156976744173484e-05,8.824750830560557e-05,4.9262965786911474e-05,5,0.0010000000000000009,False,loo_residual_sample,0.3371445351990427,1.00309956073761,0.003348054398276,0.0016921758651733,0.6053401041017554,0.3618425431138095,0.995981752872467,False,False,8.837209302326455e-05,4.899916943523214e-05,0.00012658637873755213,4.474611536491424e-05,2.6339453999260854e-05,6.211608527710409e-05,True
tcn,loo_sample,1,5.0,-4.152823884773227e-09,0.0,-2.0764119423866134e-08,0.0,0,0.0,False,loo_residual_sample,,,0.0,0.0,,,0.0,False,False,-8.305647840378683e-08,-3.322259136151473e-07,0.0,0.0,0.0,0.0,False
tcn,loo_sample,1,6.0,2.2151162790806644e-05,2.1760797342285088e-05,1.6694352159341008e-05,1.0429031543379707e-05,5,0.0005000000000000004,False,loo_residual_sample,0.9719676366842894,1.0001260042190552,0.0015354211978162,0.0017780065536499,0.9828108155771098,0.968986654398402,0.9907699823379515,True,False,1.9102990033237345e-05,-3.3222591361826147e-06,4.235880398672134e-05,8.954188529260999e-06,-1.7537694373018219e-07,1.8553504761091438e-05,False
tcn,loo_sample,1,7.0,4.908637873812794e-06,1.3289036544517074e-06,9.551495019355372e-07,2.9780189997108407e-06,5,0.0002500000000000002,False,loo_residual_sample,0.0471712890767301,1.0007697343826294,0.0124302895488096,0.0060730576515197,0.8106234837175305,0.7362910439794615,0.994693160057068,True,False,2.6578073089766896e-06,-1.229651162792042e-05,1.6777408637889208e-05,1.8611673034374387e-06,-4.5983579867754914e-06,7.99269910131489e-06,False
tcn,loo_sample,1,8.0,1.1565614617992104e-05,9.717607973525055e-06,4.775747508234396e-06,7.021571672183314e-06,5,0.0004999999999999987,False,loo_residual_sample,-0.6659259345368391,1.0006139278411863,0.0164826797863814,0.0068706274032592,0.5001105345716043,0.4138522709228205,0.9983698129653932,True,False,9.634551495008026e-06,-3.3222591362139782e-06,2.24294019933454e-05,5.7597186643421065e-06,6.72979449402034e-08,1.1704533911634061e-05,False
tcn,loo_sample,1,9.0,-4.152823884773227e-09,0.0,-2.0764119423866134e-08,0.0,0,0.0,False,loo_residual_sample,,,0.0,0.0,,,0.0,False,False,-8.305647840378683e-08,-3.322259136151473e-07,0.0,0.0,0.0,0.0,False
tcn,loo_sample,1,10.0,-6.901993355401537e-06,-9.302325581383997e-06,-1.2707641196096908e-05,-3.0196703474150154e-06,1,0.0002499999999999985,False,loo_residual_sample,-0.6060181530119817,0.999291181564331,0.002843370806177,0.0019484609365463,0.1148842134756821,0.1113175100660973,1.00121009349823,True,False,-8.305647840524122e-06,-2.1428571428580153e-05,3.156146179401326e-06,-3.669053758369456e-06,-9.892374215830808e-06,1.7639079160930153e-06,False
tcn,loo_sample,1,11.0,5.813953491973223e-08,-1.245847176090109e-06,-4.651162790580976e-06,-3.0904489367600263e-07,2,0.0005000000000000004,False,loo_residual_sample,-0.9736542225453076,1.002188205718994,0.0033631309062697,0.0024386942386627,-0.013847639476689,-0.0030937075017248,0.9969984889030457,True,False,-7.3089700996620264e-06,-1.9601328903640133e-05,5.813953488374019e-06,-3.3601692138474082e-06,-8.841978980276221e-06,2.6976055285553266e-06,False
tcn,loo_sample,2,1.0,7.714285714279789e-05,8.149916943533952e-05,6.474252491706078e-05,4.603567250156537e-05,5,0.0007500000000000007,False,loo_residual_sample,0.8651731632450161,0.9980531930923462,0.0049596181608603,0.0042440295219421,0.9716406840851812,0.9420414687586508,1.0054640769958496,True,False,5.764119601330608e-05,-2.6416112956800935e-05,0.0001389078073089736,3.632829692078232e-05,-3.1781524839383507e-06,7.634762815106063e-05,False
tcn,loo_sample,2,2.0,0.00041049833887034647,0.0004177325581395941,0.0003601744186043643,0.00023802246685067363,5,0.0007499999999999989,False,loo_residual_sample,0.9265466011957644,0.9996967911720276,0.003525135654436,0.0034029483795166,0.9528272462470624,0.9411839774807056,1.0040563344955444,True,False,0.00038571428571428144,0.0002906976744185916,0.00047691029900329824,0.0002241575747106117,0.00017754279762045592,0.00026943262967148006,True
tcn,loo_sample,2,3.0,3.870847176075109e-05,2.2965116279194397e-05,1.0672757474794459e-05,1.4675974636446654e-05,5,0.0012499999999999994,False,loo_residual_sample,0.9322225435181724,1.00082266330719,0.0034354509736944,0.0032872557640075,0.933850402532371,0.909343663450228,0.9988558888435364,True,False,4.368770764121344e-05,-7.151162790687698e-06,9.318936877077464e-05,1.5998031430963787e-05,-5.16844863722693e-06,3.647134181847636e-05,False
tcn,loo_sample,2,4.0,0.0005471387043189058,0.0005423588039868976,0.00048700166112958243,0.00027101676620009394,5,0.0012499999999999994,False,loo_residual_sample,0.3371445351990427,1.00309956073761,0.003348054398276,0.0016921758651733,0.6053401041017554,0.3618425431138095,0.995981752872467,False,False,0.0005774086378737575,0.00048620431893687334,0.0006749667774086351,0.000287726447502582,0.00024502468294298595,0.00033146091514925445,True
tcn,loo_sample,2,5.0,0.0,0.0,0.0,0.0,0,0.0,False,loo_residual_sample,,,0.0,0.0,,,0.0,False,False,0.0,0.0,0.0,0.0,0.0,0.0,False
tcn,loo_sample,2,6.0,-4.049003322226241e-06,-4.401993355607203e-06,-7.308970099595413e-06,-2.5470128643512167e-06,1,0.0007500000000000007,False,loo_residual_sample,0.9719676366842894,1.0001260042190552,0.0015354211978162,0.0017780065536499,0.9828108155771098,0.968986654398402,0.9907699823379515,True,False,-3.6544850498265722e-06,-3.7051495016625246e-05,3.0232558139541594e-05,-2.8564971587763386e-07,-1.5302016355003252e-05,1.51859256634084e-05,False
tcn,loo_sample,2,7.0,6.892857142850594e-05,5.053986710967795e-05,4.808970099656751e-05,3.8416282610320704e-05,5,0.0007500000000000007,False,loo_residual_sample,0.0471712890767301,1.0007697343826294,0.0124302895488096,0.0060730576515197,0.8106234837175305,0.7362910439794615,0.994693160057068,True,False,5.13289036544895e-05,1.943521594685688e-05,8.422342192693886e-05,3.0974273504150716e-05,1.5047373608381765e-05,4.8615048537565976e-05,True
tcn,loo_sample,2,8.0,6.245431893681097e-05,5.415282392040588e-05,1.0402823920174775e-05,3.530116678402972e-05,5,0.0005000000000000004,False,loo_residual_sample,-0.6659259345368391,1.0006139278411863,0.0164826797863814,0.0068706274032592,0.5001105345716043,0.4138522709228205,0.9983698129653932,True,False,5.3820598006648625e-05,1.9933554817273823e-05,8.555232558139497e-05,3.1973817064520074e-05,1.2835645603863467e-05,4.995002651284068e-05,True
tcn,loo_sample,2,9.0,0.0,0.0,0.0,0.0,0,0.0,False,loo_residual_sample,,,0.0,0.0,,,0.0,False,False,0.0,0.0,0.0,0.0,0.0,0.0,False
tcn,loo_sample,2,10.0,-5.4049003322309554e-05,-5.062292358803955e-05,-7.624584717624838e-05,-2.7597679383450925e-05,0,0.0002500000000000002,False,loo_residual_sample,-0.6060181530119817,0.999291181564331,0.002843370806177,0.0019484609365463,0.1148842134756821,0.1113175100660973,1.00121009349823,True,False,-5.481727574750739e-05,-7.409053156148698e-05,-3.637873754150031e-05,-2.8393190213734653e-05,-3.84536802744479e-05,-1.9137336863093386e-05,False
tcn,loo_sample,2,11.0,-6.503322259177046e-06,-7.288205980060525e-06,-1.912375415280554e-05,-1.2096148574780584e-06,2,0.0002500000000000002,False,loo_residual_sample,-0.9736542225453076,1.002188205718994,0.0033631309062697,0.0024386942386627,-0.013847639476689,-0.0030937075017248,0.9969984889030457,True,False,-5.813953488357226e-06,-2.6079734219238815e-05,1.561877076411392e-05,-3.573326460470927e-07,-1.0008196392913366e-05,1.021845884394936e-05,False
tcn,loo_sample,3,1.0,0.00253848006644517,0.002626391196013378,0.0018746885382059375,0.0015797776606129687,5,0.0012499999999999994,False,loo_residual_sample,0.8651731632450161,0.9980531930923462,0.0049596181608603,0.0042440295219421,0.9716406840851812,0.9420414687586508,1.0054640769958496,True,False,0.0024712624584717546,0.0017112167774086357,0.003235708056478386,0.0017342097880140262,0.0009540047437892702,0.002528222186063076,True
tcn,loo_sample,3,2.0,-0.0014981021594684396,-0.0014537998338870484,-0.002013039867109656,-0.0016789433449103442,0,0.0007500000000000007,False,loo_residual_sample,0.9265466011957644,0.9996967911720276,0.003525135654436,0.0034029483795166,0.9528272462470624,0.9411839774807056,1.0040563344955444,True,False,-0.0014089700996677802,-0.00191860880398672,-0.0009081250000000001,-0.0014707610187297804,-0.001976302815996918,-0.000922865428395559,False
tcn,loo_sample,3,3.0,0.00011799418604652168,0.00010857558139532042,-5.6291528239160726e-05,6.200568452203736e-05,4,0.0005000000000000004,False,loo_residual_sample,0.9322225435181724,1.00082266330719,0.0034354509736944,0.0032872557640075,0.933850402532371,0.909343663450228,0.9988558888435364,True,False,0.0001235880398671063,-0.0002347425249169394,0.0004897051495016545,-4.862648999921837e-05,-0.00045814046949534543,0.00036029979991632633,False
tcn,loo_sample,3,4.0,0.0064927284053156505,0.007106146179402084,0.004875851328903669,0.006868658481583934,5,0.0012500000000000011,False,loo_residual_sample,0.3371445351990427,1.00309956073761,0.003348054398276,0.0016921758651733,0.6053401041017554,0.3618425431138095,0.995981752872467,False,False,0.006621677740863788,0.005453486295681062,0.007713060631229228,0.006719622376439832,0.005754972753490145,0.007704996801333699,True
tcn,loo_sample,3,5.0,-4.152823929182148e-09,0.0,-2.076411964591074e-08,-9.546237222934905e-09,0,0.0,False,loo_residual_sample,,,0.0,0.0,,,0.0,False,False,0.0,0.0,0.0,0.0,0.0,0.0,False
tcn,loo_sample,3,6.0,-0.00036866694352160055,-0.0003536129568106894,-0.00042093023255818096,-4.45240360372523e-05,0,0.0005000000000000004,False,loo_residual_sample,0.9719676366842894,1.0001260042190552,0.0015354211978162,0.0017780065536499,0.9828108155771098,0.968986654398402,0.9907699823379515,True,False,-0.00036976744186047015,-0.0006806789867109704,-7.688953488371767e-05,-0.00012616113254982242,-0.00041833426953008084,0.0001728730091905661,False
tcn,loo_sample,3,7.0,-0.0003802408637873844,-0.000359613787375479,-0.00047842607973414,-0.0003034187465826843,0,0.0005000000000000004,False,loo_residual_sample,0.0471712890767301,1.0007697343826294,0.0124302895488096,0.0060730576515197,0.8106234837175305,0.7362910439794615,0.994693160057068,True,False,-0.0004839700996677787,-0.0006849937707641175,-0.0002876993355481836,-0.00034022127466399655,-0.0006016899477059191,-9.093180311573135e-05,False
tcn,loo_sample,3,8.0,0.0003347217607973407,0.00036854235880401376,0.00019150747508311916,0.00032325923162721535,5,0.0005000000000000004,False,loo_residual_sample,-0.6659259345368391,1.0006139278411863,0.0164826797863814,0.0068706274032592,0.5001105345716043,0.4138522709228205,0.9983698129653932,True,False,0.00033438538205979974,0.00018055440199335698,0.0004971200166112865,0.00027962445017705505,0.00011173712085406037,0.0004774934837522579,True
tcn,loo_sample,3,9.0,-4.152823929182148e-09,0.0,-2.076411964591074e-08,-9.546237222934905e-09,0,0.0,False,loo_residual_sample,,,0.0,0.0,,,0.0,False,False,0.0,0.0,0.0,0.0,0.0,0.0,False
tcn,loo_sample,3,10.0,0.00018267441860466693,0.00013087624584717794,-0.00010782807308973297,0.0002309394477211457,4,0.0002500000000000002,False,loo_residual_sample,-0.6060181530119817,0.999291181564331,0.002843370806177,0.0019484609365463,0.1148842134756821,0.1113175100660973,1.00121009349823,True,False,0.0002048172757475053,1.2834302325582083e-05,0.00039511627906975937,0.00022492563462153114,6.12390208006332e-05,0.00039707856913029084,True
tcn,loo_sample,3,11.0,0.00018196428571430888,0.00018017026578076578,0.00014304401993348037,7.034510307790676e-05,5,0.0005000000000000004,False,loo_residual_sample,-0.9736542225453076,1.002188205718994,0.0033631309062697,0.0024386942386627,-0.013847639476689,-0.0030937075017248,0.9969984889030457,True,False,0.00018837209302325353,-2.8326411960139686e-05,0.00038365033222590757,-5.576811429173212e-06,-0.00024166382099688463,0.00021918466536702155,False
tcn,loo_sample,4,1.0,-0.016246889534883756,-0.017307745016611253,-0.019039970930232575,-0.01387303319057176,0,0.0007499999999999989,False,loo_residual_sample,0.8651731632450161,0.9980531930923462,0.0049596181608603,0.0042440295219421,0.9716406840851812,0.9420414687586508,1.0054640769958496,True,False,-0.016393438538205976,-0.018922603820598002,-0.013684539036544846,-0.013804760464899597,-0.015944073535258743,-0.011504562826235193,False
tcn,loo_sample,4,2.0,-0.016131142026578126,-0.01620070598006651,-0.0185122300664452,-0.013694408924250667,0,0.0012499999999999994,False,loo_residual_sample,0.9265466011957644,0.9996967911720276,0.003525135654436,0.0034029483795166,0.9528272462470624,0.9411839774807056,1.0040563344955444,True,False,-0.01606096345514951,-0.01749477782392027,-0.014606048588039875,-0.013566892885973778,-0.014842804266141756,-0.01226148721180425,False
tcn,loo_sample,4,3.0,0.002297392026578038,0.0015667151162790383,0.00042572674418606127,0.0016539451895325684,5,0.0009999999999999992,False,loo_residual_sample,0.9322225435181724,1.00082266330719,0.0034354509736944,0.0032872557640075,0.933850402532371,0.909343663450228,0.9988558888435364,True,False,0.002313870431893692,0.000871357973421935,0.00395694559800665,0.0016273999718658173,0.0005195661111443132,0.002921157383900442,True
tcn,loo_sample,4,4.0,0.009666220930232505,0.007228924418604565,-0.0017718853820598568,0.010317571099809996,4,0.0022499999999999985,False,loo_residual_sample,0.3371445351990427,1.00309956073761,0.003348054398276,0.0016921758651733,0.6053401041017554,0.3618425431138095,0.995981752872467,False,False,0.009785963455149503,0.002810303156146188,0.016403172757475083,0.010244839323068456,0.004471988081213078,0.01557670182163511,True
tcn,loo_sample,4,5.0,0.0,0.0,0.0,0.0,0,0.0,False,loo_residual_sample,,,0.0,0.0,,,0.0,False,False,0.0,0.0,0.0,0.0,0.0,0.0,False
tcn,loo_sample,4,6.0,0.002055257475083039,0.002380730897009964,0.00041536544850495627,0.0016065392349996488,5,0.0007499999999999989,False,loo_residual_sample,0.9719676366842894,1.0001260042190552,0.0015354211978162,0.0017780065536499,0.9828108155771098,0.968986654398402,0.9907699823379515,True,False,0.0020950996677740895,0.0011503197674418624,0.0029258098006644606,0.00158404552239653,0.0007827371717792451,0.0022540938761541076,True
tcn,loo_sample,4,7.0,-0.0017109634551495168,-0.0016110672757475575,-0.002005689368770769,-0.001492493727827493,0,0.0007500000000000007,False,loo_residual_sample,0.0471712890767301,1.0007697343826294,0.0124302895488096,0.0060730576515197,0.8106234837175305,0.7362910439794615,0.994693160057068,True,False,-0.001707724252491689,-0.0020688081395348777,-0.001355780730897001,-0.0014909510378051528,-0.0018577536943429225,-0.001139332393839892,False
tcn,loo_sample,4,8.0,-0.0012206146179402078,-0.0015089700996677724,-0.0019254152823919846,-0.0009251358528699738,1,0.0007499999999999989,False,loo_residual_sample,-0.6659259345368391,1.0006139278411863,0.0164826797863814,0.0068706274032592,0.5001105345716043,0.4138522709228205,0.9983698129653932,True,False,-0.0012159468438538135,-0.0018002699335548146,-0.00034418189368770483,-0.000921977527877752,-0.0013940996950312526,-0.0002551894942995608,False
tcn,loo_sample,4,9.0,0.0,0.0,0.0,0.0,0,0.0,False,loo_residual_sample,,,0.0,0.0,,,0.0,False,False,0.0,0.0,0.0,0.0,0.0,0.0,False
tcn,loo_sample,4,10.0,0.165284842192691,0.1855089078073089,0.09848428156146172,0.12114509119914889,5,0.0002500000000000002,True,loo_residual_sample,-0.6060181530119817,0.999291181564331,0.002843370806177,0.0019484609365463,0.1148842134756821,0.1113175100660973,1.00121009349823,True,True,0.1653142857142857,0.12414052740863789,0.20540254983388703,0.12002889006346942,0.08712175780927625,0.15208128934681672,True
tcn,loo_sample,4,11.0,3.1723421926876935e-05,6.245847176078456e-05,-0.0001082848837209438,3.95608246475998e-05,4,0.0005000000000000004,False,loo_residual_sample,-0.9736542225453076,1.002188205718994,0.0033631309062697,0.0024386942386627,-0.013847639476689,-0.0030937075017248,0.9969984889030457,True,False,-1.6445182724250663e-05,-0.00020203073089700713,0.00016829318936876974,-7.308671049371384e-05,-0.00026187504109332385,0.00010722895532539087,False
tcn,loo_sample,5,1.0,-0.0004083139534884261,-0.000426848006644609,-0.0005394518272426319,-0.0005133047899893661,0,0.0007500000000000007,False,loo_residual_sample,0.8651731632450161,0.9980531930923462,0.0049596181608603,0.0042440295219421,0.9716406840851812,0.9420414687586508,1.0054640769958496,True,False,-0.00038903654485049897,-0.0008470182724252478,5.365863787375407e-05,-0.00033082651876458537,-0.0006927763946282718,2.440157758835156e-05,False
tcn,loo_sample,5,2.0,-0.0007571054817276157,-0.0007713870431894088,-0.0008327034883721662,-0.0007869435493243149,0,0.0007500000000000007,False,loo_residual_sample,0.9265466011957644,0.9996967911720276,0.003525135654436,0.0034029483795166,0.9528272462470624,0.9411839774807056,1.0040563344955444,True,False,-0.0006176910299003291,-0.0009981457641196,-0.00022912998338869552,-0.0005198940121986007,-0.0008886559893796431,-0.00013688840969852537,False
tcn,loo_sample,5,3.0,6.559385382057804e-05,1.449335548170394e-05,-1.1088039867157562e-05,-0.000338524778224647,3,0.0007500000000000007,False,loo_residual_sample,0.9322225435181724,1.00082266330719,0.0034354509736944,0.0032872557640075,0.933850402532371,0.909343663450228,0.9988558888435364,True,False,0.00011835548172756837,-0.00026180855481728926,0.0004980730897009971,-0.00021784831875222511,-0.0005834378345777927,0.0001601125021147464,False
tcn,loo_sample,5,4.0,-0.00029323920265784676,-0.00032767857142862455,-0.0006706395348837768,-0.00035461666813385584,1,0.0005000000000000004,False,loo_residual_sample,0.3371445351990427,1.00309956073761,0.003348054398276,0.0016921758651733,0.6053401041017554,0.3618425431138095,0.995981752872467,False,False,-0.0003538205980066422,-0.0010082246677740807,0.00028000622923588116,-0.000505249788906168,-0.0010094579493862782,-2.3279742591471345e-05,False
tcn,loo_sample,5,5.0,4.152823906977687e-09,0.0,0.0,0.0,1,0.0,False,loo_residual_sample,,,0.0,0.0,,,0.0,False,False,-8.305647840489705e-08,-3.322259136195882e-07,0.0,0.0,0.0,0.0,False
tcn,loo_sample,5,6.0,-0.00026299003322262094,-0.0002482765780730811,-0.0004131644518272637,-2.6100478326407384e-05,0,0.0005000000000000004,False,loo_residual_sample,0.9719676366842894,1.0001260042190552,0.0015354211978162,0.0017780065536499,0.9828108155771098,0.968986654398402,0.9907699823379515,True,False,-0.00027732558139535567,-0.0005761378737541574,2.822466777407677e-05,6.066401152860723e-05,-0.00027441798138920704,0.00039224829965225493,False
tcn,loo_sample,5,7.0,-0.000204331395348889,-0.00024285714285721127,-0.0003084717607974019,-5.317009974894482e-05,0,0.0002500000000000002,False,loo_residual_sample,0.0471712890767301,1.0007697343826294,0.0124302895488096,0.0060730576515197,0.8106234837175305,0.7362910439794615,0.994693160057068,True,False,-0.00019892026578073542,-0.0004170203488372262,2.194975083056522e-05,-4.4065373646339223e-05,-0.0002596705315493856,0.0001568514330459086,False
tcn,loo_sample,5,8.0,-7.849252491699543e-05,-1.9912790697740324e-05,-0.00021075581395357812,-9.26043291067158e-05,1,0.0005000000000000004,False,loo_residual_sample,-0.6659259345368391,1.0006139278411863,0.0164826797863814,0.0068706274032592,0.5001105345716043,0.4138522709228205,0.9983698129653932,True,False,-8.629568106312602e-05,-0.00024086794019934145,5.9968853820599596e-05,-8.654019726255458e-05,-0.00022101955033901338,4.260081018482082e-05,False
tcn,loo_sample,5,9.0,4.152823906977687e-09,0.0,0.0,0.0,1,0.0,False,loo_residual_sample,,,0.0,0.0,,,0.0,False,False,-8.305647840489705e-08,-4.152823920244852e-07,0.0,0.0,0.0,0.0,False
tcn,loo_sample,5,10.0,7.568936877074827e-05,6.866694352164471e-05,2.8550664451842955e-05,4.214662751127474e-05,5,0.0002500000000000002,False,loo_residual_sample,-0.6060181530119817,0.999291181564331,0.002843370806177,0.0019484609365463,0.1148842134756821,0.1113175100660973,1.00121009349823,True,False,8.563122923588129e-05,-5.5751661129497945e-06,0.00017318729235878596,9.975825804395044e-05,-6.585479754982633e-06,0.00021519179020624163,False
tcn,loo_sample,5,11.0,9.431478405315108e-05,-4.678156146181722e-05,-0.00031827242524917754,-0.00010528223096399892,2,0.0002500000000000002,False,loo_residual_sample,-0.9736542225453076,1.002188205718994,0.0033631309062697,0.0024386942386627,-0.013847639476689,-0.0030937075017248,0.9969984889030457,True,False,0.0001362126245847195,-0.00017958887043188293,0.00041878114617940887,2.0731318853081103e-05,-0.00022777904101213035,0.00026462451187691323,False
tcn,loo_sample,6,1.0,-8.895348837234528e-06,-7.1428571428722165e-06,-1.8438538205933774e-05,-4.072451038417135e-06,0,0.0005000000000000004,False,loo_residual_sample,0.8651731632450161,0.9980531930923462,0.0049596181608603,0.0042440295219421,0.9716406840851812,0.9420414687586508,1.0054640769958496,True,False,-8.803986710966827e-06,-2.2599667774115706e-05,3.8205980066519656e-06,-4.2912016458007685e-06,-9.956655850909935e-06,7.817481454042399e-07,False
tcn,loo_sample,6,2.0,1.4975083056434358e-05,1.5988372093045378e-05,1.108803986704654e-05,6.318585360198803e-06,5,0.0007500000000000007,False,loo_residual_sample,0.9265466011957644,0.9996967911720276,0.003525135654436,0.0034029483795166,0.9528272462470624,0.9411839774807056,1.0040563344955444,True,False,1.7607973421932543e-05,7.64119601329824e-06,2.7740863787370145e-05,6.781941533822167e-06,2.861388329786274e-06,1.0603699482605033e-05,True
tcn,loo_sample,6,3.0,3.593853820600401e-05,4.111295681008542e-06,-4.036544850505308e-05,3.21886782750358e-05,3,0.0007500000000000007,False,loo_residual_sample,0.9322225435181724,1.00082266330719,0.0034354509736944,0.0032872557640075,0.933850402532371,0.909343663450228,0.9988558888435364,True,False,4.4019933554830804e-05,-3.089700996675385e-05,0.00016578903654485022,3.6617530511883215e-05,-9.017079743516064e-06,0.00011374861801114723,False
tcn,loo_sample,6,4.0,-6.941029900333628e-05,-6.935215946846096e-05,-7.313122923602311e-05,-2.614956132718227e-05,0,0.0012500000000000011,False,loo_residual_sample,0.3371445351990427,1.00309956073761,0.003348054398276,0.0016921758651733,0.6053401041017554,0.3618425431138095,0.995981752872467,False,False,-6.727574750829079e-05,-9.551495016609798e-05,-3.919850498335242e-05,-2.5806790310212157e-05,-3.6033611449179495e-05,-1.579220324790199e-05,False
tcn,loo_sample,6,5.0,0.0,0.0,0.0,0.0,0,0.0,False,loo_residual_sample,,,0.0,0.0,,,0.0,False,False,0.0,0.0,0.0,0.0,0.0,0.0,False
tcn,loo_sample,6,6.0,9.543189368788062e-06,1.0589700996654905e-05,4.485049834079824e-06,3.2064884830207417e-06,5,0.0005000000000000004,False,loo_residual_sample,0.9719676366842894,1.0001260042190552,0.0015354211978162,0.0017780065536499,0.9828108155771098,0.968986654398402,0.9907699823379515,True,False,8.803986710971267e-06,-1.6611295681069614e-06,1.976744186046886e-05,2.8079155478633045e-06,-1.0749916226303335e-06,6.729722114456433e-06,False
tcn,loo_sample,6,7.0,-1.6337209302275113e-05,-1.5988372092934355e-05,-2.0930232558113993e-05,-6.0081202580386515e-06,0,0.0007499999999999989,False,loo_residual_sample,0.0471712890767301,1.0007697343826294,0.0124302895488096,0.0060730576515197,0.8106234837175305,0.7362910439794615,0.994693160057068,True,False,-1.6112956810622192e-05,-2.3920265780720486e-05,-8.305647840559345e-06,-5.8519283754709935e-06,-8.94760310244644e-06,-2.744728120791158e-06,False
tcn,loo_sample,6,8.0,-4.900332226220883e-07,-3.737541528492372e-07,-2.9485049836130983e-06,-2.433864918049977e-07,2,0.0005000000000000004,False,loo_residual_sample,-0.6659259345368391,1.0006139278411863,0.0164826797863814,0.0068706274032592,0.5001105345716043,0.4138522709228205,0.9983698129653932,True,False,1.661129568107933e-06,-3.488372093025771e-06,6.146179402006874e-06,5.747757351204364e-07,-1.2383777215337346e-06,2.1898181580694823e-06,False
tcn,loo_sample,6,9.0,0.0,0.0,0.0,0.0,0,0.0,False,loo_residual_sample,,,0.0,0.0,,,0.0,False,False,0.0,0.0,0.0,0.0,0.0,0.0,False
tcn,loo_sample,6,10.0,1.328903654229663e-07,8.305647836159835e-08,-1.1627906976174884e-06,1.7794202036292007e-07,3,0.0004999999999999987,False,loo_residual_sample,-0.6060181530119817,0.999291181564331,0.002843370806177,0.0019484609365463,0.1148842134756821,0.1113175100660973,1.00121009349823,True,False,1.6611295681157045e-06,-3.6544850498176907e-06,6.644518272427319e-06,8.17097009832013e-07,-1.1481201277859787e-06,2.6625019589198435e-06,False
tcn,loo_sample,6,11.0,3.405315614379845e-07,6.229235880450545e-07,-1.07973421925589e-06,3.815919438654447e-07,3,0.0007500000000000007,False,loo_residual_sample,-0.9736542225453076,1.002188205718994,0.0033631309062697,0.0024386942386627,-0.013847639476689,-0.0030937075017248,0.9969984889030457,True,False,-1.9933554817197498e-06,-9.136212624570928e-06,5.149501661134703e-06,-5.588420285140838e-07,-3.506350019493537e-06,2.376438005602746e-06,False
tcn,loo_sample,7,1.0,6.370431893754081e-06,5.606312292405491e-06,3.322259137794603e-07,2.450890059924049e-06,5,0.0005000000000000004,False,loo_residual_sample,0.8651731632450161,0.9980531930923462,0.0049596181608603,0.0042440295219421,0.9716406840851812,0.9420414687586508,1.0054640769958496,True,False,8.803986710964606e-06,-8.139534883695898e-06,2.6748338870439513e-05,2.5628878772143705e-06,-3.985088762552075e-06,9.513585924203509e-06,False
tcn,loo_sample,7,2.0,2.9568106313160313e-06,3.9036544852155686e-06,-2.491694352069196e-06,1.3396434009438352e-06,4,0.0007500000000000007,False,loo_residual_sample,0.9265466011957644,0.9996967911720276,0.003525135654436,0.0034029483795166,0.9528272462470624,0.9411839774807056,1.0040563344955444,True,False,4.983388704318248e-06,-9.136212624568817e-06,2.1428571428551398e-05,1.395607704897106e-06,-4.270945168092649e-06,8.147248457664597e-06,False
tcn,loo_sample,7,3.0,1.1171096345630183e-05,8.928571428645782e-06,2.5332225914720397e-06,4.0695620627362315e-06,5,0.0009999999999999992,False,loo_residual_sample,0.9322225435181724,1.00082266330719,0.0034354509736944,0.0032872557640075,0.933850402532371,0.909343663450228,0.9988558888435364,True,False,-6.312292358798821e-06,-4.036544850498805e-05,2.193106312293675e-05,-2.4851791122004753e-06,-1.5252947471276312e-05,8.251339903482864e-06,False
tcn,loo_sample,7,4.0,0.44284528239202664,0.44183282807308977,0.43990269933554815,0.3344652556096788,5,0.0012499999999999994,True,loo_residual_sample,0.3371445351990427,1.00309956073761,0.003348054398276,0.0016921758651733,0.6053401041017554,0.3618425431138095,0.995981752872467,False,False,0.4428843023255814,0.4386590448504984,0.4471978488372093,0.33279237607195306,0.3282437767511882,0.33731894835715726,True
tcn,loo_sample,7,5.0,0.0,0.0,0.0,0.0,0,0.0,False,loo_residual_sample,,,0.0,0.0,,,0.0,False,False,0.0,0.0,0.0,0.0,0.0,0.0,False
tcn,loo_sample,7,6.0,1.7973421926975595e-05,1.5116279069804506e-05,1.0963455149504142e-05,7.122818456339885e-06,5,0.0007499999999999989,False,loo_residual_sample,0.9719676366842894,1.0001260042190552,0.0015354211978162,0.0017780065536499,0.9828108155771098,0.968986654398402,0.9907699823379515,True,False,1.9435215946850272e-05,4.817275747541122e-06,3.372093023254719e-05,7.069142261151296e-06,1.5118109183409611e-06,1.26560328319677e-05,True
tcn,loo_sample,7,7.0,1.3621262458607397e-05,1.0672757475238548e-05,7.392026578179056e-06,5.442828896806695e-06,5,0.0010000000000000009,False,loo_residual_sample,0.0471712890767301,1.0007697343826294,0.0124302895488096,0.0060730576515197,0.8106234837175305,0.7362910439794615,0.994693160057068,True,False,1.362126245847639e-05,-1.162790697648769e-06,3.0398671096363518e-05,5.766733330443419e-06,3.766967728813246e-08,1.2418373377780205e-05,False
tcn,loo_sample,7,8.0,2.3089700997180886e-06,3.1146179402252727e-06,-3.1146179401142504e-06,6.059969662519649e-07,3,0.0002500000000000002,False,loo_residual_sample,-0.6659259345368391,1.0006139278411863,0.0164826797863814,0.0068706274032592,0.5001105345716043,0.4138522709228205,0.9983698129653932,True,False,-3.322259136107064e-07,-6.810631229209524e-06,6.146179402010315e-06,-1.6680866233409474e-07,-2.6301134173305206e-06,2.2172782495021293e-06,False
tcn,loo_sample,7,9.0,0.0,0.0,0.0,0.0,0,0.0,False,loo_residual_sample,,,0.0,0.0,,,0.0,False,False,0.0,0.0,0.0,0.0,0.0,0.0,False
tcn,loo_sample,7,10.0,3.2641196014093766e-06,3.0730897010444735e-06,1.1627906977285107e-06,1.6393595262842453e-06,5,0.0002500000000000002,False,loo_residual_sample,-0.6060181530119817,0.999291181564331,0.002843370806177,0.0019484609365463,0.1148842134756821,0.1113175100660973,1.00121009349823,True,False,3.322259136205874e-06,-4.31893687707352e-06,1.0797342192661263e-05,1.829994686475267e-06,-1.3608698825572085e-06,5.084587393760411e-06,False
tcn,loo_sample,7,11.0,-1.411129568100744e-05,-1.4368770764106031e-05,-1.9269102989882825e-05,-5.3780200821362815e-06,0,0.0002500000000000002,False,loo_residual_sample,-0.9736542225453076,1.002188205718994,0.0033631309062697,0.0024386942386627,-0.013847639476689,-0.0030937075017248,0.9969984889030457,True,False,-1.594684385381906e-05,-2.8077242524930157e-05,-5.813953488357143e-06,-6.1137649408549155e-06,-1.0837253656826085e-05,-2.219364373208078e-06,False
tcn,loo_sample,8,1.0,-9.870016611293053e-05,-8.982558139547514e-05,-0.00014129983388699863,-6.110005140746999e-05,0,0.0005000000000000004,False,loo_residual_sample,0.8651731632450161,0.9980531930923462,0.0049596181608603,0.0042440295219421,0.9716406840851812,0.9420414687586508,1.0054640769958496,True,False,-0.00010714285714284012,-0.0002272466777408601,1.4966777408643376e-05,-6.325619149007865e-05,-0.00012535456071776578,-2.4978513816243225e-06,False
tcn,loo_sample,8,2.0,0.0002232225913620267,0.0002315199335548579,0.0001353405315613898,0.00011881020315926972,5,0.0005000000000000004,False,loo_residual_sample,0.9265466011957644,0.9996967911720276,0.003525135654436,0.0034029483795166,0.9528272462470624,0.9411839774807056,1.0040563344955444,True,False,0.00022524916943522877,0.00011311046511627997,0.00033953903654486347,0.00011971993597408747,5.797140597624365e-05,0.0001870679177766568,True
tcn,loo_sample,8,3.0,0.00011620016611293415,0.00011955980066447047,6.31021594683645e-05,6.66397578787059e-05,5,0.0012499999999999994,False,loo_residual_sample,0.9322225435181724,1.00082266330719,0.0034354509736944,0.0032872557640075,0.933850402532371,0.909343663450228,0.9988558888435364,True,False,0.00010797342192692904,1.6445182724315342e-06,0.00021130398671097584,6.376408295556412e-05,1.860725390653459e-05,0.00010913880428139261,True
tcn,loo_sample,8,4.0,0.000554572259136199,0.0005241071428572219,0.00046285299003312463,0.00033269616776911983,5,0.0007500000000000007,False,loo_residual_sample,0.3371445351990427,1.00309956073761,0.003348054398276,0.0016921758651733,0.6053401041017554,0.3618425431138095,0.995981752872467,False,False,0.0004842192691030145,0.00030957641196014904,0.0006749335548173025,0.0002946125119210008,0.00020616619215990494,0.0003942412646032357,True
tcn,loo_sample,8,5.0,-4.152823929182148e-09,0.0,-2.076411964591074e-08,0.0,0,0.0,False,loo_residual_sample,,,0.0,0.0,,,0.0,False,False,0.0,0.0,0.0,0.0,0.0,0.0,False
tcn,loo_sample,8,6.0,6.618770764115212e-05,5.282392026584315e-05,2.6287375415212644e-05,2.4619806436421143e-05,5,0.0005000000000000004,False,loo_residual_sample,0.9719676366842894,1.0001260042190552,0.0015354211978162,0.0017780065536499,0.9828108155771098,0.968986654398402,0.9907699823379515,True,False,6.353820598007931e-05,-1.6625830564776732e-05,0.00013920681063124373,2.6836455872383257e-05,-5.826379192627462e-06,5.9085113608058536e-05,False
tcn,loo_sample,8,7.0,3.729651162789338e-05,5.836794019942193e-05,-8.222591362139209e-05,1.99042550736106e-05,4,0.0005000000000000004,False,loo_residual_sample,0.0471712890767301,1.0007697343826294,0.0124302895488096,0.0060730576515197,0.8106234837175305,0.7362910439794615,0.994693160057068,True,False,2.6578073089708055e-05,-9.770348837209286e-05,0.000143189368770782,1.65594914120637e-05,-5.7989243557314524e-05,8.575611421869316e-05,False
tcn,loo_sample,8,8.0,0.00028065614617933665,0.00033650332225898527,0.00013785299003310492,0.0001627592199865191,5,0.0005000000000000004,False,loo_residual_sample,-0.6659259345368391,1.0006139278411863,0.0164826797863814,0.0068706274032592,0.5001105345716043,0.4138522709228205,0.9983698129653932,True,False,0.00028255813953489864,0.00017673588039867198,0.00039867524916944536,0.00016637804035524284,0.00010822927297026325,0.00022957523567542444,True
tcn,loo_sample,8,9.0,-4.152823929182148e-09,0.0,-2.076411964591074e-08,0.0,0,0.0,False,loo_residual_sample,,,0.0,0.0,,,0.0,False,False,0.0,0.0,0.0,0.0,0.0,0.0,False
tcn,loo_sample,8,10.0,-1.732558139542206e-05,-1.0963455149615164e-05,-3.156146179406072e-05,-1.2935819037163121e-05,0,0.0002500000000000002,False,loo_residual_sample,-0.6060181530119817,0.999291181564331,0.002843370806177,0.0019484609365463,0.1148842134756821,0.1113175100660973,1.00121009349823,True,False,-2.026578073087926e-05,-4.5514950166097886e-05,2.6619601329036566e-06,-1.3350306862952577e-05,-2.4940540723776245e-05,-2.8110637285188037e-06,False
tcn,loo_sample,8,11.0,2.0789036544788253e-05,2.082641195999546e-05,-3.1146179402252727e-07,7.418105334022762e-06,4,0.0005000000000000004,False,loo_residual_sample,-0.9736542225453076,1.002188205718994,0.0033631309062697,0.0024386942386627,-0.013847639476689,-0.0030937075017248,0.9969984889030457,True,False,2.5747508305667965e-05,-2.426495016608665e-05,7.40863787375701e-05,9.731537819117619e-06,-1.2626199161857393e-05,3.161870089305301e-05,False
tcn,loo_sample,9,1.0,0.0027789534883720934,0.0027165282392026535,0.0025074750830564874,0.0017730462560170412,5,0.0010000000000000009,False,loo_residual_sample,0.8651731632450161,0.9980531930923462,0.0049596181608603,0.0042440295219421,0.9716406840851812,0.9420414687586508,1.0054640769958496,True,False,0.002781561461794022,0.0023787998338870423,0.003182757475083062,0.0017843347055264214,0.0014047189725810154,0.002194851389908125,True
tcn,loo_sample,9,2.0,-0.0007209676079734217,-0.0007140988372092982,-0.0008609219269103408,-0.0005966773419578519,0,0.0009999999999999992,False,loo_residual_sample,0.9265466011957644,0.9996967911720276,0.003525135654436,0.0034029483795166,0.9528272462470624,0.9411839774807056,1.0040563344955444,True,False,-0.0008285714285714296,-0.0011990220099667745,-0.00047242317275748543,-0.000763700650838206,-0.0010835921413984832,-0.0004302477131021566,False
tcn,loo_sample,9,3.0,5.705980066417205e-06,0.00014377076411953293,-0.000493646179402063,5.267926572820603e-05,4,0.0012500000000000011,False,loo_residual_sample,0.9322225435181724,1.00082266330719,0.0034354509736944,0.0032872557640075,0.933850402532371,0.909343663450228,0.9988558888435364,True,False,-4.5930232558134556e-05,-0.0005511586378737469,0.0004374730066445207,-0.00010443003749488478,-0.0005922072369309726,0.0003751725997867973,False
tcn,loo_sample,9,4.0,0.006896710963455144,0.006823151993355481,0.006325394518272409,0.006926576830962272,5,0.0014999999999999996,False,loo_residual_sample,0.3371445351990427,1.00309956073761,0.003348054398276,0.0016921758651733,0.6053401041017554,0.3618425431138095,0.995981752872467,False,False,0.006927159468438535,0.006190278239202646,0.007645616694352148,0.006781227313619158,0.006069516986583334,0.007466971501075699,True
tcn,loo_sample,9,5.0,-4.152823906977687e-09,0.0,-2.076411964591074e-08,-1.0622313406649653e-08,1,0.0,False,loo_residual_sample,,,0.0,0.0,,,0.0,False,False,0.0,0.0,0.0,0.0,0.0,0.0,False
tcn,loo_sample,9,6.0,5.418189368768811e-05,3.241279069765568e-05,-7.483388704321303e-05,0.00010705897239895456,3,0.0010000000000000009,False,loo_residual_sample,0.9719676366842894,1.0001260042190552,0.0015354211978162,0.0017780065536499,0.9828108155771098,0.968986654398402,0.9907699823379515,True,False,-2.3255813953426686e-06,-0.00024826619601327595,0.0002558534053156176,0.0001069120304229465,-0.00024732716805415803,0.00045133656528603764,False
tcn,loo_sample,9,7.0,-9.91320598006773e-05,-7.489617940203974e-05,-0.0002571843853821365,3.661699244601468e-05,0,0.0007500000000000007,False,loo_residual_sample,0.0471712890767301,1.0007697343826294,0.0124302895488096,0.0060730576515197,0.8106234837175305,0.7362910439794615,0.994693160057068,True,False,-7.674418604651012e-05,-0.0002626495016611209,9.967607973421687e-05,-2.219170609236154e-05,-0.000293080090474007,0.0002501994210296918,False
tcn,loo_sample,9,8.0,0.00018355897009965095,0.00019161129568101565,7.215531561455268e-05,0.0002419636817863724,5,0.0002500000000000002,False,loo_residual_sample,-0.6659259345368391,1.0006139278411863,0.0164826797863814,0.0068706274032592,0.5001105345716043,0.4138522709228205,0.9983698129653932,True,False,0.00019692691029900676,5.170473421928881e-05,0.0003264202657807278,0.00022280428763138182,7.718407595213634e-05,0.0003606255616224748,True
tcn,loo_sample,9,9.0,-4.152823906977687e-09,0.0,-2.076411964591074e-08,-1.0622313406649653e-08,1,0.0,False,loo_residual_sample,,,0.0,0.0,,,0.0,False,False,0.0,0.0,0.0,0.0,0.0,0.0,False
tcn,loo_sample,9,10.0,0.00010306478405313069,4.570182724250582e-05,-0.00014393687707647818,0.00013617194175703508,4,0.0002500000000000002,False,loo_residual_sample,-0.6060181530119817,0.999291181564331,0.002843370806177,0.0019484609365463,0.1148842134756821,0.1113175100660973,1.00121009349823,True,False,0.00011112956810631403,-8.122923588038902e-05,0.00032345722591361326,8.136018663599143e-05,-0.00011022979416278855,0.0002849580777579137,False
tcn,loo_sample,9,11.0,-0.00011426910299001669,-0.00010631229235880113,-0.00017610049833882702,-0.00024089579746677803,0,0.0007500000000000007,False,loo_residual_sample,-0.9736542225453076,1.002188205718994,0.0033631309062697,0.0024386942386627,-0.013847639476689,-0.0030937075017248,0.9969984889030457,True,False,-5.9302325581388485e-05,-0.0002659696843853742,0.00014568106312293227,-0.00011332182727372242,-0.00040629648275163,0.00016693618074209963,False
tcn,loo_sample,10,1.0,0.00030095514950163605,0.00029705149501668693,0.00022848837209299422,0.000198310411979441,5,0.0007499999999999989,False,loo_residual_sample,0.8651731632450161,0.9980531930923462,0.0049596181608603,0.0042440295219421,0.9716406840851812,0.9420414687586508,1.0054640769958496,True,False,0.00023936877076411456,8.74999999997875e-06,0.00045980481727576504,0.00017154581237404986,4.874488079705553e-05,0.0002869859839490945,True
tcn,loo_sample,10,2.0,-0.0008168189368770173,-0.0008136420265779654,-0.0009574127906976093,-0.0004543807616270934,0,0.0007499999999999989,False,loo_residual_sample,0.9265466011957644,0.9996967911720276,0.003525135654436,0.0034029483795166,0.9528272462470624,0.9411839774807056,1.0040563344955444,True,False,-0.0008829734219269158,-0.0010573318106312398,-0.0007101266611295813,-0.000507848911729295,-0.0006034820713840857,-0.00041197772431099253,False
tcn,loo_sample,10,3.0,0.0002926411960133102,0.00027184385382061915,0.0001828488372093151,0.0001458099819861003,5,0.0010000000000000009,False,loo_residual_sample,0.9322225435181724,1.00082266330719,0.0034354509736944,0.0032872557640075,0.933850402532371,0.909343663450228,0.9988558888435364,True,False,0.0003230897009966582,0.00018752906976742065,0.0004704318936876542,0.00016778271959023928,0.00010172233790407653,0.0002400245676562633,True
tcn,loo_sample,10,4.0,0.0014137832225914026,0.0013766611295681352,0.001345203488371971,0.0008936754428657823,5,0.0014999999999999996,False,loo_residual_sample,0.3371445351990427,1.00309956073761,0.003348054398276,0.0016921758651733,0.6053401041017554,0.3618425431138095,0.995981752872467,False,False,0.001453986710963453,0.0009599294019933428,0.0019602034883721064,0.0009284666083479076,0.000648800084576416,0.0012265705844042984,True
tcn,loo_sample,10,5.0,0.0,0.0,0.0,0.0,0,0.0,False,loo_residual_sample,,,0.0,0.0,,,0.0,False,False,0.0,0.0,0.0,0.0,0.0,0.0,False
tcn,loo_sample,10,6.0,-0.0001855772425248592,-0.00017610049833882702,-0.00025012458471751486,-0.0001151998121192488,0,0.0007500000000000007,False,loo_residual_sample,0.9719676366842894,1.0001260042190552,0.0015354211978162,0.0017780065536499,0.9828108155771098,0.968986654398402,0.9907699823379515,True,False,-0.00023446843853820455,-0.0003505959302325457,-0.0001275685215947106,-0.00014408148003054787,-0.00020755396719127192,-8.757286159763289e-05,False
tcn,loo_sample,10,7.0,-0.0017047549833887343,-0.0014967400332226433,-0.002192566445182731,-0.001018617576851244,0,0.0007500000000000007,False,loo_residual_sample,0.0471712890767301,1.0007697343826294,0.0124302895488096,0.0060730576515197,0.8106234837175305,0.7362910439794615,0.994693160057068,True,False,-0.0017770764119601557,-0.0021792607973422167,-0.0013736794019933943,-0.0010595742648379237,-0.0012982746146042894,-0.0008189340038959779,False
tcn,loo_sample,10,8.0,0.0003176619601328756,0.0003946013289035655,-0.0001459302325579337,0.0001972876254079381,4,0.0005000000000000004,False,loo_residual_sample,-0.6659259345368391,1.0006139278411863,0.0164826797863814,0.0068706274032592,0.5001105345716043,0.4138522709228205,0.9983698129653932,True,False,0.0003031561461793919,3.8924418604630094e-05,0.000561656976744165,0.00019253165536929352,3.221540769663939e-05,0.00035162964429986244,True
tcn,loo_sample,10,9.0,0.0,0.0,0.0,0.0,0,0.0,False,loo_residual_sample,,,0.0,0.0,,,0.0,False,False,0.0,0.0,0.0,0.0,0.0,0.0,False
tcn,loo_sample,10,10.0,-6.173588039868339e-05,-7.504152823922805e-05,-8.57973421928282e-05,-3.658446900438595e-05,0,0.0005000000000000004,False,loo_residual_sample,-0.6060181530119817,0.999291181564331,0.002843370806177,0.0019484609365463,0.1148842134756821,0.1113175100660973,1.00121009349823,True,False,-6.677740863787696e-05,-0.00011179401993353615,-1.8409468438541096e-05,-3.903407731648212e-05,-6.253472633488209e-05,-1.3273648182278413e-05,False
tcn,loo_sample,10,11.0,0.00013931893687710862,0.000133824750830569,0.00010386212624580171,5.817278872584097e-05,5,0.0007500000000000007,False,loo_residual_sample,-0.9736542225453076,1.002188205718994,0.0033631309062697,0.0024386942386627,-0.013847639476689,-0.0030937075017248,0.9969984889030457,True,False,0.00011644518272425519,6.644102990034878e-05,0.00017325996677738882,4.6890575459805906e-05,2.01995072804301e-05,7.665221349337394e-05,True
tcn,loo_sample,11,1.0,-0.0016065074750830854,-0.0016863579734219813,-0.00195132890365457,-0.0008576139310204845,0,0.0007500000000000007,False,loo_residual_sample,0.8651731632450161,0.9980531930923462,0.0049596181608603,0.0042440295219421,0.9716406840851812,0.9420414687586508,1.0054640769958496,True,False,-0.0015807308970099466,-0.001974929401993333,-0.001189501661129542,-0.0008607914398412797,-0.0010770201486803891,-0.0006459433505209952,False
tcn,loo_sample,11,2.0,-0.0018164410299003953,-0.0017386835548174329,-0.0021292566445183514,-0.0010662716730088784,0,0.0012500000000000011,False,loo_residual_sample,0.9265466011957644,0.9996967911720276,0.003525135654436,0.0034029483795166,0.9528272462470624,0.9411839774807056,1.0040563344955444,True,False,-0.0018295681063122827,-0.002069447674418599,-0.0015783887043189426,-0.0010841338220276596,-0.0012135612138624973,-0.0009506632567334694,False
tcn,loo_sample,11,3.0,0.00026837209302326136,0.00026769102990020777,7.252906976740192e-05,0.00015312583974742556,5,0.0007499999999999989,False,loo_residual_sample,0.9322225435181724,1.00082266330719,0.0034354509736944,0.0032872557640075,0.933850402532371,0.909343663450228,0.9988558888435364,True,False,0.0002378737541528464,6.609219269105294e-05,0.0003863911960132991,0.00012376547560080108,3.359785959286021e-05,0.00020539296531934577,True
tcn,loo_sample,11,4.0,0.0014392732558139222,0.0013520971760798695,0.0008019102990032279,0.0008357459187949168,5,0.0015000000000000013,False,loo_residual_sample,0.3371445351990427,1.00309956073761,0.003348054398276,0.0016921758651733,0.6053401041017554,0.3618425431138095,0.995981752872467,False,False,0.0014871262458471769,0.0008645203488372383,0.002081117109634536,0.0008887207341634329,0.0005275944285616202,0.001223948456132014,True
tcn,loo_sample,11,5.0,0.0,0.0,0.0,0.0,0,0.0,False,loo_residual_sample,,,0.0,0.0,,,0.0,False,False,0.0,0.0,0.0,0.0,0.0,0.0,False
tcn,loo_sample,11,6.0,-0.00026276993355482946,-0.00029105066445156424,-0.00032618355481739414,-0.00015568406795354316,0,0.0009999999999999992,False,loo_residual_sample,0.9719676366842894,1.0001260042190552,0.0015354211978162,0.0017780065536499,0.9828108155771098,0.968986654398402,0.9907699823379515,True,False,-0.000319601328903637,-0.00043024086378735737,-0.0002013164451826917,-0.0001833363476474703,-0.0002499111106834835,-0.00010843093452915174,False
tcn,loo_sample,11,7.0,-0.0018194725913621035,-0.0018163828903653423,-0.001985797342192619,-0.0010750055645134982,0,0.0007500000000000007,False,loo_residual_sample,0.0471712890767301,1.0007697343826294,0.0124302895488096,0.0060730576515197,0.8106234837175305,0.7362910439794615,0.994693160057068,True,False,-0.0018446843853820527,-0.0020363787375414855,-0.001662936046511632,-0.0010865199938775993,-0.0011960405511115299,-0.0009801604490473363,False
tcn,loo_sample,11,8.0,5.223006644519135e-05,4.267026578075317e-05,1.5573089700793297e-05,3.92601875117915e-05,5,0.0005000000000000004,False,loo_residual_sample,-0.6659259345368391,1.0006139278411863,0.0164826797863814,0.0068706274032592,0.5001105345716043,0.4138522709228205,0.9983698129653932,True,False,2.2259136212627872e-05,-2.9580564784033453e-05,7.242940199333488e-05,2.2794051558944206e-05,-4.4058053112663865e-06,4.798806896352678e-05,False
tcn,loo_sample,11,9.0,0.0,0.0,0.0,0.0,0,0.0,False,loo_residual_sample,,,0.0,0.0,,,0.0,False,False,0.0,0.0,0.0,0.0,0.0,0.0,False
tcn,loo_sample,11,10.0,0.01900754568106309,0.019996636212624375,0.014494414451827198,0.010658462498999599,5,0.0005000000000000004,False,loo_residual_sample,-0.6060181530119817,0.999291181564331,0.002843370806177,0.0019484609365463,0.1148842134756821,0.1113175100660973,1.00121009349823,True,False,0.018970265780730914,0.015483110465116308,0.022420456810631262,0.010691254386836904,0.008658831824088317,0.012668372392574177,True
tcn,loo_sample,11,11.0,-3.8658637873734134e-05,-3.712624584717439e-05,-7.059800664432903e-05,-2.770342978193341e-05,0,0.0005000000000000004,False,loo_residual_sample,-0.9736542225453076,1.002188205718994,0.0033631309062697,0.0024386942386627,-0.013847639476689,-0.0030937075017248,0.9969984889030457,True,False,-7.093023255813402e-05,-0.00012990033222590324,-1.694352159467888e-05,-3.9478748678101194e-05,-7.566540503370647e-05,-6.334767013171802e-06,False
tcn,loo_sample,12,1.0,0.00048437707641193486,0.0004531976744185373,0.0003687915282392096,0.00039605384003595925,5,0.0010000000000000009,False,loo_residual_sample,0.8651731632450161,0.9980531930923462,0.0049596181608603,0.0042440295219421,0.9716406840851812,0.9420414687586508,1.0054640769958496,True,False,0.0005024086378737491,0.00019272840531560947,0.0008333887043189349,0.0003811520945977942,0.00017993775623255083,0.0005901474119901561,True
tcn,loo_sample,12,2.0,0.0017372259136212652,0.001851764950166146,0.0011493355481727585,0.0011223518555189215,5,0.0007500000000000007,False,loo_residual_sample,0.9265466011957644,0.9996967911720276,0.003525135654436,0.0034029483795166,0.9528272462470624,0.9411839774807056,1.0040563344955444,True,False,0.0018392857142857067,0.0013684966777408533,0.002282230066445167,0.0011253131057145428,0.0008374384650674011,0.0013849788315451613,True
tcn,loo_sample,12,3.0,0.0005493230897009704,0.0006159260797341526,0.0003469892026577437,0.0003093104919502876,5,0.0007499999999999989,False,loo_residual_sample,0.9322225435181724,1.00082266330719,0.0034354509736944,0.0032872557640075,0.933850402532371,0.909343663450228,0.9988558888435364,True,False,0.0005578073089700975,0.00027073504983389046,0.0008317649501661036,0.00032918228402435077,0.00014973024045992854,0.0005082200071338335,True
tcn,loo_sample,12,4.0,0.002006578073089682,0.0018707433554816522,0.0017539036544850228,0.0016503804936848,5,0.0007500000000000007,False,loo_residual_sample,0.3371445351990427,1.00309956073761,0.003348054398276,0.0016921758651733,0.6053401041017554,0.3618425431138095,0.995981752872467,False,False,0.002004817275747508,0.001561943521594679,0.002448413621262462,0.001692157099419409,0.0013500608575405292,0.002039480920735507,True
tcn,loo_sample,12,5.0,4.152823929182148e-09,0.0,0.0,9.399106071228403e-09,1,0.0,False,loo_residual_sample,,,0.0,0.0,,,0.0,False,False,0.0,0.0,0.0,0.0,0.0,0.0,False
tcn,loo_sample,12,6.0,0.00016183139534882153,0.00014833887043186333,4.6407807309023497e-05,9.745568784953473e-05,5,0.0007500000000000007,False,loo_residual_sample,0.9719676366842894,1.0001260042190552,0.0015354211978162,0.0017780065536499,0.9828108155771098,0.968986654398402,0.9907699823379515,True,False,0.0001843853820597996,1.9231727574752473e-05,0.0003395930232558091,8.48838240562455e-05,-3.248521669077048e-05,0.00019339609026023755,True
tcn,loo_sample,12,7.0,-0.0004741818936877085,-0.00016627906976740547,-0.0014430647840532052,-0.0003703367046079542,0,0.0005000000000000004,False,loo_residual_sample,0.0471712890767301,1.0007697343826294,0.0124302895488096,0.0060730576515197,0.8106234837175305,0.7362910439794615,0.994693160057068,True,False,-0.00047458471760797425,-0.0009553488372093097,-0.0001104360465116233,-0.00036402737623650647,-0.0007019768504047678,-0.00010811534879580015,False
tcn,loo_sample,12,8.0,0.0003424833887043288,0.0003504360465116374,0.00022722176079736922,0.000214470886027196,5,0.0004999999999999987,False,loo_residual_sample,-0.6659259345368391,1.0006139278411863,0.0164826797863814,0.0068706274032592,0.5001105345716043,0.4138522709228205,0.9983698129653932,True,False,0.0003457641196013317,0.00022415282392025535,0.0004831561461794204,0.00021887334718664664,0.00013699812113853734,0.00030354806138199253,True
tcn,loo_sample,12,9.0,4.152823929182148e-09,0.0,0.0,9.399106071228403e-09,1,0.0,False,loo_residual_sample,,,0.0,0.0,,,0.0,False,False,0.0,0.0,0.0,0.0,0.0,0.0,False
tcn,loo_sample,12,10.0,6.147840531558479e-05,4.765365448500258e-05,4.651162790691998e-06,5.366362781515921e-05,5,0.0002500000000000002,False,loo_residual_sample,-0.6060181530119817,0.999291181564331,0.002843370806177,0.0019484609365463,0.1148842134756821,0.1113175100660973,1.00121009349823,True,False,8.679401993355818e-05,1.569559800665296e-05,0.00015872923588040476,6.95835745806117e-05,1.6896308625746093e-05,0.00012540661931752237,True
tcn,loo_sample,12,11.0,-8.550249169438917e-05,-7.759551495012396e-05,-0.00018696013289043467,-0.00013387868864183082,0,0.0004999999999999987,False,loo_residual_sample,-0.9736542225453076,1.002188205718994,0.0033631309062697,0.0024386942386627,-0.013847639476689,-0.0030937075017248,0.9969984889030457,True,False,-4.742524916943824e-05,-0.0001995037375415341,0.0001057475083056521,-0.00012793144060220364,-0.00024169346287758836,-1.5435770902264334e-05,False
tcn,loo_sample,13,1.0,0.00017197674418600872,0.00017747093023245952,0.00012599667774093604,6.850709313497295e-05,5,0.0007500000000000007,False,loo_residual_sample,0.8651731632450161,0.9980531930923462,0.0049596181608603,0.0042440295219421,0.9716406840851812,0.9420414687586508,1.0054640769958496,True,False,0.00019285714285714018,0.00010764119601328326,0.00027674418604651613,8.211171380443139e-05,4.2538558774576134e-05,0.00012205193629672391,True
tcn,loo_sample,13,2.0,9.88081395348006e-05,0.00011009136212614123,4.7736710963475204e-05,5.530875728054774e-05,5,0.0002500000000000002,False,loo_residual_sample,0.9265466011957644,0.9996967911720276,0.003525135654436,0.0034029483795166,0.9528272462470624,0.9411839774807056,1.0040563344955444,True,False,9.933554817276647e-05,3.1553156146183536e-05,0.00016014534883721288,5.2095502591524844e-05,1.943728111004861e-05,8.1641824110653e-05,True
tcn,loo_sample,13,3.0,0.00015778654485045784,0.0001572674418603981,0.00010934385382044276,6.544813761848456e-05,5,0.0004999999999999987,False,loo_residual_sample,0.9322225435181724,1.00082266330719,0.0034354509736944,0.0032872557640075,0.933850402532371,0.909343663450228,0.9988558888435364,True,False,0.00015116279069768535,4.401993355484951e-05,0.00025848421926909687,6.803894497238616e-05,2.298817694972477e-05,0.00011277351690973431,True
tcn,loo_sample,13,4.0,0.00039441860465112556,0.00038698089700994753,0.00036370431893684163,0.000207681706842755,5,0.0012499999999999994,False,loo_residual_sample,0.3371445351990427,1.00309956073761,0.003348054398276,0.0016921758651733,0.6053401041017554,0.3618425431138095,0.995981752872467,False,False,0.00039883720930232404,0.0002262416943521501,0.0005702657807309202,0.00021748011586269822,0.00013561275346475247,0.0002985750054966847,True
tcn,loo_sample,13,5.0,0.0,0.0,0.0,0.0,0,0.0,False,loo_residual_sample,,,0.0,0.0,,,0.0,False,False,0.0,0.0,0.0,0.0,0.0,0.0,False
tcn,loo_sample,13,6.0,8.873754152813885e-05,7.734634551481712e-05,4.1632059800567056e-05,3.9122197750329765e-05,5,0.0007500000000000007,False,loo_residual_sample,0.9719676366842894,1.0001260042190552,0.0015354211978162,0.0017780065536499,0.9828108155771098,0.968986654398402,0.9907699823379515,True,False,8.671096345515661e-05,6.353820598210285e-07,0.00017542774086379975,3.810605893241115e-05,3.9811953112858787e-07,7.433551178132115e-05,True
tcn,loo_sample,13,7.0,-3.5585548172845094e-05,-2.5269933555005508e-05,-6.420265780737733e-05,-1.8411689714059598e-05,0,0.0005000000000000004,False,loo_residual_sample,0.0471712890767301,1.0007697343826294,0.0124302895488096,0.0060730576515197,0.8106234837175305,0.7362910439794615,0.994693160057068,True,False,-4.5348837209290284e-05,-0.00010316445182725908,1.5622923588041774e-05,-2.0838464153426495e-05,-4.3868797491785826e-05,4.768520007076443e-06,False
tcn,loo_sample,13,8.0,-1.0714285715307525e-06,5.917774086316996e-06,-2.109634551494821e-05,-8.976009992833767e-07,3,0.0005000000000000004,False,loo_residual_sample,-0.6659259345368391,1.0006139278411863,0.0164826797863814,0.0068706274032592,0.5001105345716043,0.4138522709228205,0.9983698129653932,True,False,-1.5282392026592094e-05,-5.183554817278349e-05,2.243770764119295e-05,-8.040979430011808e-06,-2.3844988948186293e-05,8.663861430522114e-06,False
tcn,loo_sample,13,9.0,0.0,0.0,0.0,0.0,0,0.0,False,loo_residual_sample,,,0.0,0.0,,,0.0,False,False,0.0,0.0,0.0,0.0,0.0,0.0,False
tcn,loo_sample,13,10.0,-3.390780730909704e-05,-3.83305647840837e-05,-4.6719269103157046e-05,-1.8791444028387616e-05,0,0.0004999999999999987,False,loo_residual_sample,-0.6060181530119817,0.999291181564331,0.002843370806177,0.0019484609365463,0.1148842134756821,0.1113175100660973,1.00121009349823,True,False,-4.2691029900333574e-05,-7.840946843854822e-05,-1.1627906976738822e-05,-2.3168703571739835e-05,-3.9008457512975296e-05,-9.084943396476728e-06,False
tcn,loo_sample,13,11.0,-2.2209302325570947e-05,-1.8770764119602212e-05,-4.458056478395811e-05,-8.03409459018134e-06,0,0.0005000000000000004,False,loo_residual_sample,-0.9736542225453076,1.002188205718994,0.0033631309062697,0.0024386942386627,-0.013847639476689,-0.0030937075017248,0.9969984889030457,True,False,-4.036544850497204e-05,-8.855066445183657e-05,7.9775747508602e-06,-1.685188152911632e-05,-3.432382367699505e-05,1.2690141341475367e-06,False
tcn,loo_sample,14,1.0,-0.00014622508305648375,-0.00012936046511646815,-0.0002448297342191319,-9.911978538315047e-05,0,0.0014999999999999996,False,loo_residual_sample,0.8651731632450161,0.9980531930923462,0.0049596181608603,0.0042440295219421,0.9716406840851812,0.9420414687586508,1.0054640769958496,True,False,-0.00019784053156148395,-0.0002719352159468648,-0.00012989617940203235,-0.0001275715044716119,-0.00016793711244723403,-8.965468287996662e-05,False
tcn,loo_sample,14,2.0,-0.0001677117940198869,-0.00015884551495004562,-0.00022678571428558225,-0.00010163307241795039,0,0.0005000000000000004,False,loo_residual_sample,0.9265466011957644,0.9996967911720276,0.003525135654436,0.0034029483795166,0.9528272462470624,0.9411839774807056,1.0040563344955444,True,False,-0.00016810631229237981,-0.00022840946843853446,-0.00011046096345513644,-9.868247548363573e-05,-0.0001333996249314816,-6.473824019524481e-05,False
tcn,loo_sample,14,3.0,-7.6328903654721e-06,-2.2383720930441164e-05,-2.5560631229271102e-05,-9.473763320988481e-06,1,0.0007500000000000007,False,loo_residual_sample,0.9322225435181724,1.00082266330719,0.0034354509736944,0.0032872557640075,0.933850402532371,0.909343663450228,0.9988558888435364,True,False,-1.2541528239208288e-05,-5.6980897009966054e-05,3.439161129567111e-05,-1.1563603395127187e-05,-3.539288240799448e-05,1.1732701965707128e-05,False
tcn,loo_sample,14,4.0,-0.00017071428571431292,-0.0001592192691031169,-0.000196823089701037,-9.566972564341025e-05,0,0.0010000000000000009,False,loo_residual_sample,0.3371445351990427,1.00309956073761,0.003348054398276,0.0016921758651733,0.6053401041017554,0.3618425431138095,0.995981752872467,False,False,-0.0001842192691029887,-0.00025134136212625447,-0.00011893687707641964,-0.0001038430392246037,-0.00014307316930388058,-6.800472034380004e-05,False
tcn,loo_sample,14,5.0,0.0,0.0,0.0,0.0,0,0.0,False,loo_residual_sample,,,0.0,0.0,,,0.0,False,False,0.0,0.0,0.0,0.0,0.0,0.0,False
tcn,loo_sample,14,6.0,1.9489202657818616e-05,3.239202657800977e-05,-3.253737541519808e-05,8.507751797837138e-06,4,0.0005000000000000004,False,loo_residual_sample,0.9719676366842894,1.0001260042190552,0.0015354211978162,0.0017780065536499,0.9828108155771098,0.968986654398402,0.9907699823379515,True,False,-6.810631229239306e-06,-4.003322259135092e-05,2.9734219269102106e-05,-7.782823635218427e-06,-2.8602452767662492e-05,1.4423959517964317e-05,False
tcn,loo_sample,14,7.0,-3.4053156146685025e-06,-5.232558139556254e-06,-1.4867109634608688e-05,2.379134949936912e-06,1,0.0007500000000000007,False,loo_residual_sample,0.0471712890767301,1.0007697343826294,0.0124302895488096,0.0060730576515197,0.8106234837175305,0.7362910439794615,0.994693160057068,True,False,-2.4086378737642187e-06,-3.538621262459801e-05,2.9900332225896304e-05,1.9143812427158125e-06,-1.6557103345758855e-05,1.9631990361697828e-05,False
tcn,loo_sample,14,8.0,-2.5739202657870664e-05,-2.693106312290361e-05,-3.612956810639112e-05,-1.4383469510748093e-05,0,0.0002500000000000002,False,loo_residual_sample,-0.6659259345368391,1.0006139278411863,0.0164826797863814,0.0068706274032592,0.5001105345716043,0.4138522709228205,0.9983698129653932,True,False,-2.0764119601337504e-05,-4.219269102989229e-05,-1.6569767441849908e-06,-1.2039965387904416e-05,-2.287495385382571e-05,-1.7644779449907565e-06,False
tcn,loo_sample,14,9.0,0.0,0.0,0.0,0.0,0,0.0,False,loo_residual_sample,,,0.0,0.0,,,0.0,False,False,0.0,0.0,0.0,0.0,0.0,0.0,False
tcn,loo_sample,14,10.0,0.0003064991694351926,0.00029771594684380176,0.00018617109634533335,0.00019710990319099508,5,0.0002500000000000002,False,loo_residual_sample,-0.6060181530119817,0.999291181564331,0.002843370806177,0.0019484609365463,0.1148842134756821,0.1113175100660973,1.00121009349823,True,False,0.0002960132890365363,0.00019698920265777832,0.00040519933554815233,0.0001887180176455594,0.0001264871939932426,0.00025788848116231025,True
tcn,loo_sample,14,11.0,-1.62167774086619e-05,-1.1877076412036836e-05,-2.9921096345586484e-05,-1.0231539071980933e-05,0,0.0007500000000000007,False,loo_residual_sample,-0.9736542225453076,1.002188205718994,0.0033631309062697,0.0024386942386627,-0.013847639476689,-0.0030937075017248,0.9969984889030457,True,False,-1.86046511628013e-05,-4.850913621265557e-05,1.1798172757461094e-05,-1.2204093870213928e-05,-2.925060572324381e-05,5.528642932607156e-06,False
tcn,loo_sample,15,1.0,0.0007358347176079638,0.0006816652823919966,0.00046139950166113053,0.0008695532219980429,5,0.0007499999999999989,False,loo_residual_sample,0.8651731632450161,0.9980531930923462,0.0049596181608603,0.0042440295219421,0.9716406840851812,0.9420414687586508,1.0054640769958496,True,False,0.0008962624584717621,0.00047424833887044573,0.0012997612126245982,0.0009838774243500737,0.0006211637944779531,0.0013277701746525787,True
tcn,loo_sample,15,2.0,0.00015975498338869354,9.931478405322824e-05,-2.774086378731777e-05,0.0003346880163205723,4,0.0012499999999999994,False,loo_residual_sample,0.9265466011957644,0.9996967911720276,0.003525135654436,0.0034029483795166,0.9528272462470624,0.9411839774807056,1.0040563344955444,True,False,0.00026511627906976255,-9.753322259138019e-05,0.0006212998338870486,0.00034896122672084306,4.946213145173614e-05,0.0006062190929245776,False
tcn,loo_sample,15,3.0,-0.00013377491694350764,-0.00014372923588046316,-0.00028482142857144677,0.00017480541730010568,1,0.0009999999999999992,False,loo_residual_sample,0.9322225435181724,1.00082266330719,0.0034354509736944,0.0032872557640075,0.933850402532371,0.909343663450228,0.9988558888435364,True,False,-1.5199335548175542e-05,-0.00046878114617940445,0.00039621262458471365,0.0005574138614813662,8.278316391620858e-05,0.0010020354105171538,False
tcn,loo_sample,15,4.0,0.00061014534883721,0.0006213870431893698,0.0005696428571428935,0.0006140976846554125,5,0.0012499999999999994,False,loo_residual_sample,0.3371445351990427,1.00309956073761,0.003348054398276,0.0016921758651733,0.6053401041017554,0.3618425431138095,0.995981752872467,False,False,0.0007760797342192661,0.0003292981727574705,0.0012306021594684392,0.0005356267000759707,-1.967836758816425e-06,0.0010986038868910574,True
tcn,loo_sample,15,5.0,0.0,0.0,0.0,0.0,0,0.0,False,loo_residual_sample,,,0.0,0.0,,,0.0,False,False,0.0,0.0,0.0,0.0,0.0,0.0,False
tcn,loo_sample,15,6.0,0.0004934966777408789,0.00046966362126255046,0.0004079111295680615,6.819549152154991e-05,5,0.0007500000000000007,False,loo_residual_sample,0.9719676366842894,1.0001260042190552,0.0015354211978162,0.0017780065536499,0.9828108155771098,0.968986654398402,0.9907699823379515,True,False,0.0005363787375415269,0.0002983284883720845,0.0007889078073089725,-5.326219050689862e-05,-0.00037880368951003255,0.0002617096877499635,True
tcn,loo_sample,15,7.0,0.00011639119601327685,9.829734219268804e-05,-0.00011158637873753818,2.635450369998793e-05,4,0.0005000000000000004,False,loo_residual_sample,0.0471712890767301,1.0007697343826294,0.0124302895488096,0.0060730576515197,0.8106234837175305,0.7362910439794615,0.994693160057068,True,False,0.0001571428571428568,-7.885589700996474e-05,0.000382327657807314,0.00014799469473535275,-0.00012642021546821854,0.00041895841727356106,False
tcn,loo_sample,15,8.0,4.241279069767678e-05,4.491279069773757e-05,-2.0556478405375778e-05,0.00012528914722056416,4,0.0005000000000000004,False,loo_residual_sample,-0.6659259345368391,1.0006139278411863,0.0164826797863814,0.0068706274032592,0.5001105345716043,0.4138522709228205,0.9983698129653932,True,False,4.518272425248715e-05,-8.240863787376668e-05,0.00016448504983389617,0.00018787976684389807,1.3180366980308227e-05,0.0003558895864049548,False
tcn,loo_sample,15,9.0,0.0,0.0,0.0,0.0,0,0.0,False,loo_residual_sample,,,0.0,0.0,,,0.0,False,False,0.0,0.0,0.0,0.0,0.0,0.0,False
tcn,loo_sample,15,10.0,-3.2848837209220605e-06,1.3538205980045959e-05,-5.398671096346064e-05,7.321935183224326e-06,3,0.0005000000000000004,False,loo_residual_sample,-0.6060181530119817,0.999291181564331,0.002843370806177,0.0019484609365463,0.1148842134756821,0.1113175100660973,1.00121009349823,True,False,5.074750830564911e-05,-2.269725913620529e-05,0.00013297549833888133,9.560995384924609e-05,-1.4436290914235954e-05,0.0002282608492031575,False
tcn,loo_sample,15,11.0,4.024916943523582e-05,7.292358803989707e-05,-8.696013289033466e-05,-0.00011719553536633231,3,0.0007500000000000007,False,loo_residual_sample,-0.9736542225453076,1.002188205718994,0.0033631309062697,0.0024386942386627,-0.013847639476689,-0.0030937075017248,0.9969984889030457,True,False,7.76578073089651e-05,-0.00019485880398671974,0.0003382578903654488,4.159583679891776e-05,-0.00021780335456914802,0.00028708980788710186,False
tcn,loo_sample,16,1.0,-0.0003066569767442129,-0.0002768480066445145,-0.0004944352159468313,-0.0001800530365115405,0,0.0015000000000000013,False,loo_residual_sample,0.8651731632450161,0.9980531930923462,0.0049596181608603,0.0042440295219421,0.9716406840851812,0.9420414687586508,1.0054640769958496,True,False,-0.00032524916943521553,-0.0007628073089700883,0.00013959302325581397,-0.0002773647248613953,-0.0007190157762492184,0.00020313182287804622,False
tcn,loo_sample,16,2.0,-0.0006936544850498106,-0.0006738579734218986,-0.0008394518272424323,-0.000628339883804907,0,0.0010000000000000009,False,loo_residual_sample,0.9265466011957644,0.9996967911720276,0.003525135654436,0.0034029483795166,0.9528272462470624,0.9411839774807056,1.0040563344955444,True,False,-0.0006754152823920178,-0.001030411129568097,-0.00031637043189367854,-0.00061737950517595,-0.0010076572185259425,-0.00023580441240529,False
tcn,loo_sample,16,3.0,0.0007890490033222397,0.000837603820597943,0.0006322051495015746,0.00047213929939959876,5,0.0002500000000000002,False,loo_residual_sample,0.9322225435181724,1.00082266330719,0.0034354509736944,0.0032872557640075,0.933850402532371,0.909343663450228,0.9988558888435364,True,False,0.0008012458471760831,0.000310674833887038,0.0012393044019933625,0.0004331405514381814,5.418514792957311e-05,0.000799112303061944,True
tcn,loo_sample,16,4.0,0.0006584302325581381,0.0006348006644518733,0.0005937084717607677,0.0015583576113149089,5,0.0010000000000000009,False,loo_residual_sample,0.3371445351990427,1.00309956073761,0.003348054398276,0.0016921758651733,0.6053401041017554,0.3618425431138095,0.995981752872467,False,False,0.000582225913621266,0.00010792774086379652,0.0010274252491694388,0.0014010036455704112,0.0008355881919251352,0.001977067253753024,True
tcn,loo_sample,16,5.0,4.152823929182148e-09,0.0,0.0,0.0,1,0.0,False,loo_residual_sample,,,0.0,0.0,,,0.0,False,False,0.0,0.0,0.0,0.0,0.0,0.0,False
tcn,loo_sample,16,6.0,-0.0001627408637873584,-0.00016497093023259968,-0.0002831602990032156,-0.0001482216242989498,0,0.0009999999999999992,False,loo_residual_sample,0.9719676366842894,1.0001260042190552,0.0015354211978162,0.0017780065536499,0.9828108155771098,0.968986654398402,0.9907699823379515,True,False,-0.00017383720930232272,-0.00043156146179401195,8.011835548172742e-05,-0.0002742378127290157,-0.0005138136675673595,-2.4846875490766227e-05,False
tcn,loo_sample,16,7.0,-0.0004945722591362056,-0.0004878737541528233,-0.0006732142857143186,-0.000188502946675273,0,0.0005000000000000004,False,loo_residual_sample,0.0471712890767301,1.0007697343826294,0.0124302895488096,0.0060730576515197,0.8106234837175305,0.7362910439794615,0.994693160057068,True,False,-0.0005854651162790659,-0.0008300975913621257,-0.0003480606312292349,-0.00026950730773245057,-0.0004894747077862876,-3.8475669188186086e-05,False
tcn,loo_sample,16,8.0,0.00019710548172759967,0.00020629152823925523,0.00011291528239210091,0.00010749118196498041,5,0.0004999999999999987,False,loo_residual_sample,-0.6659259345368391,1.0006139278411863,0.0164826797863814,0.0068706274032592,0.5001105345716043,0.4138522709228205,0.9983698129653932,True,False,0.0002490033222591398,0.00011354858803987834,0.00039369808970100427,0.00011528040414004347,-8.113832686020186e-05,0.00029923338909601174,True
tcn,loo_sample,16,9.0,4.152823929182148e-09,0.0,0.0,0.0,1,0.0,False,loo_residual_sample,,,0.0,0.0,,,0.0,False,False,0.0,0.0,0.0,0.0,0.0,0.0,False
tcn,loo_sample,16,10.0,-4.286544850498064e-05,-8.658637873759645e-05,-0.0001364202657806457,-7.702239047002735e-06,2,0.0002500000000000002,False,loo_residual_sample,-0.6060181530119817,0.999291181564331,0.002843370806177,0.0019484609365463,0.1148842134756821,0.1113175100660973,1.00121009349823,True,False,-5.3820598006641964e-05,-0.00015897009966777583,4.535714285714817e-05,3.2612380988017444e-06,-8.011096522528199e-05,9.156565778619607e-05,False
tcn,loo_sample,16,11.0,0.0003212375415282409,0.00035448504983393025,0.00023087624584716693,0.00020804452897189575,5,0.0005000000000000004,False,loo_residual_sample,-0.9736542225453076,1.002188205718994,0.0033631309062697,0.0024386942386627,-0.013847639476689,-0.0030937075017248,0.9969984889030457,True,False,0.00030132890365448415,7.784260797341534e-05,0.0005228612956810518,0.00016363622428555713,-5.6669153078979826e-05,0.00038623647776730313,True
tcn,loo_sample,17,1.0,0.0006263039867109521,0.0005573712624584726,0.0004765988372091856,0.00036635799843478536,5,0.0007500000000000007,False,loo_residual_sample,0.8651731632450161,0.9980531930923462,0.0049596181608603,0.0042440295219421,0.9716406840851812,0.9420414687586508,1.0054640769958496,True,False,0.0007126245847176093,0.0005115780730896837,0.0009208056478405345,0.0004058777380530687,0.00028818893490109815,0.0005256833226895847,True
tcn,loo_sample,17,2.0,-0.00011642441860468811,-0.00015257475083041427,-0.00024129983388720966,-5.218064444099113e-05,1,0.0005000000000000004,False,loo_residual_sample,0.9265466011957644,0.9996967911720276,0.003525135654436,0.0034029483795166,0.9528272462470624,0.9411839774807056,1.0040563344955444,True,False,-6.926910299004163e-05,-0.00020716777408635986,6.495847176079098e-05,-2.68453157142301e-05,-0.00010350328838955696,4.57974887927811e-05,False
tcn,loo_sample,17,3.0,4.821843853815011e-05,4.973006644537481e-05,-1.0714285714419347e-05,1.158478548148878e-05,4,0.0007500000000000007,False,loo_residual_sample,0.9322225435181724,1.00082266330719,0.0034354509736944,0.0032872557640075,0.933850402532371,0.909343663450228,0.9988558888435364,True,False,0.00012259136212625421,7.790697674394692e-06,0.0002385382059800501,4.2984014833726824e-05,-7.027773726535041e-06,9.710375793886953e-05,True
tcn,loo_sample,17,4.0,-0.001169061461794052,-0.0013773878737541878,-0.001406499169435249,-0.0007803089296361421,0,0.0012500000000000002,False,loo_residual_sample,0.3371445351990427,1.00309956073761,0.003348054398276,0.0016921758651733,0.6053401041017554,0.3618425431138095,0.995981752872467,False,False,-0.0011029900332225962,-0.0013712915282392021,-0.000811777408637848,-0.0007375674870625348,-0.0009024068115159318,-0.0005627717879993123,False
tcn,loo_sample,17,5.0,0.0,0.0,0.0,0.0,0,0.0,False,loo_residual_sample,,,0.0,0.0,,,0.0,False,False,0.0,0.0,0.0,0.0,0.0,0.0,False
tcn,loo_sample,17,6.0,-6.085548172765076e-05,-5.444352159456045e-05,-0.0001344476744188361,-4.504298039813559e-05,0,0.0002500000000000002,False,loo_residual_sample,0.9719676366842894,1.0001260042190552,0.0015354211978162,0.0017780065536499,0.9828108155771098,0.968986654398402,0.9907699823379515,True,False,-2.9401993355477883e-05,-0.0001244227574750647,7.259966777410451e-05,-3.728385992011307e-05,-8.762665890921386e-05,1.5552233544462276e-05,False
tcn,loo_sample,17,7.0,0.0004592857142857065,0.0004378945182723637,0.00033228820598008024,0.00026024143209573135,5,0.0004999999999999996,False,loo_residual_sample,0.0471712890767301,1.0007697343826294,0.0124302895488096,0.0060730576515197,0.8106234837175305,0.7362910439794615,0.994693160057068,True,False,0.00048239202657807123,0.00035714285714286533,0.0005900539867109282,0.0002689670532570609,0.0002019168313925752,0.0003292612269947228,True
tcn,loo_sample,17,8.0,-6.9850498339629755e-06,1.1503322258854531e-05,-7.005813953475659e-05,-7.322043727953087e-06,3,0.0007499999999999989,False,loo_residual_sample,-0.6659259345368391,1.0006139278411863,0.0164826797863814,0.0068706274032592,0.5001105345716043,0.4138522709228205,0.9983698129653932,True,False,-1.0797342192695458e-05,-7.093438538206245e-05,5.017857142857225e-05,-1.1047474663036238e-05,-4.847640058728875e-05,2.4757667433117695e-05,False
tcn,loo_sample,17,9.0,0.0,0.0,0.0,0.0,0,0.0,False,loo_residual_sample,,,0.0,0.0,,,0.0,False,False,0.0,0.0,0.0,0.0,0.0,0.0,False
tcn,loo_sample,17,10.0,-2.836794019940303e-05,-2.153239202662416e-05,-5.986295681081888e-05,-1.6626099695438157e-05,0,0.0002500000000000002,False,loo_residual_sample,-0.6060181530119817,0.999291181564331,0.002843370806177,0.0019484609365463,0.1148842134756821,0.1113175100660973,1.00121009349823,True,False,-2.6495016611294276e-05,-5.7396179402001613e-05,2.661960132887697e-06,-1.6048969333180007e-05,-3.1888853452952255e-05,-1.8072946708498652e-06,False
tcn,loo_sample,17,11.0,-1.6237541529129373e-06,-4.900332225776793e-06,-1.683970099675136e-05,2.17842626957232e-06,2,0.0005000000000000004,False,loo_residual_sample,-0.9736542225453076,1.002188205718994,0.0033631309062697,0.0024386942386627,-0.013847639476689,-0.0030937075017248,0.9969984889030457,True,False,1.2126245847166039e-05,-3.322259136214131e-05,5.581810631231044e-05,4.9771828332301205e-06,-1.4416153566863377e-05,2.382233620825413e-05,False
tcn,loo_sample,18,1.0,-0.0002059800664452105,-0.00017431478405316447,-0.000314368770764184,-7.482933794076275e-05,0,0.0009999999999999992,False,loo_residual_sample,0.8651731632450161,0.9980531930923462,0.0049596181608603,0.0042440295219421,0.9716406840851812,0.9420414687586508,1.0054640769958496,True,False,-0.00020199335548172327,-0.00041246262458471397,1.81436877076278e-05,-5.200839964263459e-05,-0.00017156318213160132,7.178543145513614e-05,False
tcn,loo_sample,18,2.0,-2.7637043189376876e-05,5.170265780729544e-06,-0.00026482558139540036,-6.769643562536398e-05,3,0.0012499999999999994,False,loo_residual_sample,0.9265466011957644,0.9996967911720276,0.003525135654436,0.0034029483795166,0.9528272462470624,0.9411839774807056,1.0040563344955444,True,False,2.9734219269096363e-05,-0.000157321428571451,0.00021830564784052078,-1.2516325372147197e-05,-0.0001316745243264809,0.00010522045740284744,False
tcn,loo_sample,18,3.0,0.00039221760797341075,0.0004003529900332703,0.00034997923588031554,0.00022490511114205968,5,0.0005000000000000004,False,loo_residual_sample,0.9322225435181724,1.00082266330719,0.0034354509736944,0.0032872557640075,0.933850402532371,0.909343663450228,0.9988558888435364,True,False,0.00041843853820597743,0.00022140365448504004,0.0006010340531561492,0.00022856569009051974,0.00012161313254797756,0.0003280437081147956,True
tcn,loo_sample,18,4.0,0.0006834883720930219,0.0006772009966777848,0.0006068313953487836,0.0003598312094435396,5,0.0012500000000000011,False,loo_residual_sample,0.3371445351990427,1.00309956073761,0.003348054398276,0.0016921758651733,0.6053401041017554,0.3618425431138095,0.995981752872467,False,False,0.0006333887043189446,0.0003743729235880483,0.0009021843853820597,0.0003572857543805841,0.0002057602559553898,0.000517160385826209,True
tcn,loo_sample,18,5.0,0.0,0.0,0.0,0.0,0,0.0,False,loo_residual_sample,,,0.0,0.0,,,0.0,False,False,0.0,0.0,0.0,0.0,0.0,0.0,False
tcn,loo_sample,18,6.0,7.297757475082101e-05,7.753322259140827e-05,-7.516611295721454e-06,7.270946174655623e-05,4,0.0007499999999999989,False,loo_residual_sample,0.9719676366842894,1.0001260042190552,0.0015354211978162,0.0017780065536499,0.9828108155771098,0.968986654398402,0.9907699823379515,True,False,3.25581395348884e-05,-9.901993355480262e-05,0.00016794435215947918,5.3936138995120955e-05,-2.834425182399122e-05,0.0001371097332546482,False
tcn,loo_sample,18,7.0,-0.000452412790697676,-0.0004424003322259784,-0.0006249999999999867,-0.0003130604516196955,0,0.0007500000000000007,False,loo_residual_sample,0.0471712890767301,1.0007697343826294,0.0124302895488096,0.0060730576515197,0.8106234837175305,0.7362910439794615,0.994693160057068,True,False,-0.0004132890365448649,-0.0005936918604651103,-0.00023487126245848937,-0.00028472604038305536,-0.00038585643311841165,-0.0001853000030888105,False
tcn,loo_sample,18,8.0,7.519102990032334e-05,7.090946843846258e-05,5.9406146179386e-05,3.9020881191187404e-05,5,0.0009999999999999992,False,loo_residual_sample,-0.6659259345368391,1.0006139278411863,0.0164826797863814,0.0068706274032592,0.5001105345716043,0.4138522709228205,0.9983698129653932,True,False,8.122923588040121e-05,3.40531561461776e-05,0.0001232641196013425,4.5495250953050404e-05,1.4934223861700264e-05,7.170126450120305e-05,True
tcn,loo_sample,18,9.0,0.0,0.0,0.0,0.0,0,0.0,False,loo_residual_sample,,,0.0,0.0,,,0.0,False,False,0.0,0.0,0.0,0.0,0.0,0.0,False
tcn,loo_sample,18,10.0,2.314368770763853e-05,2.4833887043107516e-05,-2.7823920265568347e-06,1.6293439290593347e-05,3,0.0002500000000000002,False,loo_residual_sample,-0.6060181530119817,0.999291181564331,0.002843370806177,0.0019484609365463,0.1148842134756821,0.1113175100660973,1.00121009349823,True,False,3.579734219269604e-05,-2.1677740863764723e-06,7.101744186045453e-05,2.3497408057123748e-05,3.6915144737441617e-06,4.273484603184865e-05,False
tcn,loo_sample,18,11.0,-0.00021791112956812687,-0.00021758720930231679,-0.00026152408637869495,-0.00013343904587348465,0,0.0007499999999999989,False,loo_residual_sample,-0.9736542225453076,1.002188205718994,0.0033631309062697,0.0024386942386627,-0.013847639476689,-0.0030937075017248,0.9969984889030457,True,False,-0.00027358803986710756,-0.00037342192691028564,-0.0001764078073089867,-0.00015435451116525557,-0.00020859022857668873,-0.00010237759479453934,False
tcn,loo_sample,19,1.0,0.0016102076411959932,0.0012536129568105903,-1.3517441860400048e-05,0.0013211554564726002,4,0.0007499999999999989,False,loo_residual_sample,0.8651731632450161,0.9980531930923462,0.0049596181608603,0.0042440295219421,0.9716406840851812,0.9420414687586508,1.0054640769958496,True,False,0.0016110465116279116,0.00029656353820595193,0.003003598421926951,0.0014087423638874151,0.0005309514773624842,0.002318201579642508,True
tcn,loo_sample,19,2.0,-0.004206200166113017,-0.004052263289036406,-0.005598961794019974,-0.0025708534543385174,0,0.0005000000000000004,False,loo_residual_sample,0.9265466011957644,0.9996967911720276,0.003525135654436,0.0034029483795166,0.9528272462470624,0.9411839774807056,1.0040563344955444,True,False,-0.004109966777408631,-0.005200867940199329,-0.0029114078073089744,-0.0025070288931124483,-0.0032327853691995383,-0.0017035078753436662,False
tcn,loo_sample,19,3.0,0.0014593355481727244,0.0014133513289036337,0.0009568106312292102,0.0008907230968864255,5,0.0012499999999999994,False,loo_residual_sample,0.9322225435181724,1.00082266330719,0.0034354509736944,0.0032872557640075,0.933850402532371,0.909343663450228,0.9988558888435364,True,False,0.0015189368770764143,0.001164115448504985,0.0018491735880398587,0.0009396503455671712,0.0007126222341287442,0.0011519657473768906,True
tcn,loo_sample,19,4.0,-0.012491461794019942,-0.013734136212624426,-0.01676852159468445,-0.008096847087930726,0,0.0014999999999999996,False,loo_residual_sample,0.3371445351990427,1.00309956073761,0.003348054398276,0.0016921758651733,0.6053401041017554,0.3618425431138095,0.995981752872467,False,False,-0.012635714285714274,-0.015974439368770767,-0.009066274916943484,-0.008238578660069806,-0.010508158905523536,-0.005801299429672195,False
tcn,loo_sample,19,5.0,4.152823929182148e-09,0.0,0.0,0.0,1,0.0,False,loo_residual_sample,,,0.0,0.0,,,0.0,False,False,0.0,0.0,0.0,0.0,0.0,0.0,False
tcn,loo_sample,19,6.0,0.0001732931893687173,0.00012414867109644678,9.973006644514726e-05,0.00011434524190456763,5,0.0007499999999999989,False,loo_residual_sample,0.9719676366842894,1.0001260042190552,0.0015354211978162,0.0017780065536499,0.9828108155771098,0.968986654398402,0.9907699823379515,True,False,0.00012857142857143676,-3.161960132888838e-05,0.00029851328903656343,9.838194741583317e-05,6.321764002153563e-06,0.00019514155917466726,False
tcn,loo_sample,19,7.0,0.13546986295681063,0.13611079734219267,0.1296386627906977,0.09248911838907656,5,0.0007500000000000007,True,loo_residual_sample,0.0471712890767301,1.0007697343826294,0.0124302895488096,0.0060730576515197,0.8106234837175305,0.7362910439794615,0.994693160057068,True,True,0.13545830564784056,0.12695536129568108,0.14389560631229237,0.0939421517855914,0.08719075718227494,0.10094475933556099,True
tcn,loo_sample,19,8.0,0.05548960132890361,0.05634746677740854,0.050393002491694316,0.03351258074923298,5,0.0005000000000000004,True,loo_residual_sample,-0.6659259345368391,1.0006139278411863,0.0164826797863814,0.0068706274032592,0.5001105345716043,0.4138522709228205,0.9983698129653932,True,True,0.055536212624584726,0.050531881229235874,0.060433081395348844,0.03380737072693527,0.030568585626188617,0.0371744943623686,True
tcn,loo_sample,19,9.0,4.152823929182148e-09,0.0,0.0,0.0,1,0.0,False,loo_residual_sample,,,0.0,0.0,,,0.0,False,False,0.0,0.0,0.0,0.0,0.0,0.0,False
tcn,loo_sample,19,10.0,-9.168604651166312e-05,-0.00010544019933556026,-0.0003105897009968439,-5.642079450536297e-05,1,0.0004999999999999987,False,loo_residual_sample,-0.6060181530119817,0.999291181564331,0.002843370806177,0.0019484609365463,0.1148842134756821,0.1113175100660973,1.00121009349823,True,False,-9.883720930232598e-05,-0.0002825664451827244,0.00012726744186046624,-6.049014741664527e-05,-0.00018806468053532416,8.920569110493139e-05,False
tcn,loo_sample,19,11.0,9.694352159466124e-05,6.958056478401087e-05,-4.5681063121083554e-07,6.144047175717925e-05,4,0.0007499999999999989,False,loo_residual_sample,-0.9736542225453076,1.002188205718994,0.0033631309062697,0.0024386942386627,-0.013847639476689,-0.0030937075017248,0.9969984889030457,True,False,7.873754152822655e-05,-2.2109634551521152e-05,0.00018688953488369303,5.4354639305957967e-05,-5.801350468837674e-06,0.00011524556220025655,False
tcn,loo_sample,20,1.0,0.0004818895348837504,0.0004628322259138118,0.0003610049833887574,0.00026448276444608344,5,0.0010000000000000009,False,loo_residual_sample,0.8651731632450161,0.9980531930923462,0.0049596181608603,0.0042440295219421,0.9716406840851812,0.9420414687586508,1.0054640769958496,True,False,0.0004999999999999827,0.00039134136212623196,0.0006209509966777085,0.0002689012248186096,0.00020869158123963316,0.000333972193160577,True
tcn,loo_sample,20,2.0,0.00040718438538209776,0.00037855066445202645,0.0002801079734220391,0.00025877842957506837,5,0.0012499999999999994,False,loo_residual_sample,0.9265466011957644,0.9996967911720276,0.003525135654436,0.0034029483795166,0.9528272462470624,0.9411839774807056,1.0040563344955444,True,False,0.00036926910299003526,0.0002220764119601453,0.000522292358804013,0.0002476961483893958,0.00016003703913804564,0.000337896793033392,True
tcn,loo_sample,20,3.0,2.819352159477706e-05,2.1511627907200292e-05,1.8480066444892529e-06,2.8610674647855382e-05,5,0.0005000000000000004,False,loo_residual_sample,0.9322225435181724,1.00082266330719,0.0034354509736944,0.0032872557640075,0.933850402532371,0.909343663450228,0.9988558888435364,True,False,5.26578073089623e-05,-7.625830564784956e-05,0.00017109634551494175,4.391302573971356e-05,-8.141649205549883e-06,9.020121563395946e-05,False
tcn,loo_sample,20,4.0,0.00025951411960138947,0.00027252906976760194,0.00015002076411951837,0.00015352547339702037,5,0.0007499999999999989,False,loo_residual_sample,0.3371445351990427,1.00309956073761,0.003348054398276,0.0016921758651733,0.6053401041017554,0.3618425431138095,0.995981752872467,False,False,0.00021777408637874474,5.21470099667736e-05,0.00039021179401997814,0.0001412908092668097,5.7292385224134967e-05,0.000231155203221558,True
tcn,loo_sample,20,5.0,0.0,0.0,0.0,0.0,0,0.0,False,loo_residual_sample,,,0.0,0.0,,,0.0,False,False,0.0,0.0,0.0,0.0,0.0,0.0,False
tcn,loo_sample,20,6.0,-3.8421926910214846e-05,-2.813538205981292e-05,-8.446843853815444e-05,-2.4883112239804106e-05,0,0.0004999999999999987,False,loo_residual_sample,0.9719676366842894,1.0001260042190552,0.0015354211978162,0.0017780065536499,0.9828108155771098,0.968986654398402,0.9907699823379515,True,False,-3.7873754152826235e-05,-0.00011147425249169614,3.438538205978955e-05,-2.479173443555749e-05,-5.501066374518138e-05,4.431943265912107e-06,False
tcn,loo_sample,20,7.0,0.00010086378737552692,-1.2458471765341983e-07,-0.000302097176079541,0.00010496360597478382,2,0.0009999999999999992,False,loo_residual_sample,0.0471712890767301,1.0007697343826294,0.0124302895488096,0.0060730576515197,0.8106234837175305,0.7362910439794615,0.994693160057068,True,False,0.00011395348837210161,-0.00018953903654482442,0.0004421968438538148,0.00010514524354427346,-9.965578930771953e-05,0.0003227637303470756,False
tcn,loo_sample,20,8.0,3.401162790706014e-05,3.7562292358850335e-05,-3.9431063122763454e-05,3.0225341750877986e-05,4,0.0004999999999999987,False,loo_residual_sample,-0.6659259345368391,1.0006139278411863,0.0164826797863814,0.0068706274032592,0.5001105345716043,0.4138522709228205,0.9983698129653932,True,False,3.945182724252372e-05,-1.213455149501183e-05,9.700996677739399e-05,3.0529057378125836e-05,1.6356198486505438e-06,6.235304278700153e-05,False
tcn,loo_sample,20,9.0,0.0,0.0,0.0,0.0,0,0.0,False,loo_residual_sample,,,0.0,0.0,,,0.0,False,False,0.0,0.0,0.0,0.0,0.0,0.0,False
tcn,loo_sample,20,10.0,-3.392441860452511e-05,-2.7512458471656842e-05,-6.760797342164615e-05,-2.1429069989076232e-05,0,0.0002500000000000002,False,loo_residual_sample,-0.6060181530119817,0.999291181564331,0.002843370806177,0.0019484609365463,0.1148842134756821,0.1113175100660973,1.00121009349823,True,False,-3.488372093022884e-05,-6.079734219269903e-05,-1.1295681063159119e-05,-2.185520573687705e-05,-3.5000077562907876e-05,-1.0213230813876789e-05,False
tcn,loo_sample,20,11.0,1.6698504983447827e-05,1.569767441855774e-05,6.021594684435527e-06,1.798471979754801e-05,5,0.0005000000000000004,False,loo_residual_sample,-0.9736542225453076,1.002188205718994,0.0033631309062697,0.0024386942386627,-0.013847639476689,-0.0030937075017248,0.9969984889030457,True,False,2.3754152823926013e-05,-4.402408637874821e-05,8.987956810633212e-05,2.0963789993985182e-05,-5.697918608318919e-06,4.8272889547415025e-05,False
tcn,loo_sample,21,1.0,0.00015829734219271474,0.00020448504983389126,-4.6283222591314566e-05,-0.00019281420860357558,4,0.0005000000000000004,False,loo_residual_sample,0.8651731632450161,0.9980531930923462,0.0049596181608603,0.0042440295219421,0.9716406840851812,0.9420414687586508,1.0054640769958496,True,False,0.00014476744186045775,-0.0002476162790697715,0.0005217649501661108,-0.0003811625715984757,-0.0007596049673945218,-1.4636330083539312e-05,False
tcn,loo_sample,21,2.0,0.00028332641196012755,0.0002421303986711032,0.00017406561461791314,0.0001648845067440119,5,0.0009999999999999992,False,loo_residual_sample,0.9265466011957644,0.9996967911720276,0.003525135654436,0.0034029483795166,0.9528272462470624,0.9411839774807056,1.0040563344955444,True,False,0.0004255813953488313,8.601744186046717e-05,0.0007733409468438543,0.00020806610362333444,-8.669154156071483e-05,0.0005025720507849962,True
tcn,loo_sample,21,3.0,-0.00023638704318940107,-0.00029640780730894045,-0.00032543604651169566,-0.0005484783854469821,0,0.0007500000000000007,False,loo_residual_sample,0.9322225435181724,1.00082266330719,0.0034354509736944,0.0032872557640075,0.933850402532371,0.909343663450228,0.9988558888435364,True,False,-0.00022184385382060522,-0.0006010215946843936,0.0001368064784053066,-0.0005942270872425437,-0.0009594561223444869,-0.00029490991921805247,False
tcn,loo_sample,21,4.0,-0.00013260797342192764,-0.0001782392026578039,-0.0002885174418604808,-1.1124565794218277e-05,1,0.0015000000000000013,False,loo_residual_sample,0.3371445351990427,1.00309956073761,0.003348054398276,0.0016921758651733,0.6053401041017554,0.3618425431138095,0.995981752872467,False,False,5.232558139528498e-06,-0.0006795971760797525,0.000671667358803985,8.847567683412216e-05,-0.0005265256570194671,0.0007036617613603575,False
tcn,loo_sample,21,5.0,0.0,0.0,0.0,0.0,0,0.0,False,loo_residual_sample,,,0.0,0.0,,,0.0,False,False,0.0,0.0,0.0,0.0,0.0,0.0,False
tcn,loo_sample,21,6.0,0.0002561503322258907,0.00026613372093020615,0.00015517026578071302,0.00046171518259987556,5,0.0005000000000000004,False,loo_residual_sample,0.9719676366842894,1.0001260042190552,0.0015354211978162,0.0017780065536499,0.9828108155771098,0.968986654398402,0.9907699823379515,True,False,0.00026237541528238484,-7.84198504983422e-05,0.0006458243355481634,0.0005175158912101563,0.00012917521383431317,0.0009650385620158643,False
tcn,loo_sample,21,7.0,-0.00014652823920264791,-0.00016673588039867182,-0.00024134136212622392,0.0001399108120819781,0,0.0005000000000000004,False,loo_residual_sample,0.0471712890767301,1.0007697343826294,0.0124302895488096,0.0060730576515197,0.8106234837175305,0.7362910439794615,0.994693160057068,True,False,-0.00012408637873754792,-0.0003613081395349016,0.00010845099667772948,0.00021346832475448773,8.461322344883088e-06,0.0004372284435589972,False
tcn,loo_sample,21,8.0,3.157807308968863e-05,5.301079734221226e-05,-9.445598006652123e-05,-0.00011617581948897282,3,0.0002500000000000002,False,loo_residual_sample,-0.6659259345368391,1.0006139278411863,0.0164826797863814,0.0068706274032592,0.5001105345716043,0.4138522709228205,0.9983698129653932,True,False,3.646179401992522e-05,-0.00010781146179402628,0.00018000207641195274,-0.00013091417737832846,-0.00028144769239119276,1.9585107579676476e-05,False
tcn,loo_sample,21,9.0,0.0,0.0,0.0,0.0,0,0.0,False,loo_residual_sample,,,0.0,0.0,,,0.0,False,False,0.0,0.0,0.0,0.0,0.0,0.0,False
tcn,loo_sample,21,10.0,4.4098837209294306e-05,3.118770764121148e-05,5.5647840531691806e-06,4.662040352969577e-05,5,0.0002500000000000002,False,loo_residual_sample,-0.6060181530119817,0.999291181564331,0.002843370806177,0.0019484609365463,0.1148842134756821,0.1113175100660973,1.00121009349823,True,False,6.204318936876396e-05,-3.7541528239207217e-05,0.00016428779069767107,8.08645725177981e-05,-6.318577822660806e-05,0.0002221942853858444,False
tcn,loo_sample,21,11.0,-9.752906976747688e-05,-9.89202657807331e-05,-0.00016397425249170539,-7.814222435786888e-08,0,0.0005000000000000004,False,loo_residual_sample,-0.9736542225453076,1.002188205718994,0.0033631309062697,0.0024386942386627,-0.013847639476689,-0.0030937075017248,0.9969984889030457,True,False,-0.00010921926910299362,-0.00031014534883720994,9.106312292359194e-05,-3.387157992603362e-05,-0.0002718757333946066,0.00019229825586957036,False
tcn,loo_sample,22,1.0,0.002746142026578036,0.0026985465116278196,0.0025497093023255646,0.001711850092874645,5,0.0009999999999999992,False,loo_residual_sample,0.8651731632450161,0.9980531930923462,0.0049596181608603,0.0042440295219421,0.9716406840851812,0.9420414687586508,1.0054640769958496,True,False,0.002697176079734216,0.002240639534883723,0.003178098006644526,0.0017686369522248347,0.0014116348592466386,0.00213624579060244,True
tcn,loo_sample,22,2.0,-0.0011325872093023825,-0.0011235257475084026,-0.0012783222591362664,-0.0012445289424836581,0,0.0007500000000000007,False,loo_residual_sample,0.9265466011957644,0.9996967911720276,0.003525135654436,0.0034029483795166,0.9528272462470624,0.9411839774807056,1.0040563344955444,True,False,-0.0011622923588039847,-0.0015845120431893633,-0.0007383534053156106,-0.0012815735602102485,-0.0017610931031811561,-0.0008413818776074365,False
tcn,loo_sample,22,3.0,0.00035647009966774943,0.00029165282392018543,0.00015168189368774954,0.00027903830456434966,5,0.0009999999999999992,False,loo_residual_sample,0.9322225435181724,1.00082266330719,0.0034354509736944,0.0032872557640075,0.933850402532371,0.909343663450228,0.9988558888435364,True,False,0.0003164451827242476,-9.594476744186552e-05,0.0007276640365448438,0.00029905082035216915,-9.200740361131946e-05,0.0006595239088113504,False
tcn,loo_sample,22,4.0,0.009624401993355458,0.009327097176079713,0.009192524916943556,0.009139616640431215,5,0.0007499999999999989,False,loo_residual_sample,0.3371445351990427,1.00309956073761,0.003348054398276,0.0016921758651733,0.6053401041017554,0.3618425431138095,0.995981752872467,False,False,0.009652242524916938,0.008782767857142854,0.010555080980066434,0.008946495814640682,0.007992086751250974,0.009889879926116266,True
tcn,loo_sample,22,5.0,-4.152823929182148e-09,0.0,-2.076411964591074e-08,0.0,0,0.0,False,loo_residual_sample,,,0.0,0.0,,,0.0,False,False,0.0,0.0,0.0,0.0,0.0,0.0,False
tcn,loo_sample,22,6.0,4.990448504980094e-05,3.243355481730159e-05,-6.7441860465145e-05,-0.0001659782605238913,4,0.0005000000000000004,False,loo_residual_sample,0.9719676366842894,1.0001260042190552,0.0015354211978162,0.0017780065536499,0.9828108155771098,0.968986654398402,0.9907699823379515,True,False,5.506644518272541e-05,-0.00016964493355481973,0.0002506665282392041,-0.00016881017653759046,-0.0004280440249662629,0.00010272237287567982,False
tcn,loo_sample,22,7.0,-0.0003722757475083105,-0.00039767441860460995,-0.0005012043189369653,-6.778359523507138e-05,0,0.0005000000000000004,False,loo_residual_sample,0.0471712890767301,1.0007697343826294,0.0124302895488096,0.0060730576515197,0.8106234837175305,0.7362910439794615,0.994693160057068,True,False,-0.0003347176079734204,-0.0006417898671096345,-7.041943521594503e-05,-0.0002594517468312074,-0.0005821093666006171,5.793576795647698e-05,False
tcn,loo_sample,22,8.0,0.00020188538205978546,0.00020897009966780455,0.0001551910299002479,0.00018668986243608465,5,0.0005000000000000004,False,loo_residual_sample,-0.6659259345368391,1.0006139278411863,0.0164826797863814,0.0068706274032592,0.5001105345716043,0.4138522709228205,0.9983698129653932,True,False,0.00021486710963455224,8.844892026578235e-05,0.00034610672757475635,0.0002864916560377495,0.000124627686691233,0.00047912327085794515,True
tcn,loo_sample,22,9.0,-4.152823929182148e-09,0.0,-2.076411964591074e-08,0.0,0,0.0,False,loo_residual_sample,,,0.0,0.0,,,0.0,False,False,0.0,0.0,0.0,0.0,0.0,0.0,False
tcn,loo_sample,22,10.0,0.00026588455149496594,0.00025072674418602503,-5.591777408642251e-05,0.00018889502604064746,4,0.0005000000000000004,False,loo_residual_sample,-0.6060181530119817,0.999291181564331,0.002843370806177,0.0019484609365463,0.1148842134756821,0.1113175100660973,1.00121009349823,True,False,0.00027400332225912985,4.721760797340941e-05,0.0005045016611295648,0.00021369273213454055,2.1492745037569843e-05,0.0004205362613759957,True
tcn,loo_sample,22,11.0,-0.0002107142857142863,-0.0002375830564783632,-0.0002854235880398459,-8.410058459091818e-05,0,0.0009999999999999992,False,loo_residual_sample,-0.9736542225453076,1.002188205718994,0.0033631309062697,0.0024386942386627,-0.013847639476689,-0.0030937075017248,0.9969984889030457,True,False,-0.0002231727574750808,-0.00039969684385381907,-5.0325996677743494e-05,-0.00013270934745015727,-0.00034041569513535824,7.196220226201877e-05,False
tcn,loo_sample,23,1.0,-0.0009408720930232928,-0.0009175041528239891,-0.0011582641196012933,-0.0005638015615672343,0,0.0007500000000000007,False,loo_residual_sample,0.8651731632450161,0.9980531930923462,0.0049596181608603,0.0042440295219421,0.9716406840851812,0.9420414687586508,1.0054640769958496,True,False,-0.0009635382059800712,-0.0014084468438538265,-0.0005256291528239195,-0.0006996468946158885,-0.0010925112944058762,-0.00028550571598188535,False
tcn,loo_sample,23,2.0,0.00016512043189367275,0.00019620016611299196,3.5174418604566604e-05,0.00040462294355161357,5,0.0009999999999999992,False,loo_residual_sample,0.9265466011957644,0.9996967911720276,0.003525135654436,0.0034029483795166,0.9528272462470624,0.9411839774807056,1.0040563344955444,True,False,0.00011395348837208718,-0.00024001868770764947,0.00045336171096344664,0.0003093948473469965,-6.033315564421191e-05,0.0006666008735354646,False
tcn,loo_sample,23,3.0,0.025753185215946828,0.02586166943521595,0.024504817275747492,0.020959030947105318,5,0.0004999999999999987,True,loo_residual_sample,0.9322225435181724,1.00082266330719,0.0034354509736944,0.0032872557640075,0.933850402532371,0.909343663450228,0.9988558888435364,True,True,0.025574252491694347,0.024247155315614607,0.0270093687707641,0.02025196087092699,0.019238443543005655,0.02131601534133463,True
tcn,loo_sample,23,4.0,-0.009825838870431914,-0.009790614617940285,-0.010622529069767461,-0.009889148537293835,0,0.0007499999999999989,False,loo_residual_sample,0.3371445351990427,1.00309956073761,0.003348054398276,0.0016921758651733,0.6053401041017554,0.3618425431138095,0.995981752872467,False,False,-0.009928820598006647,-0.010688872508305655,-0.009198473837209318,-0.009782000478330631,-0.01056156281702903,-0.00901648352997481,False
tcn,loo_sample,23,5.0,4.152823884773227e-09,0.0,-2.076411964591074e-08,0.0,2,0.0,False,loo_residual_sample,,,0.0,0.0,,,0.0,False,False,0.0,0.0,0.0,0.0,0.0,0.0,False
tcn,loo_sample,23,6.0,0.0005729069767441475,0.0005296719269102246,0.0004159883720930013,0.00039419949473809004,5,0.0007499999999999989,False,loo_residual_sample,0.9719676366842894,1.0001260042190552,0.0015354211978162,0.0017780065536499,0.9828108155771098,0.968986654398402,0.9907699823379515,True,False,0.0006078073089701053,0.00029750415282391994,0.0009407412790697665,0.0005004996929178551,0.00021509340553764732,0.0007816621762308607,True
tcn,loo_sample,23,7.0,0.00032845514950163857,0.0003585755813954039,0.00021395348837205397,0.00014204070499195253,5,0.0002500000000000002,False,loo_residual_sample,0.0471712890767301,1.0007697343826294,0.0124302895488096,0.0060730576515197,0.8106234837175305,0.7362910439794615,0.994693160057068,True,False,0.0003212624584717549,0.00013138704318935623,0.0005101411960132807,0.00013418547996269293,-8.949715630231933e-05,0.00034842389339695656,True
tcn,loo_sample,23,8.0,0.00011339285714280223,0.00012545681063125258,1.8687707640241413e-06,0.00012354984544031832,5,0.0002500000000000002,False,loo_residual_sample,-0.6659259345368391,1.0006139278411863,0.0164826797863814,0.0068706274032592,0.5001105345716043,0.4138522709228205,0.9983698129653932,True,False,0.0001230066445182665,2.1426495016601126e-05,0.00023721137873753746,0.0002009276527453885,8.628707548702816e-05,0.000324281720977753,True
tcn,loo_sample,23,9.0,4.152823884773227e-09,0.0,-2.076411964591074e-08,0.0,2,0.0,False,loo_residual_sample,,,0.0,0.0,,,0.0,False,False,0.0,0.0,0.0,0.0,0.0,0.0,False
tcn,loo_sample,23,10.0,-2.8301495016624932e-05,-2.4397840531653614e-05,-0.00011422342192690671,-3.039375287077206e-05,2,0.0002500000000000002,False,loo_residual_sample,-0.6060181530119817,0.999291181564331,0.002843370806177,0.0019484609365463,0.1148842134756821,0.1113175100660973,1.00121009349823,True,False,-3.504983388705196e-05,-0.00011296096345515336,3.986710963453638e-05,-1.985170598162056e-05,-0.00013917831343895936,0.00010872654644901032,False
tcn,loo_sample,23,11.0,4.2753322259136974e-05,5.7599667774077545e-05,-2.250830564787254e-05,0.00015890904450104325,3,0.0005000000000000004,False,loo_residual_sample,-0.9736542225453076,1.002188205718994,0.0033631309062697,0.0024386942386627,-0.013847639476689,-0.0030937075017248,0.9969984889030457,True,False,2.433554817274808e-05,-0.00017858388704319588,0.00022882267441859391,0.00011240593557311329,-8.128715002960416e-05,0.0003203253622693144,False
tcn,loo_sample,24,1.0,0.10819759551495016,0.10817782392026587,0.10645718438538199,0.07000781403797177,5,0.0012499999999999994,True,loo_residual_sample,0.8651731632450161,0.9980531930923462,0.0049596181608603,0.0042440295219421,0.9716406840851812,0.9420414687586508,1.0054640769958496,True,True,0.1085152823920266,0.10301755813953492,0.11398877491694351,0.07047900593777336,0.06680171553273619,0.07405110779633264,True
tcn,loo_sample,24,2.0,0.005559730066445123,0.0056173172757474354,0.004165718438538191,0.0035108418590366506,5,0.0014999999999999996,False,loo_residual_sample,0.9265466011957644,0.9996967911720276,0.003525135654436,0.0034029483795166,0.9528272462470624,0.9411839774807056,1.0040563344955444,True,False,0.005610548172757492,0.004169757059800672,0.007141455564784076,0.0035682888749516404,0.0027383613723095833,0.0044861687948384065,True
tcn,loo_sample,24,3.0,0.00042126661129568974,0.0004149501661131483,0.0003537790697675236,0.00021987283298294802,5,0.0004999999999999987,False,loo_residual_sample,0.9322225435181724,1.00082266330719,0.0034354509736944,0.0032872557640075,0.933850402532371,0.909343663450228,0.9988558888435364,True,False,0.00044335548172758863,0.00030630813953489984,0.0005920639534883913,0.00023335597924984186,0.0001589292722173596,0.00031482644129044124,True
tcn,loo_sample,24,4.0,0.0005203239202658638,0.00048793604651176103,0.0004679817275747844,0.0002491746904833336,5,0.0022500000000000003,False,loo_residual_sample,0.3371445351990427,1.00309956073761,0.003348054398276,0.0016921758651733,0.6053401041017554,0.3618425431138095,0.995981752872467,False,False,0.000497009966777422,0.00035448089700997,0.000646557308970101,0.000232956496184763,0.0001625953910001923,0.00030806756509211647,True
tcn,loo_sample,24,5.0,4.152823906977687e-09,0.0,0.0,5.859387486317758e-09,1,0.0,False,loo_residual_sample,,,0.0,0.0,,,0.0,False,False,0.0,0.0,0.0,0.0,0.0,0.0,False
tcn,loo_sample,24,6.0,9.241694352160045e-05,8.542358803997896e-05,5.732973421923582e-05,6.213973887099211e-05,5,0.0012500000000000002,False,loo_residual_sample,0.9719676366842894,1.0001260042190552,0.0015354211978162,0.0017780065536499,0.9828108155771098,0.968986654398402,0.9907699823379515,True,False,9.800664451828589e-05,2.4584717607989362e-05,0.00016960963455149873,6.339360743945366e-05,2.38401037370885e-05,0.0001033375158231831,True
tcn,loo_sample,24,7.0,0.0016801328903654155,0.0018753322259137395,0.00026162790697659144,0.0009949618766399882,5,0.0012499999999999994,False,loo_residual_sample,0.0471712890767301,1.0007697343826294,0.0124302895488096,0.0060730576515197,0.8106234837175305,0.7362910439794615,0.994693160057068,True,False,0.0016563122923588225,0.000828077242524925,0.0024491777408638094,0.0009889932601544194,0.0005046590381296503,0.001456710713743458,True
tcn,loo_sample,24,8.0,0.0008452159468438581,0.0008114202657807379,0.0005713870431894863,0.0004881918975857769,5,0.0002500000000000002,False,loo_residual_sample,-0.6659259345368391,1.0006139278411863,0.0164826797863814,0.0068706274032592,0.5001105345716043,0.4138522709228205,0.9983698129653932,True,False,0.0008079734219269119,0.0006177699335548233,0.0010126993355481537,0.0004743681210124784,0.00036849010158957276,0.0005906964493953298,True
tcn,loo_sample,24,9.0,4.152823906977687e-09,0.0,0.0,5.859387486317758e-09,1,0.0,False,loo_residual_sample,,,0.0,0.0,,,0.0,False,False,0.0,0.0,0.0,0.0,0.0,0.0,False
tcn,loo_sample,24,10.0,-0.000331706810631216,-0.0003516403654485467,-0.0004505606312292798,-0.00019305876596045212,0,0.0002500000000000002,False,loo_residual_sample,-0.6060181530119817,0.999291181564331,0.002843370806177,0.0019484609365463,0.1148842134756821,0.1113175100660973,1.00121009349823,True,False,-0.0003363787375415073,-0.00042509136212622755,-0.00023919850498336877,-0.00019773689530259376,-0.00025103486708439676,-0.00014101839941732097,False
tcn,loo_sample,24,11.0,1.997093023253793e-05,1.02782392027434e-05,-6.021594683991438e-07,7.482939901182206e-06,4,0.0005000000000000004,False,loo_residual_sample,-0.9736542225453076,1.002188205718994,0.0033631309062697,0.0024386942386627,-0.013847639476689,-0.0030937075017248,0.9969984889030457,True,False,1.4950166112955853e-05,-4.2865448504992664e-05,7.292774086378617e-05,6.1182322748609684e-06,-2.348001367282873e-05,3.613157502361749e-05,False
tcn,loo_sample,25,1.0,0.009521187707641255,0.008777450166112977,0.007532890365448797,0.0065784574043638465,5,0.0002500000000000002,False,loo_residual_sample,0.8651731632450161,0.9980531930923462,0.0049596181608603,0.0042440295219421,0.9716406840851812,0.9420414687586508,1.0054640769958496,True,False,0.009292940199335544,0.007261987126245832,0.011698355481727575,0.006451840186353534,0.005269713224821845,0.007888859825233765,True
tcn,loo_sample,25,2.0,0.2899378363787376,0.29044943936877077,0.28631399501661126,0.2358046337981372,5,0.0005000000000000004,True,loo_residual_sample,0.9265466011957644,0.9996967911720276,0.003525135654436,0.0034029483795166,0.9528272462470624,0.9411839774807056,1.0040563344955444,True,True,0.2898229235880399,0.2849726910299004,0.29458032807308965,0.23427681930274094,0.23017364962963935,0.23819095925971423,True
tcn,loo_sample,25,3.0,0.00043352990033218575,0.00045442275747520355,0.0002874377076411694,0.00025518492521809933,5,0.0005000000000000004,False,loo_residual_sample,0.9322225435181724,1.00082266330719,0.0034354509736944,0.0032872557640075,0.933850402532371,0.909343663450228,0.9988558888435364,True,False,0.0003519102990033085,0.0001988164451826974,0.0005134593023256066,0.00021484908727326558,0.00013253826046394192,0.0003024814364832326,True
tcn,loo_sample,25,4.0,-0.001019102990033205,-0.0010558970099667775,-0.0011569559800665985,-0.0005506640592764401,0,0.0007499999999999998,False,loo_residual_sample,0.3371445351990427,1.00309956073761,0.003348054398276,0.0016921758651733,0.6053401041017554,0.3618425431138095,0.995981752872467,False,False,-0.0010705149501661216,-0.0013526661129568465,-0.0007935091362126367,-0.000588405676225453,-0.0007237456414364206,-0.0004613083502590659,False
tcn,loo_sample,25,5.0,0.0,0.0,0.0,0.0,0,0.0,False,loo_residual_sample,,,0.0,0.0,,,0.0,False,False,0.0,0.0,0.0,0.0,0.0,0.0,False
tcn,loo_sample,25,6.0,1.3397009966809037e-05,4.0801495016618006e-05,-6.906146179397332e-05,1.5486216277560416e-05,3,0.0004999999999999996,False,loo_residual_sample,0.9719676366842894,1.0001260042190552,0.0015354211978162,0.0017780065536499,0.9828108155771098,0.968986654398402,0.9907699823379515,True,False,3.297342192691399e-05,-0.0001086378737541653,0.00018373961794023626,2.5413990928060404e-05,-4.9093723701928075e-05,0.0001015465091122211,False
tcn,loo_sample,25,7.0,0.003818397009966823,0.004117836378737527,0.002826619601329017,0.0021642308823778267,5,0.0002500000000000002,False,loo_residual_sample,0.0471712890767301,1.0007697343826294,0.0124302895488096,0.0060730576515197,0.8106234837175305,0.7362910439794615,0.994693160057068,True,False,0.003853239202657812,0.0030820494186046257,0.004675332225913652,0.0021841867285104376,0.001728157818862735,0.002664366911595007,True
tcn,loo_sample,25,8.0,0.00045473421926915946,0.0004017441860465487,0.00026542774086402154,0.0002646349067138676,5,0.0002500000000000002,False,loo_residual_sample,-0.6659259345368391,1.0006139278411863,0.0164826797863814,0.0068706274032592,0.5001105345716043,0.4138522709228205,0.9983698129653932,True,False,0.000465697674418597,0.000327869601328889,0.000624767441860451,0.0002709327882764767,0.00019007767064673273,0.00036142322554558106,True
tcn,loo_sample,25,9.0,0.0,0.0,0.0,0.0,0,0.0,False,loo_residual_sample,,,0.0,0.0,,,0.0,False,False,0.0,0.0,0.0,0.0,0.0,0.0,False
tcn,loo_sample,25,10.0,-0.00017029900332221626,-0.00015732973421944685,-0.00027433554817268835,-0.00010291877944763605,0,0.0002500000000000002,False,loo_residual_sample,-0.6060181530119817,0.999291181564331,0.002843370806177,0.0019484609365463,0.1148842134756821,0.1113175100660973,1.00121009349823,True,False,-0.00019676079734219144,-0.0002516777408637711,-0.00014642234219270554,-0.000113264343410997,-0.00014511721124157488,-8.393725512228463e-05,False
tcn,loo_sample,25,11.0,-5.715946843845021e-05,-7.088870431881666e-05,-8.938953488379919e-05,-2.0282347969047267e-05,1,0.0002500000000000002,False,loo_residual_sample,-0.9736542225453076,1.002188205718994,0.0033631309062697,0.0024386942386627,-0.013847639476689,-0.0030937075017248,0.9969984889030457,True,False,-4.892026578073083e-05,-0.00012725083056478394,3.298795681062225e-05,-1.9826036139440896e-05,-6.305717522605033e-05,2.2216853944348934e-05,False
tcn,loo_sample,26,1.0,0.00021078488372092697,0.00024624169435216725,7.481312292356712e-05,5.274111432880257e-05,5,0.0010000000000000009,False,loo_residual_sample,0.8651731632450161,0.9980531930923462,0.0049596181608603,0.0042440295219421,0.9716406840851812,0.9420414687586508,1.0054640769958496,True,False,0.00016860465116278923,5.63122923588852e-06,0.00033940199335548427,4.192275268192436e-05,-4.968962228851717e-05,0.00013374282664145996,True
tcn,loo_sample,26,2.0,0.0006081810631229257,0.0005859842192691422,0.0005472383720930285,0.0003130179796874577,5,0.0005000000000000004,False,loo_residual_sample,0.9265466011957644,0.9996967911720276,0.003525135654436,0.0034029483795166,0.9528272462470624,0.9411839774807056,1.0040563344955444,True,False,0.0006478405315614688,0.0004875207641196204,0.0008245888704318988,0.0003454828026752188,0.00025730951301392236,0.0004393883602713461,True
tcn,loo_sample,26,3.0,0.000953222591362124,0.0009237126245846827,0.0008814161129568898,0.0005674340625989816,5,0.0012500000000000011,False,loo_residual_sample,0.9322225435181724,1.00082266330719,0.0034354509736944,0.0032872557640075,0.933850402532371,0.909343663450228,0.9988558888435364,True,False,0.0009940199335548138,0.0007906810631229174,0.001187047342192698,0.0005936679157162883,0.00048432829505506503,0.0007022649137601254,True
tcn,loo_sample,26,4.0,0.36523920681063127,0.36590467192691034,0.36205919850498336,0.3192723343003663,5,0.0007500000000000007,True,loo_residual_sample,0.3371445351990427,1.00309956073761,0.003348054398276,0.0016921758651733,0.6053401041017554,0.3618425431138095,0.995981752872467,False,False,0.365648754152824,0.36018826619601324,0.371333328488372,0.31616533191066015,0.31231356697178875,0.32009281435926706,True
tcn,loo_sample,26,5.0,-4.152823906977687e-09,0.0,-2.0764119534888437e-08,0.0,0,0.0,False,loo_residual_sample,,,0.0,0.0,,,0.0,False,False,0.0,0.0,0.0,0.0,0.0,0.0,False
tcn,loo_sample,26,6.0,0.0004904152823920427,0.00047558139534886745,0.00041044435215942254,0.0002996064377699392,5,0.0005000000000000004,False,loo_residual_sample,0.9719676366842894,1.0001260042190552,0.0015354211978162,0.0017780065536499,0.9828108155771098,0.968986654398402,0.9907699823379515,True,False,0.0004892026578073106,0.00032389950166113684,0.0006717649501661234,0.00029010062262200707,0.00019667767690902612,0.0003945815564402297,True
tcn,loo_sample,26,7.0,-0.0005864742524916977,-0.0006075166112956554,-0.0006285714285714228,-0.0003178614818797554,0,0.0007500000000000007,False,loo_residual_sample,0.0471712890767301,1.0007697343826294,0.0124302895488096,0.0060730576515197,0.8106234837175305,0.7362910439794615,0.994693160057068,True,False,-0.0006061461794020163,-0.0007240905315614807,-0.0004903654485050109,-0.000324646940461647,-0.00038394258783147053,-0.0002631946455258048,False
tcn,loo_sample,26,8.0,-0.00027679401993354615,-0.00018563122923587194,-0.0004549003322259493,-0.00015651568758383582,0,0.0004999999999999987,False,loo_residual_sample,-0.6659259345368391,1.0006139278411863,0.0164826797863814,0.0068706274032592,0.5001105345716043,0.4138522709228205,0.9983698129653932,True,False,-0.00028056478405316665,-0.0004189576411960466,-0.00015697259136213435,-0.00016347033287916312,-0.00025126690016414395,-8.382139581799857e-05,False
tcn,loo_sample,26,9.0,-4.152823906977687e-09,0.0,-2.0764119534888437e-08,0.0,0,0.0,False,loo_residual_sample,,,0.0,0.0,,,0.0,False,False,0.0,0.0,0.0,0.0,0.0,0.0,False
tcn,loo_sample,26,10.0,5.236295681063652e-05,7.963039867109334e-05,-5.59385382059574e-05,3.3664273270739284e-05,3,0.0004999999999999987,False,loo_residual_sample,-0.6060181530119817,0.999291181564331,0.002843370806177,0.0019484609365463,0.1148842134756821,0.1113175100660973,1.00121009349823,True,False,6.935215946843098e-05,-2.4181893687686196e-05,0.00015931478405316668,4.559170581652894e-05,-5.50092899312804e-06,9.692215764357462e-05,False
tcn,loo_sample,26,11.0,-2.7599667774080848e-05,-1.575996677738445e-05,-0.00012016196013286962,-1.894181923467464e-05,2,0.0005000000000000004,False,loo_residual_sample,-0.9736542225453076,1.002188205718994,0.0033631309062697,0.0024386942386627,-0.013847639476689,-0.0030937075017248,0.9969984889030457,True,False,-6.370431893689355e-05,-0.00017541735880400499,3.888704318934635e-05,-3.19671890834794e-05,-9.096135719777974e-05,2.4246628457697647e-05,False
tcn,loo_sample,27,1.0,-0.0007011877076411821,-0.0010962209302325387,-0.0012276993355481158,-0.00030653102142075284,1,0.0007500000000000007,False,loo_residual_sample,0.8651731632450161,0.9980531930923462,0.0049596181608603,0.0042440295219421,0.9716406840851812,0.9420414687586508,1.0054640769958496,True,False,-0.0006393687707641238,-0.0012481769102990015,4.677948504983121e-05,-0.00027153964908672724,-0.0006719901482619276,0.0001859209563006355,False
tcn,loo_sample,27,2.0,-0.0024345390365448694,-0.002524480897009962,-0.0027420681063122787,-0.0017408870159054235,0,0.0007500000000000007,False,loo_residual_sample,0.9265466011957644,0.9996967911720276,0.003525135654436,0.0034029483795166,0.9528272462470624,0.9411839774807056,1.0040563344955444,True,False,-0.0023689368770764218,-0.00272625000000001,-0.0020082059800664567,-0.0017217085274967602,-0.0019661621898817093,-0.0014901449549013753,False
tcn,loo_sample,27,3.0,0.00015672757475084786,4.4352159468519226e-05,-2.134551495014403e-05,-0.00010810750008825032,4,0.0009999999999999992,False,loo_residual_sample,0.9322225435181724,1.00082266330719,0.0034354509736944,0.0032872557640075,0.933850402532371,0.909343663450228,0.9988558888435364,True,False,0.00018538205980065948,-0.0001335755813953486,0.0005029401993355444,-0.00014929551040383072,-0.0003730551878159134,7.431756587187314e-05,False
tcn,loo_sample,27,4.0,0.007988181063122912,0.007901993355481696,0.007356519933554795,0.006652741726602707,5,0.0010000000000000009,False,loo_residual_sample,0.3371445351990427,1.00309956073761,0.003348054398276,0.0016921758651733,0.6053401041017554,0.3618425431138095,0.995981752872467,False,False,0.008187707641196005,0.0075160714285714275,0.008856922757475055,0.0067584980585016505,0.006247985038812968,0.007263729111168018,True
tcn,loo_sample,27,5.0,-4.152823929182148e-09,0.0,-2.076411964591074e-08,0.0,0,0.0,False,loo_residual_sample,,,0.0,0.0,,,0.0,False,False,0.0,0.0,0.0,0.0,0.0,0.0,False
tcn,loo_sample,27,6.0,-0.0004943397009967044,-0.000521989202657891,-0.0006091154485049488,-0.00034089850053324876,0,0.0009999999999999992,False,loo_residual_sample,0.9719676366842894,1.0001260042190552,0.0015354211978162,0.0017780065536499,0.9828108155771098,0.968986654398402,0.9907699823379515,True,False,-0.00046345514950166586,-0.0007785402823920336,-0.00018919227574750526,-0.0003538164978655822,-0.000579943870333814,-0.00014337945695615072,False
tcn,loo_sample,27,7.0,-0.0020928986710963215,-0.0019460963455149027,-0.0025599044850498354,-0.0013128648316805824,0,0.0005000000000000004,False,loo_residual_sample,0.0471712890767301,1.0007697343826294,0.0124302895488096,0.0060730576515197,0.8106234837175305,0.7362910439794615,0.994693160057068,True,False,-0.002069684385382068,-0.0024239451827242782,-0.0017278986710963463,-0.0013107061834870149,-0.0015299265145977928,-0.0011006165333673865,False
tcn,loo_sample,27,8.0,8.590946843856084e-05,8.224667774092698e-05,-5.3031561461747145e-05,5.870922819291024e-05,4,0.0002500000000000002,False,loo_residual_sample,-0.6659259345368391,1.0006139278411863,0.0164826797863814,0.0068706274032592,0.5001105345716043,0.4138522709228205,0.9983698129653932,True,False,0.0001031561461793995,1.121054817275649e-05,0.00020732350498338736,5.197213218008701e-05,-1.7746470097338705e-06,0.0001099220159463454,True
tcn,loo_sample,27,9.0,-4.152823929182148e-09,0.0,-2.076411964591074e-08,0.0,0,0.0,False,loo_residual_sample,,,0.0,0.0,,,0.0,False,False,0.0,0.0,0.0,0.0,0.0,0.0,False
tcn,loo_sample,27,10.0,0.009194846345514951,0.007457267441860482,0.006209509966777382,0.005792588135907284,5,0.0007500000000000007,False,loo_residual_sample,-0.6060181530119817,0.999291181564331,0.002843370806177,0.0019484609365463,0.1148842134756821,0.1113175100660973,1.00121009349823,True,False,0.009243106312292356,0.006728700166112961,0.01185407392026578,0.005767264870063185,0.004170485005235977,0.007457654091318121,True
tcn,loo_sample,27,11.0,0.00016024086378736425,0.00014950166112959185,0.00011673588039862182,0.00011554866548948439,5,0.0012500000000000002,False,loo_residual_sample,-0.9736542225453076,1.002188205718994,0.0033631309062697,0.0024386942386627,-0.013847639476689,-0.0030937075017248,0.9969984889030457,True,False,0.0001877076411960077,4.54651162790615e-05,0.00033590531561462016,0.0001260455881056366,3.644035033956076e-05,0.00022155420233457292,True
tcn,loo_sample,28,1.0,0.00039304817275744865,0.0004487333887042144,0.00024142441860464103,0.00015518238587615142,5,0.0007500000000000007,False,loo_residual_sample,0.8651731632450161,0.9980531930923462,0.0049596181608603,0.0042440295219421,0.9716406840851812,0.9420414687586508,1.0054640769958496,True,False,0.00036287375415282487,-5.0247093023254595e-05,0.0007897466777408652,0.0001500341210093281,-0.00019969855146599784,0.0005016338736542798,False
tcn,loo_sample,28,2.0,0.0006836378737540949,0.0006899709302324863,0.0005724875415281661,0.000834135329321195,5,0.001,False,loo_residual_sample,0.9265466011957644,0.9996967911720276,0.003525135654436,0.0034029483795166,0.9528272462470624,0.9411839774807056,1.0040563344955444,True,False,0.0005546511627906935,0.00016342607973421813,0.0009477761627906954,0.0008199285807646062,0.00043987378844882275,0.0011811113514127113,True
tcn,loo_sample,28,3.0,0.0006834800664451413,0.0006538621262458522,0.0003421303986710367,0.0009786791651682724,5,0.001,False,loo_residual_sample,0.9322225435181724,1.00082266330719,0.0034354509736944,0.0032872557640075,0.933850402532371,0.909343663450228,0.9988558888435364,True,False,0.0006722591362126274,0.0001651702657807332,0.0012020161960132963,0.000690677833167257,9.822857224419715e-05,0.0012459643521740282,True
tcn,loo_sample,28,4.0,0.0015462126245846751,0.0014546096345514625,0.00132767857142857,0.001269241034089341,5,0.001,False,loo_residual_sample,0.3371445351990427,1.00309956073761,0.003348054398276,0.0016921758651733,0.6053401041017554,0.3618425431138095,0.995981752872467,False,False,0.0015946013289036476,0.0008841133720930136,0.0022922342192690883,0.0010285075212974803,0.00039794112514472625,0.0016815256641764952,True
tcn,loo_sample,28,5.0,-4.152823929182148e-09,0.0,-2.076411964591074e-08,-2.4150918376264484e-09,0,0.0,False,loo_residual_sample,,,0.0,0.0,,,0.0,False,False,0.0,0.0,0.0,0.0,0.0,0.0,False
tcn,loo_sample,28,6.0,0.00014987541528239668,0.00011856312292357618,0.00010834717607977051,0.000472800511750382,5,0.0007500000000000007,False,loo_residual_sample,0.9719676366842894,1.0001260042190552,0.0015354211978162,0.0017780065536499,0.9828108155771098,0.968986654398402,0.9907699823379515,True,False,0.00011561461794019956,-0.00012061877076413001,0.0003584676079734261,0.000501385306854113,0.00022907335561244197,0.0007827023662811881,False
tcn,loo_sample,28,7.0,-2.29817275747779e-05,-1.943521594693909e-05,-0.00028010797342192806,-0.0003693277636666048,2,0.0004999999999999996,False,loo_residual_sample,0.0471712890767301,1.0007697343826294,0.0124302895488096,0.0060730576515197,0.8106234837175305,0.7362910439794615,0.994693160057068,True,False,-3.3471760797343376e-05,-0.00024926079734220307,0.00016953488372092084,-0.0003977386456132859,-0.000610842933773438,-0.00018787356679324913,False
tcn,loo_sample,28,8.0,2.2358803986688434e-05,3.984634551490451e-05,-5.5149501661078126e-05,1.817156846979362e-05,4,0.0007499999999999989,False,loo_residual_sample,-0.6659259345368391,1.0006139278411863,0.0164826797863814,0.0068706274032592,0.5001105345716043,0.4138522709228205,0.9983698129653932,True,False,5.315614617936726e-06,-0.00010448504983389564,0.00012408637873753044,-1.737222949238615e-05,-0.00015101457998219835,0.00011106337233387494,False
tcn,loo_sample,28,9.0,-4.152823929182148e-09,0.0,-2.076411964591074e-08,-2.4150918376264484e-09,0,0.0,False,loo_residual_sample,,,0.0,0.0,,,0.0,False,False,0.0,0.0,0.0,0.0,0.0,0.0,False
tcn,loo_sample,28,10.0,0.00011969269102984903,0.00010479651162786929,6.042358803970416e-06,8.863254218491879e-05,5,0.0004999999999999996,False,loo_residual_sample,-0.6060181530119817,0.999291181564331,0.002843370806177,0.0019484609365463,0.1148842134756821,0.1113175100660973,1.00121009349823,True,False,9.792358803985768e-05,-1.694559800666143e-05,0.0002066694352159442,5.625992260344659e-05,-9.024093173395585e-05,0.0002343901642439483,False
tcn,loo_sample,28,11.0,-0.0001631935215947289,-0.00018546511627903772,-0.0002209717607973838,-3.544859922313126e-05,0,0.0004999999999999996,False,loo_residual_sample,-0.9736542225453076,1.002188205718994,0.0033631309062697,0.0024386942386627,-0.013847639476689,-0.0030937075017248,0.9969984889030457,True,False,-0.00017799003322259587,-0.0003665323920265819,4.254568106305432e-06,-1.5237358733288797e-06,-0.00017835564535454774,0.00019252967422921625,False
tcn,zero,1,1.0,0.00020176910299010142,0.00021058970099663288,0.0001757059800665539,0.00010793699914055655,5,0.0005000000000000004,False,,,,,,,,,,False,0.00016411960132891812,6.660714285714953e-05,0.00026960548172761094,9.00810589866996e-05,4.82261714848988e-05,0.00013470423690063927,True
tcn,zero,1,2.0,0.00011041528239204012,0.00010191029900330495,9.489202657819718e-05,4.1923225372331174e-05,5,0.0010000000000000009,False,,,,,,,,,,False,0.00011328903654485467,-5.068521594685585e-05,0.00025431893687706265,4.2858663150557866e-05,-2.860230334444469e-05,0.00010466794016092367,False
tcn,zero,1,3.0,0.00017806478405315573,0.00016789867109634482,0.00016573920265772202,7.430094445071145e-05,5,0.0017499999999999998,False,,,,,,,,,,False,0.0001558139534883607,6.210963455144458e-05,0.00024353820598004832,6.358994800869766e-05,2.0332907588584525e-05,0.00010174594839437155,True
tcn,zero,1,4.0,0.0001708803986711027,0.00016810631229235984,0.0001642026578072553,8.095224239208498e-05,5,0.0010000000000000009,False,,,,,,,,,,False,0.00017259136212623204,9.451411960129189e-05,0.0002458471760797092,8.355566961379068e-05,4.9410963217364596e-05,0.00011574487507799251,True
tcn,zero,1,5.0,0.0,0.0,0.0,0.0,0,0.0,False,,,,,,,,,,False,0.0,0.0,0.0,0.0,0.0,0.0,False
tcn,zero,1,6.0,9.453488372097585e-05,0.00010103820598006408,8.143687707640179e-05,5.126461883873112e-05,5,0.0014999999999999996,False,,,,,,,,,,False,5.398671096344954e-05,-8.026993355481863e-05,0.00018888289036543402,3.343608456352509e-05,-2.4957629376318042e-05,9.320735983121934e-05,False
tcn,zero,1,7.0,7.807308970431137e-07,4.568106312441422e-06,-1.2832225913639306e-05,3.27719999679843e-06,3,0.0005000000000000004,False,,,,,,,,,,False,-5.813953488364998e-06,-3.6378737541522846e-05,2.3762458471784023e-05,7.710112980596761e-07,-1.2416375953909486e-05,1.3153991801527068e-05,False
tcn,zero,1,8.0,9.642857142910799e-06,9.676079734344256e-06,1.702657807411967e-06,6.424346055067254e-06,5,0.0004999999999999987,False,,,,,,,,,,False,7.3089700996775695e-06,-4.318936877068025e-06,1.8770764119598994e-05,5.061941441829587e-06,-5.610588260802907e-07,1.0755295425969645e-05,False
tcn,zero,1,9.0,0.0,0.0,0.0,0.0,0,0.0,False,,,,,,,,,,False,0.0,0.0,0.0,0.0,0.0,0.0,False
tcn,zero,1,10.0,-8.853820597987117e-06,-8.76245847170054e-06,-1.802325581401476e-05,-3.633486456067203e-06,1,0.0002500000000000002,False,,,,,,,,,,False,-1.2292358803983605e-05,-2.1760797342210786e-05,-2.4916943521535447e-06,-5.2031528566331975e-06,-9.675628822293503e-06,-5.375016935468834e-07,False
tcn,zero,1,11.0,-8.450996677678013e-06,-1.0527408637828195e-05,-1.3205980066599565e-05,-3.452780760304641e-06,0,0.0002500000000000002,False,,,,,,,,,,False,-8.803986710967937e-06,-1.9933554817284177e-05,1.9933554817032906e-06,-3.6008731035841457e-06,-7.994915576856942e-06,8.476285008048861e-07,False
tcn,zero,2,1.0,0.0003848380398670637,0.0003723421926912218,0.00036729651162781263,0.00015294115836019805,5,0.0009999999999999992,False,,,,,,,,,,False,0.0003854651162790801,9.194144518272931e-05,0.0007051785714285829,0.0001505820117457013,1.7074120495258973e-05,0.0002974205199171947,True
tcn,zero,2,2.0,0.0003538579734218894,0.0003606312292360192,0.00030851328903636066,0.00017560406929348905,5,0.002749999999999999,False,,,,,,,,,,False,0.00031411960132889604,0.0001431810631228772,0.0004895722591362279,0.0001628487683261659,8.392537271103587e-05,0.0002417568869148642,True
tcn,zero,2,3.0,0.0002154277408637828,0.0002203280730895818,0.00015064368770756342,0.00011025543412392924,5,0.0012499999999999994,False,,,,,,,,,,False,0.00019867109634551738,8.188953488372037e-05,0.0003304568106312222,0.0001000247101627083,4.899907538844545e-05,0.00015918279800043145,True
tcn,zero,2,4.0,0.00039330149501659584,0.00037728405315629043,0.00036025747508316996,0.00017351564011720556,5,0.0009999999999999992,False,,,,,,,,,,False,0.00040980066445184927,0.00023321013289038313,0.0005890573089701256,0.00018405670200608793,0.00010577552595388542,0.00026325372444905784,True
tcn,zero,2,5.0,0.0,0.0,0.0,0.0,0,0.0,False,,,,,,,,,,False,0.0,0.0,0.0,0.0,0.0,0.0,False
tcn,zero,2,6.0,-0.0006516362126245623,-0.0006471345514947879,-0.0007442898671096154,-0.00037295498682656805,0,0.0012499999999999994,False,,,,,,,,,,False,-0.0006707641196013181,-0.0009159925249169265,-0.00045911544850496647,-0.0003775034669733679,-0.0004938313406110445,-0.0002785513387115203,False
tcn,zero,2,7.0,6.919019933546711e-05,7.59966777407195e-05,4.129983388689862e-05,3.478925502253816e-05,5,0.0009999999999999992,False,,,,,,,,,,False,5.847176079736172e-05,1.7097176079778453e-05,0.00010083887043191606,3.058130786557256e-05,1.1744560747940807e-05,4.983821835735848e-05,True
tcn,zero,2,8.0,3.155730897006492e-05,2.7450166112830132e-05,8.035714285759e-06,1.788558592785705e-05,5,0.0005000000000000004,False,,,,,,,,,,False,2.375415282392379e-05,2.9900332226171776e-06,4.2861295681073005e-05,1.4363903596980032e-05,4.244621248267438e-06,2.3835362441473577e-05,True
tcn,zero,2,9.0,0.0,0.0,0.0,0.0,0,0.0,False,,,,,,,,,,False,0.0,0.0,0.0,0.0,0.0,0.0,False
tcn,zero,2,10.0,-5.356727574756803e-05,-5.2657807309230975e-05,-7.288205980082729e-05,-2.8232210147627334e-05,0,0.0002500000000000002,False,,,,,,,,,,False,-6.179401993355426e-05,-8.356312292358544e-05,-4.317691029899036e-05,-3.237473315917949e-05,-4.34022952142265e-05,-2.2471763835533356e-05,False
tcn,zero,2,11.0,-3.251661129577421e-06,-8.305647840600727e-07,-1.478405315624709e-05,-4.298319818074603e-07,2,0.0007500000000000007,False,,,,,,,,,,False,-7.475083056478482e-06,-2.873754152825236e-05,1.1461794019930693e-05,-1.4828336766548045e-06,-1.152248428029562e-05,7.6737581228341e-06,False
tcn,zero,3,1.0,0.006560797342192703,0.006737936046511628,0.006039368770764164,0.006546943995753551,5,0.0022500000000000003,False,,,,,,,,,,False,0.006225664451827239,0.0037751100498338848,0.008726594684385375,0.005542636430052958,0.003196955219023973,0.007881585703167118,True
tcn,zero,3,2.0,0.0017318936877076085,0.001723442691029864,0.0012358181063122364,-0.001150008522017032,5,0.0014999999999999996,False,,,,,,,,,,False,0.0017971760797342157,-0.0011363911960132996,0.00478440822259135,-0.0013848539232664658,-0.0038557196827832523,0.00127906533826939,False
tcn,zero,3,3.0,0.00297876661129568,0.003071345514950141,0.0026657392026577797,0.0023547177525013786,5,0.002,False,,,,,,,,,,False,0.0029232558139534862,0.0007568770764119648,0.005218779069767442,0.0022565654122119294,0.000539240168920152,0.004035570976896138,True
tcn,zero,3,4.0,0.004746495016611285,0.004760984219269071,0.004097529069767458,0.0037852209763854948,5,0.0027500000000000007,False,,,,,,,,,,False,0.004426578073089696,0.003143230897009965,0.005686202242524911,0.003335637888896029,0.002083508156034301,0.004607404754597401,True
tcn,zero,3,5.0,0.0,0.0,0.0,0.0,0,0.0,False,,,,,,,,,,False,0.0,0.0,0.0,0.0,0.0,0.0,False
tcn,zero,3,6.0,0.0013745556478405251,0.0014689161129568529,0.001086025747508268,6.187492175941944e-05,5,0.0014999999999999996,False,,,,,,,,,,False,0.0014551495016611282,-0.000697335963455155,0.0035584821428571484,-1.0464642268983582e-05,-0.001617078644027785,0.001618206226405407,False
tcn,zero,3,7.0,-0.0002756561461794149,-0.00024404069767447467,-0.0006945598006644627,-0.00013012077664247278,1,0.0007500000000000007,False,,,,,,,,,,False,-0.00029551495016611693,-0.0007289617940199448,0.00017118770764118835,-0.00019099672442830063,-0.0005378358988799384,0.00015098753055452015,False
tcn,zero,3,8.0,-4.269518272423944e-05,-3.7375415282370206e-05,-9.271179401992846e-05,-4.025548426371817e-05,0,0.0005000000000000004,False,,,,,,,,,,False,-6.146179402001239e-06,-0.00012462209302326302,0.00010523671096344009,-1.52096017019121e-05,-0.0001578369519471408,0.00012056805900105079,False
tcn,zero,3,9.0,0.0,0.0,0.0,0.0,0,0.0,False,,,,,,,,,,False,0.0,0.0,0.0,0.0,0.0,0.0,False
tcn,zero,3,10.0,0.0001824709302325589,0.00019613787375416525,-0.00016692275747509644,0.0003024078719419121,4,0.0002500000000000002,False,,,,,,,,,,False,0.00016951827242524088,-4.7857142857155805e-05,0.00039742732558137447,0.00020488292433948896,-6.834385488797329e-06,0.0004415260831493419,False
tcn,zero,3,11.0,0.00021379152823921554,0.0002189991694351301,0.00018590116279071367,0.00014959142864898745,5,0.0007500000000000007,False,,,,,,,,,,False,0.00022491694352158587,5.497715946843198e-05,0.00039213870431892343,0.00015959726023465293,-5.3940728939155966e-05,0.0003987453948457829,True
tcn,zero,4,1.0,0.014342317275747463,0.014068480066445122,0.009404069767441792,0.0093289227428899,5,0.0012499999999999994,False,,,,,,,,,,False,0.014078737541528243,0.008674418604651162,0.019698974252491692,0.009605810389691723,0.00501033133416912,0.01440771553943343,True
tcn,zero,4,2.0,0.0047833305647839944,0.004878135382059723,0.0013815199335547312,0.002865674182397404,5,0.0027500000000000007,False,,,,,,,,,,False,0.005619102990033228,1.835963455150199e-05,0.01111809385382061,0.0037445605570599672,-0.0010353143924811121,0.00857027667020027,True
tcn,zero,4,3.0,0.008358621262458477,0.007980523255813998,0.005907599667774099,0.0056806838588897126,5,0.0007500000000000007,False,,,,,,,,,,False,0.00842392026578073,0.005354368770764116,0.011490215946843855,0.0057500257249205235,0.003273507888978792,0.00826749938668823,True
tcn,zero,4,4.0,0.009915901162790664,0.010895681063122886,0.006251017441860407,0.008405560759984021,5,0.0017499999999999998,False,,,,,,,,,,False,0.009959468438538207,0.007366507475083057,0.012344078073089695,0.008292480734241764,0.006094470744591654,0.010352791239376704,True
tcn,zero,4,5.0,0.0,0.0,0.0,0.0,0,0.0,False,,,,,,,,,,False,0.0,0.0,0.0,0.0,0.0,0.0,False
tcn,zero,4,6.0,0.006244227574750805,0.006809842192690985,0.0012249999999999206,0.004134494491045771,5,0.0025000000000000005,False,,,,,,,,,,False,0.006534883720930239,0.0017734302325581458,0.011430637458471758,0.004139212744299041,-0.00016820121333442642,0.008741911953721522,True
tcn,zero,4,7.0,0.0014625083056478028,0.0015161960132890062,0.0007880606312291594,0.0008369172392978408,5,0.0007499999999999989,False,,,,,,,,,,False,0.0014843853820597974,0.0008800041528239085,0.002195859634551497,0.0007700158601389517,0.0003359630044125455,0.001297189277861571,True
tcn,zero,4,8.0,-0.00016524501661132617,-0.00014707225913623834,-0.00032402408637877134,-0.00011505597299978909,0,0.0004999999999999987,False,,,,,,,,,,False,-0.00015564784053155977,-0.0003446968438538274,3.12333887043205e-05,-0.00013111392540513634,-0.00032028024212996754,5.4392329659997587e-05,False
tcn,zero,4,9.0,0.0,0.0,0.0,0.0,0,0.0,False,,,,,,,,,,False,0.0,0.0,0.0,0.0,0.0,0.0,False
tcn,zero,4,10.0,0.16532564784053153,0.1855547134551495,0.0985120016611295,0.12120453738351444,5,0.0002499999999999985,True,,,,,,,,,,True,0.16537524916943522,0.12351224252491694,0.20572390780730893,0.12009783101861958,0.08637245585572188,0.15207402987433993,True
tcn,zero,4,11.0,5.081810631226702e-05,2.7637043189421284e-05,1.2811461793993395e-05,5.026902308895576e-05,5,0.0004999999999999987,False,,,,,,,,,,False,6.478405315616387e-06,-0.00016066445182724452,0.0001809053156146178,-1.8857326460204328e-05,-0.00019123019904899782,0.0001487989204106244,False
tcn,zero,5,1.0,0.0007979194352159324,0.0007818313953488198,0.0006642234219269016,0.0004068966215730496,5,0.002,False,,,,,,,,,,False,0.0009346345514950155,-0.00149162375415283,0.0033197840531561536,0.0006121666832903017,-0.0011777779942563867,0.002428278141399858,False
tcn,zero,5,2.0,0.000726968438538178,0.0007162167774086292,0.0004206395348836933,0.001792963010362958,5,0.0012499999999999994,False,,,,,,,,,,False,0.000764700996677734,-0.002260151578073102,0.0038205315614617936,0.0017494195273300773,-0.0005616754646775862,0.00417104507367235,False
tcn,zero,5,3.0,0.00042355066445178837,0.0005072882059800055,0.00016841777408638237,5.3276473907981627e-05,5,0.0012499999999999994,False,,,,,,,,,,False,0.000630980066445177,-0.0020524418604651357,0.0031854526578073126,0.0006517987913352453,-0.0014636982413596374,0.002658309360483781,False
tcn,zero,5,4.0,0.0010828488372092715,0.0011017649501661175,0.0007760589700996356,-0.0008228404929958133,5,0.002749999999999999,False,,,,,,,,,,False,0.0011084717607973348,-0.0003039846345514946,0.0026830772425249193,-0.0010388437810082895,-0.0024128115570677755,0.0004948541105769706,False
tcn,zero,5,5.0,0.0,0.0,0.0,0.0,0,0.0,False,,,,,,,,,,False,0.0,0.0,0.0,0.0,0.0,0.0,False
tcn,zero,5,6.0,-0.005521482558139568,-0.005487686877076459,-0.005850664451827303,-0.004332716281411275,0,0.0010000000000000009,False,,,,,,,,,,False,-0.005274335548172761,-0.007829887873754155,-0.0029755481727574713,-0.004005990841438518,-0.006129873963922468,-0.0021115463713560242,False
tcn,zero,5,7.0,-3.3264119601361664e-05,-4.235880398678615e-05,-0.0002234842192690989,0.0001622408447073731,2,0.0005000000000000004,False,,,,,,,,,,False,-6.769102990032638e-05,-0.0003505004152823856,0.00022996885382060687,0.00018013355358259875,-0.000101601557099347,0.0004591223025277393,False
tcn,zero,5,8.0,-0.000171050664451855,-0.0001989617940200139,-0.0003305440199335985,-0.00011607786124476772,0,0.0002500000000000002,False,,,,,,,,,,False,-0.00017001661129568025,-0.0003255876245847177,-3.0363372093019757e-05,-0.00013106223828863062,-0.0002641220800341049,-1.3183979610718934e-05,False
tcn,zero,5,9.0,0.0,0.0,0.0,0.0,0,0.0,False,,,,,,,,,,False,0.0,0.0,0.0,0.0,0.0,0.0,False
tcn,zero,5,10.0,9.864202657804411e-05,8.735465116282981e-05,1.569767441855774e-05,6.423911920709902e-05,5,0.0002500000000000002,False,,,,,,,,,,False,0.00010681063122923384,-2.1636212624612096e-06,0.00022094061461794528,9.009545420280208e-05,-1.7409312296514074e-05,0.00019564099211943602,False
tcn,zero,5,11.0,0.00023531146179399663,0.00012275747508300183,-0.00014738372093026086,4.516695228631296e-05,4,0.0004999999999999987,False,,,,,,,,,,False,0.0002583887043189331,-2.7888289036541806e-05,0.0005382495847175926,0.0001508696150794431,-0.00012311337445939415,0.0004270521937474283,False
tcn,zero,6,1.0,-2.9152823920219893e-05,-3.0481727574582784e-05,-3.9784053156188826e-05,-9.746698985546587e-06,0,0.0022500000000000003,False,,,,,,,,,,False,-3.4551495016598155e-05,-8.32225913621177e-05,1.3621262458464456e-05,-1.0557050500659138e-05,-2.920174353666477e-05,7.337195229640355e-06,False
tcn,zero,6,2.0,-6.681063122915276e-05,-7.14285714283891e-05,-8.218438538198924e-05,-2.299906500662363e-05,0,0.0012499999999999994,False,,,,,,,,,,False,-7.375415282392494e-05,-0.00014136212624584764,-1.3280730897028959e-05,-2.5382634434263363e-05,-5.0436012019312665e-05,-3.916108246051211e-06,False
tcn,zero,6,3.0,5.440199335571272e-06,-2.6702657807353702e-05,-4.738372093027188e-05,2.1850445176951894e-05,1,0.0017499999999999998,False,,,,,,,,,,False,1.661129568153452e-07,-5.780730897009084e-05,7.442275747508807e-05,1.991482200197847e-05,-1.3713198395505888e-05,6.769435234000334e-05,False
tcn,zero,6,4.0,-3.328073089698957e-05,-3.4136212624602535e-05,-3.9742524917008026e-05,-1.4952817579527711e-05,0,0.0022500000000000003,False,,,,,,,,,,False,-3.089700996676381e-05,-7.259136212623313e-05,8.974252491716133e-06,-1.4550113314105718e-05,-3.0795345067988254e-05,9.7653118387203e-07,False
tcn,zero,6,5.0,0.0,0.0,0.0,0.0,0,0.0,False,,,,,,,,,,False,0.0,0.0,0.0,0.0,0.0,0.0,False
tcn,zero,6,6.0,-2.4576411960164356e-05,-2.325581395334897e-05,-3.13122923588649e-05,-1.1977031839527363e-05,0,0.0010000000000000009,False,,,,,,,,,,False,-2.8737541528219835e-05,-7.408637873752479e-05,1.5282392026604667e-05,-1.5655236806775274e-05,-3.432925455652463e-05,2.10061950451867e-06,False
tcn,zero,6,7.0,-2.0232558139521294e-05,-2.047342192701418e-05,-2.2134551495023302e-05,-7.383672683713982e-06,0,0.0007500000000000007,False,,,,,,,,,,False,-2.109634551494044e-05,-3.1565614617947994e-05,-1.1125415282370344e-05,-7.830518089225746e-06,-1.1987040703521356e-05,-3.505848086501258e-06,False
tcn,zero,6,8.0,6.229235880006457e-07,1.661129567231967e-07,-1.4950166113969487e-06,3.2104150131662125e-07,4,0.0007499999999999989,False,,,,,,,,,,False,1.993355481730852e-06,-2.495847176089916e-06,7.142857142868997e-06,7.363277915128919e-07,-8.926728331335453e-07,2.5844475477441726e-06,False
tcn,zero,6,9.0,0.0,0.0,0.0,0.0,0,0.0,False,,,,,,,,,,False,0.0,0.0,0.0,0.0,0.0,0.0,False
tcn,zero,6,10.0,1.602990033244822e-06,5.398671095724339e-07,-4.1528239191901406e-07,5.69130271244056e-07,3,0.0004999999999999987,False,,,,,,,,,,False,1.1627906976763303e-06,-4.817275747511813e-06,7.475083056470711e-06,5.206437794236241e-07,-1.7807857521146831e-06,2.9833741404787776e-06,False
tcn,zero,6,11.0,3.330564784054246e-06,3.9451827242853454e-06,8.720930233518942e-07,1.64923436438702e-06,5,0.0012499999999999994,False,,,,,,,,,,False,-9.966777408565441e-07,-7.97342192691905e-06,5.984219269128515e-06,1.3405192554438726e-07,-2.597347870275074e-06,3.0157428976685087e-06,False
tcn,zero,7,1.0,-9.911960132893415e-05,-0.00010332225913622928,-0.0001073504983387652,-4.666416254957006e-05,0,0.0014999999999999996,False,,,,,,,,,,False,-9.152823920267616e-05,-0.00015996677740865334,-2.408637873757616e-05,-4.6381319603153725e-05,-7.304705944892994e-05,-1.9630596693186235e-05,False
tcn,zero,7,2.0,4.5681063132185784e-07,3.737541529602595e-07,-3.156146179406072e-06,1.967819561965456e-06,3,0.002749999999999999,False,,,,,,,,,,False,-2.4750830564782554e-05,-0.0001126287375415109,5.865863787375761e-05,-7.929620863912356e-06,-4.4927646601663236e-05,2.6512366195517014e-05,False
tcn,zero,7,3.0,5.548172757476877e-05,6.029900332216176e-05,3.064784053163905e-05,2.5335220097311152e-05,5,0.0022499999999999985,False,,,,,,,,,,False,3.936877076413437e-05,-1.8936877076395936e-05,9.203073089701736e-05,2.0572057447583168e-05,-1.3587354208283717e-06,4.0319202332955035e-05,False
tcn,zero,7,4.0,0.4367610631229237,0.4358777408637874,0.4344704526578075,0.3272497612963309,5,0.0005000000000000004,True,,,,,,,,,,True,0.43703372093023257,0.43322272840531556,0.44082928571428576,0.3257963516847679,0.32196200765776994,0.3295947514780517,True
tcn,zero,7,5.0,0.0,0.0,0.0,0.0,0,0.0,False,,,,,,,,,,False,0.0,0.0,0.0,0.0,0.0,0.0,False
tcn,zero,7,6.0,7.057308970106479e-05,6.997508305661704e-05,6.088039867113704e-05,2.224856333112868e-05,5,0.002,False,,,,,,,,,,False,3.0897009966790454e-05,-1.7952657807287164e-05,8.156561461794779e-05,6.7159382708359415e-06,-1.1474473401189095e-05,2.5718957931632905e-05,False
tcn,zero,7,7.0,4.460132890438118e-06,5.440199335682294e-06,-3.5299003323663314e-06,4.336846289199059e-07,3,0.0010000000000000009,False,,,,,,,,,,False,3.98671096344505e-06,-9.634551495020266e-06,1.9933554817259366e-05,9.357162809353614e-07,-4.246661424478493e-06,6.624424311988202e-06,False
tcn,zero,7,8.0,3.2890365447846293e-06,3.986710963355122e-06,0.0,1.033324602928154e-06,4,0.0005000000000000004,False,,,,,,,,,,False,1.6611295680424299e-07,-6.47840531561869e-06,6.4784053156090595e-06,-4.764308724314326e-08,-2.62199173302452e-06,2.3542739988783024e-06,False
tcn,zero,7,9.0,0.0,0.0,0.0,0.0,0,0.0,False,,,,,,,,,,False,0.0,0.0,0.0,0.0,0.0,0.0,False
tcn,zero,7,10.0,2.0764119603722265e-07,1.4119601330353504e-06,-2.948504983502076e-06,1.2230929828938032e-07,3,0.0002500000000000002,False,,,,,,,,,,False,2.1594684385306538e-06,-3.82059800666082e-06,8.305647840523151e-06,9.492637326224962e-07,-1.5605920244026738e-06,3.543613983936816e-06,False
tcn,zero,7,11.0,-9.539036544836677e-06,-8.388704318851303e-06,-1.7192691029954688e-05,-3.868949762875218e-06,0,0.0002500000000000002,False,,,,,,,,,,False,-1.2126245847179363e-05,-2.176495016611857e-05,-2.657807308964227e-06,-4.981850940064536e-06,-8.70162940767011e-06,-1.3812469877023948e-06,False
tcn,zero,8,1.0,4.3749999999986854e-05,3.857973421939054e-05,-1.4597176079877983e-05,6.604582935927361e-05,4,0.0025000000000000005,False,,,,,,,,,,False,0.00012176079734221634,-0.0002335631229235635,0.00046312707641200566,0.00011300888476428183,-4.51623762180817e-05,0.0002640963562961728,False
tcn,zero,8,2.0,0.0008625913621262526,0.0008606312292357421,0.000775249169435166,0.00032585206009188016,5,0.0014999999999999996,False,,,,,,,,,,False,0.0010127906976744394,0.0005545431893687673,0.0015105024916943618,0.00039569207961628883,0.0001978512990867724,0.00060548789076604,True
tcn,zero,8,3.0,-0.0007983222591362527,-0.0007402616279067464,-0.0010609219269104297,-0.0005525981398730728,0,0.0010000000000000009,False,,,,,,,,,,False,-0.0007433554817275567,-0.0012385049833886768,-0.00027955564784049497,-0.0005271619642734748,-0.0007729028389879029,-0.0002953955456220471,False
tcn,zero,8,4.0,0.0004956976744186159,0.0005227574750827912,0.00041868770764119656,0.00022283588726135228,5,0.0009999999999999992,False,,,,,,,,,,False,0.000497009966777432,0.0001486378737541546,0.0008531561461794197,0.00023021769887826449,3.8359937349207865e-05,0.0004226275379880977,True
tcn,zero,8,5.0,0.0,0.0,0.0,0.0,0,0.0,False,,,,,,,,,,False,0.0,0.0,0.0,0.0,0.0,0.0,False
tcn,zero,8,6.0,-0.001227990033222648,-0.0012043812292358291,-0.001512230066445186,-0.0006641661518549613,0,0.0009999999999999992,False,,,,,,,,,,False,-0.0012770764119601197,-0.0017967774086378654,-0.0007956810631229147,-0.0006912910567437913,-0.0009544991118424916,-0.00044867645805165424,False
tcn,zero,8,7.0,0.00015629568106305668,0.00019071843853812886,-5.8181063123163845e-05,9.006183817448222e-05,4,0.0005000000000000004,False,,,,,,,,,,False,0.00014601328903657285,-2.8571428571408042e-05,0.00028058139534885897,8.664660572746508e-05,-2.0460299631069126e-05,0.0001688491582722318,False
tcn,zero,8,8.0,0.0002705606312291442,0.0003212416943521035,0.00013355481727550522,0.0001561120007833594,5,0.0002500000000000002,False,,,,,,,,,,False,0.0002659468438538348,0.00015547342192692132,0.00037245431893688855,0.0001566489354017664,9.410770123742992e-05,0.0002162586623876384,True
tcn,zero,8,9.0,0.0,0.0,0.0,0.0,0,0.0,False,,,,,,,,,,False,0.0,0.0,0.0,0.0,0.0,0.0,False
tcn,zero,8,10.0,-3.745431893684703e-05,-3.131229235864286e-05,-5.687292358791396e-05,-2.01644510472887e-05,0,0.0005000000000000004,False,,,,,,,,,,False,-3.803986710961604e-05,-6.429401993352109e-05,-1.2292358803977415e-05,-2.017434977875321e-05,-3.23079911785e-05,-9.06880295553498e-06,False
tcn,zero,8,11.0,2.418604651159839e-05,2.144933554826256e-05,1.5469269103007832e-05,1.097571392856267e-05,5,0.0005000000000000004,False,,,,,,,,,,False,2.707641196015187e-05,-1.4127906976743375e-05,6.860465116279951e-05,1.2494217063369062e-05,-6.209654838387756e-06,3.055892406084103e-05,False
tcn,zero,9,1.0,0.0047385589700996485,0.004907703488371995,0.004218957641195953,0.003471254897427345,5,0.0014999999999999996,False,,,,,,,,,,False,0.004832558139534891,0.0015491839700996811,0.008243818521594688,0.0026735158151555472,-0.00027714910134128364,0.005853925405084998,True
tcn,zero,9,2.0,0.0013287333887043173,0.0014313745847175374,0.0008308347176080311,0.0033313320654193347,5,0.0010000000000000009,False,,,,,,,,,,False,0.0011989202657807325,-0.002254694767441861,0.004975735049833882,0.002268452770224785,-0.0005287537111199978,0.005275336529765901,False
tcn,zero,9,3.0,-0.0009609759136212981,-0.0010140573089700844,-0.0015752906976744807,-0.0008133067590449184,0,0.0009999999999999992,False,,,,,,,,,,False,-0.0008951827242524873,-0.0033558700166112887,0.0015420390365448564,-0.0009998413731340527,-0.0029597378368129684,0.0009799274038976185,False
tcn,zero,9,4.0,0.0015840490033222521,0.001458305647840552,0.0013334509966776986,0.0012974206572854198,5,0.0024999999999999988,False,,,,,,,,,,False,0.001582308970099665,0.0003934676079734183,0.00276704734219269,0.0008638861609639781,-0.00014474173289023774,0.0018641930449493636,True
tcn,zero,9,5.0,0.0,0.0,0.0,0.0,0,0.0,False,,,,,,,,,,False,0.0,0.0,0.0,0.0,0.0,0.0,False
tcn,zero,9,6.0,-0.00528209717607977,-0.005212188538206042,-0.006605128737541599,-0.004502877062539134,0,0.0010000000000000009,False,,,,,,,,,,False,-0.005259302325581391,-0.007487259136212621,-0.0030610465116279106,-0.004818077610048346,-0.006382579434915793,-0.003235538224873643,False
tcn,zero,9,7.0,-0.00076550664451831,-0.0007535921926911104,-0.0011492109634552161,-0.00020246039527160864,0,0.0007500000000000007,False,,,,,,,,,,False,-0.0007137873754152735,-0.0010940531561461713,-0.0003205191029900157,-0.00017921516554771254,-0.0004419794630706756,8.790623382894722e-05,False
tcn,zero,9,8.0,-2.2906976744185848e-05,-3.1893687707618135e-05,-0.00012612126245847843,5.716571984659691e-05,2,0.0002500000000000002,False,,,,,,,,,,False,-2.458471760796943e-05,-0.00013223629568106499,8.04858803986849e-05,5.314815175139764e-05,-6.896801116086956e-05,0.0001756914125006396,False
tcn,zero,9,9.0,0.0,0.0,0.0,0.0,0,0.0,False,,,,,,,,,,False,0.0,0.0,0.0,0.0,0.0,0.0,False
tcn,zero,9,10.0,7.930647840528326e-05,2.3110465116271683e-05,-0.0002546719269103104,0.0001178480052250519,3,0.0002500000000000002,False,,,,,,,,,,False,0.00014003322259136363,-8.88787375415255e-05,0.00038739202657807483,0.00011414577865353825,-7.592230113051939e-05,0.00032546317892418505,False
tcn,zero,9,11.0,-0.0002358471760797398,-0.00022902823920267767,-0.00029536960132892087,-0.000304344996266992,0,0.0007499999999999989,False,,,,,,,,,,False,-0.0002127076411960116,-0.00039206187707640914,-4.949543189367701e-05,-0.00019641339966992022,-0.000464731688321709,7.240948148786908e-05,False
tcn,zero,10,1.0,0.0018926578073089396,0.0019399916943521056,0.001652180232557976,0.0011455711746582997,5,0.002749999999999999,False,,,,,,,,,,False,0.0017840531561461692,0.001042828073089698,0.002515722591362109,0.0010954954401336604,0.0006921994690683141,0.0014914666404381696,True
tcn,zero,10,2.0,0.002838679401993405,0.0029649501661129785,0.0022634759136211935,0.0015931817232223366,5,0.002,False,,,,,,,,,,False,0.003039700996677738,0.002268413621262464,0.0038443812292358755,0.0016964085726057221,0.0012591896123122102,0.002140667318423201,True
tcn,zero,10,3.0,0.0016883679401993312,0.0016243770764120535,0.001540552325581368,0.0009863584162808747,5,0.0007500000000000007,False,,,,,,,,,,False,0.001836544850498345,0.0012616237541528184,0.002401524086378734,0.0010440831595699529,0.0007815094527284556,0.0012981728308366395,True
tcn,zero,10,4.0,0.001467691029900342,0.0013998338870431226,0.001346885382059737,0.000901677065554618,5,0.0005000000000000004,False,,,,,,,,,,False,0.0015014950166112905,0.001046536544850497,0.0019264327242524896,0.0009639933508970677,0.0007217270942971571,0.001190375679673928,True
tcn,zero,10,5.0,0.0,0.0,0.0,0.0,0,0.0,False,,,,,,,,,,False,0.0,0.0,0.0,0.0,0.0,0.0,False
tcn,zero,10,6.0,0.002445585548172824,0.00241771179401995,0.0023045265780732294,0.001259074137868499,5,0.0022500000000000003,False,,,,,,,,,,False,0.002195514950166102,0.0014991403654485086,0.002885581395348821,0.0011569096153626,0.0008148624712881057,0.0014993772461183044,True
tcn,zero,10,7.0,0.0008636378737541639,0.0008349667774085745,0.0006814161129568008,0.0004483909890039994,5,0.0012499999999999994,False,,,,,,,,,,False,0.0008428571428571386,0.0005277284053156044,0.0011704775747508394,0.0004448288840481596,0.0002791354227297684,0.0006158238883780037,True
tcn,zero,10,8.0,0.00010982558139531751,0.00014198504983398141,-5.59385382059574e-05,7.402713362907321e-05,4,0.0005000000000000004,False,,,,,,,,,,False,0.0001016611295680947,3.4883720930055098e-06,0.0001951868770764011,7.238075343960814e-05,1.3144424748167322e-05,0.00012796637223628116,True
tcn,zero,10,9.0,0.0,0.0,0.0,0.0,0,0.0,False,,,,,,,,,,False,0.0,0.0,0.0,0.0,0.0,0.0,False
tcn,zero,10,10.0,9.593023255760613e-06,7.2259136211227926e-06,-4.29817275737765e-06,5.052812028227827e-06,3,0.0005000000000000004,False,,,,,,,,,,False,9.634551495011357e-06,-2.8571428571423e-05,4.58471760797376e-05,6.699371831246914e-06,-1.3377499020067822e-05,2.5938029468651123e-05,False
tcn,zero,10,11.0,0.0001101495016611942,0.00011794019933564215,5.485880398681253e-05,4.685122083760707e-05,5,0.0007500000000000007,False,,,,,,,,,,False,8.471760797341133e-05,3.4547342192679025e-05,0.0001392068106312175,3.290938799313525e-05,7.937270372250727e-06,5.910181771558077e-05,True
tcn,zero,11,1.0,0.0019536004983388587,0.0019381229235881925,0.0018799418604650286,0.0010612482705567138,5,0.0015000000000000013,False,,,,,,,,,,False,0.002025083056478424,0.001497117940199359,0.0025887500000000233,0.0010694133871871358,0.0007627841158769343,0.001377524055727894,True
tcn,zero,11,2.0,0.00397801495016612,0.003887022425249187,0.0035607558139535422,0.002349796191754483,5,0.0022500000000000003,False,,,,,,,,,,False,0.0037910299003322346,0.0031359426910299187,0.004407371262458461,0.0022417600399920303,0.0018687083235855604,0.002591569849186679,True
tcn,zero,11,3.0,0.001438534053156082,0.0013874584717608052,0.0012692898671096131,0.0008247795352399834,5,0.0009999999999999992,False,,,,,,,,,,False,0.0012599667774086344,0.0008210880398671073,0.0017324210963455145,0.0007051520223136332,0.0004564690896854431,0.0009643375670491119,True
tcn,zero,11,4.0,0.0022240448504982748,0.0022410091362123907,0.0021715531561459223,0.001234357452312973,5,0.0027500000000000007,False,,,,,,,,,,False,0.002364036544850512,0.0018745535714285919,0.0028699563953488473,0.0013520742110632333,0.0010667900465757233,0.0016448152791226336,True
tcn,zero,11,5.0,0.0,0.0,0.0,0.0,0,0.0,False,,,,,,,,,,False,0.0,0.0,0.0,0.0,0.0,0.0,False
tcn,zero,11,6.0,-0.009989161129568113,-0.009507558139534855,-0.01169696843853818,-0.005808748929465146,0,0.002,False,,,,,,,,,,False,-0.00995531561461792,-0.011563230897009941,-0.008461906146179376,-0.005798295283978025,-0.006722435070714489,-0.00494125197747768,False
tcn,zero,11,7.0,-0.0006697549833887484,-0.0007111295681063723,-0.0008563330564783644,-0.0003965008830664196,0,0.0010000000000000009,False,,,,,,,,,,False,-0.0006760797342192481,-0.0009096594684385154,-0.00044015780730895595,-0.00040245451163544945,-0.0005272919035184009,-0.0002748796100483658,False
tcn,zero,11,8.0,-8.843438538201909e-05,-0.00011875000000005631,-0.00012823920265780941,-4.6548113684008464e-05,1,0.0002500000000000002,False,,,,,,,,,,False,-9.999999999999343e-05,-0.0001553197674418471,-3.935215946842561e-05,-5.70042790875247e-05,-8.916744858843434e-05,-2.1444440533019338e-05,False
tcn,zero,11,9.0,0.0,0.0,0.0,0.0,0,0.0,False,,,,,,,,,,False,0.0,0.0,0.0,0.0,0.0,0.0,False
tcn,zero,11,10.0,0.01904007475083047,0.020011046511627772,0.014536731727574637,0.010681842144289622,5,0.0002500000000000002,False,,,,,,,,,,False,0.01900215946843854,0.01572682724252494,0.022391748338870435,0.010714351378330624,0.008837624761529324,0.012659733004443305,True
tcn,zero,11,11.0,8.750000000001812e-06,1.3060631229189212e-05,-1.0942691029747209e-05,6.989348393160455e-07,3,0.0005000000000000004,False,,,,,,,,,,False,-2.7076411960127445e-05,-8.207641196012296e-05,2.8077242524942483e-05,-1.6256580024075483e-05,-4.860026500810929e-05,1.527699324150624e-05,False
tcn,zero,12,1.0,0.008950012458471735,0.00881578073089695,0.008611731727574679,0.006558847661103906,5,0.002,False,,,,,,,,,,False,0.00897906976744186,0.007256461794019929,0.010771474252491689,0.006589324737739037,0.005409529076058589,0.00786920247807666,True
tcn,zero,12,2.0,0.012375843023255806,0.012436150332225893,0.01107576827242518,0.008904614104645247,5,0.0027500000000000007,False,,,,,,,,,,False,0.012391279069767438,0.010896962209302322,0.01387693936877076,0.008774110867868137,0.007701036300402342,0.009863954556871815,True
tcn,zero,12,3.0,0.005898662790697662,0.005856935215946879,0.005662147009966811,0.0041514512145073516,5,0.0022500000000000003,False,,,,,,,,,,False,0.005696428571428571,0.004392578903654484,0.006953203903654484,0.004025745993811357,0.003275604923492606,0.004752567083903616,True
tcn,zero,12,4.0,0.006171872923588029,0.006013351328903682,0.005622612126245818,0.005058451553111775,5,0.0007500000000000007,False,,,,,,,,,,False,0.006263122923588037,0.005526212624584714,0.007140336378737531,0.005238205869181059,0.004647880407925159,0.0058967022263787345,True
tcn,zero,12,5.0,0.0,0.0,0.0,0.0,0,0.0,False,,,,,,,,,,False,0.0,0.0,0.0,0.0,0.0,0.0,False
tcn,zero,12,6.0,-0.01838664867109636,-0.018207433554817354,-0.02003496677740868,-0.013001182943409129,0,0.0017499999999999998,False,,,,,,,,,,False,-0.018331727574750833,-0.020066457641196026,-0.016667088870431893,-0.01296199968444529,-0.014046473590883202,-0.011971142246624234,False
tcn,zero,12,7.0,0.0027627616279069624,0.0026833264119601186,0.001653862126245853,0.001730587203711198,5,0.0010000000000000009,False,,,,,,,,,,False,0.0027947674418604606,0.0021374314784053045,0.003446791943521594,0.001784106745324745,0.0013875390210969212,0.0021824376545792343,True
tcn,zero,12,8.0,0.00010782392026578158,8.546511627904874e-05,-0.0001328073089700288,5.341474742821539e-05,4,0.0002500000000000002,False,,,,,,,,,,False,0.0001029900332225897,-5.525332225914472e-05,0.00025930232558138574,5.991940081554237e-05,-6.086430572789092e-05,0.00018804191897314903,False
tcn,zero,12,9.0,0.0,0.0,0.0,0.0,0,0.0,False,,,,,,,,,,False,0.0,0.0,0.0,0.0,0.0,0.0,False
tcn,zero,12,10.0,0.00025567275747506724,7.589285714282301e-05,-6.351744186039454e-05,0.00022537482453748313,3,0.0004999999999999987,False,,,,,,,,,,False,0.0002843853820598019,2.4916943522638095e-07,0.00061714285714287,0.0002519674126345506,3.4131492512252894e-05,0.0005113709143641874,True
tcn,zero,12,11.0,0.0005040739202657907,0.0005492732558139979,0.0003846345514949556,0.000288442529122257,5,0.0002500000000000002,False,,,,,,,,,,False,0.0005109634551494946,0.0003739202657807205,0.000651166943521587,0.0002989951747933284,0.00020537132722653968,0.0003947155981731748,True
tcn,zero,13,1.0,0.0005180024916942693,0.0004947259136212079,0.00045737126245837256,0.00024558294690415485,5,0.0014999999999999996,False,,,,,,,,,,False,0.0005602990033222565,5.3122923588027005e-05,0.0010593563122923383,0.00027414554084532084,4.6223403718977764e-05,0.0004974001277682108,True
tcn,zero,13,2.0,0.0005443853820597866,0.0005316652823920132,0.00046139950166124155,0.00015344360023723526,5,0.0017499999999999998,False,,,,,,,,,,False,0.00023239202657807212,-7.659053156144918e-05,0.000548193521594697,8.905085779138399e-06,-0.00012564491815039453,0.00014432020219968324,False
tcn,zero,13,3.0,-0.0002067400332226299,-0.00020049833887048063,-0.00024991694352161087,-2.8909748691163804e-05,0,0.0014999999999999996,False,,,,,,,,,,False,-0.00026029900332226854,-0.0008050705980066601,0.0002104692691029905,-5.72162525728348e-05,-0.00028158092335446333,0.0001365749501579268,False
tcn,zero,13,4.0,-0.00015330149501664448,-0.0001396179401993436,-0.000288995016611282,-4.057289199328462e-05,0,0.002,False,,,,,,,,,,False,-0.00011985049833887262,-0.00041956187707643426,0.0001783367940199177,-2.02279068548028e-05,-0.00015623647312520172,0.00011498005478898433,False
tcn,zero,13,5.0,0.0,0.0,0.0,0.0,0,0.0,False,,,,,,,,,,False,0.0,0.0,0.0,0.0,0.0,0.0,False
tcn,zero,13,6.0,-0.0005590157807309648,-0.0005407807308971391,-0.00063297342192703,-0.0002398562179642294,0,0.0017499999999999998,False,,,,,,,,,,False,-0.0003916943521594496,-0.0010965240863787136,0.00028580149501659393,-0.00020087944235968713,-0.0005028053037296795,9.64303507093086e-05,False
tcn,zero,13,7.0,0.00011874169435213133,0.00011378737541523076,9.472591362125193e-05,4.635184885444232e-05,5,0.0002500000000000002,False,,,,,,,,,,False,9.65116279069822e-05,3.072674418603497e-05,0.0001623089700996707,4.0208622103229396e-05,1.4127117079576923e-05,6.603636428801592e-05,True
tcn,zero,13,8.0,-2.397009966779162e-05,-2.0930232558336037e-05,-4.271179401993397e-05,-7.921418076284325e-06,0,0.0002500000000000002,False,,,,,,,,,,False,-1.9186046511622257e-05,-5.3156146179384383e-05,2.1762873754155297e-05,-7.675290334202555e-06,-2.2065765797762205e-05,1.1170249257498298e-05,False
tcn,zero,13,9.0,0.0,0.0,0.0,0.0,0,0.0,False,,,,,,,,,,False,0.0,0.0,0.0,0.0,0.0,0.0,False
tcn,zero,13,10.0,-4.766196013297197e-05,-5.14950166111694e-05,-6.411960132901573e-05,-2.21869152578158e-05,0,0.0005000000000000004,False,,,,,,,,,,False,-6.0631229235883486e-05,-9.436046511629162e-05,-2.9568106312295395e-05,-2.8058962883728e-05,-4.3384044338052906e-05,-1.3874234889379314e-05,False
tcn,zero,13,11.0,-2.159468438540646e-05,-1.3517441860400048e-05,-3.675249169432515e-05,-6.111034584233011e-06,0,0.0005000000000000004,False,,,,,,,,,,False,-3.7541528239204425e-05,-8.040282392028753e-05,3.3347176079816117e-06,-1.4276470303115074e-05,-3.116932140461853e-05,1.5689446907755008e-06,False
tcn,zero,14,1.0,0.00040145348837214987,0.0003912375415282554,0.00037695182724239995,0.000245554729901265,5,0.002,False,,,,,,,,,,False,0.0004021594684385366,0.0002111254152823925,0.000578243355481731,0.00024839035721246905,0.0001438909942803579,0.0003459621403738791,True
tcn,zero,14,2.0,0.0007611669435215295,0.0007798588039866772,0.0006600083056478301,0.0005276207993021754,5,0.0005000000000000004,False,,,,,,,,,,False,0.0007420265780730828,0.0005446760797342125,0.0009539950166112897,0.0005204671743018574,0.0004013987614914001,0.000652864746451975,True
tcn,zero,14,3.0,0.0003079609634551339,0.0003028446843854615,0.00022998338870416912,0.0002002877149335225,5,0.0025000000000000005,False,,,,,,,,,,False,0.000253654485049829,0.00013171096345514384,0.00036844269102990807,0.00017257872340839086,9.916395038466052e-05,0.00023897019923956316,True
tcn,zero,14,4.0,0.0001512832225913252,0.00015926079734207566,0.00010203488372095837,0.00014339072063722645,5,0.0005000000000000004,False,,,,,,,,,,False,0.00010681063122924051,-1.8774916943497477e-05,0.00023289036544851485,0.00012091340481892976,4.62612467408556e-05,0.00019700333341140632,False
tcn,zero,14,5.0,0.0,0.0,0.0,0.0,0,0.0,False,,,,,,,,,,False,0.0,0.0,0.0,0.0,0.0,0.0,False
tcn,zero,14,6.0,0.0005381312292359608,0.0005297342192691623,0.00044727990033244236,0.0003405968416098082,5,0.0017499999999999998,False,,,,,,,,,,False,0.000601993355481717,0.0004672715946843689,0.0007375872093023244,0.00037212078043572183,0.0002968387682722295,0.00045008448525323935,True
tcn,zero,14,7.0,-3.6461794019992946e-05,-3.770764119592762e-05,-4.763289036557872e-05,-1.9166050196184336e-05,0,0.0007500000000000007,False,,,,,,,,,,False,-3.5548172757485786e-05,-6.761212624583956e-05,-4.314784053173921e-06,-1.8087261520629562e-05,-3.5950598213584733e-05,-1.2104943215410401e-06,False
tcn,zero,14,8.0,-1.1121262458502201e-05,-1.029900332238931e-05,-2.3235049834036126e-05,-5.49547270298767e-06,1,0.0002500000000000002,False,,,,,,,,,,False,-1.1794019933556442e-05,-2.8405315614623754e-05,5.481727574769946e-06,-4.942361398878603e-06,-1.3752418459316545e-05,4.066978291594022e-06,False
tcn,zero,14,9.0,0.0,0.0,0.0,0.0,0,0.0,False,,,,,,,,,,False,0.0,0.0,0.0,0.0,0.0,0.0,False
tcn,zero,14,10.0,0.00032651578073092933,0.000313725083056382,0.00020701827242519677,0.00020980158964445383,5,0.0005000000000000004,False,,,,,,,,,,False,0.0003147840531561474,0.00021012873754151188,0.00043206395348837755,0.00020026193475091935,0.00013480985837137848,0.0002745900872491532,True
tcn,zero,14,11.0,-1.3313953488380825e-05,-1.524086378767997e-05,-1.8355481727572176e-05,-8.449095888529711e-06,0,0.0005000000000000004,False,,,,,,,,,,False,-1.860465116280907e-05,-3.737541528240359e-05,6.644518271959887e-07,-1.1418225755729372e-05,-2.1521481945966062e-05,-3.19977345213442e-07,False
tcn,zero,15,1.0,0.0014707059800664446,0.0014327034883721002,0.0008644518272425961,0.002042374773272426,5,0.0025000000000000005,False,,,,,,,,,,False,0.001778820598006639,-0.0005256706810631357,0.00408830357142857,0.001573035873962627,-0.00045937195465551466,0.0035695857484149404,False
tcn,zero,15,2.0,0.005334700996677722,0.005393106312292284,0.004788849667774153,0.0036665264828312782,5,0.0014999999999999996,False,,,,,,,,,,False,0.005261544850498342,0.0025933679401993408,0.00808497715946845,0.0030188947958274125,0.0003920649154351337,0.005654661504441732,True
tcn,zero,15,3.0,0.002843936877076425,0.0029880191029900693,0.0023774086378737236,0.0032539955384177422,5,0.0032499999999999994,False,,,,,,,,,,False,0.0030008305647840554,-0.00013272009966777337,0.0062610091362126285,0.002773441409777311,0.0003587857043303493,0.005240922041258742,False
tcn,zero,15,4.0,0.002159858803986725,0.00203291112956816,0.0019729443521595558,0.0013189487826000602,5,0.0014999999999999996,False,,,,,,,,,,False,0.002396096345514946,0.0012031955980066423,0.003606852159468438,0.001219932806488727,-0.0001282747935320695,0.0026362076654505603,True
tcn,zero,15,5.0,0.0,0.0,0.0,0.0,0,0.0,False,,,,,,,,,,False,0.0,0.0,0.0,0.0,0.0,0.0,False
tcn,zero,15,6.0,-0.0011986461794019966,-0.001159613787375502,-0.0013630398671096167,-0.0015527112104355202,0,0.0009999999999999992,False,,,,,,,,,,False,-0.0010729235880398702,-0.0033633098006644463,0.0014448837209302217,-0.0010515731112450632,-0.0033289363998549168,0.0014177619213828875,False
tcn,zero,15,7.0,0.0007059219269103023,0.0007238372093023582,0.0004689576411960328,0.0003426926921044071,5,0.0005000000000000004,False,,,,,,,,,,False,0.0007136212624584692,0.00031241694352158886,0.0011234634551495035,0.0004781648289910978,0.00016972808940267308,0.0008042520509066443,True
tcn,zero,15,8.0,0.0001389161129568217,0.00013583887043189247,9.757059800663548e-05,0.00014449537589187323,5,0.0002500000000000002,False,,,,,,,,,,False,0.00013729235880398705,2.4748754152827332e-05,0.0002546719269102998,0.00019576518015937072,3.7488605743036227e-05,0.0003662600572075426,True
tcn,zero,15,9.0,0.0,0.0,0.0,0.0,0,0.0,False,,,,,,,,,,False,0.0,0.0,0.0,0.0,0.0,0.0,False
tcn,zero,15,10.0,-3.423588039865866e-05,-3.673172757479026e-05,-8.953488372087648e-05,2.4570420468572608e-05,1,0.0005000000000000004,False,,,,,,,,,,False,-1.644518272425677e-05,-9.387458471760798e-05,6.397840531561232e-05,0.00014341045442696433,3.457338650377442e-05,0.00027945812700326284,False
tcn,zero,15,11.0,0.0001700622923588302,0.00016744186046513398,4.370847176082826e-05,-3.900673912382579e-06,5,0.0007500000000000007,False,,,,,,,,,,False,0.00021420265780731028,4.966777408633869e-06,0.00040307308970099316,0.0002060402919972437,-4.820275820188138e-05,0.0004641264719205993,True
tcn,zero,16,1.0,-0.0002736710963455069,-0.00019364617940198503,-0.0005812707641196235,0.00017197450144572634,0,0.0010000000000000009,False,,,,,,,,,,False,-0.00021968438538205571,-0.002766995431893687,0.0024975269933554776,0.000592952065564517,-0.0018163105901995657,0.0031270496416626182,False
tcn,zero,16,2.0,0.0028688289036544966,0.002949148671096302,0.002412458471760859,-1.1553446098311326e-05,5,0.0009999999999999992,False,,,,,,,,,,False,0.002725747508305646,-0.00021968646179402,0.005577257059800651,-9.467283932547921e-05,-0.0022410543586881587,0.002146295759156979,False
tcn,zero,16,3.0,0.00031435631229237426,0.00040834717607973747,9.314784053160441e-05,5.329352516305619e-05,5,0.003000000000000001,False,,,,,,,,,,False,0.00029169435215947335,-0.002012950581395337,0.003052969269102998,-0.0002705943528804389,-0.0021509082492505026,0.0019323616537746519,False
tcn,zero,16,4.0,0.002368102159468455,0.0023613995016611433,0.0022162790697675128,0.0029334479703900353,5,0.0012500000000000011,False,,,,,,,,,,False,0.0022520764119601383,0.0008886607142857231,0.003654885797342198,0.0027851778622514744,0.0013480827644975055,0.004311551075126692,True
tcn,zero,16,5.0,0.0,0.0,0.0,0.0,0,0.0,False,,,,,,,,,,False,0.0,0.0,0.0,0.0,0.0,0.0,False
tcn,zero,16,6.0,0.0026935008305647877,0.002761482558139461,0.0022995847176080497,0.0022296314584239864,5,0.0012499999999999994,False,,,,,,,,,,False,0.00273945182724253,-0.000589271179401987,0.006214894102990032,0.002310904198962045,-0.00032667524895832077,0.004993537215013881,False
tcn,zero,16,7.0,0.00024642441860465156,0.00029188122923584636,6.818936877084347e-05,0.00015419102346019286,5,0.0007499999999999989,False,,,,,,,,,,False,0.00018621262458472232,-0.00012852159468438302,0.000497595514950173,0.000177882916979617,-7.4067943693825e-05,0.00040181132934614597,False
tcn,zero,16,8.0,0.00023032392026578474,0.00026403654485041006,0.0001442483388705007,0.0001387618962451098,5,0.0007499999999999989,False,,,,,,,,,,False,0.0002039036544850531,8.569559800664572e-05,0.00031838039867110155,5.346868808638883e-05,-0.00015074385073793624,0.00022564641894475755,True
tcn,zero,16,9.0,0.0,0.0,0.0,0.0,0,0.0,False,,,,,,,,,,False,0.0,0.0,0.0,0.0,0.0,0.0,False
tcn,zero,16,10.0,-5.912375415280113e-05,-6.148255813953618e-05,-0.000127055647840435,-2.7799303449493885e-05,1,0.0004999999999999987,False,,,,,,,,,,False,-3.629568106312209e-05,-0.00012417358803986842,4.901785714285617e-05,-5.5335838301751036e-06,-0.0001126821920981635,9.652331126313679e-05,False
tcn,zero,16,11.0,0.0001823214285714414,0.00018536129568114124,8.108388704319847e-05,0.00010715519888195856,5,0.0005000000000000004,False,,,,,,,,,,False,0.00018081395348838015,-2.4252491694344e-05,0.0003826619601328955,9.659266665260625e-05,-0.0001517065151530417,0.0003467607643517987,False
tcn,zero,17,1.0,0.00029867109634547085,0.00030992524916961806,0.0001658845514947993,0.0003368558773631625,5,0.003,False,,,,,,,,,,False,0.0004265780730897006,-0.0003517691029900369,0.0011331810631229206,0.0003794008550119965,7.070336621155676e-05,0.0006716625586021565,False
tcn,zero,17,2.0,0.0009491901993355257,0.0009650539867107621,0.0007372300664452158,0.0006257613927139749,5,0.003,False,,,,,,,,,,False,0.0010559800664451835,0.0003862126245847507,0.0017095224252491928,0.0006870963648539385,0.0004073416883542199,0.0009763697031017431,True
tcn,zero,17,3.0,0.00021359634551492145,0.0002602782392023828,1.6756644518167718e-05,0.0002153010453441073,5,0.0017499999999999998,False,,,,,,,,,,False,0.0002054817275747567,-0.0003016860465115918,0.0006829526578073189,0.00019755787105600996,-1.0481068995220637e-05,0.00039425120890507854,False
tcn,zero,17,4.0,0.0003248712624583705,0.0003077034883719465,0.0002482973421924495,0.0002149295829368958,5,0.0017500000000000007,False,,,,,,,,,,False,0.0003877076411959968,1.8592192691028966e-05,0.0007259219269102801,0.00022127621972552026,6.235436347652953e-05,0.00036740716285720617,True
tcn,zero,17,5.0,0.0,0.0,0.0,0.0,0,0.0,False,,,,,,,,,,False,0.0,0.0,0.0,0.0,0.0,0.0,False
tcn,zero,17,6.0,-0.0014371262458472644,-0.0013783845514951931,-0.0018266818936877316,-0.001151889678378204,0,0.0017500000000000007,False,,,,,,,,,,False,-0.0012792358803986603,-0.0019127782392026548,-0.000655514950166102,-0.0010692554917931718,-0.0013998935816857962,-0.0007504402301352871,False
tcn,zero,17,7.0,0.00034377906976732484,0.0003719892026575744,0.00021179401993343117,0.0002448305842647214,5,0.0004999999999999996,False,,,,,,,,,,False,0.00038637873754152394,0.0002671013289036574,0.0004996760797342283,0.0002603077274611043,0.00019486465543249606,0.0003205212885945467,True
tcn,zero,17,8.0,1.5037375415261068e-05,2.8218438538063495e-05,-1.3122923588015922e-05,2.237670278071313e-06,3,0.0004999999999999987,False,,,,,,,,,,False,1.2624584717606524e-05,-1.8774916943541414e-05,4.436046511627915e-05,1.520805677920345e-06,-1.3047554779446497e-05,1.7404251385964245e-05,False
tcn,zero,17,9.0,0.0,0.0,0.0,0.0,0,0.0,False,,,,,,,,,,False,0.0,0.0,0.0,0.0,0.0,0.0,False
tcn,zero,17,10.0,-2.2267441860490676e-05,-1.8293189368745466e-05,-5.3654485050014245e-05,-8.607650087344432e-06,0,0.00024999999999999935,False,,,,,,,,,,False,-2.142857142857446e-05,-4.98421926910502e-05,7.807308970104843e-06,-9.916208122302539e-06,-2.433787835232548e-05,4.248571445823213e-06,False
tcn,zero,17,11.0,-3.418604651159729e-05,-4.132059800654453e-05,-4.372923588036315e-05,-1.1369009384054607e-05,0,0.0007500000000000007,False,,,,,,,,,,False,-3.471760797342238e-05,-7.059800664450422e-05,4.152823918223788e-09,-1.2355844465383737e-05,-2.9661598768696618e-05,5.309646665853868e-06,False
tcn,zero,18,1.0,0.002730622923588011,0.002797778239202575,0.0023465946843853613,0.0015418356833518886,5,0.0022499999999999985,False,,,,,,,,,,False,0.0029051495016611363,0.0015752284053156195,0.0043584883720930185,0.001638276469379525,0.0009044095501497533,0.002409585270649572,True
tcn,zero,18,2.0,0.0046993563122923465,0.00462911129568111,0.004146636212624566,0.0027033568984297764,5,0.0007500000000000007,False,,,,,,,,,,False,0.004655315614617933,0.0034197799003322085,0.005863583887043184,0.0026901979484176696,0.0020132953408252695,0.0033637683721617533,True
tcn,zero,18,3.0,0.0018870099667773754,0.0019528654485049257,0.0015998546511627465,0.0010174793142099681,5,0.0005000000000000004,False,,,,,,,,,,False,0.0018866279069767412,0.001244638704318936,0.002526922757475081,0.0009756411426606981,0.0006317347889158941,0.001311500151927997,True
tcn,zero,18,4.0,0.003564377076411951,0.0034691652823920505,0.003449792358803938,0.0020843385401670524,5,0.0014999999999999996,False,,,,,,,,,,False,0.0034644518272425296,0.00301926079734219,0.0039367192691029925,0.0020060416716923025,0.0017626019145625142,0.0022572230609125784,True
tcn,zero,18,5.0,0.0,0.0,0.0,0.0,0,0.0,False,,,,,,,,,,False,0.0,0.0,0.0,0.0,0.0,0.0,False
tcn,zero,18,6.0,-0.002839659468438538,-0.002793833056478401,-0.003639638704318937,-0.0018768448640900548,0,0.002000000000000001,False,,,,,,,,,,False,-0.003023754152823932,-0.004313181063122945,-0.001774352159468448,-0.001996720773205951,-0.002656678713317705,-0.0013539167132054974,False
tcn,zero,18,7.0,0.0006755357142857133,0.0006426287375415063,0.00026750415282383866,0.00039991359701270214,5,0.0007500000000000007,False,,,,,,,,,,False,0.0006943521594684366,0.00044713455149502225,0.000951333056478404,0.000407168956889431,0.0002827173993480768,0.0005420798539285724,True
tcn,zero,18,8.0,2.8363787375251802e-06,2.356727574748252e-05,-0.00011721345514947856,-1.7043132396032945e-06,3,0.0009999999999999992,False,,,,,,,,,,False,1.3289036544872345e-06,-9.252491694351177e-05,8.921096345515124e-05,-9.612144599202567e-07,-5.336617199542354e-05,4.623207070481283e-05,False
tcn,zero,18,9.0,0.0,0.0,0.0,0.0,0,0.0,False,,,,,,,,,,False,0.0,0.0,0.0,0.0,0.0,0.0,False
tcn,zero,18,10.0,4.917774086377058e-05,8.284883720843794e-06,-1.2915282392000904e-05,2.955865206284436e-05,3,0.0002500000000000002,False,,,,,,,,,,False,6.578073089700931e-05,5.473421926889433e-06,0.00012575166112956517,4.228984153469173e-05,8.271444290531365e-06,7.75793757859729e-05,True
tcn,zero,18,11.0,-6.01744186048414e-06,-6.1669435216238355e-06,-3.0834717608008155e-05,-9.738344202059323e-06,1,0.0005000000000000004,False,,,,,,,,,,False,-6.229235880398365e-05,-0.00015420265780729194,2.4588870431885046e-05,-3.6467246322614556e-05,-8.723037587445046e-05,9.675189765907606e-06,False
tcn,zero,19,1.0,0.003992545681063065,0.004178820598006561,0.0034087416943520132,0.0024354201865090853,5,0.0025000000000000005,False,,,,,,,,,,False,0.003932225913621266,0.002622176079734238,0.005394036544850513,0.0024661359542281127,0.0016976590013960487,0.003344360166796452,True
tcn,zero,19,2.0,0.004724522425249167,0.00475822259136216,0.003662707641195917,0.003008232686478629,5,0.002,False,,,,,,,,,,False,0.005083887043189367,0.00373637043189367,0.006478089700996665,0.003359703932008985,0.002488823394918061,0.004303893174886517,True
tcn,zero,19,3.0,0.0025997051495015855,0.002691258305647648,0.0020070390365448665,0.001851237375121162,5,0.0015000000000000013,False,,,,,,,,,,False,0.002535215946843865,0.00178753322259136,0.0033099750830564967,0.001875265480743189,0.0014145697628021692,0.0023454324123039156,True
tcn,zero,19,4.0,-0.000235934385382075,-0.0004661337209301841,-0.001030191029900429,-0.0002831644944934819,2,0.0017499999999999998,False,,,,,,,,,,False,-0.00020614617940198365,-0.0010877906976744128,0.0006845390365448653,-0.00022480679985974693,-0.0007628453152208657,0.0003308189198467749,False
tcn,zero,19,5.0,0.0,0.0,0.0,0.0,0,0.0,False,,,,,,,,,,False,0.0,0.0,0.0,0.0,0.0,0.0,False
tcn,zero,19,6.0,-0.0037918646179403216,-0.0036492940199336354,-0.004910963455149631,-0.0020692943003408847,0,0.003,False,,,,,,,,,,False,-0.003941362126245832,-0.005279738372092981,-0.0025794352159468513,-0.002107934404936719,-0.002889942128255135,-0.0012992796745308623,False
tcn,zero,19,7.0,0.1368643563122923,0.1360285714285714,0.13099536960132885,0.09379903800213855,5,0.0004999999999999987,True,,,,,,,,,,True,0.1369171096345515,0.1284122591362126,0.14504075166112954,0.09524861711466867,0.08843114880856956,0.10186870197498676,True
tcn,zero,19,8.0,0.059971590531561425,0.05915924003322248,0.0561048380398671,0.03667452680303509,5,0.0002500000000000002,True,,,,,,,,,,True,0.060048837209302326,0.055387080564784065,0.06439412375415283,0.0370403486641375,0.03394290247693727,0.04007885979000946,True
tcn,zero,19,9.0,0.0,0.0,0.0,0.0,0,0.0,False,,,,,,,,,,False,0.0,0.0,0.0,0.0,0.0,0.0,False
tcn,zero,19,10.0,4.2068106312309614e-05,6.592607973421316e-05,-3.191445182715302e-05,3.2879014652231754e-05,4,0.0002500000000000002,False,,,,,,,,,,False,4.4850498338884216e-05,-3.106312292355212e-05,0.00012409053156145621,3.461986531256955e-05,-1.7085075220230506e-05,8.761756640473537e-05,False
tcn,zero,19,11.0,1.5581395348784887e-05,3.2807308970594917e-06,-1.6382890365540526e-05,6.155606843560868e-06,4,0.0007499999999999989,False,,,,,,,,,,False,2.8820598006648048e-05,-3.2227990033210166e-05,8.887043189369882e-05,1.5362833392554843e-05,-2.1867418794230373e-05,5.1244246170561575e-05,False
tcn,zero,20,1.0,-0.00027482558139535485,-0.0002903031561459768,-0.00035525332225927464,-6.627867718034253e-05,0,0.0015000000000000013,False,,,,,,,,,,False,-1.8438538205981513e-05,-0.000563218438538208,0.0005023588039867153,3.938574415324414e-05,-0.00019825856808012023,0.00025377553360027315,False
tcn,zero,20,2.0,0.0001662333887043399,0.00023147840531556607,4.406146179414261e-05,0.00015485813090974077,5,0.0012500000000000011,False,,,,,,,,,,False,0.0003415282392026586,-0.00040022840531560414,0.0010715406976743989,0.0002503176133763563,-8.281242446462539e-05,0.0005757340845685016,False
tcn,zero,20,3.0,0.0001775290697675125,0.0002059593023255868,0.00010467192691043792,0.00011934204375281254,5,0.003000000000000001,False,,,,,,,,,,False,3.272425249170485e-05,-0.000320319767441841,0.0004006810631229489,6.663700618229074e-05,-8.999907511052569e-05,0.00022517465590086777,False
tcn,zero,20,4.0,0.0006558139534884822,0.000577159468438726,0.00036696428571436623,0.00036881533422152837,5,0.0009999999999999992,False,,,,,,,,,,False,0.0005845514950166019,0.00022149086378736563,0.0009238164451827115,0.00033829506324127735,0.00017419924370358573,0.0004944895214302672,True
tcn,zero,20,5.0,0.0,0.0,0.0,0.0,0,0.0,False,,,,,,,,,,False,0.0,0.0,0.0,0.0,0.0,0.0,False
tcn,zero,20,6.0,0.00048626245847183114,0.0006738372093023637,-6.247923588031945e-05,0.00017887408497581082,4,0.0010000000000000009,False,,,,,,,,,,False,0.0004310631229235995,-0.0003692151162790554,0.0011976370431894064,0.00015791454843624208,-0.00022868882693818175,0.0005191389147356974,False
tcn,zero,20,7.0,-2.1764950166014428e-05,-0.00012151162790685621,-0.0008565199335547335,6.478230140549712e-07,2,0.0009999999999999992,False,,,,,,,,,,False,-1.1295681063103747e-05,-0.0005806270764119424,0.0005852450166113148,2.6496217705374026e-06,-0.00036994196143923827,0.0004081424169482106,False
tcn,zero,20,8.0,7.148671096348646e-05,7.601744186036541e-05,-3.909883720920604e-05,5.218032153435637e-05,4,0.0002500000000000002,False,,,,,,,,,,False,7.541528239202289e-05,6.964285714289559e-06,0.00014999999999996402,5.1947359582620315e-05,1.1459248094663032e-05,9.547005691702332e-05,True
tcn,zero,20,9.0,0.0,0.0,0.0,0.0,0,0.0,False,,,,,,,,,,False,0.0,0.0,0.0,0.0,0.0,0.0,False
tcn,zero,20,10.0,-3.779485049828502e-05,-3.7375415282370206e-05,-7.163621262451514e-05,-2.472729167095622e-05,0,0.0002500000000000002,False,,,,,,,,,,False,-3.4053156146167665e-05,-6.761212624585985e-05,-4.152823920255927e-06,-2.2750291879832797e-05,-4.098428875146054e-05,-5.671698472155407e-06,False
tcn,zero,20,11.0,3.696013289089528e-06,7.059800664066529e-07,-9.57225913600368e-06,1.1622186411952562e-05,3,0.0004999999999999987,False,,,,,,,,,,False,2.873754152824426e-05,-2.5436046511643358e-05,9.10299003322316e-05,2.2118358057349186e-05,-1.6444821790426724e-06,4.859296849138087e-05,False
tcn,zero,21,1.0,-0.004045598006644524,-0.003900332225913572,-0.004325747508305611,-0.003959545568581246,0,0.0014999999999999996,False,,,,,,,,,,False,-0.0037796511627907012,-0.006538021179402009,-0.0010345265780730983,-0.0038111382192048994,-0.006149555230739111,-0.0013937870085915201,False
tcn,zero,21,2.0,-0.007159464285714323,-0.00702836378737548,-0.007878197674418663,-0.006738302179668043,0,0.003749999999999999,False,,,,,,,,,,False,-0.007104401993355486,-0.009465589700996677,-0.004864057308970108,-0.006014907160052148,-0.007971678567302729,-0.004075128826717942,False
tcn,zero,21,3.0,0.001565490033222583,0.0015351328903653871,0.0014504360465116273,0.0013930783808743686,5,0.0017500000000000016,False,,,,,,,,,,False,0.0016917774086378746,-0.0006857184385382022,0.004010664451827247,0.0013673107465250944,-0.0005630118531876033,0.0031424193559138145,False
tcn,zero,21,4.0,-0.0008163164451827631,-0.000609613787375396,-0.001342462624584706,-0.0010058647151965471,0,0.0010000000000000009,False,,,,,,,,,,False,-0.00043720930232558577,-0.001824848421926919,0.0009703488372093004,-0.0004059826484090856,-0.001804758803179115,0.001079561339788188,False
tcn,zero,21,5.0,0.0,0.0,0.0,0.0,0,0.0,False,,,,,,,,,,False,0.0,0.0,0.0,0.0,0.0,0.0,False
tcn,zero,21,6.0,0.0026499833887043247,0.0025864617940198897,0.0022313538205980255,0.0018851480734511483,5,0.0005000000000000004,False,,,,,,,,,,False,0.002891445182724249,0.0005597196843853798,0.005322940199335553,0.002490668180079405,0.0006918494410955327,0.004445117725865423,True
tcn,zero,21,7.0,-5.637873754155143e-05,-5.722591362133933e-05,-0.00027852990033228053,9.674058520918738e-05,1,0.0005000000000000004,False,,,,,,,,,,False,-0.00011121262458472502,-0.0005364098837209424,0.00033064784053154627,0.00014988863271728992,-0.00018152562710330159,0.00048417525585178056,False
tcn,zero,21,8.0,-7.397425249169309e-05,-7.659883720928518e-05,-0.0002002906976744101,-0.00011906336241256366,1,0.0002500000000000002,False,,,,,,,,,,False,-9.368770764120404e-05,-0.00021762458471761108,1.720722591361271e-05,-0.00016193372485368563,-0.0002764624878920133,-3.447781472771353e-05,False
tcn,zero,21,9.0,0.0,0.0,0.0,0.0,0,0.0,False,,,,,,,,,,False,0.0,0.0,0.0,0.0,0.0,0.0,False
tcn,zero,21,10.0,4.965946843853431e-05,3.772840531557353e-05,1.899916943520763e-05,1.9774823912976914e-05,5,0.0002500000000000002,False,,,,,,,,,,False,7.450166112955736e-05,-2.226744186047956e-05,0.0001701079734219113,-2.126132664398317e-05,-0.00015007876899095123,0.00010141438996863489,False
tcn,zero,21,11.0,9.800664451997675e-07,1.1752491694327905e-05,-4.8608803986716076e-05,1.6278310523287763e-05,3,0.0005000000000000004,False,,,,,,,,,,False,-1.4617940199338486e-05,-0.0001647944352159506,0.00013887458471759684,4.7647136404951326e-05,-0.0001665926412951345,0.0002454271896160722,False
tcn,zero,22,1.0,0.00370154069767441,0.0038812500000000583,0.0028797757475083063,-5.073360767482438e-05,5,0.0024999999999999988,False,,,,,,,,,,False,0.0035765780730897014,0.0008210880398671153,0.006422533222591355,0.0002892338301461117,-0.0021503916284851586,0.0026504057570980546,True
tcn,zero,22,2.0,-0.002626536544850522,-0.0029658014950166844,-0.0033835132890365216,-0.001500740361711972,0,0.0012499999999999994,False,,,,,,,,,,False,-0.00245672757475083,-0.004974773671096352,0.0003397591362126307,-0.002139697979987447,-0.004877627475911492,0.0007965283734062776,False
tcn,zero,22,3.0,0.0014036710963454934,0.0014398671096345073,0.0010504152823920254,0.0008264868219908239,5,0.0007499999999999989,False,,,,,,,,,,False,0.001240614617940201,-0.0013393459302325627,0.003661179401993354,0.0008847757880606821,-0.0011970176944459475,0.0028204503553647107,False
tcn,zero,22,4.0,0.002781698504983354,0.002774377076411927,0.002357412790697677,0.0038760127484188,5,0.0010000000000000009,False,,,,,,,,,,False,0.0028319767441860465,0.0014816279069767469,0.0041495286544850525,0.0038565221220491974,0.0021059373539191787,0.005559660859086881,True
tcn,zero,22,5.0,0.0,0.0,0.0,0.0,0,0.0,False,,,,,,,,,,False,0.0,0.0,0.0,0.0,0.0,0.0,False
tcn,zero,22,6.0,-0.009972769933554827,-0.010109842192691065,-0.011546968438538197,-0.007661905587134798,0,0.0014999999999999996,False,,,,,,,,,,False,-0.009950996677740869,-0.013601355897009967,-0.006392483388704327,-0.007824831933428365,-0.010934001514740286,-0.004726082461304749,False
tcn,zero,22,7.0,-0.00036856727574754446,-0.000315220099667779,-0.0005607765780731855,-0.00015499033638051164,0,0.0005000000000000004,False,,,,,,,,,,False,-0.00033504983388704445,-0.0006836088039867048,3.408637873754288e-05,-0.00011263107191997635,-0.00041210505337963964,0.00020147650746717206,False
tcn,zero,22,8.0,-3.665697674417601e-05,-3.349252491691157e-05,-8.521594684385292e-05,4.593065680600361e-05,0,0.0,False,,,,,,,,,,False,-5.107973421927259e-05,-0.00018472176079734398,7.98235049833896e-05,0.00011041041110555816,-3.303021198580791e-05,0.00026636935763356417,False
tcn,zero,22,9.0,0.0,0.0,0.0,0.0,0,0.0,False,,,,,,,,,,False,0.0,0.0,0.0,0.0,0.0,0.0,False
tcn,zero,22,10.0,0.00039828903654484107,0.00037086794019935976,-2.1740033222639177e-05,0.0003076587541306575,4,0.0005000000000000004,False,,,,,,,,,,False,0.0004032392026578069,0.00011708887043189747,0.0007049439368770798,0.0002752797061419865,4.108421244162245e-05,0.0005519573761609223,True
tcn,zero,22,11.0,-5.743355481757639e-06,-2.684800664454201e-05,-7.400332225915296e-05,-6.208745262943349e-05,2,0.0007499999999999989,False,,,,,,,,,,False,1.1295681063114848e-05,-0.00013804194352161594,0.00016877284053156005,-6.965954066498025e-05,-0.0002786846934955579,0.00013942185046514273,False
tcn,zero,23,1.0,0.001783430232558092,0.0018346760797341988,0.0012780107973421329,0.0013549766028677634,5,0.0022500000000000003,False,,,,,,,,,,False,0.0013985049833886976,-0.002070739202657813,0.005147354651162783,0.0010887894748691917,-0.001740781791145388,0.0039701784307495155,False
tcn,zero,23,2.0,0.007674563953488334,0.007688683554817222,0.007362063953488374,0.007761539621926694,5,0.0034999999999999996,False,,,,,,,,,,False,0.0074019102990033215,0.003374576411960128,0.011735029069767448,0.006123809818796301,0.0024768693295090655,0.00992975865119401,True
tcn,zero,23,3.0,0.03126735880398668,0.031321677740863696,0.030016486710963464,0.024399774847152677,5,0.0012499999999999994,True,,,,,,,,,,True,0.03126553156146181,0.029226835548172764,0.03340776162790698,0.024091365606271963,0.022295365933179132,0.025959944945859067,True
tcn,zero,23,4.0,0.002019335548172707,0.002047736710963366,0.0018586378737540654,0.001360899281730088,5,0.0024999999999999988,False,,,,,,,,,,False,0.0018849667774086321,0.0006970598006644494,0.003050365448504978,0.0007625673391554977,-0.0005668918376177428,0.002079070606004804,True
tcn,zero,23,5.0,0.0,0.0,0.0,0.0,0,0.0,False,,,,,,,,,,False,0.0,0.0,0.0,0.0,0.0,0.0,False
tcn,zero,23,6.0,-0.00018017441860469497,-0.0001420473421926971,-0.0006174418604651954,-4.547547231219529e-05,2,0.0014999999999999996,False,,,,,,,,,,False,5.398671096338292e-06,-0.002236542774086388,0.00206689368770763,9.940470155461845e-05,-0.0015761244834993642,0.0016164155970952913,False
tcn,zero,23,7.0,3.1901993355454294e-05,3.116694352167659e-05,-9.709302325588975e-05,0.00014031151654845254,4,0.0002500000000000002,False,,,,,,,,,,False,5.066445182718704e-06,-0.00029462832225914386,0.0003067421096345332,5.54632722109194e-05,-0.0002770819304126086,0.0003738483294716887,False
tcn,zero,23,8.0,8.049833887040503e-05,0.00012850913621254012,-5.8700166112979346e-05,8.871026272512239e-05,4,0.0002500000000000002,False,,,,,,,,,,False,9.43521594684349e-05,-1.6299833887048643e-05,0.0002112956810631162,0.00017645928685072198,7.157278546880527e-05,0.0002832989362812018,False
tcn,zero,23,9.0,0.0,0.0,0.0,0.0,0,0.0,False,,,,,,,,,,False,0.0,0.0,0.0,0.0,0.0,0.0,False
tcn,zero,23,10.0,1.5618770764080915e-05,3.824750830561108e-05,-5.012458471764791e-05,-2.012350736240176e-05,4,0.0002500000000000002,False,,,,,,,,,,False,2.657807308968918e-06,-8.589285714285936e-05,9.254152823920372e-05,-1.745253947702752e-05,-0.00012521188378251797,0.00010396449713200328,False
tcn,zero,23,11.0,6.717192691028107e-05,4.588870431887493e-05,6.042358803970416e-06,0.0002609539691394103,5,0.0002500000000000002,False,,,,,,,,,,False,4.3853820598002135e-05,-0.00013455564784053853,0.00021848837209302198,0.00023406479878956943,7.465721500389075e-05,0.0003881585352560641,False
tcn,zero,24,1.0,0.10832183139534883,0.10773970099667785,0.10641380813953483,0.06963974557838157,5,0.0014999999999999996,True,,,,,,,,,,True,0.1086828903654485,0.10303924418604653,0.11442669019933555,0.07015309680200552,0.06641175015737824,0.0739111790654607,True
tcn,zero,24,2.0,0.0038562583056477974,0.0037452865448504014,0.003615946843854023,0.0021431985774887697,5,0.0007500000000000007,False,,,,,,,,,,False,0.003684551495016618,0.0028875249169435383,0.004459505813953482,0.0020692478755514566,0.0016468566945337002,0.002498582093949252,True
tcn,zero,24,3.0,0.0018048961794019601,0.0018146387043187495,0.0016399501661130689,0.0009307740378271312,5,0.0017499999999999998,False,,,,,,,,,,False,0.0016843853820598031,0.0011427782392027092,0.0022081686046511676,0.0008551776085921514,0.0005943399932656438,0.001108538247916509,True
tcn,zero,24,4.0,0.001466960132890316,0.0015973006644518506,0.0010655730897007887,0.0007743358469755046,5,0.00275,False,,,,,,,,,,False,0.0014892026578073182,0.0011674003322259174,0.0017919642857142876,0.0007794281750553345,0.0006139177491372164,0.0009388717971956784,True
tcn,zero,24,5.0,0.0,0.0,0.0,0.0,0,0.0,False,,,,,,,,,,False,0.0,0.0,0.0,0.0,0.0,0.0,False
tcn,zero,24,6.0,-0.013256175249169489,-0.013168272425249206,-0.013701370431893678,-0.007366190054596733,0,0.0017500000000000007,False,,,,,,,,,,False,-0.013328986710963444,-0.01454410091362124,-0.012060946843853827,-0.007472638578762124,-0.008148996460950984,-0.006781456993438755,False
tcn,zero,24,7.0,0.0003813662790697281,0.0005991901993355198,-0.0002507267441862471,0.00024189473605498168,4,0.002,False,,,,,,,,,,False,0.0003710132890365536,-4.261212624584081e-05,0.0007727990033222516,0.00023172587793014897,6.5220518398417535e-06,0.0004502505616412714,False
tcn,zero,24,8.0,0.0002939700996677619,0.0003131644518271637,0.000159198504983471,0.00016246542799605023,5,0.0002500000000000002,False,,,,,,,,,,False,0.0002993355481727611,0.0001973380398671195,0.00039850498338870493,0.00016577101874646783,0.00011305989111408286,0.00021908321499537972,True
tcn,zero,24,9.0,0.0,0.0,0.0,0.0,0,0.0,False,,,,,,,,,,False,0.0,0.0,0.0,0.0,0.0,0.0,False
tcn,zero,24,10.0,-7.926495016608026e-05,-6.474252491683874e-05,-0.0002025539867109849,-4.435658875496795e-05,0,0.0007499999999999989,False,,,,,,,,,,False,-9.900332225912023e-05,-0.000173089700996628,-2.4418604651153557e-05,-5.559664136672526e-05,-9.676010458047563e-05,-1.5214138486421204e-05,False
tcn,zero,24,11.0,2.292774086374294e-05,1.9539036544835575e-05,3.1561461791840273e-06,1.2131142196669664e-05,5,0.0007499999999999989,False,,,,,,,,,,False,8.305647840540776e-06,-3.6549003322270124e-05,4.9169435215964677e-05,6.127774534905317e-06,-1.992054384397388e-05,2.9371930002021577e-05,False
tcn,zero,25,1.0,0.0010618853820598463,0.0011797965116280285,0.000623650332225778,0.0006021930810662157,5,0.002,False,,,,,,,,,,False,0.0010052325581395305,0.00024647840531561994,0.0017571158637873653,0.0005746107750819551,0.00017780264773361264,0.0009773167799526502,True
tcn,zero,25,2.0,0.290699115448505,0.2912268064784054,0.2877442275747508,0.23734639691479895,5,0.0012500000000000002,True,,,,,,,,,,True,0.29063039867109636,0.2855780544019934,0.29579559385382054,0.23606127218070586,0.23168517385069223,0.24046403343093317,True
tcn,zero,25,3.0,0.0004741777408638015,0.0005183139534883363,0.0003058347176080334,0.00035007880909616597,5,0.0027500000000000007,False,,,,,,,,,,False,0.0004449335548172817,-5.770556478407384e-05,0.0009342068106312268,0.00030423591224008504,3.454188527714705e-05,0.0005602428411387035,False
tcn,zero,25,4.0,0.002314248338870439,0.0021423588039866104,0.0020321636212625727,0.0014017680126786392,5,0.0007500000000000007,False,,,,,,,,,,False,0.0023500830564784003,0.0018611067275747736,0.0028711378737541443,0.001435851071439742,0.0011847086757288932,0.001703656991850087,True
tcn,zero,25,5.0,0.0,0.0,0.0,0.0,0,0.0,False,,,,,,,,,,False,0.0,0.0,0.0,0.0,0.0,0.0,False
tcn,zero,25,6.0,-0.005277063953488303,-0.005350602159468476,-0.005579983388704024,-0.002805413336431184,0,0.001,False,,,,,,,,,,False,-0.005275498338870436,-0.006725556478405352,-0.003763571428571429,-0.0028042808245281625,-0.0035891414698796618,-0.001989632620274474,False
tcn,zero,25,7.0,0.0009991901993355646,0.001129796511627923,0.0004366279069766277,0.0005050974575246281,5,0.0005000000000000004,False,,,,,,,,,,False,0.0009819767441860416,0.0005925186877076338,0.0013548421926910389,0.0004932812935438891,0.0002739520896997423,0.0007044857226458772,True
tcn,zero,25,8.0,3.904069767446394e-05,5.58554817275958e-05,-2.0224252491596317e-05,1.810239157831184e-05,4,0.0002500000000000002,False,,,,,,,,,,False,3.878737541527566e-05,-4.4032392026591786e-05,0.00011994601328899822,2.359538024450658e-05,-1.986580280347605e-05,6.610458317882225e-05,False
tcn,zero,25,9.0,0.0,0.0,0.0,0.0,0,0.0,False,,,,,,,,,,False,0.0,0.0,0.0,0.0,0.0,0.0,False
tcn,zero,25,10.0,-1.7940199335475526e-05,-1.4057308969972482e-05,-3.6088039866988275e-05,-1.1584461028713022e-05,0,0.0002500000000000002,False,,,,,,,,,,False,-5.6727574750832235e-05,-0.00010018272425250583,-1.2624584717631699e-05,-3.181110082451366e-05,-5.548467424097148e-05,-9.367066653911349e-06,False
tcn,zero,25,11.0,-3.120016611297682e-05,-2.653654485040846e-05,-5.481727574752071e-05,-9.086320325035757e-06,0,0.0005000000000000004,False,,,,,,,,,,False,-3.828903654485738e-05,-0.00010542566445184515,2.7574750830571843e-05,-1.4743649038722052e-05,-5.1008897360793396e-05,2.1030285740548326e-05,False
tcn,zero,26,1.0,0.0025942732558139614,0.0025969269102990022,0.002470161960132944,0.0016023691405464336,5,0.0017499999999999998,False,,,,,,,,,,False,0.0025778239202657784,0.0017897259136212685,0.0033954111295681115,0.0016309990104372985,0.0012230276958925081,0.0020682152292605623,True
tcn,zero,26,2.0,0.004423982558139516,0.004204588870431847,0.00407213455149491,0.0026465593698811185,5,0.0015000000000000013,False,,,,,,,,,,False,0.004285880398671089,0.003194314784053161,0.00537942275747508,0.002577623357880349,0.0020182207334439426,0.003141910831651043,True
tcn,zero,26,3.0,0.0023476702657807325,0.002342857142857202,0.002074148671096343,0.0013574998584338527,5,0.0017499999999999998,False,,,,,,,,,,False,0.0023116279069767386,0.0014119476744185867,0.003195768272425239,0.0013031668250651119,0.0008252140010412528,0.0017486797501819057,True
tcn,zero,26,4.0,0.35052821428571435,0.35112086794019937,0.347383803986711,0.30191725550573734,5,0.0022500000000000003,True,,,,,,,,,,True,0.3506955980066446,0.3450817836378739,0.35597576204318937,0.2997298169698579,0.2954950554323417,0.3039986838942762,True
tcn,zero,26,5.0,0.0,0.0,0.0,0.0,0,0.0,False,,,,,,,,,,False,0.0,0.0,0.0,0.0,0.0,0.0,False
tcn,zero,26,6.0,-0.0033833970099667486,-0.003424418604651147,-0.003950020764119655,-0.0014037792037263409,0,0.0037500000000000007,False,,,,,,,,,,False,-0.0031641196013289076,-0.00485070182724255,-0.0015133679401993394,-0.0012128774997497537,-0.002103121485458011,-0.00033732837811993496,False
tcn,zero,26,7.0,-0.0004386337209302038,-0.0004179401993354981,-0.0005580772425248792,-0.0001964616297184918,0,0.0005000000000000004,False,,,,,,,,,,False,-0.0004524086378737524,-0.0006425705980066366,-0.00025348006644517347,-0.0002022237564591056,-0.00030143746291404563,-9.866323602592072e-05,False
tcn,zero,26,8.0,1.25581395348906e-05,3.477990033218248e-05,-4.5452657807310004e-05,1.2187772622018755e-06,3,0.0004999999999999987,False,,,,,,,,,,False,5.813953488366108e-06,-6.313538205982777e-05,7.32599667774004e-05,-2.9789793592538418e-06,-3.9719174247439066e-05,3.157677541883673e-05,False
tcn,zero,26,9.0,0.0,0.0,0.0,0.0,0,0.0,False,,,,,,,,,,False,0.0,0.0,0.0,0.0,0.0,0.0,False
tcn,zero,26,10.0,8.803571428570578e-05,8.814368770759806e-05,6.588455149503236e-05,4.176819274497312e-05,5,0.0005000000000000004,False,,,,,,,,,,False,9.601328903654615e-05,4.2342192691023045e-05,0.00015000415282392658,4.930879466772176e-05,2.0061243852918018e-05,8.023349198353065e-05,True
tcn,zero,26,11.0,6.842607973422954e-05,8.029485049843021e-05,1.9705149501669794e-05,3.6669468660699425e-05,5,0.0007500000000000007,False,,,,,,,,,,False,7.034883720929086e-05,-2.7009966777389896e-05,0.00016561877076410553,3.943900735122852e-05,-9.975516746659057e-06,8.546303397564117e-05,False
tcn,zero,27,1.0,0.0060448920265780744,0.005982392026578132,0.005424854651162714,0.004134594697292937,5,0.0007500000000000007,False,,,,,,,,,,False,0.0060872093023255835,0.004226644518272433,0.007974019933554809,0.004078483869830173,0.0028725258811632443,0.005306190867799888,True
tcn,zero,27,2.0,0.008090182724252482,0.008408222591362091,0.006404858803986668,0.006633228929618351,5,0.0012499999999999994,False,,,,,,,,,,False,0.00826436877076412,0.005501333056478412,0.011506054817275749,0.006556507652544379,0.004535446123306155,0.008951364357230356,True
tcn,zero,27,3.0,0.005491623754152819,0.005481852159468392,0.005073525747508301,0.0037800692050224518,5,0.002000000000000001,False,,,,,,,,,,False,0.005452657807308967,0.004139671926910296,0.006728745847176075,0.0036741701818821925,0.0026210990762180713,0.004661951101505658,True
tcn,zero,27,4.0,0.006461295681063128,0.006187811461794035,0.005898172757475062,0.005439370254933284,5,0.0017500000000000007,False,,,,,,,,,,False,0.006585880398671088,0.005915917774086372,0.007285855481727569,0.0055332475632048515,0.005052890239382661,0.00602807013823436,True
tcn,zero,27,5.0,0.0,0.0,0.0,0.0,0,0.0,False,,,,,,,,,,False,0.0,0.0,0.0,0.0,0.0,0.0,False
tcn,zero,27,6.0,-0.008128214285714308,-0.008112500000000078,-0.010277533222591395,-0.005460048427236863,0,0.002000000000000001,False,,,,,,,,,,False,-0.00810016611295682,-0.010280938538205995,-0.005765153654485044,-0.005417168824346469,-0.006854577018810764,-0.0038997043741922687,False
tcn,zero,27,7.0,-0.0007380357142857674,-0.0006235257475083467,-0.0011474044850499077,-0.0004036562694301526,0,0.0007499999999999998,False,,,,,,,,,,False,-0.0007153654485049854,-0.001026681893687711,-0.000426067275747519,-0.000371564478489731,-0.0005828767507889764,-0.00018092349917268524,False
tcn,zero,27,8.0,2.2122093023235757e-05,5.793189368774598e-06,-1.9622093023308196e-05,-3.2570215815486137e-06,3,0.0002500000000000002,False,,,,,,,,,,False,4.908637873753952e-05,-2.9335548172762956e-05,0.0001238413621262455,7.211073304199678e-06,-5.1705755027756124e-05,6.1030327491217836e-05,False
tcn,zero,27,9.0,0.0,0.0,0.0,0.0,0,0.0,False,,,,,,,,,,False,0.0,0.0,0.0,0.0,0.0,0.0,False
tcn,zero,27,10.0,0.009207134551495,0.0074601951827242274,0.006211980897009917,0.0058035519437029445,5,0.0005000000000000004,False,,,,,,,,,,False,0.009246345514950162,0.0066465303156146155,0.011911401578073088,0.005771695410295886,0.004128316488511728,0.007454024238753039,True
tcn,zero,27,11.0,0.00016405730897008918,0.00015224252491696788,0.00012186461794017056,0.0001182551675457999,5,0.0007500000000000007,False,,,,,,,,,,False,0.00017649501661129107,6.459717607972618e-05,0.0002985901162790758,0.0001182638889939458,3.991223552815137e-05,0.0002072963002379696,True
tcn,zero,28,1.0,0.003478305647840485,0.003306436877076324,0.0030689784053156144,0.005072587945052743,5,0.00275,False,,,,,,,,,,False,0.003790448504983389,0.0008253426079734173,0.006821636212624596,0.00472104868667603,0.002100828505928708,0.00734812620781815,True
tcn,zero,28,2.0,0.008169771594684372,0.008248774916943535,0.007642130398671121,0.007855193402905792,5,0.0034999999999999996,False,,,,,,,,,,False,0.008,0.004489825581395347,0.011504063538205983,0.007245598423606325,0.0041291113844663515,0.010435643001775052,True
tcn,zero,28,3.0,0.003677649501661118,0.0037167358803986694,0.0034141611295680496,0.004066454073179094,5,0.0015000000000000005,False,,,,,,,,,,False,0.003375083056478405,0.0011395245016611395,0.0056256000830564815,0.004201915437304515,0.0023803036175167862,0.00599561892049409,True
tcn,zero,28,4.0,0.005980818106312236,0.005837437707641113,0.0053031561461793775,0.006206240739740942,5,0.0022499999999999994,False,,,,,,,,,,False,0.005855730897009965,0.004258548588039868,0.0074788475913621245,0.005369518389881011,0.0036326159093488376,0.007167176207163731,True
tcn,zero,28,5.0,0.0,0.0,0.0,0.0,0,0.0,False,,,,,,,,,,False,0.0,0.0,0.0,0.0,0.0,0.0,False
tcn,zero,28,6.0,-0.007235805647840543,-0.007162583056478433,-0.008006187707641166,-0.005945233000445338,0,0.0024999999999999996,False,,,,,,,,,,False,-0.0074229235880398725,-0.01082170265780731,-0.0042586835548172825,-0.0066370595027203175,-0.00935567023198528,-0.003997336230001072,False
tcn,zero,28,7.0,0.0009863870431893185,0.0009761627906975656,0.0007443936877076229,0.0007014966967958225,5,0.0004999999999999996,False,,,,,,,,,,False,0.0009813122923588002,0.000618002491694338,0.0013689078073089713,0.0006615804729176733,0.0003207811736555117,0.0010386496769108826,True
tcn,zero,28,8.0,4.164036544846983e-05,2.4356312292361793e-05,-3.938953488369368e-05,2.357189326178677e-05,4,0.0002500000000000002,False,,,,,,,,,,False,5.091362126245502e-05,-5.499169435217288e-05,0.00015825373754152757,-2.2205000040806942e-05,-0.00014144934108314592,0.00012089951010357503,False
tcn,zero,28,9.0,0.0,0.0,0.0,0.0,0,0.0,False,,,,,,,,,,False,0.0,0.0,0.0,0.0,0.0,0.0,False
tcn,zero,28,10.0,0.00018875830564781814,9.985465116280068e-05,-4.954318936878366e-05,0.00020040294278149683,3,0.0004999999999999996,False,,,,,,,,,,False,0.00017117940199335325,-3.1862541528250763e-05,0.0003932184385382052,0.00013525601978713885,-8.480167897607829e-05,0.00036999282926573576,False
tcn,zero,28,11.0,0.00022435215946838837,0.00019997923588033206,0.0001223214285713814,0.0003109203792306614,5,0.0005000000000000004,False,,,,,,,,,,False,0.00022906976744185736,6.593230897009386e-05,0.0003892192691029859,0.00034739807461954265,0.00015856728592737902,0.0005367387438221373,True
transformer,conditional,1,1.0,-3.589700996680101e-05,-3.787375415265082e-05,-4.950166112960286e-05,-2.0005907656583942e-05,0,0.0007500000000000007,False,legacy_mean,0.9735514594657588,0.9860982298851012,0.0107001973907897,0.0037028193473815,0.9716406840851836,0.972594011099527,1.0054640769958496,True,False,-5.0664451827251437e-05,-7.209717607977274e-05,-2.873338870431801e-05,-2.751506439142015e-05,-3.7649075428464376e-05,-1.7447825170335328e-05,False
transformer,conditional,1,2.0,1.7882059800666815e-05,1.8770764119602212e-05,2.1179401992199587e-06,9.085454836244011e-06,5,0.0002500000000000002,False,legacy_mean,0.9547037280833192,0.976567566394806,0.0173378191583196,0.0056550055742263,0.9528272462470592,0.957772059655812,1.0040563344955444,True,False,1.445182724251315e-05,-3.82059800664572e-06,3.505398671096383e-05,8.098699211464e-06,5.238927295906914e-07,1.6901017686969026e-05,False
transformer,conditional,1,3.0,1.0805647840528287e-05,1.3289036544850141e-05,-3.779069767340104e-06,4.351561772475421e-06,4,0.0005000000000000004,False,legacy_mean,0.9645213980895376,0.9826198816299438,0.0132580876337276,0.0045016407966613,0.9338504025323758,0.9224820453538722,0.9988558888435364,True,False,1.1627906976728886e-05,-8.471760797354178e-06,2.9069767441865068e-05,4.43176169140469e-06,-3.651184148838471e-06,1.192432658414477e-05,False
transformer,conditional,1,4.0,8.024916943523141e-05,8.05232558138691e-05,6.889534883702808e-05,3.968891191099555e-05,5,0.0005000000000000004,False,legacy_mean,0.578858077860626,0.7629849314689636,0.188949346998356,0.0666544735431671,0.6053401041017571,0.6451221459408996,0.995981752872467,True,False,7.740863787374597e-05,4.235465116278397e-05,0.00011611295681059598,3.905698795039436e-05,2.2772121988249293e-05,5.6477297892825785e-05,True
transformer,conditional,1,5.0,0.0,0.0,0.0,0.0,0,0.0,False,legacy_mean,,,0.0,0.0,,,0.0,False,False,0.0,0.0,0.0,0.0,0.0,0.0,False
transformer,conditional,1,6.0,1.1661129568119043e-05,9.717607973414033e-06,6.602990033410805e-06,5.8647525990274115e-06,5,0.0002500000000000002,False,legacy_mean,0.997028398791882,0.99845689535141,0.0014378663426005,0.0010824799537658,0.982810815577105,0.9823900750798902,0.9907699823379515,True,False,1.3122923588033686e-05,5.149501661133593e-06,2.1100498338865743e-05,6.8193758868551055e-06,3.3835379965420355e-06,1.0360321751287953e-05,True
transformer,conditional,1,7.0,1.4767441860485952e-05,1.1004983388795964e-05,8.305647840489705e-06,7.705191908113917e-06,5,0.0002500000000000002,False,legacy_mean,0.7184863700707094,0.8477235436439514,0.1213696854402002,0.0426122844219207,0.8106234837175326,0.886557398930125,0.994693160057068,True,False,1.2292358803979165e-05,1.4908637873669309e-06,2.5913621262433683e-05,6.731825830662563e-06,1.7457457986245205e-06,1.2388393741116386e-05,True
transformer,conditional,1,8.0,-1.7599667774059748e-05,-1.6860465116175227e-05,-2.5249169435137553e-05,-8.555625754103069e-06,0,0.0002500000000000002,False,legacy_mean,0.2974372147454651,0.5468789935112,0.3615364657126344,0.1433535814285278,0.5001105345716035,0.6359453685855146,0.9983698129653932,False,False,-1.9933554817299637e-05,-3.2225913621282134e-05,-9.634551495048465e-06,-9.568689672698749e-06,-1.534831028469022e-05,-4.4821016688600675e-06,False
transformer,conditional,1,9.0,0.0,0.0,0.0,0.0,0,0.0,False,legacy_mean,,,0.0,0.0,,,0.0,False,False,0.0,0.0,0.0,0.0,0.0,0.0,False
transformer,conditional,1,10.0,9.966777408498829e-07,1.8272425248433422e-06,-8.513289036504723e-06,4.1387142379889497e-07,3,0.0,False,legacy_mean,0.1901592773672956,0.4344758987426758,0.4539596056210538,0.1942001581192016,0.1148842134756825,0.4754276976683602,1.00121009349823,False,False,3.3222591362069844e-07,-7.641196013274009e-06,6.976744186034723e-06,-2.2155239479459965e-07,-3.865921472294309e-06,2.919823981187924e-06,False
transformer,conditional,1,11.0,-9.269102989972743e-06,-8.92857142853476e-06,-1.549003322254272e-05,-4.076165847632929e-06,0,0.0002500000000000002,False,legacy_mean,0.0145931334962615,0.1211393773555755,0.7025116868592033,0.3832193613052368,-0.013847639476689,-0.2776265762891957,0.9969984889030457,False,False,-1.7607973421943646e-05,-2.8239202657804053e-05,-6.146179402037072e-06,-7.530333029804881e-06,-1.2004042849710405e-05,-2.816477149805791e-06,False
transformer,conditional,2,1.0,-0.0002930398671096679,-0.0002962624584719187,-0.0003314784053156661,-0.00015232547030408217,0,0.0004999999999999987,False,legacy_mean,0.9735514594657588,0.9860982298851012,0.0107001973907897,0.0037028193473815,0.9716406840851836,0.972594011099527,1.0054640769958496,True,False,-0.0002840531561461812,-0.0003239244186046695,-0.00024551495016611783,-0.0001461963690144308,-0.0001671016401315463,-0.00012603599403457572,False
transformer,conditional,2,2.0,4.6644518272453975e-05,4.9377076411838416e-05,4.983388704471459e-06,2.8692883022252146e-05,5,0.0007499999999999989,False,legacy_mean,0.9547037280833192,0.976567566394806,0.0173378191583196,0.0056550055742263,0.9528272462470592,0.957772059655812,1.0040563344955444,True,False,4.9003322259132396e-05,1.178986710963978e-05,9.137043189367173e-05,2.905355592049297e-05,9.697633281520957e-06,5.005090194698442e-05,True
transformer,conditional,2,3.0,-2.1843853820424642e-06,-1.578073089758547e-06,-9.136212624549778e-06,-8.868547469731425e-07,1,0.0002500000000000002,False,legacy_mean,0.9645213980895376,0.9826198816299438,0.0132580876337276,0.0045016407966613,0.9338504025323758,0.9224820453538722,0.9988558888435364,True,False,-2.325581395341558e-06,-2.2093023255791962e-05,1.8941029900338723e-05,-1.861319730478428e-07,-8.616796860359267e-06,8.987297017482517e-06,False
transformer,conditional,2,4.0,0.00036074335548170745,0.00036611295681054923,0.0003294435215945857,0.0001703039519356242,5,0.0012499999999999994,False,legacy_mean,0.578858077860626,0.7629849314689636,0.188949346998356,0.0666544735431671,0.6053401041017571,0.6451221459408996,0.995981752872467,True,False,0.0003599667774086424,0.0002845514950166204,0.0004352200996677779,0.00016978201714257902,0.00013889327387591602,0.00019991012042317905,True
transformer,conditional,2,5.0,0.0,0.0,0.0,0.0,0,0.0,False,legacy_mean,,,0.0,0.0,,,0.0,False,False,0.0,0.0,0.0,0.0,0.0,0.0,False
transformer,conditional,2,6.0,-2.8309800664483298e-05,-2.8218438538396562e-05,-3.679401993339493e-05,-1.4848812095347164e-05,0,0.0002500000000000002,False,legacy_mean,0.997028398791882,0.99845689535141,0.0014378663426005,0.0010824799537658,0.982810815577105,0.9823900750798902,0.9907699823379515,True,False,-3.3222591362127576e-05,-4.5514950166131334e-05,-2.109634551496148e-05,-1.678791153772341e-05,-2.335861140277315e-05,-1.0623295250555609e-05,False
transformer,conditional,2,7.0,7.458887043187978e-05,7.923588039882024e-05,4.5452657807421026e-05,4.013647869454129e-05,5,0.0007500000000000007,False,legacy_mean,0.7184863700707094,0.8477235436439514,0.1213696854402002,0.0426122844219207,0.8106234837175326,0.886557398930125,0.994693160057068,True,False,8.504983388705644e-05,6.378322259138675e-05,0.00010747508305648439,4.489419917333981e-05,3.4552322859094125e-05,5.561264352082698e-05,True
transformer,conditional,2,8.0,-4.526578073060783e-06,-2.4916943519581736e-06,-2.466777408638432e-05,-4.7506818838805033e-07,1,0.0002500000000000002,False,legacy_mean,0.2974372147454651,0.5468789935112,0.3615364657126344,0.1433535814285278,0.5001105345716035,0.6359453685855146,0.9983698129653932,False,False,-4.65116279069977e-06,-2.0764119601304558e-05,1.2628737541538237e-05,-3.319922537992071e-08,-7.318892674671868e-06,8.103462732716389e-06,False
transformer,conditional,2,9.0,0.0,0.0,0.0,0.0,0,0.0,False,legacy_mean,,,0.0,0.0,,,0.0,False,False,0.0,0.0,0.0,0.0,0.0,0.0,False
transformer,conditional,2,10.0,-1.1449335548086026e-05,-1.096345514939312e-05,-3.245431893683648e-05,-6.202787892872763e-06,1,0.0002500000000000002,False,legacy_mean,0.1901592773672956,0.4344758987426758,0.4539596056210538,0.1942001581192016,0.1148842134756825,0.4754276976683602,1.00121009349823,False,False,-1.2292358803982496e-05,-2.4418604651167574e-05,-9.92524916912036e-07,-6.527807559422172e-06,-1.3497943951021496e-05,-2.8311064448507686e-08,False
transformer,conditional,2,11.0,-8.37624584713037e-06,-3.758305647583171e-06,-1.7815614617999742e-05,-3.1513702747121285e-06,0,0.0007499999999999989,False,legacy_mean,0.0145931334962615,0.1211393773555755,0.7025116868592033,0.3832193613052368,-0.013847639476689,-0.2776265762891957,0.9969984889030457,False,False,-8.63787375414704e-06,-2.375830564785347e-05,9.306478405342133e-06,-2.573222916334439e-06,-9.947700142625444e-06,5.762548649789446e-06,False
transformer,conditional,3,1.0,0.0001152823920265611,0.00016831395348837486,-6.922757475091856e-05,-3.676670986669794e-05,3,0.0005000000000000004,False,legacy_mean,0.9735514594657588,0.9860982298851012,0.0107001973907897,0.0037028193473815,0.9716406840851836,0.972594011099527,1.0054640769958496,True,False,0.0001166943521594721,-7.849460132889336e-05,0.0003125332225913744,2.9380799821824287e-05,-0.000281052064343602,0.00036030188380690976,False
transformer,conditional,3,2.0,-0.0002909468438538232,-0.00033008720930238766,-0.0003694767441859703,-0.0004051820877605916,0,0.0007499999999999989,False,legacy_mean,0.9547037280833192,0.976567566394806,0.0173378191583196,0.0056550055742263,0.9528272462470592,0.957772059655812,1.0040563344955444,True,False,-0.0002695182724252476,-0.0004985527408637887,-4.276993355481498e-05,-0.00034688352447462934,-0.0006751674047575455,-1.1076186043086602e-05,False
transformer,conditional,3,3.0,0.0001191071428571222,9.804817275749222e-05,7.047342192689765e-05,0.00010022125977209307,5,0.0009999999999999992,False,legacy_mean,0.9645213980895376,0.9826198816299438,0.0132580876337276,0.0045016407966613,0.9338504025323758,0.9224820453538722,0.9988558888435364,True,False,0.00014958471760797342,-6.164867109638815e-06,0.0002986025747508344,0.0001558394566200705,-3.8045803879882236e-05,0.00035877316928244646,False
transformer,conditional,3,4.0,0.0015143355481727517,0.0016334302325581307,0.0008287167774087001,0.0021290324528245863,5,0.0017499999999999998,False,legacy_mean,0.578858077860626,0.7629849314689636,0.188949346998356,0.0666544735431671,0.6053401041017571,0.6451221459408996,0.995981752872467,True,False,0.0015427740863787343,0.0009707308970099641,0.00217363372093023,0.002327900340655815,0.0018083515695245652,0.002886982206639319,True
transformer,conditional,3,5.0,0.0,0.0,0.0,0.0,0,0.0,False,legacy_mean,,,0.0,0.0,,,0.0,False,False,0.0,0.0,0.0,0.0,0.0,0.0,False
transformer,conditional,3,6.0,-0.0002890739202658033,-0.0002640365448505211,-0.0003664244186046828,-0.0002117701068598432,0,0.0002500000000000002,False,legacy_mean,0.997028398791882,0.99845689535141,0.0014378663426005,0.0010824799537658,0.982810815577105,0.9823900750798902,0.9907699823379515,True,False,-0.000256229235880403,-0.00033205980066445596,-0.00017341777408638086,-0.0001225473172078717,-0.0002455903121907738,-6.071030112698288e-06,False
transformer,conditional,3,7.0,-8.142441860465865e-05,-6.324750830566384e-05,-0.00016451411960138884,-0.00013501399605218012,0,0.0002500000000000002,False,legacy_mean,0.7184863700707094,0.8477235436439514,0.1213696854402002,0.0426122844219207,0.8106234837175326,0.886557398930125,0.994693160057068,True,False,-7.566445182724535e-05,-0.0001810755813953579,3.0066445182716063e-05,-0.00018148849215191443,-0.00033871100029255814,-1.11908511506126e-05,False
transformer,conditional,3,8.0,3.385797342190244e-05,4.829734219269355e-05,-3.895348837212875e-05,-2.4719322392385833e-05,4,0.0002500000000000002,False,legacy_mean,0.2974372147454651,0.5468789935112,0.3615364657126344,0.1433535814285278,0.5001105345716035,0.6359453685855146,0.9983698129653932,False,False,5.99667774086432e-05,-1.6777408637856455e-05,0.0001332225913621301,-2.6432319416851425e-05,-0.00013440159602716076,8.509636494978403e-05,False
transformer,conditional,3,9.0,0.0,0.0,0.0,0.0,0,0.0,False,legacy_mean,,,0.0,0.0,,,0.0,False,False,0.0,0.0,0.0,0.0,0.0,0.0,False
transformer,conditional,3,10.0,9.688538205976371e-05,5.498338870424391e-05,-0.00015180647840540296,0.00015998765766054302,4,0.0002500000000000002,False,legacy_mean,0.1901592773672956,0.4344758987426758,0.4539596056210538,0.1942001581192016,0.1148842134756825,0.4754276976683602,1.00121009349823,False,False,9.742524916943718e-05,-6.104858803987457e-05,0.00024771594684386077,0.00015410725214929256,3.936768648942519e-06,0.0002810946866562509,False
transformer,conditional,3,11.0,0.00013541943521593324,0.00012512458471758414,0.0001059593023255978,9.102615179201745e-05,5,0.0007499999999999989,False,legacy_mean,0.0145931334962615,0.1211393773555755,0.7025116868592033,0.3832193613052368,-0.013847639476689,-0.2776265762891957,0.9969984889030457,False,False,0.00016935215946843883,3.234219269103539e-05,0.0003132288205980012,9.276511021735767e-05,-0.00010052019310342975,0.0002875420151602425,True
transformer,conditional,4,1.0,0.00999126661129568,0.010863081395348861,0.0038232765780731315,0.008699143811848354,5,0.0002500000000000002,False,legacy_mean,0.9735514594657588,0.9860982298851012,0.0107001973907897,0.0037028193473815,0.9716406840851836,0.972594011099527,1.0054640769958496,True,False,0.009880066445182729,0.006204684385382064,0.013383272425249167,0.008500483280758872,0.005638588299435356,0.011323869219031207,True
transformer,conditional,4,2.0,-0.01610232142857144,-0.017421387043189407,-0.022241196013289,-0.014246858788499161,0,0.0004999999999999987,False,legacy_mean,0.9547037280833192,0.976567566394806,0.0173378191583196,0.0056550055742263,0.9528272462470592,0.957772059655812,1.0040563344955444,True,False,-0.01608687707641196,-0.020037362956810637,-0.01202786129568106,-0.013937002291700007,-0.01704857882439291,-0.010796019016515614,False
transformer,conditional,4,3.0,0.0013155440199335232,0.0013079318936876083,0.0005069975083056288,0.0011468322024428268,5,0.0009999999999999992,False,legacy_mean,0.9645213980895376,0.9826198816299438,0.0132580876337276,0.0045016407966613,0.9338504025323758,0.9224820453538722,0.9988558888435364,True,False,0.0012822259136212656,0.0007442421096345612,0.0018378862126245828,0.0011345516751278262,0.0006803882320401631,0.00167422696210389,True
transformer,conditional,4,4.0,-0.00666110465116283,-0.008530107973422019,-0.012755045681063115,-0.005623646934503168,1,0.0014999999999999996,False,legacy_mean,0.578858077860626,0.7629849314689636,0.188949346998356,0.0666544735431671,0.6053401041017571,0.6451221459408996,0.995981752872467,True,False,-0.0066179401993355525,-0.011627500000000008,-0.0016537001661129618,-0.005552340065990869,-0.009742243454313059,-0.0013912001098170402,False
transformer,conditional,4,5.0,0.0,0.0,0.0,0.0,0,0.0,False,legacy_mean,,,0.0,0.0,,,0.0,False,False,0.0,0.0,0.0,0.0,0.0,0.0,False
transformer,conditional,4,6.0,-0.01237605481727575,-0.013421428571428584,-0.01545878322259131,-0.011445694969319886,0,0.0005000000000000004,False,legacy_mean,0.997028398791882,0.99845689535141,0.0014378663426005,0.0010824799537658,0.982810815577105,0.9823900750798902,0.9907699823379515,True,False,-0.012383056478405317,-0.014467296511627908,-0.010048297342192699,-0.011245188864105632,-0.012697718212316654,-0.009732827835754321,False
transformer,conditional,4,7.0,-0.006492500000000035,-0.0067175041528239055,-0.00705139119601339,-0.006518855693714132,0,0.0007499999999999989,False,legacy_mean,0.7184863700707094,0.8477235436439514,0.1213696854402002,0.0426122844219207,0.8106234837175326,0.886557398930125,0.994693160057068,True,False,-0.00646544850498339,-0.0068975166112956645,-0.005903226744186061,-0.006370984229804639,-0.007022493764089112,-0.005754389901720522,False
transformer,conditional,4,8.0,-0.0008795099667774142,-0.0010517234219269422,-0.0020865863787375982,-0.0009239595507125609,1,0.0005000000000000004,False,legacy_mean,0.2974372147454651,0.5468789935112,0.3615364657126344,0.1433535814285278,0.5001105345716035,0.6359453685855146,0.9983698129653932,False,False,-0.0008916943521594722,-0.001570307308970091,-8.083887043191796e-05,-0.0009276464656281269,-0.0014546214807622739,-0.00018709269627383747,False
transformer,conditional,4,9.0,0.0,0.0,0.0,0.0,0,0.0,False,legacy_mean,,,0.0,0.0,,,0.0,False,False,0.0,0.0,0.0,0.0,0.0,0.0,False
transformer,conditional,4,10.0,0.10537000415282391,0.10222122093023256,0.07668089700996672,0.0880924877151235,5,0.0007499999999999989,True,legacy_mean,0.1901592773672956,0.4344758987426758,0.4539596056210538,0.1942001581192016,0.1148842134756825,0.4754276976683602,1.00121009349823,False,False,0.10525224252491695,0.09008110049833885,0.11940593023255813,0.08688253920111665,0.07596454674765411,0.096682415790856,True
transformer,conditional,4,11.0,-2.091362126246388e-05,-2.813538205981292e-05,-0.00012373338870441675,-7.289020798006973e-06,1,0.0005000000000000004,False,legacy_mean,0.0145931334962615,0.1211393773555755,0.7025116868592033,0.3832193613052368,-0.013847639476689,-0.2776265762891957,0.9969984889030457,False,False,-4.144518272425457e-05,-0.00020507267441860594,0.00012777408637874174,-2.213477646442197e-05,-0.00020368420941190287,0.0001675495533192098,False
transformer,conditional,5,1.0,5.556893687711506e-05,7.844684385382994e-05,-8.608803986709379e-05,6.180558580892725e-05,4,0.0002500000000000002,False,legacy_mean,0.9735514594657588,0.9860982298851012,0.0107001973907897,0.0037028193473815,0.9716406840851836,0.972594011099527,1.0054640769958496,True,False,7.159468438538264e-05,-0.00013940199335547355,0.0002837292358804054,-1.4798739140992057e-05,-0.00023853449988329797,0.00022644934140231073,False
transformer,conditional,5,2.0,6.748754152825498e-05,4.4269102990046605e-05,2.7823920265568347e-06,0.0001307269540546274,5,0.0005000000000000004,False,legacy_mean,0.9547037280833192,0.976567566394806,0.0173378191583196,0.0056550055742263,0.9528272462470592,0.957772059655812,1.0040563344955444,True,False,0.0001494186046511614,-8.223629568106443e-05,0.0003847549833887059,0.00017672619476171824,-0.0001685856490030654,0.0005511231412810421,False
transformer,conditional,5,3.0,-3.0215946843836772e-05,-2.5166112956775955e-05,-7.794850498332728e-05,-5.836053223633453e-05,1,0.0005000000000000004,False,legacy_mean,0.9645213980895376,0.9826198816299438,0.0132580876337276,0.0045016407966613,0.9338504025323758,0.9224820453538722,0.9988558888435364,True,False,-2.109634551495376e-05,-0.00016948089700996946,0.00013076827242525514,-9.696860636878358e-05,-0.00026727421761866356,6.870004024879013e-05,False
transformer,conditional,5,4.0,5.988787375418303e-05,7.298588039872378e-05,-0.00014011627906973523,-0.00017995228753002744,4,0.0012499999999999994,False,legacy_mean,0.578858077860626,0.7629849314689636,0.188949346998356,0.0666544735431671,0.6053401041017571,0.6451221459408996,0.995981752872467,True,False,4.7342192691026684e-05,-0.0004119476744186104,0.0004967109634551488,-0.0002199087712726855,-0.0007594579992326956,0.00032907123875806796,False
transformer,conditional,5,5.0,0.0,0.0,0.0,0.0,0,0.0,False,legacy_mean,,,0.0,0.0,,,0.0,False,False,0.0,0.0,0.0,0.0,0.0,0.0,False
transformer,conditional,5,6.0,4.749584717609334e-05,3.471760797346679e-05,1.9912790697684812e-05,3.760657424316527e-05,5,0.0005000000000000004,False,legacy_mean,0.997028398791882,0.99845689535141,0.0014378663426005,0.0010824799537658,0.982810815577105,0.9823900750798902,0.9907699823379515,True,False,5.024916943521473e-05,-2.2263289036555195e-05,0.00012068313953489076,2.1914487070691103e-05,-9.994676366018116e-05,0.00015123706083889268,False
transformer,conditional,5,7.0,-0.00011403239202656401,-0.00013104235880401216,-0.00017458471760789518,-6.910744852119954e-05,0,0.0007500000000000007,False,legacy_mean,0.7184863700707094,0.8477235436439514,0.1213696854402002,0.0426122844219207,0.8106234837175326,0.886557398930125,0.994693160057068,True,False,-0.00010382059800664146,-0.00021628737541527757,6.324750830566329e-06,-6.505446617909639e-05,-0.00020499879384406318,7.583724422438876e-05,False
transformer,conditional,5,8.0,-0.0001108430232558133,-0.00010701827242520778,-0.00014748754152821286,-0.00012697461041943914,0,0.0002500000000000002,False,legacy_mean,0.2974372147454651,0.5468789935112,0.3615364657126344,0.1433535814285278,0.5001105345716035,0.6359453685855146,0.9983698129653932,False,False,-0.00011503322259136362,-0.00019877284053155465,-3.720514950166381e-05,-0.00015019512507944089,-0.00030962890213959236,-3.012130060405956e-06,False
transformer,conditional,5,9.0,0.0,0.0,0.0,0.0,0,0.0,False,legacy_mean,,,0.0,0.0,,,0.0,False,False,0.0,0.0,0.0,0.0,0.0,0.0,False
transformer,conditional,5,10.0,-3.002906976740105e-05,-2.3151993355452483e-05,-0.000105917774086417,-3.2965341991486596e-06,1,0.0002500000000000002,False,legacy_mean,0.1901592773672956,0.4344758987426758,0.4539596056210538,0.1942001581192016,0.1148842134756825,0.4754276976683602,1.00121009349823,False,False,-1.835548172757273e-05,-6.536752491694627e-05,2.8073089700989858e-05,-7.403312346054847e-06,-9.793764791714843e-05,6.796575845652906e-05,False
transformer,conditional,5,11.0,0.0001251993355481873,0.000205917774086406,-0.00029879568106311316,-5.581753194565664e-05,3,0.0007500000000000007,False,legacy_mean,0.0145931334962615,0.1211393773555755,0.7025116868592033,0.3832193613052368,-0.013847639476689,-0.2776265762891957,0.9969984889030457,False,False,0.00015681063122923277,-0.00014792151162791353,0.00044304817275748044,-4.1746753719331675e-05,-0.00032331411127575554,0.0002356275461836629,False
transformer,conditional,6,1.0,1.1337209302331175e-05,1.1752491694383416e-05,6.72757475084218e-06,3.428564244112309e-06,5,0.0007499999999999989,False,legacy_mean,0.9735514594657588,0.9860982298851012,0.0107001973907897,0.0037028193473815,0.9716406840851836,0.972594011099527,1.0054640769958496,True,False,1.1129568106310606e-05,3.322259136208983e-06,1.877076411960335e-05,3.2738727272596524e-06,5.921699582889239e-07,5.8950678566501986e-06,True
transformer,conditional,6,2.0,-2.0764119601057727e-06,4.983388703916347e-07,-2.176079734195202e-05,-1.259209332560296e-06,3,0.0002500000000000002,False,legacy_mean,0.9547037280833192,0.976567566394806,0.0173378191583196,0.0056550055742263,0.9528272462470592,0.957772059655812,1.0040563344955444,True,False,-1.4950166112870367e-06,-1.5282392026554184e-05,1.063122923590576e-05,-1.0043890393962585e-06,-6.437711064753715e-06,3.07648944195718e-06,False
transformer,conditional,6,3.0,6.428571428629404e-06,5.689368770767089e-06,4.817275747526217e-06,2.058967141516099e-06,5,0.0007499999999999989,False,legacy_mean,0.9645213980895376,0.9826198816299438,0.0132580876337276,0.0045016407966613,0.9338504025323758,0.9224820453538722,0.9988558888435364,True,False,9.966777408638716e-06,1.3247508305531677e-06,1.9601328903676803e-05,3.0712277876798757e-06,4.5033799512203545e-07,6.056941094616325e-06,True
transformer,conditional,6,4.0,-3.437707641191778e-05,-3.554817275741584e-05,-4.547342192684489e-05,-1.2383056294651418e-05,0,0.0007499999999999989,False,legacy_mean,0.578858077860626,0.7629849314689636,0.188949346998356,0.0666544735431671,0.6053401041017571,0.6451221459408996,0.995981752872467,True,False,-4.3853820598002135e-05,-6.544850498337994e-05,-2.275747508307929e-05,-1.556083339184222e-05,-2.3763560370722944e-05,-8.126346589396732e-06,False
transformer,conditional,6,5.0,0.0,0.0,0.0,0.0,0,0.0,False,legacy_mean,,,0.0,0.0,,,0.0,False,False,0.0,0.0,0.0,0.0,0.0,0.0,False
transformer,conditional,6,6.0,1.1627906976618973e-06,4.5681063109981324e-07,-1.661129567231967e-07,2.5604014435298695e-07,4,0.0004999999999999987,False,legacy_mean,0.997028398791882,0.99845689535141,0.0014378663426005,0.0010824799537658,0.982810815577105,0.9823900750798902,0.9907699823379515,True,False,9.966777408776384e-07,-2.8239202657587834e-06,4.3189368770990835e-06,1.5569019614636304e-07,-1.1783444667340103e-06,1.3436292191326137e-06,False
transformer,conditional,6,7.0,-4.98338870502657e-07,7.890365447682512e-07,-4.443521594899025e-06,-1.5161511734973487e-07,3,0.0004999999999999987,False,legacy_mean,0.7184863700707094,0.8477235436439514,0.1213696854402002,0.0426122844219207,0.8106234837175326,0.886557398930125,0.994693160057068,True,False,1.661129568197861e-07,-4.152823920259368e-06,4.1528239202649475e-06,1.2174074394133428e-08,-1.4285718445495864e-06,1.3352475165839241e-06,False
transformer,conditional,6,8.0,-2.4003322258714377e-06,-1.3289036543406851e-06,-5.19102990015341e-06,-5.154220118042119e-07,0,0.0004999999999999987,False,legacy_mean,0.2974372147454651,0.5468789935112,0.3615364657126344,0.1433535814285278,0.5001105345716035,0.6359453685855146,0.9983698129653932,False,False,-1.6611295681034921e-06,-6.976744186045852e-06,2.994186046530794e-06,-2.584219583012803e-07,-2.0221909375298665e-06,1.4683624736392381e-06,False
transformer,conditional,6,9.0,0.0,0.0,0.0,0.0,0,0.0,False,legacy_mean,,,0.0,0.0,,,0.0,False,False,0.0,0.0,0.0,0.0,0.0,0.0,False
transformer,conditional,6,10.0,4.9833887105776854e-08,-5.813953488642554e-07,-1.5365448504667256e-06,-4.952162191429466e-09,2,0.0004999999999999987,False,legacy_mean,0.1901592773672956,0.4344758987426758,0.4539596056210538,0.1942001581192016,0.1148842134756825,0.4754276976683602,1.00121009349823,False,False,-1.3289036544927858e-06,-5.319767441871958e-06,2.325581395336118e-06,-4.87810376267328e-07,-1.8923430290989362e-06,7.615602456195746e-07,False
transformer,conditional,6,11.0,3.081395348902838e-06,3.0315614619746967e-06,1.4950166111749041e-06,8.15250614327745e-07,5,0.0007499999999999989,False,legacy_mean,0.0145931334962615,0.1211393773555755,0.7025116868592033,0.3832193613052368,-0.013847639476689,-0.2776265762891957,0.9969984889030457,False,False,2.1594684385428663e-06,-4.1528239202449355e-06,8.642026578070343e-06,5.296880537897231e-07,-1.6881643337012532e-06,2.818968217036115e-06,False
transformer,conditional,7,1.0,1.9294019933657757e-05,1.6279069767533016e-05,1.1669435215910795e-05,8.095232195692859e-06,5,0.0010000000000000009,False,legacy_mean,0.9735514594657588,0.9860982298851012,0.0107001973907897,0.0037028193473815,0.9716406840851836,0.972594011099527,1.0054640769958496,True,False,1.4617940199351808e-05,3.6544850498406444e-06,2.691029900332434e-05,6.065561018502308e-06,5.861345434254317e-07,1.1844985082699362e-05,True
transformer,conditional,7,2.0,-6.910299003259901e-06,-4.069767441827743e-06,-1.2956810631181703e-05,-1.8984583289638478e-06,0,0.0007499999999999989,False,legacy_mean,0.9547037280833192,0.976567566394806,0.0173378191583196,0.0056550055742263,0.9528272462470592,0.957772059655812,1.0040563344955444,True,False,-8.803986710941291e-06,-2.740863787371242e-05,8.97009966779272e-06,-3.0707949168162773e-06,-9.830975626312771e-06,3.989657394132121e-06,False
transformer,conditional,7,3.0,6.997508305706112e-06,5.2533222592021644e-06,-2.367109634415776e-06,2.777069325343717e-06,4,0.0005000000000000004,False,legacy_mean,0.9645213980895376,0.9826198816299438,0.0132580876337276,0.0045016407966613,0.9338504025323758,0.9224820453538722,0.9988558888435364,True,False,1.0465116279083642e-05,-3.3222591361848352e-06,2.4754983388748796e-05,4.305835075015807e-06,-2.1833357937047768e-06,1.193707449942055e-05,False
transformer,conditional,7,4.0,0.000249975083056575,5.290697674442679e-05,-5.813953488420509e-06,0.00017093582053897549,4,0.0007499999999999989,False,legacy_mean,0.578858077860626,0.7629849314689636,0.188949346998356,0.0666544735431671,0.6053401041017571,0.6451221459408996,0.995981752872467,True,False,0.00024069767441862623,1.3102159468471322e-05,0.0005002076411960444,0.00016596590953932733,1.60238564554005e-05,0.00033522542858356363,True
transformer,conditional,7,5.0,0.0,0.0,0.0,0.0,0,0.0,False,legacy_mean,,,0.0,0.0,,,0.0,False,False,0.0,0.0,0.0,0.0,0.0,0.0,False
transformer,conditional,7,6.0,-1.4119601328355103e-06,-1.3704318936325066e-06,-1.7441860464817438e-06,-6.48315991180759e-07,0,0.0007500000000000007,False,legacy_mean,0.997028398791882,0.99845689535141,0.0014378663426005,0.0010824799537658,0.982810815577105,0.9823900750798902,0.9907699823379515,True,False,1.661129568197861e-07,-5.647840531552484e-06,5.813953488363056e-06,-5.014744299258744e-07,-3.175475670319894e-06,2.1000477510795215e-06,False
transformer,conditional,7,7.0,-2.815614617857065e-06,-6.0631229236163264e-06,-1.0921926909990276e-05,-1.444618001467113e-06,1,0.0004999999999999987,False,legacy_mean,0.7184863700707094,0.8477235436439514,0.1213696854402002,0.0426122844219207,0.8106234837175326,0.886557398930125,0.994693160057068,True,False,-2.6578073089555955e-06,-1.3953488372073857e-05,9.80066445183228e-06,-1.0267331215463304e-06,-7.187252095142954e-06,6.311711138778197e-06,False
transformer,conditional,7,8.0,-4.219269102945233e-06,-2.3671096346378206e-06,-1.756644518258188e-05,-2.3989098535848187e-06,1,0.0002500000000000002,False,legacy_mean,0.2974372147454651,0.5468789935112,0.3615364657126344,0.1433535814285278,0.5001105345716035,0.6359453685855146,0.9983698129653932,False,False,-3.6544850498176907e-06,-1.0797342192682192e-05,2.329734219303136e-06,-1.916028741302256e-06,-5.333118736438297e-06,1.0992531578078996e-06,False
transformer,conditional,7,9.0,0.0,0.0,0.0,0.0,0,0.0,False,legacy_mean,,,0.0,0.0,,,0.0,False,False,0.0,0.0,0.0,0.0,0.0,0.0,False
transformer,conditional,7,10.0,-7.184385381941994e-07,-1.7026578073009446e-06,-6.021594684213483e-06,-2.5234528877593476e-07,2,0.0002500000000000002,False,legacy_mean,0.1901592773672956,0.4344758987426758,0.4539596056210538,0.1942001581192016,0.1148842134756825,0.4754276976683602,1.00121009349823,False,False,1.0797342192780946e-06,-4.152823920267057e-06,7.142857142878961e-06,4.940729213098738e-07,-2.215752765901441e-06,3.841961579765487e-06,False
transformer,conditional,7,11.0,-1.0365448504923159e-05,-1.108803986704654e-05,-1.2583056478443488e-05,-4.439609962969549e-06,0,0.0005000000000000004,False,legacy_mean,0.0145931334962615,0.1211393773555755,0.7025116868592033,0.3832193613052368,-0.013847639476689,-0.2776265762891957,0.9969984889030457,False,False,-7.973421926881218e-06,-1.5946843853791388e-05,3.32225913642098e-07,-3.906862260421029e-06,-7.1305577839646255e-06,-6.293838976971814e-07,False
transformer,conditional,8,1.0,-0.0001316860465116143,-0.0001422965116277819,-0.00016202242524931965,-6.429246862058591e-05,0,0.0007500000000000007,False,legacy_mean,0.9735514594657588,0.9860982298851012,0.0107001973907897,0.0037028193473815,0.9716406840851836,0.972594011099527,1.0054640769958496,True,False,-0.0001196013289036446,-0.0001807392026577926,-5.730897009967165e-05,-6.125848195649319e-05,-9.087262008761988e-05,-3.184285230711859e-05,False
transformer,conditional,8,2.0,4.073920265712516e-06,1.1420265780603955e-05,-2.601744186059296e-05,-1.141777267554822e-06,3,0.0009999999999999992,False,legacy_mean,0.9547037280833192,0.976567566394806,0.0173378191583196,0.0056550055742263,0.9528272462470592,0.957772059655812,1.0040563344955444,True,False,5.8139534883794305e-06,-4.5685215946834694e-05,6.246262458472515e-05,-1.3609431296079944e-06,-2.547804476898563e-05,2.5868558925944502e-05,False
transformer,conditional,8,3.0,-2.6324750830597488e-05,-2.3401162790759322e-05,-4.700996677731162e-05,-1.4834118517859097e-05,0,0.0005000000000000004,False,legacy_mean,0.9645213980895376,0.9826198816299438,0.0132580876337276,0.0045016407966613,0.9338504025323758,0.9224820453538722,0.9988558888435364,True,False,-2.7325581395355457e-05,-7.301287375416913e-05,1.9933554817230912e-05,-1.501947271004389e-05,-3.491162836358022e-05,5.839836780805018e-06,False
transformer,conditional,8,4.0,0.00016630398671091395,0.00015691445182719477,8.160299003323601e-05,0.00010328704244744191,5,0.0007500000000000007,False,legacy_mean,0.578858077860626,0.7629849314689636,0.188949346998356,0.0666544735431671,0.6053401041017571,0.6451221459408996,0.995981752872467,True,False,0.00019186046511628584,2.7732558139571597e-05,0.0003395390365448523,0.00011177329150619974,2.9454237422720355e-05,0.0001847328013079283,True
transformer,conditional,8,5.0,0.0,0.0,0.0,0.0,0,0.0,False,legacy_mean,,,0.0,0.0,,,0.0,False,False,0.0,0.0,0.0,0.0,0.0,0.0,False
transformer,conditional,8,6.0,8.313953488325865e-06,1.1254152823769736e-05,-1.0257475082986467e-05,7.80948850003238e-06,4,0.0007499999999999989,False,legacy_mean,0.997028398791882,0.99845689535141,0.0014378663426005,0.0010824799537658,0.982810815577105,0.9823900750798902,0.9907699823379515,True,False,1.2956810631240545e-05,-6.81063122921155e-06,3.338870431896071e-05,8.52408218873224e-06,-7.760061497996129e-07,1.837268993383495e-05,False
transformer,conditional,8,7.0,4.357558139527207e-05,6.88538205979583e-05,-2.227990033221161e-05,2.5927780987178294e-05,3,0.0002500000000000002,False,legacy_mean,0.7184863700707094,0.8477235436439514,0.1213696854402002,0.0426122844219207,0.8106234837175326,0.886557398930125,0.994693160057068,True,False,4.933554817277641e-05,-3.326411960101916e-06,0.00010232558139535077,2.7016046725459873e-05,3.1717346438808757e-07,5.439157544775685e-05,False
transformer,conditional,8,8.0,-3.371262458478075e-05,-2.7159468438564538e-05,-0.00010888704318956499,-2.0233626791310576e-05,1,0.0005000000000000004,False,legacy_mean,0.2974372147454651,0.5468789935112,0.3615364657126344,0.1433535814285278,0.5001105345716035,0.6359453685855146,0.9983698129653932,False,False,-2.5581395348827085e-05,-8.107142857141888e-05,3.6549003322284476e-05,-1.6379626429769978e-05,-4.498934179413552e-05,1.558365592326195e-05,False
transformer,conditional,8,9.0,0.0,0.0,0.0,0.0,0,0.0,False,legacy_mean,,,0.0,0.0,,,0.0,False,False,0.0,0.0,0.0,0.0,0.0,0.0,False
transformer,conditional,8,10.0,-3.185215946910347e-06,-1.6196013290503686e-06,-1.1794019933564215e-05,-1.7742424379463272e-06,1,0.0002500000000000002,False,legacy_mean,0.1901592773672956,0.4344758987426758,0.4539596056210538,0.1942001581192016,0.1148842134756825,0.4754276976683602,1.00121009349823,False,False,3.156146179406072e-06,-8.139534883706752e-06,1.611295681063679e-05,3.083788677493704e-07,-4.519316415368208e-06,5.679935777171878e-06,False
transformer,conditional,8,11.0,8.463455149487764e-06,1.1918604651106612e-05,-1.9518272426077843e-06,1.5156065115373708e-06,4,0.0007500000000000007,False,legacy_mean,0.0145931334962615,0.1211393773555755,0.7025116868592033,0.3832193613052368,-0.013847639476689,-0.2776265762891957,0.9969984889030457,False,False,2.1760797342190718e-05,-8.803986710957083e-06,5.3160299003319675e-05,5.0874038382953125e-06,-8.654459052797826e-06,1.9234610182806598e-05,False
transformer,conditional,9,1.0,0.00010136212624587416,0.00017661960132897558,-4.771594684382929e-05,5.300387261364392e-06,4,0.0007500000000000007,False,legacy_mean,0.9735514594657588,0.9860982298851012,0.0107001973907897,0.0037028193473815,0.9716406840851836,0.972594011099527,1.0054640769958496,True,False,0.00013463455149502203,-7.94642857142721e-05,0.00035399086378737793,2.563414282862775e-05,-0.00015722437260907854,0.0002123193901890809,False
transformer,conditional,9,2.0,-0.0006705232558139818,-0.000662977574750867,-0.0008787998338870562,-0.0002749017330968773,0,0.0012499999999999994,False,legacy_mean,0.9547037280833192,0.976567566394806,0.0173378191583196,0.0056550055742263,0.9528272462470592,0.957772059655812,1.0040563344955444,True,False,-0.0006851328903654508,-0.0009141673588039936,-0.00045780730897010494,-0.00028715906791447975,-0.0006135342746566233,6.234532864787404e-05,False
transformer,conditional,9,3.0,-7.160299003323711e-05,-4.248338870438406e-05,-0.00017254983388703682,9.107110208750324e-05,0,0.0004999999999999987,False,legacy_mean,0.9645213980895376,0.9826198816299438,0.0132580876337276,0.0045016407966613,0.9338504025323758,0.9224820453538722,0.9988558888435364,True,False,-2.3837209302322028e-05,-0.00018489202657806923,0.00015797549833887354,0.00011605563644772609,-7.333670066373014e-05,0.00029606511581481914,False
transformer,conditional,9,4.0,0.0027386918604651147,0.0024007267441860103,0.0022556686046510954,0.002292914460987583,5,0.0014999999999999996,False,legacy_mean,0.578858077860626,0.7629849314689636,0.188949346998356,0.0666544735431671,0.6053401041017571,0.6451221459408996,0.995981752872467,True,False,0.002782890365448506,0.00211059593023255,0.003551241694352151,0.002143947425959829,0.0014426322170311855,0.0028787612425633683,True
transformer,conditional,9,5.0,0.0,0.0,0.0,0.0,0,0.0,False,legacy_mean,,,0.0,0.0,,,0.0,False,False,0.0,0.0,0.0,0.0,0.0,0.0,False
transformer,conditional,9,6.0,-0.00010730481727576624,-0.00011825166112966468,-0.00014167358803984786,-0.00012149176277365115,0,0.0002500000000000002,False,legacy_mean,0.997028398791882,0.99845689535141,0.0014378663426005,0.0010824799537658,0.982810815577105,0.9823900750798902,0.9907699823379515,True,False,-0.000134136212624576,-0.00021811254152823237,-4.799418604649973e-05,-0.00018744290253065897,-0.00030099610428886003,-7.951835723660432e-05,False
transformer,conditional,9,7.0,1.1735880398644482e-05,1.783637873753463e-05,-3.814368770771459e-05,-5.576971192189362e-07,3,0.0005000000000000004,False,legacy_mean,0.7184863700707094,0.8477235436439514,0.1213696854402002,0.0426122844219207,0.8106234837175326,0.886557398930125,0.994693160057068,True,False,3.737541528240351e-06,-0.00011362126245845586,0.00013242732558138868,-7.74856780484412e-05,-0.00028784641231673904,0.00012537578545277197,False
transformer,conditional,9,8.0,-9.692691029901112e-05,-6.347591362121374e-05,-0.00017950581395353993,-0.00013623358834340403,0,0.0002500000000000002,False,legacy_mean,0.2974372147454651,0.5468789935112,0.3615364657126344,0.1433535814285278,0.5001105345716035,0.6359453685855146,0.9983698129653932,False,False,-8.737541528238912e-05,-0.0001755959302325549,5.23463455150629e-06,-0.00010857834856549675,-0.00020247184743063537,-1.8359383907672194e-05,False
transformer,conditional,9,9.0,0.0,0.0,0.0,0.0,0,0.0,False,legacy_mean,,,0.0,0.0,,,0.0,False,False,0.0,0.0,0.0,0.0,0.0,0.0,False
transformer,conditional,9,10.0,-8.545265780732781e-05,-7.979651162792756e-05,-0.00017718023255819393,-4.488865589649116e-05,0,0.0002500000000000002,False,legacy_mean,0.1901592773672956,0.4344758987426758,0.4539596056210538,0.1942001581192016,0.1148842134756825,0.4754276976683602,1.00121009349823,False,False,-6.893687707640984e-05,-0.00013505398671096431,-4.061461794011779e-06,-6.752501427764846e-05,-0.00015228031147841698,4.226717420360741e-05,False
transformer,conditional,9,11.0,-0.00015042774086380107,-0.0001502076411959985,-0.0001886004983389089,-0.00020556922837902114,0,0.0005000000000000004,False,legacy_mean,0.0145931334962615,0.1211393773555755,0.7025116868592033,0.3832193613052368,-0.013847639476689,-0.2776265762891957,0.9969984889030457,False,False,-0.00015963455149500927,-0.0002712666112956754,-4.7238372093010575e-05,-0.000278714242117678,-0.0004572903528608422,-0.0001091660625765844,False
transformer,conditional,10,1.0,0.00017973837209308562,0.000152429401993448,5.5855481727706824e-05,8.758352015785232e-05,5,0.0014999999999999996,False,legacy_mean,0.9735514594657588,0.9860982298851012,0.0107001973907897,0.0037028193473815,0.9716406840851836,0.972594011099527,1.0054640769958496,True,False,0.00021013289036545424,0.00010331810631230209,0.0003305772425249291,0.00010546111165570583,4.035376270678451e-05,0.00018009474272239146,True
transformer,conditional,10,2.0,-0.0005635631229235383,-0.0005661752491692429,-0.0007494186046511642,-0.00031086234134762857,0,0.0010000000000000009,False,legacy_mean,0.9547037280833192,0.976567566394806,0.0173378191583196,0.0056550055742263,0.9528272462470592,0.957772059655812,1.0040563344955444,True,False,-0.0005239202657807251,-0.0006800747508305766,-0.0003589659468438571,-0.00029868051680147835,-0.00038331716717710266,-0.00021070342993006848,False
transformer,conditional,10,3.0,2.2844684385447955e-05,2.7242524917259203e-05,-2.879983388692775e-05,8.593949479074325e-06,4,0.0005000000000000004,False,legacy_mean,0.9645213980895376,0.9826198816299438,0.0132580876337276,0.0045016407966613,0.9338504025323758,0.9224820453538722,0.9988558888435364,True,False,4.119601328904432e-05,-1.3122923587998797e-05,9.16985049834078e-05,1.532874111126237e-05,-1.1925648978591246e-05,4.176637808350356e-05,False
transformer,conditional,10,4.0,0.00045993770764125587,0.0004620431893688215,0.0003787790697672433,0.00021044031165020626,5,0.0014999999999999996,False,legacy_mean,0.578858077860626,0.7629849314689636,0.188949346998356,0.0666544735431671,0.6053401041017571,0.6451221459408996,0.995981752872467,True,False,0.00048289036544850173,0.0002822217607973068,0.0006860506644518182,0.00023303413980382048,0.00012715529247128173,0.0003397922978930124,True
transformer,conditional,10,5.0,0.0,0.0,0.0,0.0,0,0.0,False,legacy_mean,,,0.0,0.0,,,0.0,False,False,0.0,0.0,0.0,0.0,0.0,0.0,False
transformer,conditional,10,6.0,0.0001572093023256782,0.00012946428571447566,-5.3945182724057794e-05,9.017064621561489e-05,4,0.0007500000000000007,False,legacy_mean,0.997028398791882,0.99845689535141,0.0014378663426005,0.0010824799537658,0.982810815577105,0.9823900750798902,0.9907699823379515,True,False,0.0001481727574750824,3.7873754152665547e-06,0.00030718023255812147,8.530015420053827e-05,-3.7128040863121656e-06,0.000185394681207794,True
transformer,conditional,10,7.0,-0.00026770764119601333,-0.00025662375415280714,-0.0003881229235879191,-0.00017084093179866588,0,0.0002500000000000002,False,legacy_mean,0.7184863700707094,0.8477235436439514,0.1213696854402002,0.0426122844219207,0.8106234837175326,0.886557398930125,0.994693160057068,True,False,-0.00024950166112957416,-0.00034319352159470253,-0.00016428571428572452,-0.00016853188912978047,-0.0002229541795504873,-0.00011982890162988938,False
transformer,conditional,10,8.0,-0.00020935215946842333,-0.00016868770764133512,-0.00034730066445198826,-0.00011953610087382938,0,0.0002500000000000002,False,legacy_mean,0.2974372147454651,0.5468789935112,0.3615364657126344,0.1433535814285278,0.5001105345716035,0.6359453685855146,0.9983698129653932,False,False,-0.00022275747508306408,-0.0003279069767441864,-0.00013869601328905638,-0.00012594344912662315,-0.00018198615944081884,-8.116389876200705e-05,False
transformer,conditional,10,9.0,0.0,0.0,0.0,0.0,0,0.0,False,legacy_mean,,,0.0,0.0,,,0.0,False,False,0.0,0.0,0.0,0.0,0.0,0.0,False
transformer,conditional,10,10.0,-5.236710963374413e-06,2.026578073099916e-05,-5.479651162798582e-05,-3.663611922433141e-06,3,0.0002500000000000002,False,legacy_mean,0.1901592773672956,0.4344758987426758,0.4539596056210538,0.1942001581192016,0.1148842134756825,0.4754276976683602,1.00121009349823,False,False,-1.1627906976929836e-06,-4.4850498338892375e-05,4.053571428571088e-05,-7.689314274328396e-07,-2.529462413573655e-05,2.3122180698770905e-05,False
transformer,conditional,10,11.0,0.00010973006644514616,0.0001036752491694326,9.968853820596646e-05,5.135124408983671e-05,5,0.0005000000000000004,False,legacy_mean,0.0145931334962615,0.1211393773555755,0.7025116868592033,0.3832193613052368,-0.013847639476689,-0.2776265762891957,0.9969984889030457,False,False,0.0001440199335547965,9.13413621262266e-05,0.00019750830564781063,6.895576026327288e-05,4.461659582066399e-05,9.549675054489825e-05,True
transformer,conditional,11,1.0,0.0008587749169435055,0.0007722591362123721,0.0006684593023256191,0.0005008671264704612,5,0.0007499999999999989,False,legacy_mean,0.9735514594657588,0.9860982298851012,0.0107001973907897,0.0037028193473815,0.9716406840851836,0.972594011099527,1.0054640769958496,True,False,0.0008498338870431832,0.000661262458471732,0.0010596843853820528,0.0004938641567502633,0.00038949902652139084,0.0006068671791817086,True
transformer,conditional,11,2.0,-0.0013511710963455491,-0.001362769933554886,-0.0016761420265780647,-0.000756652198198915,0,0.0012499999999999994,False,legacy_mean,0.9547037280833192,0.976567566394806,0.0173378191583196,0.0056550055742263,0.9528272462470592,0.957772059655812,1.0040563344955444,True,False,-0.0013468438538206185,-0.0016028488372093238,-0.0011124460132890673,-0.0007701905539314125,-0.0009156959926457092,-0.0006327747967635485,False
transformer,conditional,11,3.0,-1.7047342192655357e-05,-3.108388704320397e-05,-8.278654485038839e-05,-2.6683726363385675e-06,2,0.0002500000000000002,False,legacy_mean,0.9645213980895376,0.9826198816299438,0.0132580876337276,0.0045016407966613,0.9338504025323758,0.9224820453538722,0.9988558888435364,True,False,-1.0299003322272737e-05,-7.57475083056606e-05,6.031146179402171e-05,2.33629017776793e-06,-3.8460269396631773e-05,4.41383037322095e-05,False
transformer,conditional,11,4.0,-0.0007752284053156533,-0.0008536960132889959,-0.0015037375415283272,-0.0004916788916453863,0,0.0012499999999999994,False,legacy_mean,0.578858077860626,0.7629849314689636,0.188949346998356,0.0666544735431671,0.6053401041017571,0.6451221459408996,0.995981752872467,True,False,-0.0007602990033222711,-0.001314634551495037,-0.00025056893687709034,-0.0004732892923608101,-0.0007960108839311978,-0.00016047058057005328,False
transformer,conditional,11,5.0,0.0,0.0,0.0,0.0,0,0.0,False,legacy_mean,,,0.0,0.0,,,0.0,False,False,0.0,0.0,0.0,0.0,0.0,0.0,False
transformer,conditional,11,6.0,-0.0015741029900331772,-0.0016087624584717464,-0.001952367109634423,-0.0008960788875106207,0,0.0,False,legacy_mean,0.997028398791882,0.99845689535141,0.0014378663426005,0.0010824799537658,0.982810815577105,0.9823900750798902,0.9907699823379515,True,False,-0.0015513289036545074,-0.001805157807308964,-0.0012989908637874212,-0.0008918327587138453,-0.0010413705351863553,-0.0007416862361013015,False
transformer,conditional,11,7.0,-0.0008874252491694268,-0.0009316652823919691,-0.0014080564784054728,-0.0005211889092971544,0,0.0007500000000000007,False,legacy_mean,0.7184863700707094,0.8477235436439514,0.1213696854402002,0.0426122844219207,0.8106234837175326,0.886557398930125,0.994693160057068,True,False,-0.0008682724252491736,-0.001206586378737528,-0.00046390780730897765,-0.0005081182377141158,-0.0007094824267114249,-0.0002724484946437176,False
transformer,conditional,11,8.0,-4.0382059800703195e-05,-4.362541528246666e-05,-0.00010394518272427433,-2.1723725089906054e-05,1,0.0002500000000000002,False,legacy_mean,0.2974372147454651,0.5468789935112,0.3615364657126344,0.1433535814285278,0.5001105345716035,0.6359453685855146,0.9983698129653932,False,False,-2.906976744187828e-05,-0.00010149916943523174,3.9368770764094726e-05,-1.3141514582355463e-05,-5.1187557237467516e-05,2.2423377528658775e-05,False
transformer,conditional,11,9.0,0.0,0.0,0.0,0.0,0,0.0,False,legacy_mean,,,0.0,0.0,,,0.0,False,False,0.0,0.0,0.0,0.0,0.0,0.0,False
transformer,conditional,11,10.0,0.009010199335548186,0.008639327242524919,0.006803882890365154,0.004932406665403066,5,0.0002500000000000002,False,legacy_mean,0.1901592773672956,0.4344758987426758,0.4539596056210538,0.1942001581192016,0.1148842134756825,0.4754276976683602,1.00121009349823,False,False,0.00897641196013287,0.007371951827242472,0.010750029069767424,0.0049860469426824825,0.004084457613223764,0.0060017169790476015,True
transformer,conditional,11,11.0,-2.466362126252175e-05,-2.178156146204202e-05,-4.937707641206046e-05,-2.024684556087841e-05,0,0.0007499999999999989,False,legacy_mean,0.0145931334962615,0.1211393773555755,0.7025116868592033,0.3832193613052368,-0.013847639476689,-0.2776265762891957,0.9969984889030457,False,False,-2.6245847176081806e-05,-7.657807308968495e-05,2.0107973421913488e-05,-1.7081079360938832e-05,-4.324455172188155e-05,6.809167128741223e-06,False
transformer,conditional,12,1.0,7.703488372112765e-06,-4.225498338872313e-05,-7.670265780723717e-05,-5.073403130704257e-05,1,0.0009999999999999992,False,legacy_mean,0.9735514594657588,0.9860982298851012,0.0107001973907897,0.0037028193473815,0.9716406840851836,0.972594011099527,1.0054640769958496,True,False,-1.6943521594681153e-05,-0.00015767026578073108,0.00013355897009967186,-6.68022592539741e-05,-0.00016332351035390507,3.627218424441371e-05,False
transformer,conditional,12,2.0,-0.00037203488372090644,-0.0002773463455149061,-0.001154298172757473,-0.00024940261295223196,1,0.0005000000000000004,False,legacy_mean,0.9547037280833192,0.976567566394806,0.0173378191583196,0.0056550055742263,0.9528272462470592,0.957772059655812,1.0040563344955444,True,False,-0.0003481727574750837,-0.0007573131229235894,2.2259136212547917e-06,-0.00023507367016164181,-0.0004705751013315103,-2.1631289737415965e-05,False
transformer,conditional,12,3.0,-0.00018732142857145196,-0.00019379152823928436,-0.00028446843853824344,-0.0001543885471869455,0,0.0005000000000000004,False,legacy_mean,0.9645213980895376,0.9826198816299438,0.0132580876337276,0.0045016407966613,0.9338504025323758,0.9224820453538722,0.9988558888435364,True,False,-0.00020382059800664877,-0.00033308970099669234,-6.909883720930576e-05,-0.0001788351106664243,-0.00027394137038875714,-8.262047863218038e-05,False
transformer,conditional,12,4.0,0.0017677450166113217,0.0016740033222591988,0.001621740033222574,0.0014493914194985357,5,0.0007500000000000007,False,legacy_mean,0.578858077860626,0.7629849314689636,0.188949346998356,0.0666544735431671,0.6053401041017571,0.6451221459408996,0.995981752872467,True,False,0.0017588039867109618,0.0013966196013288994,0.0021142940199335536,0.0015084307012948773,0.0012318506847279142,0.0017872814230536173,True
transformer,conditional,12,5.0,0.0,0.0,0.0,0.0,0,0.0,False,legacy_mean,,,0.0,0.0,,,0.0,False,False,0.0,0.0,0.0,0.0,0.0,0.0,False
transformer,conditional,12,6.0,-0.0003581312292358918,-0.00033943106312295246,-0.0004480066445182729,-0.00020082203424847122,0,0.0002500000000000002,False,legacy_mean,0.997028398791882,0.99845689535141,0.0014378663426005,0.0010824799537658,0.982810815577105,0.9823900750798902,0.9907699823379515,True,False,-0.0003450996677740903,-0.0004227574750830678,-0.00026294435215946997,-0.0002008646720495011,-0.0002548544924740093,-0.0001458898696052643,False
transformer,conditional,12,7.0,-0.00024281146179403468,-0.00021355897009966984,-0.0004911544850498828,-0.00016411390941426519,0,0.0004999999999999987,False,legacy_mean,0.7184863700707094,0.8477235436439514,0.1213696854402002,0.0426122844219207,0.8106234837175326,0.886557398930125,0.994693160057068,True,False,-0.00027043189368771813,-0.0004506852159468614,-8.471345514951016e-05,-0.0001907638366973896,-0.0002993926889276071,-8.00030382672455e-05,False
transformer,conditional,12,8.0,-8.841362126243979e-05,-0.00011943521594681705,-0.000142275747508247,-7.24500244810189e-05,0,0.0005000000000000004,False,legacy_mean,0.2974372147454651,0.5468789935112,0.3615364657126344,0.1433535814285278,0.5001105345716035,0.6359453685855146,0.9983698129653932,False,False,-0.00011112956810631958,-0.00019643895348836759,-3.437292358806288e-05,-0.00010384807941825058,-0.0001726429707455196,-3.716370141450477e-05,False
transformer,conditional,12,9.0,0.0,0.0,0.0,0.0,0,0.0,False,legacy_mean,,,0.0,0.0,,,0.0,False,False,0.0,0.0,0.0,0.0,0.0,0.0,False
transformer,conditional,12,10.0,-4.547342192684489e-06,3.156146179406072e-06,-8.324335548171025e-05,-7.276502170627808e-06,3,0.0002500000000000002,False,legacy_mean,0.1901592773672956,0.4344758987426758,0.4539596056210538,0.1942001581192016,0.1148842134756825,0.4754276976683602,1.00121009349823,False,False,-5.149501661130262e-06,-5.6652823920274345e-05,4.1698504983381824e-05,-9.337841247901713e-06,-5.1358035634158864e-05,2.7959278942259266e-05,False
transformer,conditional,12,11.0,1.6478405315600853e-05,3.3035714285700735e-05,-3.9597176079708696e-05,-7.436828798850215e-05,4,0.0007499999999999989,False,legacy_mean,0.0145931334962615,0.1211393773555755,0.7025116868592033,0.3832193613052368,-0.013847639476689,-0.2776265762891957,0.9969984889030457,False,False,-4.800664451828029e-05,-0.00017309800664452638,7.641611295680425e-05,-0.0001315426813705123,-0.00021934382847955922,-3.7984615259477705e-05,False
transformer,conditional,13,1.0,-0.00012017857142856414,-0.00011546926910277477,-0.00015112126245875324,-6.287895279042389e-05,0,0.0007499999999999989,False,legacy_mean,0.9735514594657588,0.9860982298851012,0.0107001973907897,0.0037028193473815,0.9716406840851836,0.972594011099527,1.0054640769958496,True,False,-0.00010132890365448954,-0.00014501661129567324,-5.879983388706025e-05,-5.771436873598379e-05,-7.730726490314415e-05,-3.879827063437e-05,False
transformer,conditional,13,2.0,1.5843023255901478e-05,1.9912790697795835e-05,-1.9829734219212192e-05,6.486513990777709e-06,4,0.0005000000000000004,False,legacy_mean,0.9547037280833192,0.976567566394806,0.0173378191583196,0.0056550055742263,0.9528272462470592,0.957772059655812,1.0040563344955444,True,False,3.272425249168598e-05,-2.1607142857154757e-05,9.070598006645812e-05,1.2440640563531335e-05,-1.2879406825681976e-05,3.7607181716704666e-05,False
transformer,conditional,13,3.0,4.9713455149547056e-05,4.5265780730940897e-05,2.514534883701902e-05,1.6598389986288708e-05,5,0.0005000000000000004,False,legacy_mean,0.9645213980895376,0.9826198816299438,0.0132580876337276,0.0045016407966613,0.9338504025323758,0.9224820453538722,0.9988558888435364,True,False,4.933554817273866e-05,8.96594684382973e-06,8.970099667772651e-05,1.7791804174048796e-05,9.55955924970359e-07,3.5054997122520775e-05,True
transformer,conditional,13,4.0,2.6586378737514237e-05,2.8945182724005036e-05,-1.4908637873678465e-05,4.174794698512674e-05,4,0.0010000000000000009,False,legacy_mean,0.578858077860626,0.7629849314689636,0.188949346998356,0.0666544735431671,0.6053401041017571,0.6451221459408996,0.995981752872467,True,False,3.7541528239199986e-05,-9.585132890364598e-05,0.00016980481727574593,4.959937473887677e-05,-8.099587769551933e-07,9.96679590653988e-05,False
transformer,conditional,13,5.0,0.0,0.0,0.0,0.0,0,0.0,False,legacy_mean,,,0.0,0.0,,,0.0,False,False,0.0,0.0,0.0,0.0,0.0,0.0,False
transformer,conditional,13,6.0,-2.082641196015089e-05,-2.425249169424326e-05,-2.8696013289253308e-05,-1.1010033666347674e-05,0,0.0007499999999999989,False,legacy_mean,0.997028398791882,0.99845689535141,0.0014378663426005,0.0010824799537658,0.982810815577105,0.9823900750798902,0.9907699823379515,True,False,-7.059800664450666e-06,-3.222591362124186e-05,1.6368355481734733e-05,-5.344633843733515e-06,-1.4898862228590355e-05,3.855653732417181e-06,False
transformer,conditional,13,7.0,2.0735049833864317e-05,2.034883720936076e-05,4.194352159592185e-06,1.1037519809486973e-05,5,0.0004999999999999987,False,legacy_mean,0.7184863700707094,0.8477235436439514,0.1213696854402002,0.0426122844219207,0.8106234837175326,0.886557398930125,0.994693160057068,True,False,2.7325581395345465e-05,2.0743355481541714e-06,5.2823920265774594e-05,1.4410027910368718e-05,1.215859538446329e-06,2.800303780471731e-05,True
transformer,conditional,13,8.0,6.31229235878994e-06,-3.322259134463934e-07,-6.66528239201547e-06,1.963944056981859e-06,2,0.0002500000000000002,False,legacy_mean,0.2974372147454651,0.5468789935112,0.3615364657126344,0.1433535814285278,0.5001105345716035,0.6359453685855146,0.9983698129653932,False,False,7.807308970092519e-06,-1.7774086378724712e-05,3.255813953486084e-05,1.203147744063271e-06,-9.32319861215633e-06,1.1297802997668192e-05,False
transformer,conditional,13,9.0,0.0,0.0,0.0,0.0,0,0.0,False,legacy_mean,,,0.0,0.0,,,0.0,False,False,0.0,0.0,0.0,0.0,0.0,0.0,False
transformer,conditional,13,10.0,-9.568106312340952e-06,-6.769102990022979e-06,-2.3297342192862835e-05,-4.523215344343079e-06,0,0.0002500000000000002,False,legacy_mean,0.1901592773672956,0.4344758987426758,0.4539596056210538,0.1942001581192016,0.1148842134756825,0.4754276976683602,1.00121009349823,False,False,-1.196013289038067e-05,-3.621262458474619e-05,1.2799003322265784e-05,-7.009574882851366e-06,-1.831693252504693e-05,3.626739161381757e-06,False
transformer,conditional,13,11.0,-1.4991694352151086e-05,-1.615448504999062e-05,-2.5830564784001808e-05,-4.603212704967774e-06,0,0.0005000000000000004,False,legacy_mean,0.0145931334962615,0.1211393773555755,0.7025116868592033,0.3832193613052368,-0.013847639476689,-0.2776265762891957,0.9969984889030457,False,False,-1.2624584717608745e-05,-4.717607973420054e-05,2.1602990033218344e-05,-5.5779778489195575e-06,-1.976226835286357e-05,7.996722708622693e-06,False
transformer,conditional,14,1.0,-2.9181893687768578e-05,-6.0153654485195496e-05,-7.300664451825867e-05,-2.2498519385494296e-05,2,0.0005000000000000004,False,legacy_mean,0.9735514594657588,0.9860982298851012,0.0107001973907897,0.0037028193473815,0.9716406840851836,0.972594011099527,1.0054640769958496,True,False,-2.2923588039855945e-05,-8.173172757473898e-05,5.017441860463263e-05,-1.807790897973227e-05,-5.3015177484073445e-05,2.583250489448768e-05,False
transformer,conditional,14,2.0,-0.00016734219269110007,-0.00012576827242516408,-0.0003783637873754353,-0.00010916549640991314,1,0.0007500000000000007,False,legacy_mean,0.9547037280833192,0.976567566394806,0.0173378191583196,0.0056550055742263,0.9528272462470592,0.957772059655812,1.0040563344955444,True,False,-0.00015406976744184565,-0.000298845514950158,-2.3089700996665407e-05,-0.00010172094692568745,-0.00018901019173140832,-2.150411237554675e-05,False
transformer,conditional,14,3.0,2.9858803986870796e-06,1.4534883718830827e-07,-2.5041528239233557e-05,-3.4779135441809218e-06,3,0.0002500000000000002,False,legacy_mean,0.9645213980895376,0.9826198816299438,0.0132580876337276,0.0045016407966613,0.9338504025323758,0.9224820453538722,0.9988558888435364,True,False,-4.5681063122848804e-06,-4.618355481726852e-05,4.252699335549025e-05,-9.94657255358744e-06,-3.489436953027261e-05,1.7854093952917317e-05,False
transformer,conditional,14,4.0,-0.00021610049833893364,-0.0002977159468440238,-0.0004436046511627767,-0.00011596562408904277,1,0.0010000000000000009,False,legacy_mean,0.578858077860626,0.7629849314689636,0.188949346998356,0.0666544735431671,0.6053401041017571,0.6451221459408996,0.995981752872467,True,False,-0.000207142857142828,-0.0003780855481727295,-2.3575581395299346e-05,-0.00011412792934989424,-0.0002111172382295208,-6.334204089546584e-06,False
transformer,conditional,14,5.0,0.0,0.0,0.0,0.0,0,0.0,False,legacy_mean,,,0.0,0.0,,,0.0,False,False,0.0,0.0,0.0,0.0,0.0,0.0,False
transformer,conditional,14,6.0,-0.0001013289036545073,-9.71760797344734e-05,-0.00015772425249160893,-6.25796106774601e-05,0,0.0002500000000000002,False,legacy_mean,0.997028398791882,0.99845689535141,0.0014378663426005,0.0010824799537658,0.982810815577105,0.9823900750798902,0.9907699823379515,True,False,-9.003322259136137e-05,-0.00013389950166111506,-5.115863787375721e-05,-5.556428786369305e-05,-8.148052029065419e-05,-3.332882174448993e-05,False
transformer,conditional,14,7.0,-3.3521594684415847e-05,-4.480897009961904e-05,-8.002491694358849e-05,-1.922049709610629e-05,1,0.0004999999999999987,False,legacy_mean,0.7184863700707094,0.8477235436439514,0.1213696854402002,0.0426122844219207,0.8106234837175326,0.886557398930125,0.994693160057068,True,False,-2.7574750830552385e-05,-5.930232558135725e-05,1.0149501661128234e-05,-1.6848119294671227e-05,-3.676986931110604e-05,8.798589192266998e-06,False
transformer,conditional,14,8.0,-2.9439368770800555e-05,-1.9829734219212192e-05,-5.382059800662642e-05,-1.6964878920888715e-05,0,0.0002500000000000002,False,legacy_mean,0.2974372147454651,0.5468789935112,0.3615364657126344,0.1433535814285278,0.5001105345716035,0.6359453685855146,0.9983698129653932,False,False,-1.644518272424178e-05,-3.787790697675148e-05,5.8139534883772104e-06,-9.318712806450913e-06,-2.296989876188446e-05,5.033382119122936e-06,False
transformer,conditional,14,9.0,0.0,0.0,0.0,0.0,0,0.0,False,legacy_mean,,,0.0,0.0,,,0.0,False,False,0.0,0.0,0.0,0.0,0.0,0.0,False
transformer,conditional,14,10.0,0.0007121262458471778,0.0007738787375416445,0.0003893687707638982,0.00043849997948715026,5,0.0002500000000000002,False,legacy_mean,0.1901592773672956,0.4344758987426758,0.4539596056210538,0.1942001581192016,0.1148842134756825,0.4754276976683602,1.00121009349823,False,False,0.0007194352159468631,0.0005033056478405319,0.0009355938538206484,0.00044184058432014564,0.0003123207039165202,0.0005743447062725065,True
transformer,conditional,14,11.0,-2.5166112957109022e-06,-1.0236710963673623e-05,-1.2852990033285216e-05,-1.995103923668751e-06,2,0.0007499999999999989,False,legacy_mean,0.0145931334962615,0.1211393773555755,0.7025116868592033,0.3832193613052368,-0.013847639476689,-0.2776265762891957,0.9969984889030457,False,False,-4.817275747497351e-06,-3.1731727574727644e-05,2.2093023255821463e-05,-4.041262022487225e-06,-2.0674065635802846e-05,1.2953273278796939e-05,False
transformer,conditional,15,1.0,0.00017818521594683556,0.00016607142857139046,0.0001024501661129884,-0.00010258157363711718,5,0.0012499999999999994,False,legacy_mean,0.9735514594657588,0.9860982298851012,0.0107001973907897,0.0037028193473815,0.9716406840851836,0.972594011099527,1.0054640769958496,True,False,0.00016254152823919787,-3.482973421927415e-05,0.0003574024086378604,-0.00022556616907001503,-0.00048498628073129663,2.4231844657014212e-05,False
transformer,conditional,15,2.0,-9.001661129568462e-05,-4.142441860466306e-05,-0.00024738372093024985,2.0842432545964407e-05,1,0.0012499999999999994,False,legacy_mean,0.9547037280833192,0.976567566394806,0.0173378191583196,0.0056550055742263,0.9528272462470592,0.957772059655812,1.0040563344955444,True,False,-0.000182807308970101,-0.0004584800664451796,7.575166112957041e-05,2.5704681112680426e-05,-0.00036820991391200693,0.00038711760232227916,False
transformer,conditional,15,3.0,-2.756644518273621e-05,-3.0730897010000646e-05,-0.00012311046511626067,0.00016881200501144277,2,0.0007499999999999989,False,legacy_mean,0.9645213980895376,0.9826198816299438,0.0132580876337276,0.0045016407966613,0.9338504025323758,0.9224820453538722,0.9988558888435364,True,False,-7.998338870432053e-05,-0.00022771387043189436,5.964078073089332e-05,0.00011681601671428066,-6.770938586592848e-05,0.0002951323479277312,False
transformer,conditional,15,4.0,0.0004175622923587863,0.000474190199335478,-8.326411960135616e-06,0.00028911910772202456,4,0.0012499999999999994,False,legacy_mean,0.578858077860626,0.7629849314689636,0.188949346998356,0.0666544735431671,0.6053401041017571,0.6451221459408996,0.995981752872467,True,False,0.00029908637873753976,-0.00024208471760797838,0.0008608388704318897,0.00012342770340445064,-0.0005822328745218703,0.0007740153446213062,False
transformer,conditional,15,5.0,0.0,0.0,0.0,0.0,0,0.0,False,legacy_mean,,,0.0,0.0,,,0.0,False,False,0.0,0.0,0.0,0.0,0.0,0.0,False
transformer,conditional,15,6.0,-1.5863787375414164e-05,-1.1254152823880759e-05,-5.955149501657431e-05,4.1660715929237034e-05,1,0.0005000000000000004,False,legacy_mean,0.997028398791882,0.99845689535141,0.0014378663426005,0.0010824799537658,0.982810815577105,0.9823900750798902,0.9907699823379515,True,False,-4.368770764120122e-05,-0.00011819144518273216,2.9987541528237314e-05,-1.5383989537474108e-05,-0.00012776608660293004,8.550326646905145e-05,False
transformer,conditional,15,7.0,0.00012167774086375704,0.00013139534883710446,1.7628737541519612e-05,7.44523400031838e-05,5,0.0002500000000000002,False,legacy_mean,0.7184863700707094,0.8477235436439514,0.1213696854402002,0.0426122844219207,0.8106234837175326,0.886557398930125,0.994693160057068,True,False,0.00010257475083056078,-5.240863787376273e-06,0.00021595307308969007,-5.155343218515851e-06,-0.00020373741159816314,0.00017983939376483383,False
transformer,conditional,15,8.0,-5.8791528239243715e-05,-5.803571428575349e-05,-8.685631229243818e-05,-1.1450665382262137e-05,0,0.0004999999999999987,False,legacy_mean,0.2974372147454651,0.5468789935112,0.3615364657126344,0.1433535814285278,0.5001105345716035,0.6359453685855146,0.9983698129653932,False,False,-9.318936877076689e-05,-0.000191715116279069,9.389534883714737e-06,-8.255010590244361e-05,-0.0001983032773199675,2.608436796840785e-05,False
transformer,conditional,15,9.0,0.0,0.0,0.0,0.0,0,0.0,False,legacy_mean,,,0.0,0.0,,,0.0,False,False,0.0,0.0,0.0,0.0,0.0,0.0,False
transformer,conditional,15,10.0,1.3500830564772136e-05,8.201827242482196e-06,-1.241694352160927e-05,5.273601606403666e-06,4,0.0002500000000000002,False,legacy_mean,0.1901592773672956,0.4344758987426758,0.4539596056210538,0.1942001581192016,0.1148842134756825,0.4754276976683602,1.00121009349823,False,False,7.2259136212615704e-06,-4.0537790697674506e-05,5.615240863787273e-05,-2.583340122876976e-06,-7.070496434678622e-05,6.746405663554662e-05,False
transformer,conditional,15,11.0,0.00018616279069767484,0.00019966777408642056,9.551495016613121e-05,8.444109853462667e-05,5,0.0005000000000000004,False,legacy_mean,0.0145931334962615,0.1211393773555755,0.7025116868592033,0.3832193613052368,-0.013847639476689,-0.2776265762891957,0.9969984889030457,False,False,0.00017292358803987164,1.9476744186045908e-05,0.0003338185215946835,9.53237106180771e-05,-8.318974714600307e-05,0.0002642394027155335,True
transformer,conditional,16,1.0,-0.00012135382059803579,-5.060215946850466e-05,-0.00026152408637869495,9.4862446930577e-05,0,0.0002499999999999985,False,legacy_mean,0.9735514594657588,0.9860982298851012,0.0107001973907897,0.0037028193473815,0.9716406840851836,0.972594011099527,1.0054640769958496,True,False,-0.0001391196013288992,-0.00036097176079734686,6.927740863788383e-05,-1.71313176392196e-05,-0.0002313728662964704,0.00022106082081976283,False
transformer,conditional,16,2.0,-6.320182724250945e-05,-9.447674418572305e-06,-0.0002748546511627259,-0.00014744587592165903,1,0.0010000000000000009,False,legacy_mean,0.9547037280833192,0.976567566394806,0.0173378191583196,0.0056550055742263,0.9528272462470592,0.957772059655812,1.0040563344955444,True,False,-4.983388704325464e-06,-0.00023990033222591963,0.00023306063122922494,-0.00021503059185903117,-0.000510290652095651,0.00011576097535527321,False
transformer,conditional,16,3.0,-0.00013105066445184832,-0.0001317483388704188,-0.0002661337209303172,-0.00013605593513403845,1,0.0007500000000000007,False,legacy_mean,0.9645213980895376,0.9826198816299438,0.0132580876337276,0.0045016407966613,0.9338504025323758,0.9224820453538722,0.9988558888435364,True,False,-0.0001378737541528241,-0.00032233181063123654,5.6648671096350166e-05,-7.226512158408194e-05,-0.00031910380346746926,0.00018859419557998926,False
transformer,conditional,16,4.0,0.00041996677740865353,0.0004028446843854505,0.0002814161129568449,0.000917455917701937,5,0.0015000000000000013,False,legacy_mean,0.578858077860626,0.7629849314689636,0.188949346998356,0.0666544735431671,0.6053401041017571,0.6451221459408996,0.995981752872467,True,False,0.00040232558139535133,-0.00016995431893687706,0.000971142026578089,0.000990373738876761,0.00033065906248999524,0.0016426682772062663,False
transformer,conditional,16,5.0,0.0,0.0,0.0,0.0,0,0.0,False,legacy_mean,,,0.0,0.0,,,0.0,False,False,0.0,0.0,0.0,0.0,0.0,0.0,False
transformer,conditional,16,6.0,8.911544850496168e-05,9.750830564780877e-05,6.418189368773142e-05,9.27292799000945e-05,5,0.0002500000000000002,False,legacy_mean,0.997028398791882,0.99845689535141,0.0014378663426005,0.0010824799537658,0.982810815577105,0.9823900750798902,0.9907699823379515,True,False,8.820598006644642e-05,1.794019933555277e-05,0.0001702699335548168,4.394082240188779e-05,-6.511142456879971e-05,0.0001422653482573762,True
transformer,conditional,16,7.0,-3.95556478405501e-05,-6.252076411961127e-05,-8.706395348834217e-05,6.811435921743048e-05,1,0.0004999999999999987,False,legacy_mean,0.7184863700707094,0.8477235436439514,0.1213696854402002,0.0426122844219207,0.8106234837175326,0.886557398930125,0.994693160057068,True,False,-2.9900332225915593e-05,-0.00016129775747507162,9.202657807307917e-05,-3.952264327947264e-05,-0.0001680532138744669,9.106495551143727e-05,False
transformer,conditional,16,8.0,8.417774086377783e-05,6.0859634551491126e-05,6.769102990022979e-06,2.2974151608989855e-05,5,0.0002500000000000002,False,legacy_mean,0.2974372147454651,0.5468789935112,0.3615364657126344,0.1433535814285278,0.5001105345716035,0.6359453685855146,0.9983698129653932,False,False,8.862126245847202e-05,-2.4005398671094274e-05,0.00020715946843853154,3.4419625098250916e-05,-9.63109551214266e-05,0.00014883565442014489,False
transformer,conditional,16,9.0,0.0,0.0,0.0,0.0,0,0.0,False,legacy_mean,,,0.0,0.0,,,0.0,False,False,0.0,0.0,0.0,0.0,0.0,0.0,False
transformer,conditional,16,10.0,-1.411960132924328e-06,-1.1108803986803473e-05,-6.320598006648304e-05,8.827502527708475e-06,2,0.0002500000000000002,False,legacy_mean,0.1901592773672956,0.4344758987426758,0.4539596056210538,0.1942001581192016,0.1148842134756825,0.4754276976683602,1.00121009349823,False,False,-7.39202657807414e-06,-6.843853820598435e-05,6.0550249169430986e-05,-2.5206564121325047e-05,-0.00010686628442602672,3.715612458777398e-05,False
transformer,conditional,16,11.0,7.421096345516798e-05,5.7828073089738474e-05,5.751661129593799e-06,7.541301185032267e-06,5,0.0009999999999999992,False,legacy_mean,0.0145931334962615,0.1211393773555755,0.7025116868592033,0.3832193613052368,-0.013847639476689,-0.2776265762891957,0.9969984889030457,False,False,9.717607973421583e-05,-6.298588039867727e-05,0.0002598006644518227,7.002059558726903e-05,-0.00013493868546757355,0.00025411942556137897,False
transformer,conditional,17,1.0,-7.131229235881608e-05,-5.344684385377718e-05,-0.00020359219269094897,-4.037707178616845e-05,1,0.001,False,legacy_mean,0.9735514594657588,0.9860982298851012,0.0107001973907897,0.0037028193473815,0.9716406840851836,0.972594011099527,1.0054640769958496,True,False,-5.847176079734617e-05,-0.0001440282392026671,2.45930232558366e-05,-3.800482834541929e-05,-8.568047675854606e-05,7.4873811318064405e-06,False
transformer,conditional,17,2.0,-4.846345514986084e-06,-1.1274916943637692e-05,-6.669435215955755e-05,-1.0977310884441315e-05,2,0.0007500000000000007,False,legacy_mean,0.9547037280833192,0.976567566394806,0.0173378191583196,0.0056550055742263,0.9528272462470592,0.957772059655812,1.0040563344955444,True,False,6.478405315594182e-06,-7.458471760798507e-05,8.82059800664294e-05,-9.425243390891458e-06,-4.622873806654576e-05,2.9013631659589267e-05,False
transformer,conditional,17,3.0,-2.4713455149583118e-05,-3.571428571425006e-05,-4.754983388721712e-05,-9.14867940668973e-06,1,0.0007500000000000007,False,legacy_mean,0.9645213980895376,0.9826198816299438,0.0132580876337276,0.0045016407966613,0.9338504025323758,0.9224820453538722,0.9988558888435364,True,False,-1.7774086378741226e-05,-6.146179401993058e-05,3.1569767441854005e-05,-8.40178443762718e-06,-2.748583318917447e-05,1.4477590704872446e-05,False
transformer,conditional,17,4.0,-0.000399522425249188,-0.0004209925249172297,-0.0009472383720929844,-0.00028574675639911893,0,0.0005000000000000004,False,legacy_mean,0.578858077860626,0.7629849314689636,0.188949346998356,0.0666544735431671,0.6053401041017571,0.6451221459408996,0.995981752872467,True,False,-0.00039916943521595914,-0.0007197882059800748,-0.00011311877076414047,-0.0002957108108378459,-0.0005039644526018641,-0.00011564709832991174,False
transformer,conditional,17,5.0,0.0,0.0,0.0,0.0,0,0.0,False,legacy_mean,,,0.0,0.0,,,0.0,False,False,0.0,0.0,0.0,0.0,0.0,0.0,False
transformer,conditional,17,6.0,-1.8629568106387495e-05,3.322259136240291e-06,-8.80813953489934e-05,-1.5484039441360232e-05,3,0.0002500000000000002,False,legacy_mean,0.997028398791882,0.99845689535141,0.0014378663426005,0.0010824799537658,0.982810815577105,0.9823900750798902,0.9907699823379515,True,False,-2.3754152823938224e-05,-6.993355481727212e-05,1.6279069767403536e-05,-1.898269200948599e-05,-4.520038090491404e-05,3.24557212921583e-06,False
transformer,conditional,17,7.0,1.3995016611278998e-05,1.320598006637752e-05,-7.475083056485143e-05,1.3445115951227216e-05,3,0.0005000000000000004,False,legacy_mean,0.7184863700707094,0.8477235436439514,0.1213696854402002,0.0426122844219207,0.8106234837175326,0.886557398930125,0.994693160057068,True,False,7.973421926904534e-06,-4.552325581397851e-05,5.398671096344712e-05,7.670056483122246e-06,-2.014750167884438e-05,3.4351597603748005e-05,False
transformer,conditional,17,8.0,-2.483388704321854e-06,5.398671095724339e-07,-2.4958471760760936e-05,-3.4905954196862154e-06,3,0.0002500000000000002,False,legacy_mean,0.2974372147454651,0.5468789935112,0.3615364657126344,0.1433535814285278,0.5001105345716035,0.6359453685855146,0.9983698129653932,False,False,-3.3222591364401313e-07,-3.671926910302367e-05,3.7545681063111934e-05,-4.655819430928743e-06,-2.342880301099626e-05,1.4333960001733918e-05,False
transformer,conditional,17,9.0,0.0,0.0,0.0,0.0,0,0.0,False,legacy_mean,,,0.0,0.0,,,0.0,False,False,0.0,0.0,0.0,0.0,0.0,0.0,False
transformer,conditional,17,10.0,2.4800664451807285e-05,2.3608803986552296e-05,1.1212624584810982e-05,1.4524276023109017e-05,5,0.0004999999999999996,False,legacy_mean,0.1901592773672956,0.4344758987426758,0.4539596056210538,0.1942001581192016,0.1148842134756825,0.4754276976683602,1.00121009349823,False,False,3.006644518271262e-05,1.5444352159434348e-05,4.667774086378812e-05,1.5882040658699025e-05,8.097652769679746e-06,2.4501764856645312e-05,True
transformer,conditional,17,11.0,-3.862126245848252e-05,-3.9825581395369625e-05,-5.130813953480029e-05,-1.5052539842752567e-05,0,0.0004999999999999996,False,legacy_mean,0.0145931334962615,0.1211393773555755,0.7025116868592033,0.3832193613052368,-0.013847639476689,-0.2776265762891957,0.9969984889030457,False,False,-5.531561461793899e-05,-9.585132890367112e-05,-1.9763289036535927e-05,-2.4206142603332427e-05,-4.2221062545237525e-05,-8.315865759329979e-06,False
transformer,conditional,18,1.0,0.00016014950166109987,0.00017389950166113444,3.9680232558070294e-05,0.00010101613966331246,5,0.0004999999999999987,False,legacy_mean,0.9735514594657588,0.9860982298851012,0.0107001973907897,0.0037028193473815,0.9716406840851836,0.972594011099527,1.0054640769958496,True,False,0.0001502491694352204,1.7043189368781133e-05,0.00028226744186046467,0.00010218884258232474,2.8541135102515994e-05,0.00018002578265676378,True
transformer,conditional,18,2.0,-0.00031914036544851144,-0.00018141611295674487,-0.0006817691029901152,-0.00019143910048562417,0,0.0012499999999999994,False,legacy_mean,0.9547037280833192,0.976567566394806,0.0173378191583196,0.0056550055742263,0.9528272462470592,0.957772059655812,1.0040563344955444,True,False,-0.0002862126245847163,-0.0005317358803986703,-5.759136212623919e-05,-0.00017175418164722012,-0.0003099402370354157,-3.9336481622110754e-05,False
transformer,conditional,18,3.0,1.4730066445167722e-05,1.9414451827293178e-05,-4.709302325589526e-05,1.2021525655758757e-05,3,0.0005000000000000004,False,legacy_mean,0.9645213980895376,0.9826198816299438,0.0132580876337276,0.0045016407966613,0.9338504025323758,0.9224820453538722,0.9988558888435364,True,False,4.4518272425243534e-05,-3.721345514951066e-05,0.00012724667774085996,2.6261444962861758e-05,-1.997341697588237e-05,7.04481553716992e-05,False
transformer,conditional,18,4.0,0.000871901993355495,0.0008679817275747403,0.0007208056478406055,0.0005028983064862214,5,0.0025000000000000005,False,legacy_mean,0.578858077860626,0.7629849314689636,0.188949346998356,0.0666544735431671,0.6053401041017571,0.6451221459408996,0.995981752872467,True,False,0.0008509966777408517,0.0005750664451826982,0.0010981727574750765,0.0004992099746261602,0.00034742449829248956,0.0006402569423819007,True
transformer,conditional,18,5.0,0.0,0.0,0.0,0.0,0,0.0,False,legacy_mean,,,0.0,0.0,,,0.0,False,False,0.0,0.0,0.0,0.0,0.0,0.0,False
transformer,conditional,18,6.0,-0.0007532890365448353,-0.0008441029900332353,-0.0017657392026578789,-0.0004690224516290087,2,0.0002500000000000002,False,legacy_mean,0.997028398791882,0.99845689535141,0.0014378663426005,0.0010824799537658,0.982810815577105,0.9823900750798902,0.9907699823379515,True,False,-0.0007473421926910273,-0.0014484136212624481,-8.250000000000026e-05,-0.00046571288769648887,-0.0009055311554083048,-4.989098739353016e-05,False
transformer,conditional,18,7.0,-0.00010864202657805411,-2.9505813953445426e-05,-0.0003915697674418128,-4.666280677225743e-05,2,0.0005000000000000004,False,legacy_mean,0.7184863700707094,0.8477235436439514,0.1213696854402002,0.0426122844219207,0.8106234837175326,0.886557398930125,0.994693160057068,True,False,-0.00011013289036545305,-0.0002917275747508503,6.162790697673808e-05,-4.6889157494670596e-05,-0.00015783670743013144,5.6957403947550773e-05,False
transformer,conditional,18,8.0,-2.3608803986707726e-05,-2.3068936877090884e-05,-0.0001057308970100479,-1.3883830135874576e-05,1,0.0002500000000000002,False,legacy_mean,0.2974372147454651,0.5468789935112,0.3615364657126344,0.1433535814285278,0.5001105345716035,0.6359453685855146,0.9983698129653932,False,False,-2.8737541528258694e-05,-9.069767441861995e-05,3.008720930232167e-05,-1.1805118826989646e-05,-5.072427859655104e-05,2.341299620703194e-05,False
transformer,conditional,18,9.0,0.0,0.0,0.0,0.0,0,0.0,False,legacy_mean,,,0.0,0.0,,,0.0,False,False,0.0,0.0,0.0,0.0,0.0,0.0,False
transformer,conditional,18,10.0,8.671096345502782e-06,8.492524916969835e-06,-7.167774086380696e-05,3.4932547616994825e-06,3,0.0002499999999999985,False,legacy_mean,0.1901592773672956,0.4344758987426758,0.4539596056210538,0.1942001581192016,0.1148842134756825,0.4754276976683602,1.00121009349823,False,False,-6.478405315615277e-06,-6.213455149500114e-05,4.369186046511462e-05,-5.292630244733143e-06,-3.864768768588336e-05,2.6241832286441942e-05,False
transformer,conditional,18,11.0,-0.00017279485049832567,-0.00018303571428579524,-0.00020531561461789583,-0.00011094745039736953,0,0.0009999999999999992,False,legacy_mean,0.0145931334962615,0.1211393773555755,0.7025116868592033,0.3832193613052368,-0.013847639476689,-0.2776265762891957,0.9969984889030457,False,False,-0.00018446843853821447,-0.0002534156976744454,-0.00011495016611295247,-0.00010994656573878436,-0.00015121757929913434,-6.860633603346314e-05,False
transformer,conditional,19,1.0,-0.003964900332225829,-0.0038421096345514494,-0.005819331395348737,-0.0024957026752577384,0,0.0009999999999999992,False,legacy_mean,0.9735514594657588,0.9860982298851012,0.0107001973907897,0.0037028193473815,0.9716406840851836,0.972594011099527,1.0054640769958496,True,False,-0.003950830564784042,-0.005356794019933559,-0.0024126204318936795,-0.0024914718361499933,-0.0034731418910516672,-0.0014446034735288305,False
transformer,conditional,19,2.0,-0.013226906146179385,-0.013429879568106484,-0.017049937707641183,-0.008243846686473533,0,0.0007499999999999989,False,legacy_mean,0.9547037280833192,0.976567566394806,0.0173378191583196,0.0056550055742263,0.9528272462470592,0.957772059655812,1.0040563344955444,True,False,-0.013123504983388701,-0.015674472591362097,-0.010813527823920269,-0.008224320819803628,-0.009886729277959002,-0.0067384568353200764,False
transformer,conditional,19,3.0,-0.0009992898671096428,-0.0010710340531560059,-0.0012434593023256113,-0.000656185880427862,0,0.0005000000000000004,False,legacy_mean,0.9645213980895376,0.9826198816299438,0.0132580876337276,0.0045016407966613,0.9338504025323758,0.9224820453538722,0.9988558888435364,True,False,-0.000974086378737532,-0.0012091652823920192,-0.000742333887043183,-0.0006443832749279022,-0.0008069410004575203,-0.0004904522187363319,False
transformer,conditional,19,4.0,-0.024136698504983366,-0.025252076411960034,-0.029318957641196075,-0.015000746812300814,0,0.0007499999999999989,False,legacy_mean,0.578858077860626,0.7629849314689636,0.188949346998356,0.0666544735431671,0.6053401041017571,0.6451221459408996,0.995981752872467,True,False,-0.02421245847176079,-0.02807247508305648,-0.01984190199335548,-0.015117389182795482,-0.017557225083545482,-0.012368169226601555,False
transformer,conditional,19,5.0,0.0,0.0,0.0,0.0,0,0.0,False,legacy_mean,,,0.0,0.0,,,0.0,False,False,0.0,0.0,0.0,0.0,0.0,0.0,False
transformer,conditional,19,6.0,-0.0001289784053156051,-0.0001502076411959985,-0.0001667151162789704,-8.63760486850662e-05,0,0.0002500000000000002,False,legacy_mean,0.997028398791882,0.99845689535141,0.0014378663426005,0.0010824799537658,0.982810815577105,0.9823900750798902,0.9907699823379515,True,False,-0.00010739202657807479,-0.00016928156146177702,-4.45992524917128e-05,-7.151610050625922e-05,-0.00010537913468845761,-3.503519773792095e-05,False
transformer,conditional,19,7.0,0.026495215946843877,0.026141652823920336,0.02333455149501673,0.017228609427410425,5,0.0004999999999999987,True,legacy_mean,0.7184863700707094,0.8477235436439514,0.1213696854402002,0.0426122844219207,0.8106234837175326,0.886557398930125,0.994693160057068,True,True,0.02658679401993357,0.02393767234219272,0.02955505398671097,0.01737802556835676,0.01535175801467588,0.019715065004280313,True
transformer,conditional,19,8.0,0.03858579318936879,0.036526308139534835,0.03598127076411961,0.02385411515127698,5,0.0007499999999999989,True,legacy_mean,0.2974372147454651,0.5468789935112,0.3615364657126344,0.1433535814285278,0.5001105345716035,0.6359453685855146,0.9983698129653932,False,False,0.03870789036544851,0.035523475913621275,0.04188863372093025,0.02400761894695339,0.021897515698442588,0.026154249251788317,True
transformer,conditional,19,9.0,0.0,0.0,0.0,0.0,0,0.0,False,legacy_mean,,,0.0,0.0,,,0.0,False,False,0.0,0.0,0.0,0.0,0.0,0.0,False
transformer,conditional,19,10.0,1.6445182724478258e-06,-7.138704318931932e-05,-0.00012184385382041363,4.583886437314888e-07,2,0.0,False,legacy_mean,0.1901592773672956,0.4344758987426758,0.4539596056210538,0.1942001581192016,0.1148842134756825,0.4754276976683602,1.00121009349823,False,False,1.0631229235877893e-05,-8.57225913621237e-05,0.00010669019933554638,1.2091550775465976e-05,-5.236068322072057e-05,7.563219887696212e-05,False
transformer,conditional,19,11.0,0.00017723421926907346,0.0001610465116277382,0.00014254568106319976,9.668694283919699e-05,5,0.0007499999999999989,False,legacy_mean,0.0145931334962615,0.1211393773555755,0.7025116868592033,0.3832193613052368,-0.013847639476689,-0.2776265762891957,0.9969984889030457,False,False,0.00017956810631228893,0.00011528239202658933,0.000244360465116283,0.00010108580220385743,6.631828264898734e-05,0.00013850989751024823,True
transformer,conditional,20,1.0,-3.3932724252450086e-05,-5.444352159444943e-05,-7.720099667762881e-05,-3.2959315385472364e-05,1,0.0007500000000000007,False,legacy_mean,0.9735514594657588,0.9860982298851012,0.0107001973907897,0.0037028193473815,0.9716406840851836,0.972594011099527,1.0054640769958496,True,False,-2.3089700996692387e-05,-8.173172757475733e-05,2.9738372092991576e-05,-2.8647730373951852e-05,-5.895797287437632e-05,-4.7402926953112064e-07,False
transformer,conditional,20,2.0,4.746262458479311e-05,7.298588039872378e-05,-4.6594684385392604e-05,3.8578352704221605e-05,4,0.0017499999999999998,False,legacy_mean,0.9547037280833192,0.976567566394806,0.0173378191583196,0.0056550055742263,0.9528272462470592,0.957772059655812,1.0040563344955444,True,False,6.644518272425404e-05,-2.225913621261258e-05,0.00014335963455147348,4.771261015581341e-05,-4.014802082719092e-07,8.820856950534644e-05,False
transformer,conditional,20,3.0,-2.490033222588561e-05,-2.4792358803815695e-05,-4.9833887043160274e-05,-1.1578517431298785e-05,1,0.0007499999999999989,False,legacy_mean,0.9645213980895376,0.9826198816299438,0.0132580876337276,0.0045016407966613,0.9338504025323758,0.9224820453538722,0.9988558888435364,True,False,-2.2591362126236357e-05,-7.608388704317502e-05,2.8737541528233296e-05,-1.0513872188100404e-05,-3.470685723936567e-05,1.1273754952070884e-05,False
transformer,conditional,20,4.0,0.00016356312292364894,0.00017479235880402122,7.167774086380696e-05,0.00011239928632849061,5,0.0010000000000000009,False,legacy_mean,0.578858077860626,0.7629849314689636,0.188949346998356,0.0666544735431671,0.6053401041017571,0.6451221459408996,0.995981752872467,True,False,0.00012259136212623754,-3.189368770761994e-05,0.0002813953488372001,9.856423685546844e-05,2.4744570773671012e-05,0.00017693240500870437,False
transformer,conditional,20,5.0,0.0,0.0,0.0,0.0,0,0.0,False,legacy_mean,,,0.0,0.0,,,0.0,False,False,0.0,0.0,0.0,0.0,0.0,0.0,False
transformer,conditional,20,6.0,-0.00027525332225910584,-0.0002779900332225971,-0.0003087001661128408,-0.00015667118038251716,0,0.0002500000000000002,False,legacy_mean,0.997028398791882,0.99845689535141,0.0014378663426005,0.0010824799537658,0.982810815577105,0.9823900750798902,0.9907699823379515,True,False,-0.00027101328903654244,-0.000317028654485066,-0.00022773671096343052,-0.00015495928328208565,-0.00017948750766451523,-0.00013227191454146968,False
transformer,conditional,20,7.0,3.673172757476806e-05,3.222591362117555e-05,8.596345514866321e-06,3.161534223030671e-05,5,0.0004999999999999987,False,legacy_mean,0.7184863700707094,0.8477235436439514,0.1213696854402002,0.0426122844219207,0.8106234837175326,0.886557398930125,0.994693160057068,True,False,5.099667774085659e-05,6.478405315614138e-06,9.801079734219163e-05,3.96540494828368e-05,1.7771872491661845e-05,6.265157711885063e-05,True
transformer,conditional,20,8.0,9.493355481771103e-06,1.3102159468592056e-05,-2.9485049833799515e-05,6.20344157873376e-06,4,0.0005000000000000004,False,legacy_mean,0.2974372147454651,0.5468789935112,0.3615364657126344,0.1433535814285278,0.5001105345716035,0.6359453685855146,0.9983698129653932,False,False,4.651162790684227e-06,-3.6050664451861616e-05,4.019933554816574e-05,2.1268132064367064e-06,-1.7702056920846255e-05,1.895736440980052e-05,False
transformer,conditional,20,9.0,0.0,0.0,0.0,0.0,0,0.0,False,legacy_mean,,,0.0,0.0,,,0.0,False,False,0.0,0.0,0.0,0.0,0.0,0.0,False
transformer,conditional,20,10.0,3.546511627905424e-06,8.305647836159835e-08,-8.160299003301397e-06,7.743290345585407e-07,3,0.0004999999999999987,False,legacy_mean,0.1901592773672956,0.4344758987426758,0.4539596056210538,0.1942001581192016,0.1148842134756825,0.4754276976683602,1.00121009349823,False,False,7.973421926894542e-06,-1.2292358803983717e-05,2.923588039864725e-05,2.659630509900257e-06,-6.9601787841448155e-06,1.1885686227188858e-05,False
transformer,conditional,20,11.0,-1.3475913621219249e-05,-1.0548172757363083e-05,-3.704318936881279e-05,1.8927150801317794e-06,0,0.0005000000000000004,False,legacy_mean,0.0145931334962615,0.1211393773555755,0.7025116868592033,0.3832193613052368,-0.013847639476689,-0.2776265762891957,0.9969984889030457,False,False,-1.9352159468447592e-05,-6.229651162793151e-05,2.583264119600269e-05,3.329631411618239e-06,-1.62301645647864e-05,2.3959034381732594e-05,False
transformer,conditional,21,1.0,0.00017587624584718408,0.00012485465116279792,1.8106312292320847e-05,2.046357330030002e-05,5,0.0007500000000000007,False,legacy_mean,0.9735514594657588,0.9860982298851012,0.0107001973907897,0.0037028193473815,0.9716406840851836,0.972594011099527,1.0054640769958496,True,False,0.00015257475083055972,-6.031146179402265e-05,0.00039087624584716594,4.1022007467070854e-05,-0.00018359017088391595,0.00027076849945373695,False
transformer,conditional,21,2.0,9.217192691032272e-05,0.00010382059800662091,-9.040697674411735e-05,5.129093522102668e-05,4,0.0010000000000000009,False,legacy_mean,0.9547037280833192,0.976567566394806,0.0173378191583196,0.0056550055742263,0.9528272462470592,0.957772059655812,1.0040563344955444,True,False,6.270764119601701e-05,-0.00015565199335548387,0.0002598837209302276,0.000112918958975885,-0.00023240909278374834,0.00043201385958705786,False
transformer,conditional,21,3.0,-4.970099667774841e-05,-4.3064784053137295e-05,-9.748754152827388e-05,-0.00015528252312333458,0,0.0005000000000000004,False,legacy_mean,0.9645213980895376,0.9826198816299438,0.0132580876337276,0.0045016407966613,0.9338504025323758,0.9224820453538722,0.9988558888435364,True,False,2.8820598006644717e-05,-0.00010568313953488386,0.00015968023255813596,-0.00011414677468970292,-0.00030299261758989527,8.405653942548999e-05,False
transformer,conditional,21,4.0,-0.0005056229235880227,-0.00037682724252485755,-0.0010129983388703634,-0.0004506243435325352,0,0.0009999999999999992,False,legacy_mean,0.578858077860626,0.7629849314689636,0.188949346998356,0.0666544735431671,0.6053401041017571,0.6451221459408996,0.995981752872467,True,False,-0.0005085548172757525,-0.000995693521594681,-5.573089700999239e-06,-0.000281935032665217,-0.0008198020304320449,0.0002967398957208846,False
transformer,conditional,21,5.0,0.0,0.0,0.0,0.0,0,0.0,False,legacy_mean,,,0.0,0.0,,,0.0,False,False,0.0,0.0,0.0,0.0,0.0,0.0,False
transformer,conditional,21,6.0,-5.831395348836477e-05,-6.742109634549909e-05,-8.588039867107877e-05,-3.3238350883824094e-05,0,0.0004999999999999987,False,legacy_mean,0.997028398791882,0.99845689535141,0.0014378663426005,0.0010824799537658,0.982810815577105,0.9823900750798902,0.9907699823379515,True,False,-5.157807308969864e-05,-0.0001375539867109571,3.497093023256188e-05,-2.8285412789901264e-05,-0.0001360131119816705,8.001549964736439e-05,False
transformer,conditional,21,7.0,-4.221760797343821e-05,-4.622093023259888e-05,-8.183139534889694e-05,3.531828626186506e-05,1,0.0007499999999999989,False,legacy_mean,0.7184863700707094,0.8477235436439514,0.1213696854402002,0.0426122844219207,0.8106234837175326,0.886557398930125,0.994693160057068,True,False,-6.553156146179461e-05,-0.00017509966777410284,6.54505813953492e-05,-7.64162431683868e-06,-0.00014445724802750496,0.00014290949899811964,False
transformer,conditional,21,8.0,-1.5282392026561008e-05,8.056478405293888e-06,-0.00016692275747498542,-1.5439740002820555e-05,3,0.0002500000000000002,False,legacy_mean,0.2974372147454651,0.5468789935112,0.3615364657126344,0.1433535814285278,0.5001105345716035,0.6359453685855146,0.9983698129653932,False,False,-3.903654485051255e-06,-0.00010083056478405195,8.589078073090068e-05,-2.9369459375180317e-05,-0.00012137323300882971,6.84891882919025e-05,False
transformer,conditional,21,9.0,0.0,0.0,0.0,0.0,0,0.0,False,legacy_mean,,,0.0,0.0,,,0.0,False,False,0.0,0.0,0.0,0.0,0.0,0.0,False
transformer,conditional,21,10.0,4.735049833888283e-05,5.4360465116309875e-05,-1.129568106317258e-05,1.350361843976966e-05,4,0.0005000000000000004,False,legacy_mean,0.1901592773672956,0.4344758987426758,0.4539596056210538,0.1942001581192016,0.1148842134756825,0.4754276976683602,1.00121009349823,False,False,5.34053156146147e-05,5.230481727575051e-06,9.784883720929691e-05,1.8169692496345923e-05,-4.8725317532899604e-05,0.00010040896845539223,True
transformer,conditional,21,11.0,6.838039867110846e-05,8.71677740864607e-05,1.339285714280214e-05,4.580879123252668e-05,5,0.0005000000000000004,False,legacy_mean,0.0145931334962615,0.1211393773555755,0.7025116868592033,0.3832193613052368,-0.013847639476689,-0.2776265762891957,0.9969984889030457,False,False,0.0001263289036544879,7.607973421929831e-06,0.00024162375415282905,0.00016190535347584522,-1.0302950190200208e-06,0.0003241987201748455,True
transformer,conditional,22,1.0,-0.00013235049833886235,-0.00018079318936869981,-0.00021335132890365482,-0.0002019115938422189,1,0.0005000000000000004,False,legacy_mean,0.9735514594657588,0.9860982298851012,0.0107001973907897,0.0037028193473815,0.9716406840851836,0.972594011099527,1.0054640769958496,True,False,-0.00014078073089700548,-0.0003309219269102946,3.152408637873649e-05,-0.00018802707029689892,-0.00042426260932445744,3.280167378340331e-05,False
transformer,conditional,22,2.0,-0.0005303571428571629,-0.0006208056478405055,-0.000694289867109732,-0.00020283691195863707,0,0.0007500000000000007,False,legacy_mean,0.9547037280833192,0.976567566394806,0.0173378191583196,0.0056550055742263,0.9528272462470592,0.957772059655812,1.0040563344955444,True,False,-0.0005167774086378674,-0.0007767441860464979,-0.0002668438538205953,-0.0003729044645841462,-0.0007472624598349061,4.2335122642475264e-05,False
transformer,conditional,22,3.0,-4.979235880400168e-05,-9.221345514953683e-05,-0.00010948920265785311,1.197865423612221e-05,2,0.0007500000000000007,False,legacy_mean,0.9645213980895376,0.9826198816299438,0.0132580876337276,0.0045016407966613,0.9338504025323758,0.9224820453538722,0.9988558888435364,True,False,-6.852159468438201e-05,-0.00020202657807308314,8.157807308971046e-05,7.986701760025694e-05,-9.078307160951445e-05,0.00024190132191305504,False
transformer,conditional,22,4.0,0.0033554900332225966,0.0032135174418604917,0.002751764950166158,0.0028282465568917558,5,0.0010000000000000009,False,legacy_mean,0.578858077860626,0.7629849314689636,0.188949346998356,0.0666544735431671,0.6053401041017571,0.6451221459408996,0.995981752872467,True,False,0.003374003322259134,0.00274169019933556,0.00403050456810632,0.0026372365445365142,0.0018860940660571973,0.0033850013216202277,True
transformer,conditional,22,5.0,0.0,0.0,0.0,0.0,0,0.0,False,legacy_mean,,,0.0,0.0,,,0.0,False,False,0.0,0.0,0.0,0.0,0.0,0.0,False
transformer,conditional,22,6.0,-5.0963455149499734e-05,-5.0768272425227856e-05,-8.313953488370274e-05,1.7929875486255575e-05,0,0.0005000000000000004,False,legacy_mean,0.997028398791882,0.99845689535141,0.0014378663426005,0.0010824799537658,0.982810815577105,0.9823900750798902,0.9907699823379515,True,False,-1.0299003322252754e-05,-8.23172757474998e-05,5.8409468438538253e-05,1.9185044871404823e-05,-0.0001044139110023326,0.00012680519481200075,False
transformer,conditional,22,7.0,2.566029900334943e-05,4.952242524924877e-05,-6.39742524917164e-05,-7.0263399335313e-05,3,0.0007500000000000007,False,legacy_mean,0.7184863700707094,0.8477235436439514,0.1213696854402002,0.0426122844219207,0.8106234837175326,0.886557398930125,0.994693160057068,True,False,4.5847176079732985e-05,-5.55772425249072e-05,0.0001388870431893662,8.615362355234302e-06,-0.00013297124100945806,0.00016269294930490897,False
transformer,conditional,22,8.0,-9.171511627905637e-05,-0.00010865863787368202,-0.00013828903654478086,-8.882306620421332e-05,0,0.0007500000000000007,False,legacy_mean,0.2974372147454651,0.5468789935112,0.3615364657126344,0.1433535814285278,0.5001105345716035,0.6359453685855146,0.9983698129653932,False,False,-7.574750830564469e-05,-0.00017284883720930158,1.6364202657798604e-05,-0.00011250731918797108,-0.00021101167495253764,-7.80064896127634e-06,False
transformer,conditional,22,9.0,0.0,0.0,0.0,0.0,0,0.0,False,legacy_mean,,,0.0,0.0,,,0.0,False,False,0.0,0.0,0.0,0.0,0.0,0.0,False
transformer,conditional,22,10.0,-1.1852159468417334e-05,-9.90448504978314e-06,-0.00018114617940201416,6.590863125861545e-05,1,0.0002500000000000002,False,legacy_mean,0.1901592773672956,0.4344758987426758,0.4539596056210538,0.1942001581192016,0.1148842134756825,0.4754276976683602,1.00121009349823,False,False,4.451827242525242e-05,-9.01225083056445e-05,0.00016370431893687057,6.480443147432679e-05,-5.810995600910329e-05,0.00020347981821923125,False
transformer,conditional,22,11.0,-1.3720930232530293e-05,-1.343438538203845e-05,-6.802325581389823e-05,-7.454093575527398e-05,2,0.0005000000000000004,False,legacy_mean,0.0145931334962615,0.1211393773555755,0.7025116868592033,0.3832193613052368,-0.013847639476689,-0.2776265762891957,0.9969984889030457,False,False,-4.0697674418603836e-05,-0.00016944144518272745,8.73920265780777e-05,-0.00015460556416788118,-0.00033201634571204235,4.118101445226484e-05,False
transformer,conditional,23,1.0,-0.00021843438538207138,-0.00023693936877078325,-0.00029480897009970253,-0.0003131159143361595,0,0.0007500000000000007,False,legacy_mean,0.9735514594657588,0.9860982298851012,0.0107001973907897,0.0037028193473815,0.9716406840851836,0.972594011099527,1.0054640769958496,True,False,-0.00020249169435215708,-0.00037609842192691556,-1.9829734219262373e-05,-0.0003385144667811646,-0.0006019655083585508,-6.773838563551778e-05,False
transformer,conditional,23,2.0,3.948089700993585e-05,4.1528239180799176e-08,-7.580980066446141e-05,0.00033308292391480697,3,0.0012499999999999994,False,legacy_mean,0.9547037280833192,0.976567566394806,0.0173378191583196,0.0056550055742263,0.9528272462470592,0.957772059655812,1.0040563344955444,True,False,9.368770764120126e-05,-0.00015938745847175038,0.0003357641196013365,0.0004963308491924578,0.00023032486490062775,0.000767447787267807,False
transformer,conditional,23,3.0,0.02697973421926909,0.02676887458471766,0.025587915282392015,0.022537657108738472,5,0.0005000000000000004,True,legacy_mean,0.9645213980895376,0.9826198816299438,0.0132580876337276,0.0045016407966613,0.9338504025323758,0.9224820453538722,0.9988558888435364,True,True,0.02696893687707642,0.025668052325581392,0.028234593023255823,0.022073977551554696,0.02093950211572839,0.023233552049032324,True
transformer,conditional,23,4.0,-0.035633787375415296,-0.03679973006644521,-0.038762728405315694,-0.034324028142144636,0,0.0010000000000000009,False,legacy_mean,0.578858077860626,0.7629849314689636,0.188949346998356,0.0666544735431671,0.6053401041017571,0.6451221459408996,0.995981752872467,True,False,-0.0355313122923588,-0.03854509759136212,-0.03184551910299002,-0.03311573065733909,-0.03620184670457121,-0.029369897998418985,False
transformer,conditional,23,5.0,0.0,0.0,0.0,0.0,0,0.0,False,legacy_mean,,,0.0,0.0,,,0.0,False,False,0.0,0.0,0.0,0.0,0.0,0.0,False
transformer,conditional,23,6.0,-0.00010056063122927394,-8.812292358806317e-05,-0.00018556893687715625,-0.00010648777658599507,0,0.0002500000000000002,False,legacy_mean,0.997028398791882,0.99845689535141,0.0014378663426005,0.0010824799537658,0.982810815577105,0.9823900750798902,0.9907699823379515,True,False,-7.375415282391606e-05,-0.0001657807308970017,1.3621262458478694e-05,-6.42602109001289e-05,-0.00015685110090322136,3.180951764783603e-05,False
transformer,conditional,23,7.0,-1.9331395348842763e-05,-4.401993355496181e-06,-7.500000000004725e-05,9.697227347338355e-06,2,0.0005000000000000004,False,legacy_mean,0.7184863700707094,0.8477235436439514,0.1213696854402002,0.0426122844219207,0.8106234837175326,0.886557398930125,0.994693160057068,True,False,-1.8272425249167277e-05,-0.0001313143687707541,9.036752491694438e-05,3.4497034468328194e-05,-0.00011568220452925107,0.0001899820681400134,False
transformer,conditional,23,8.0,8.614202657806214e-05,0.00010087209302322986,2.929817275754143e-05,0.00012181044824861597,5,0.0002500000000000002,False,legacy_mean,0.2974372147454651,0.5468789935112,0.3615364657126344,0.1433535814285278,0.5001105345716035,0.6359453685855146,0.9983698129653932,False,False,0.00010847176079734511,6.636212624594323e-06,0.00021371885382060013,0.00016643674412663344,-7.647771300195338e-06,0.00032563908247997003,True
transformer,conditional,23,9.0,0.0,0.0,0.0,0.0,0,0.0,False,legacy_mean,,,0.0,0.0,,,0.0,False,False,0.0,0.0,0.0,0.0,0.0,0.0,False
transformer,conditional,23,10.0,-3.801079734222501e-05,-4.815199335550524e-05,-9.279485049840108e-05,-5.6528157121049635e-05,1,0.0002500000000000002,False,legacy_mean,0.1901592773672956,0.4344758987426758,0.4539596056210538,0.1942001581192016,0.1148842134756825,0.4754276976683602,1.00121009349823,False,False,-5.714285714284895e-05,-0.00011445182724251123,2.990033222599692e-06,-2.4064863294082083e-05,-0.0001028467850583667,5.6395128721805667e-05,False
transformer,conditional,23,11.0,5.9966777408604344e-05,5.714285714275569e-05,-3.008720930230968e-05,0.0001834800718661489,4,0.0007499999999999989,False,legacy_mean,0.0145931334962615,0.1211393773555755,0.7025116868592033,0.3832193613052368,-0.013847639476689,-0.2776265762891957,0.9969984889030457,False,False,1.0797342192725434e-06,-0.00015391196013288,0.00014811669435216913,0.00018000892439759442,5.431186750588708e-06,0.0003935444579907141,False
transformer,conditional,24,1.0,0.004195996677740866,0.004225602159468433,0.0034795473421928014,0.002391101572776755,5,0.0007500000000000007,False,legacy_mean,0.9735514594657588,0.9860982298851012,0.0107001973907897,0.0037028193473815,0.9716406840851836,0.972594011099527,1.0054640769958496,True,False,0.004109302325581388,0.003584049003322241,0.0046221553156146015,0.0023524974680563917,0.002053504579966002,0.002650049273015323,True
transformer,conditional,24,2.0,0.0008662001661129626,0.0008398878737542192,0.0005685008305645889,0.0004949278798514368,5,0.0002500000000000002,False,legacy_mean,0.9547037280833192,0.976567566394806,0.0173378191583196,0.0056550055742263,0.9528272462470592,0.957772059655812,1.0040563344955444,True,False,0.0008383720930232508,0.0005370307308969974,0.0011595265780730828,0.0004836989049430951,0.0003224710711545962,0.000657699042209506,True
transformer,conditional,24,3.0,-4.788205980066351e-06,-2.055647840837338e-06,-1.6341362126137682e-05,-8.89930785952231e-08,1,0.0010000000000000009,False,legacy_mean,0.9645213980895376,0.9826198816299438,0.0132580876337276,0.0045016407966613,0.9338504025323758,0.9224820453538722,0.9988558888435364,True,False,-1.710963455149539e-05,-5.8309800664470305e-05,2.060215946845576e-05,-7.622584111703912e-06,-2.8810773483399248e-05,1.1606073178180878e-05,False
transformer,conditional,24,4.0,0.0007830440199335431,0.0008225083056475624,0.0005165282392026738,0.0004357719875613286,5,0.0007500000000000007,False,legacy_mean,0.578858077860626,0.7629849314689636,0.188949346998356,0.0666544735431671,0.6053401041017571,0.6451221459408996,0.995981752872467,True,False,0.00078006644518272,0.0006269061461793856,0.0009365448504983302,0.0004288887593615709,0.00034750323190885983,0.0005138730145610217,True
transformer,conditional,24,5.0,0.0,0.0,0.0,0.0,0,0.0,False,legacy_mean,,,0.0,0.0,,,0.0,False,False,0.0,0.0,0.0,0.0,0.0,0.0,False
transformer,conditional,24,6.0,-0.00012752906976742917,-0.00015438122923594477,-0.00019752906976733264,-7.368472762729894e-05,0,0.0002500000000000002,False,legacy_mean,0.997028398791882,0.99845689535141,0.0014378663426005,0.0010824799537658,0.982810815577105,0.9823900750798902,0.9907699823379515,True,False,-0.00014800664451826483,-0.00019485049833885235,-0.00010249169435217908,-8.447833874760557e-05,-0.00011266073066722545,-5.787799717989551e-05,False
transformer,conditional,24,7.0,0.0002664451827242731,0.00027066029900324473,0.00018407392026553726,0.0001575239970616149,5,0.0004999999999999987,False,legacy_mean,0.7184863700707094,0.8477235436439514,0.1213696854402002,0.0426122844219207,0.8106234837175326,0.886557398930125,0.994693160057068,True,False,0.00025215946843854306,0.000175083056478411,0.0003257475083056148,0.00015070971856153025,0.0001078515545588308,0.00019090482393840767,True
transformer,conditional,24,8.0,-9.526578073093539e-06,-1.1108803986803473e-05,-1.7296511627851174e-05,-8.472514970048195e-06,1,0.0005000000000000004,False,legacy_mean,0.2974372147454651,0.5468789935112,0.3615364657126344,0.1433535814285278,0.5001105345716035,0.6359453685855146,0.9983698129653932,False,False,-2.9069767441852745e-05,-5.01702657807081e-05,-7.304817275722681e-06,-1.639370035523835e-05,-2.7665696285998216e-05,-5.173869391768149e-06,False
transformer,conditional,24,9.0,0.0,0.0,0.0,0.0,0,0.0,False,legacy_mean,,,0.0,0.0,,,0.0,False,False,0.0,0.0,0.0,0.0,0.0,0.0,False
transformer,conditional,24,10.0,-5.808139534884127e-05,-5.9821428571416035e-05,-9.811046511642996e-05,-3.3203195590725264e-05,1,0.0002500000000000002,False,legacy_mean,0.1901592773672956,0.4344758987426758,0.4539596056210538,0.1942001581192016,0.1148842134756825,0.4754276976683602,1.00121009349823,False,False,-6.810631229233976e-05,-0.00010764534883721496,-3.089700996675926e-05,-3.995954759798859e-05,-6.164789763057882e-05,-2.0125533378987998e-05,False
transformer,conditional,24,11.0,-6.237541528308909e-06,-5.045681063187146e-06,-1.5344684385465435e-05,-4.700570832127937e-06,1,0.0005000000000000004,False,legacy_mean,0.0145931334962615,0.1211393773555755,0.7025116868592033,0.3832193613052368,-0.013847639476689,-0.2776265762891957,0.9969984889030457,False,False,-1.5448504983388566e-05,-4.518272425248812e-05,1.0299003322248312e-05,-1.049121746783621e-05,-2.771806886930467e-05,4.039446586857612e-06,False
transformer,conditional,25,1.0,0.00187750415282395,0.00228365863787372,0.0004401785714286399,0.0011181347925916408,5,0.0007499999999999998,False,legacy_mean,0.9735514594657588,0.9860982298851012,0.0107001973907897,0.0037028193473815,0.9716406840851836,0.972594011099527,1.0054640769958496,True,False,0.0018343853820597833,0.0009933658637873452,0.0026322446013288866,0.001100733869708892,0.0005819403640416424,0.0016036300093258858,True
transformer,conditional,25,2.0,0.019300004152823867,0.019506914451827173,0.015615490033222379,0.011870186721692443,5,0.0005000000000000004,False,legacy_mean,0.9547037280833192,0.976567566394806,0.0173378191583196,0.0056550055742263,0.9528272462470592,0.957772059655812,1.0040563344955444,True,False,0.01945813953488371,0.01718926702657808,0.02152080357142854,0.01195914559508045,0.010321859479113028,0.01341028066493472,True
transformer,conditional,25,3.0,-2.8330564784040392e-05,-3.6088039866988275e-05,-8.542358803997896e-05,-1.2265990693638428e-05,1,0.0007500000000000007,False,legacy_mean,0.9645213980895376,0.9826198816299438,0.0132580876337276,0.0045016407966613,0.9338504025323758,0.9224820453538722,0.9988558888435364,True,False,-5.456810631230602e-05,-0.0001164534883721083,1.304401993354593e-05,-2.566693394161157e-05,-6.114978439968382e-05,1.2259725740192784e-05,False
transformer,conditional,25,4.0,0.001165813953488426,0.0012176702657807903,0.0008104443521593785,0.0007275527670786097,5,0.0012499999999999994,False,legacy_mean,0.578858077860626,0.7629849314689636,0.188949346998356,0.0666544735431671,0.6053401041017571,0.6451221459408996,0.995981752872467,True,False,0.001147176079734198,0.0009028945182724062,0.0013844165282391916,0.0007257632561759675,0.0005606980207045997,0.0008763534251848262,True
transformer,conditional,25,5.0,0.0,0.0,0.0,0.0,0,0.0,False,legacy_mean,,,0.0,0.0,,,0.0,False,False,0.0,0.0,0.0,0.0,0.0,0.0,False
transformer,conditional,25,6.0,4.846760797341254e-05,3.112541528238477e-05,-5.845099667778353e-05,3.288105027257071e-05,3,0.0005000000000000004,False,legacy_mean,0.997028398791882,0.99845689535141,0.0014378663426005,0.0010824799537658,0.982810815577105,0.9823900750798902,0.9907699823379515,True,False,4.867109634550726e-05,-2.7080564784055713e-05,0.0001230066445182648,3.004254759180758e-05,-1.5532757948780063e-05,7.552943435384966e-05,False
transformer,conditional,25,7.0,0.00033404900332225653,0.0003329111295680143,0.00021737956810619075,0.0002076102196125751,5,0.0005000000000000004,False,legacy_mean,0.7184863700707094,0.8477235436439514,0.1213696854402002,0.0426122844219207,0.8106234837175326,0.886557398930125,0.994693160057068,True,False,0.00032192691029899855,0.00019649916943521758,0.0004694414451826849,0.00019984859272107692,0.00011884244239582373,0.0002952502160724816,True
transformer,conditional,25,8.0,-0.0005772342192690294,-0.0005708679401992267,-0.0006565822259135823,-0.0003387108534903538,0,0.0012500000000000011,False,legacy_mean,0.2974372147454651,0.5468789935112,0.3615364657126344,0.1433535814285278,0.5001105345716035,0.6359453685855146,0.9983698129653932,False,False,-0.0005695182724252623,-0.0006355710132890629,-0.0005066403654485074,-0.00033431540039852934,-0.00037592508859344344,-0.00029740514584466847,False
transformer,conditional,25,9.0,0.0,0.0,0.0,0.0,0,0.0,False,legacy_mean,,,0.0,0.0,,,0.0,False,False,0.0,0.0,0.0,0.0,0.0,0.0,False
transformer,conditional,25,10.0,-2.834302325578353e-05,-4.200581395341629e-05,-6.0797342192664416e-05,-1.745755634012802e-05,1,0.0010000000000000009,False,legacy_mean,0.1901592773672956,0.4344758987426758,0.4539596056210538,0.1942001581192016,0.1148842134756825,0.4754276976683602,1.00121009349823,False,False,-2.475083056479588e-05,-7.55897009966934e-05,2.242940199333019e-05,-1.643825432574797e-05,-4.857531417428754e-05,1.299856136346627e-05,False
transformer,conditional,25,11.0,5.73546511627443e-05,4.929401993358784e-05,1.885382059796381e-05,3.306074279700866e-05,5,0.0005000000000000004,False,legacy_mean,0.0145931334962615,0.1211393773555755,0.7025116868592033,0.3832193613052368,-0.013847639476689,-0.2776265762891957,0.9969984889030457,False,False,3.272425249167821e-05,-1.9686461794050313e-05,8.92026578072742e-05,1.7389891375948485e-05,-1.6187747977289446e-05,5.0821825157945716e-05,False
transformer,conditional,26,1.0,-0.0004799003322258244,-0.0004240656146178301,-0.0007354235880397963,-0.0003086092111398875,0,0.0007500000000000007,False,legacy_mean,0.9735514594657588,0.9860982298851012,0.0107001973907897,0.0037028193473815,0.9716406840851836,0.972594011099527,1.0054640769958496,True,False,-0.000502491694352184,-0.0006657890365448745,-0.00037457641196013853,-0.0003208203578660951,-0.00043256975658017546,-0.0002368299410901719,False
transformer,conditional,26,2.0,0.00029446428571433536,0.00030220099667777056,9.856727574752977e-05,0.00020185960315965978,5,0.0007500000000000007,False,legacy_mean,0.9547037280833192,0.976567566394806,0.0173378191583196,0.0056550055742263,0.9528272462470592,0.957772059655812,1.0040563344955444,True,False,0.00025830564784053324,0.0001086212624584704,0.0004108222591362286,0.00018134402785733417,9.212420481554868e-05,0.0002755484535582387,True
transformer,conditional,26,3.0,0.0002566403654486127,0.00025759966777416654,7.651578073097909e-05,0.00016852442014778646,5,0.0007500000000000007,False,legacy_mean,0.9645213980895376,0.9826198816299438,0.0132580876337276,0.0045016407966613,0.9338504025323758,0.9224820453538722,0.9988558888435364,True,False,0.00026727574750829206,0.00015779069767440045,0.00038588039867107473,0.00017594161036759258,0.00011153925090582043,0.00024138785767370406,True
transformer,conditional,26,4.0,0.0894895805647841,0.08863490448504985,0.0824371677740865,0.05803947888065286,5,0.0007499999999999989,True,legacy_mean,0.578858077860626,0.7629849314689636,0.188949346998356,0.0666544735431671,0.6053401041017571,0.6451221459408996,0.995981752872467,True,True,0.08950863787375414,0.08177936046511625,0.09829137458471755,0.05874286037065666,0.05269328071102885,0.06584628775529192,True
transformer,conditional,26,5.0,0.0,0.0,0.0,0.0,0,0.0,False,legacy_mean,,,0.0,0.0,,,0.0,False,False,0.0,0.0,0.0,0.0,0.0,0.0,False
transformer,conditional,26,6.0,-5.2973421926827416e-05,-7.450166112943357e-05,-0.00011370431893686916,-3.7283634314211334e-05,1,0.0007500000000000007,False,legacy_mean,0.997028398791882,0.99845689535141,0.0014378663426005,0.0010824799537658,0.982810815577105,0.9823900750798902,0.9907699823379515,True,False,-6.611295681063889e-05,-0.00011611710963457525,-1.661129568106598e-05,-4.169080916834989e-05,-7.244011318700459e-05,-1.1293869196438525e-05,False
transformer,conditional,26,7.0,-1.7823920265769288e-05,5.996677740882639e-05,-0.0002061669435216018,-1.0078513446654114e-05,3,0.0002500000000000002,False,legacy_mean,0.7184863700707094,0.8477235436439514,0.1213696854402002,0.0426122844219207,0.8106234837175326,0.886557398930125,0.994693160057068,True,False,-1.8438538205990397e-05,-0.0001393729235880158,0.00010116279069764991,-1.119892411893475e-05,-8.283367342287051e-05,5.826163042958034e-05,False
transformer,conditional,26,8.0,-0.0003592524916943285,-0.00032919435215938986,-0.0004405523255812671,-0.0002050816186647042,0,0.0005000000000000004,False,legacy_mean,0.2974372147454651,0.5468789935112,0.3615364657126344,0.1433535814285278,0.5001105345716035,0.6359453685855146,0.9983698129653932,False,False,-0.0003661960132890352,-0.00043862541528239625,-0.00029981519933557115,-0.0002114598088780717,-0.00025646267283550205,-0.00017158587546416062,False
transformer,conditional,26,9.0,0.0,0.0,0.0,0.0,0,0.0,False,legacy_mean,,,0.0,0.0,,,0.0,False,False,0.0,0.0,0.0,0.0,0.0,0.0,False
transformer,conditional,26,10.0,3.986710963510554e-06,2.757475083081662e-05,-9.503737541527446e-05,1.4642995312730277e-06,3,0.0002500000000000002,False,legacy_mean,0.1901592773672956,0.4344758987426758,0.4539596056210538,0.1942001581192016,0.1148842134756825,0.4754276976683602,1.00121009349823,False,False,-1.8272425249254986e-06,-7.508305647841152e-05,6.014950166113077e-05,-2.8065741324445616e-06,-4.378958306296049e-05,3.348554477332996e-05,False
transformer,conditional,26,11.0,6.490863787500523e-06,1.3413621262614583e-05,-1.7504152823866193e-05,4.911583430078359e-06,4,0.0002500000000000002,False,legacy_mean,0.0145931334962615,0.1211393773555755,0.7025116868592033,0.3832193613052368,-0.013847639476689,-0.2776265762891957,0.9969984889030457,False,False,-3.820598006650799e-06,-6.728820598007991e-05,5.847591362126303e-05,-8.121265679394973e-08,-3.6669101248353876e-05,3.533778935672493e-05,False
transformer,conditional,27,1.0,0.0008482267441860536,0.0009225290697674193,0.0005127906976744034,0.0005869295776570027,5,0.0005000000000000004,False,legacy_mean,0.9735514594657588,0.9860982298851012,0.0107001973907897,0.0037028193473815,0.9716406840851836,0.972594011099527,1.0054640769958496,True,False,0.0008675249169435251,0.0006328052325581359,0.0010766050664451881,0.0005910444156953454,0.00046131704182735445,0.000705940621019984,True
transformer,conditional,27,2.0,-0.001036910299003324,-0.0009466569767441202,-0.0013386835548172549,-0.0006258781322055817,0,0.0007500000000000007,False,legacy_mean,0.9547037280833192,0.976567566394806,0.0173378191583196,0.0056550055742263,0.9528272462470592,0.957772059655812,1.0040563344955444,True,False,-0.0010386212624584723,-0.0012892732558139675,-0.0008269788205980099,-0.0006173138353981734,-0.0007733432065262432,-0.00045426579359112514,False
transformer,conditional,27,3.0,-0.0001101245847176191,-0.0001278446843854253,-0.000158347176079765,-0.00010198783785779764,0,0.0002500000000000002,False,legacy_mean,0.9645213980895376,0.9826198816299438,0.0132580876337276,0.0045016407966613,0.9338504025323758,0.9224820453538722,0.9988558888435364,True,False,-0.00014401993355481424,-0.000256985049833892,-2.1424418604633504e-05,-0.00013256588768267518,-0.0002208649545202124,-4.2065548894558384e-05,False
transformer,conditional,27,4.0,-4.040697674412286e-06,-5.336378737541558e-05,-0.0002971553156145834,4.523352978076378e-05,2,0.0015000000000000005,False,legacy_mean,0.578858077860626,0.7629849314689636,0.188949346998356,0.0666544735431671,0.6053401041017571,0.6451221459408996,0.995981752872467,True,False,4.285714285714004e-05,-0.00028754568106312923,0.0003793770764119512,0.00014235744083039735,-0.0001226125806300749,0.00040558583707378174,False
transformer,conditional,27,5.0,0.0,0.0,0.0,0.0,0,0.0,False,legacy_mean,,,0.0,0.0,,,0.0,False,False,0.0,0.0,0.0,0.0,0.0,0.0,False
transformer,conditional,27,6.0,-0.0019065780730897152,-0.0018649501661128776,-0.0022755398671097105,-0.001327532615676219,0,0.0002500000000000002,False,legacy_mean,0.997028398791882,0.99845689535141,0.0014378663426005,0.0010824799537658,0.982810815577105,0.9823900750798902,0.9907699823379515,True,False,-0.0018931893687707613,-0.0021245390365448504,-0.0016853820598006707,-0.001299568761281692,-0.001453399097715954,-0.00116375927046378,False
transformer,conditional,27,7.0,-0.0006249916943521727,-0.0005775124584718183,-0.0009399709302325698,-0.0004693086380902267,0,0.0002500000000000002,False,legacy_mean,0.7184863700707094,0.8477235436439514,0.1213696854402002,0.0426122844219207,0.8106234837175326,0.886557398930125,0.994693160057068,True,False,-0.0006207641196013247,-0.000833563122923586,-0.00040463455149501563,-0.00047787669664394963,-0.0006170182719472464,-0.0003279696061394719,False
transformer,conditional,27,8.0,5.916943521593332e-05,6.146179401989027e-05,-1.8770764119602212e-05,6.226559081201621e-05,4,0.0005000000000000004,False,legacy_mean,0.2974372147454651,0.5468789935112,0.3615364657126344,0.1433535814285278,0.5001105345716035,0.6359453685855146,0.9983698129653932,False,False,6.395348837209158e-05,-1.1636212624596798e-05,0.0001426910299003415,5.2899803847689106e-05,-6.479499661075914e-07,0.00010765054064876821,False
transformer,conditional,27,9.0,0.0,0.0,0.0,0.0,0,0.0,False,legacy_mean,,,0.0,0.0,,,0.0,False,False,0.0,0.0,0.0,0.0,0.0,0.0,False
transformer,conditional,27,10.0,0.005314356312292356,0.004570888704318876,0.0025978820598007157,0.003499635136520296,5,0.0002500000000000002,False,legacy_mean,0.1901592773672956,0.4344758987426758,0.4539596056210538,0.1942001581192016,0.1148842134756825,0.4754276976683602,1.00121009349823,False,False,0.005380315614617942,0.003507016196013296,0.00752563953488372,0.003535572913681867,0.0022523104865052666,0.005005312227191024,True
transformer,conditional,27,11.0,6.335548172757832e-05,6.382890365441707e-05,2.4148671096346774e-05,5.014649793837478e-05,5,0.0002500000000000002,False,legacy_mean,0.0145931334962615,0.1211393773555755,0.7025116868592033,0.3832193613052368,-0.013847639476689,-0.2776265762891957,0.9969984889030457,False,False,5.730897009967206e-05,-5.1993355481723236e-05,0.00015996677740863236,3.529636363901689e-05,-4.095923083268801e-05,0.0001152661307589094,False
transformer,conditional,28,1.0,-0.0001440573089701136,-0.0001396802325581703,-0.00022209302325582048,-0.00021185887396704128,0,0.0012499999999999994,False,legacy_mean,0.9735514594657588,0.9860982298851012,0.0107001973907897,0.0037028193473815,0.9716406840851836,0.972594011099527,1.0054640769958496,True,False,-0.00012566445182723984,-0.00027686877076411463,3.183970099667786e-05,-0.00019854461967821924,-0.0004261808471975863,2.6914502845643505e-05,False
transformer,conditional,28,2.0,-4.5161960132888976e-05,-5.7433554817243326e-05,-0.00031515780730895226,-0.00022528727830068985,2,0.0007499999999999989,False,legacy_mean,0.9547037280833192,0.976567566394806,0.0173378191583196,0.0056550055742263,0.9528272462470592,0.957772059655812,1.0040563344955444,True,False,-2.8239202657803775e-05,-0.0003359634551494809,0.00025184593023255385,-0.00019109986417779724,-0.0005431650942316928,0.00014235328780612595,False
transformer,conditional,28,3.0,6.64451827242729e-05,5.624999999997993e-05,-1.7421096345504594e-05,-2.05806902730199e-05,4,0.0005000000000000004,False,legacy_mean,0.9645213980895376,0.9826198816299438,0.0132580876337276,0.0045016407966613,0.9338504025323758,0.9224820453538722,0.9988558888435364,True,False,5.8139534883715485e-05,-0.00010681478405316268,0.0002227574750830541,1.6250089112432865e-05,-0.00019399178801876934,0.00021889316653166325,False
transformer,conditional,28,4.0,0.001833683554817278,0.0020167566445182805,0.0012711171096345675,0.0018459016519625005,5,0.0009999999999999992,False,legacy_mean,0.578858077860626,0.7629849314689636,0.188949346998356,0.0666544735431671,0.6053401041017571,0.6451221459408996,0.995981752872467,True,False,0.0018291528239202648,0.0012958160299003337,0.002316617524916956,0.0015671949938688922,0.0010361003384095969,0.002098110928879347,True
transformer,conditional,28,5.0,0.0,0.0,0.0,0.0,0,0.0,False,legacy_mean,,,0.0,0.0,,,0.0,False,False,0.0,0.0,0.0,0.0,0.0,0.0,False
transformer,conditional,28,6.0,4.450996677742847e-05,2.597591362130114e-05,-4.2151162791270735e-06,4.214320677438099e-05,4,0.0004999999999999987,False,legacy_mean,0.997028398791882,0.99845689535141,0.0014378663426005,0.0010824799537658,0.982810815577105,0.9823900750798902,0.9907699823379515,True,False,6.26245847176099e-05,-5.917774086371451e-06,0.00013447051495016254,7.136170771324224e-05,-2.7457971846212404e-05,0.00016251212640943372,False
transformer,conditional,28,7.0,-0.00010719269102990036,-0.00011748338870432029,-0.00019898255813943777,-0.00015888052484964722,1,0.0005000000000000004,False,legacy_mean,0.7184863700707094,0.8477235436439514,0.1213696854402002,0.0426122844219207,0.8106234837175326,0.886557398930125,0.994693160057068,True,False,-0.00011727574750830638,-0.00024892234219269855,1.8803986710962684e-05,-0.00014100658917188036,-0.00028853199642041647,1.3594139286405637e-05,False
transformer,conditional,28,8.0,-1.7317275747164018e-06,4.422757475142092e-06,-6.289451827234949e-05,3.053482087942427e-05,3,0.0004999999999999987,False,legacy_mean,0.2974372147454651,0.5468789935112,0.3615364657126344,0.1433535814285278,0.5001105345716035,0.6359453685855146,0.9983698129653932,False,False,4.900332225913351e-06,-9.486710963455524e-05,9.053779069767344e-05,6.7334730890789e-05,-5.454240003073521e-05,0.00018910136465389088,False
transformer,conditional,28,9.0,0.0,0.0,0.0,0.0,0,0.0,False,legacy_mean,,,0.0,0.0,,,0.0,False,False,0.0,0.0,0.0,0.0,0.0,0.0,False
transformer,conditional,28,10.0,1.616694352160053e-05,4.4123754152747274e-05,-9.842192691034146e-05,1.2961412221823565e-05,4,0.0004999999999999987,False,legacy_mean,0.1901592773672956,0.4344758987426758,0.4539596056210538,0.1942001581192016,0.1148842134756825,0.4754276976683602,1.00121009349823,False,False,1.7774086378736788e-05,-5.3822674418612076e-05,8.207433554816457e-05,-5.9041849339758205e-06,-0.00010340884635548711,8.457362323978548e-05,False
transformer,conditional,28,11.0,-3.240448504981952e-05,-1.3891196013249285e-05,-7.979651162781654e-05,2.6511811940466146e-05,0,0.0005000000000000004,False,legacy_mean,0.0145931334962615,0.1211393773555755,0.7025116868592033,0.3832193613052368,-0.013847639476689,-0.2776265762891957,0.9969984889030457,False,False,-3.687707641196414e-05,-0.00022534260797341547,0.00014801079734217852,-2.243386506856071e-06,-0.00019150621532875974,0.00017184859507363018,False
transformer,loo_sample,1,1.0,9.044850498307611e-06,9.883720930359274e-06,7.890365447682512e-07,2.5214077057356123e-07,5,0.0010000000000000009,False,loo_residual_sample,0.8651731632450161,0.9980531930923462,0.0049596181608603,0.0042440295219421,0.9716406840851812,0.9420414687586508,1.0054640769958496,True,False,1.9933554817141987e-06,-4.236295681063124e-05,4.336794019931058e-05,-2.2638299868626975e-06,-2.1861777400363768e-05,1.61089642154587e-05,False
transformer,loo_sample,1,2.0,5.3338870431907104e-05,5.58970099667766e-05,4.049003322259548e-05,2.254756504476152e-05,5,0.0007499999999999989,False,loo_residual_sample,0.9265466011957644,0.9996967911720276,0.003525135654436,0.0034029483795166,0.9528272462470624,0.9411839774807056,1.0040563344955444,True,False,4.0697674418592736e-05,1.3289036544831156e-05,6.84426910298959e-05,1.5694009374130903e-05,5.1624555594106115e-06,2.65121152726217e-05,True
transformer,loo_sample,1,3.0,1.1287375415247602e-05,1.1420265780826e-05,7.267441860414614e-06,3.9103441744403614e-06,5,0.0007499999999999989,False,loo_residual_sample,0.9322225435181724,1.00082266330719,0.0034354509736944,0.0032872557640075,0.933850402532371,0.909343663450228,0.9988558888435364,True,False,9.136212624576424e-06,-4.8172757474990166e-06,2.2931893687709408e-05,2.6037283141067123e-06,-3.6979405562917456e-06,8.863432304341362e-06,False
transformer,loo_sample,1,4.0,0.00010831395348833705,0.0001072259136212228,0.00010103820597995306,5.526850414501183e-05,5,0.0005000000000000004,False,loo_residual_sample,0.3371445351990427,1.00309956073761,0.003348054398276,0.0016921758651733,0.6053401041017554,0.3618425431138095,0.995981752872467,False,False,0.00010797342192690795,7.507890365448799e-05,0.00014252491694351403,5.4309417284431616e-05,3.852830796629611e-05,7.055917313090709e-05,True
transformer,loo_sample,1,5.0,0.0,0.0,0.0,0.0,0,0.0,False,loo_residual_sample,,,0.0,0.0,,,0.0,False,False,0.0,0.0,0.0,0.0,0.0,0.0,False
transformer,loo_sample,1,6.0,-1.8604651162323904e-06,-1.7441860463707215e-06,-5.523255813821848e-06,-4.099470637397573e-07,1,0.0002500000000000002,False,loo_residual_sample,0.9719676366842894,1.0001260042190552,0.0015354211978162,0.0017780065536499,0.9828108155771098,0.968986654398402,0.9907699823379515,True,False,3.322259136073757e-07,-1.1964285714308963e-05,1.2628737541531937e-05,6.947226808606821e-07,-4.687457442511533e-06,5.980100519762415e-06,False
transformer,loo_sample,1,7.0,2.4875415282399338e-05,2.458471760802272e-05,1.9102990033048606e-05,1.3949238058286184e-05,5,0.0002500000000000002,False,loo_residual_sample,0.0471712890767301,1.0007697343826294,0.0124302895488096,0.0060730576515197,0.8106234837175305,0.7362910439794615,0.994693160057068,True,False,1.760797342191145e-05,4.152823920270249e-06,3.23920265780476e-05,1.0367047251037543e-05,4.233061195958121e-06,1.7240024937087315e-05,True
transformer,loo_sample,1,8.0,-1.6295681063205336e-05,-1.3455149501795383e-05,-2.8488372093016245e-05,-8.36231858958314e-06,0,0.0002500000000000002,False,loo_residual_sample,-0.6659259345368391,1.0006139278411863,0.0164826797863814,0.0068706274032592,0.5001105345716043,0.4138522709228205,0.9983698129653932,True,False,-1.5614617940209463e-05,-2.9069767441862876e-05,-2.4916943521855193e-06,-7.689315229739701e-06,-1.3892357941779593e-05,-1.5465352840846963e-06,False
transformer,loo_sample,1,9.0,0.0,0.0,0.0,0.0,0,0.0,False,loo_residual_sample,,,0.0,0.0,,,0.0,False,False,0.0,0.0,0.0,0.0,0.0,0.0,False
transformer,loo_sample,1,10.0,1.8770764119713235e-06,2.9900332227938975e-06,-7.724252491736472e-06,7.568334760454931e-07,3,0.0002500000000000002,False,loo_residual_sample,-0.6060181530119817,0.999291181564331,0.002843370806177,0.0019484609365463,0.1148842134756821,0.1113175100660973,1.00121009349823,True,False,1.1627906976696688e-06,-7.641196013285002e-06,9.136212624574369e-06,1.5533139072321234e-07,-4.244364236357573e-06,3.8383313902135284e-06,False
transformer,loo_sample,1,11.0,-4.775747508567463e-07,1.619601328828324e-06,-9.759136212594832e-06,-7.914776303463711e-07,3,0.0002500000000000002,False,loo_residual_sample,-0.9736542225453076,1.002188205718994,0.0033631309062697,0.0024386942386627,-0.013847639476689,-0.0030937075017248,0.9969984889030457,True,False,-3.986710963465034e-06,-1.6283222591377543e-05,1.0137043189354606e-05,-2.3745149490184134e-06,-8.030379165237356e-06,3.855588114449321e-06,False
transformer,loo_sample,2,1.0,0.0001669933554817371,0.00015984219269127298,9.987541528233557e-05,9.23902995505932e-05,5,0.0007500000000000007,False,loo_residual_sample,0.8651731632450161,0.9980531930923462,0.0049596181608603,0.0042440295219421,0.9716406840851812,0.9420414687586508,1.0054640769958496,True,False,0.00016428571428572236,4.102574750830809e-05,0.00029916943521595465,9.219790729014132e-05,3.5343664569569274e-05,0.00015414304428932007,True
transformer,loo_sample,2,2.0,6.43064784052294e-05,6.100498338845739e-05,-3.0440199335513007e-05,4.5894525559120324e-05,4,0.0009999999999999992,False,loo_residual_sample,0.9265466011957644,0.9996967911720276,0.003525135654436,0.0034029483795166,0.9528272462470624,0.9411839774807056,1.0040563344955444,True,False,5.099667774086547e-05,-1.9946013289036113e-05,0.00013122923588036403,3.7097006443577165e-05,1.5478084817522334e-06,7.613923551502428e-05,False
transformer,loo_sample,2,3.0,-2.0315614617905098e-05,-1.9269102989993847e-05,-3.243355481741261e-05,-9.73772625452174e-06,0,0.0005000000000000004,False,loo_residual_sample,0.9322225435181724,1.00082266330719,0.0034354509736944,0.0032872557640075,0.933850402532371,0.909343663450228,0.9988558888435364,True,False,-1.5282392026579883e-05,-3.571428571429599e-05,8.471760797345184e-06,-7.872421877672675e-06,-1.633399286865325e-05,2.1468673015394274e-06,False
transformer,loo_sample,2,4.0,0.0006057433554817804,0.0005962624584718856,0.0005829734219270355,0.0002924286227607098,5,0.0014999999999999996,False,loo_residual_sample,0.3371445351990427,1.00309956073761,0.003348054398276,0.0016921758651733,0.6053401041017554,0.3618425431138095,0.995981752872467,False,False,0.0005941860465116255,0.0005222466777408463,0.0006701162790697791,0.00028710553289135855,0.0002544237279557112,0.0003216922084580298,True
transformer,loo_sample,2,5.0,0.0,0.0,0.0,0.0,0,0.0,False,loo_residual_sample,,,0.0,0.0,,,0.0,False,False,0.0,0.0,0.0,0.0,0.0,0.0,False
transformer,loo_sample,2,6.0,-2.5004152823959735e-05,-2.497923588051787e-05,-3.720930232553599e-05,-1.3644309012805778e-05,0,0.0005000000000000004,False,loo_residual_sample,0.9719676366842894,1.0001260042190552,0.0015354211978162,0.0017780065536499,0.9828108155771098,0.968986654398402,0.9907699823379515,True,False,-3.1395348837210955e-05,-5.315614617939618e-05,-9.298172757452117e-06,-1.5486677992774255e-05,-2.5359547005824238e-05,-5.51855406818647e-06,False
transformer,loo_sample,2,7.0,0.00011786960132891267,0.00011764950166115451,6.9767441860491e-05,6.707842081010718e-05,5,0.0012500000000000011,False,loo_residual_sample,0.0471712890767301,1.0007697343826294,0.0124302895488096,0.0060730576515197,0.8106234837175305,0.7362910439794615,0.994693160057068,True,False,0.00012109634551495163,7.790697674419073e-05,0.0001642940199335662,6.8735390048269e-05,4.801436112404059e-05,9.007572857649127e-05,True
transformer,loo_sample,2,8.0,-8.181063122880693e-06,-6.6445182723695595e-06,-4.52242524917601e-05,-2.0916127043246744e-06,1,0.0005000000000000004,False,loo_residual_sample,-0.6659259345368391,1.0006139278411863,0.0164826797863814,0.0068706274032592,0.5001105345716043,0.4138522709228205,0.9983698129653932,True,False,-1.063122923586568e-05,-3.5714285714252534e-05,1.3787375415297426e-05,-3.4886762640085055e-06,-1.539260227366737e-05,8.369304927450098e-06,False
transformer,loo_sample,2,9.0,0.0,0.0,0.0,0.0,0,0.0,False,loo_residual_sample,,,0.0,0.0,,,0.0,False,False,0.0,0.0,0.0,0.0,0.0,0.0,False
transformer,loo_sample,2,10.0,-1.0971760797340302e-05,-9.676079734122212e-06,-2.9900332226051596e-05,-5.950633114726322e-06,1,0.0002500000000000002,False,loo_residual_sample,-0.6060181530119817,0.999291181564331,0.002843370806177,0.0019484609365463,0.1148842134756821,0.1113175100660973,1.00121009349823,True,False,-1.2292358803982496e-05,-2.541528239204066e-05,4.983388704427882e-07,-6.526606058809836e-06,-1.4064525589170901e-05,6.543109576503359e-07,False
transformer,loo_sample,2,11.0,-8.01079734225052e-06,-5.64784053158629e-06,-1.729651162807322e-05,-2.4727667439439217e-06,1,0.0005000000000000004,False,loo_residual_sample,-0.9736542225453076,1.002188205718994,0.0033631309062697,0.0024386942386627,-0.013847639476689,-0.0030937075017248,0.9969984889030457,True,False,-4.4850498338977474e-06,-2.1594684385407595e-05,1.162790697674121e-05,-2.751734158790153e-07,-8.226846263462261e-06,7.281115627693618e-06,False
transformer,loo_sample,3,1.0,0.0009333679401993366,0.0007487126245846465,-9.096760797344672e-05,-0.00038838762851791666,4,0.0005000000000000004,False,loo_residual_sample,0.8651731632450161,0.9980531930923462,0.0049596181608603,0.0042440295219421,0.9716406840851812,0.9420414687586508,1.0054640769958496,True,False,0.0008434385382059861,-0.0005057142857142696,0.002244638704318937,-0.0004359947815594267,-0.0018724673386299824,0.0010847102791741916,False
transformer,loo_sample,3,2.0,-0.0023898214285714703,-0.0023336378737541796,-0.0034171096345515517,-0.0029629883607543263,0,0.0010000000000000009,False,loo_residual_sample,0.9265466011957644,0.9996967911720276,0.003525135654436,0.0034029483795166,0.9528272462470624,0.9411839774807056,1.0040563344955444,True,False,-0.0022846345514950174,-0.003109470514950171,-0.0015076598837209226,-0.0025954945160916653,-0.003327069707433734,-0.0018500077699515891,False
transformer,loo_sample,3,3.0,0.00047764534883718566,0.000485818106312208,0.00036357973421929923,0.0003786993563592134,5,0.0009999999999999992,False,loo_residual_sample,0.9322225435181724,1.00082266330719,0.0034354509736944,0.0032872557640075,0.933850402532371,0.909343663450228,0.9988558888435364,True,False,0.0004919435215946866,0.00031651578073090073,0.0006715988372093027,0.00038766959770284993,0.00016364679246218204,0.0006017753222396218,True
transformer,loo_sample,3,4.0,0.0028115490033222557,0.003044995847176102,0.001306955980066471,0.0033540483305621203,5,0.0014999999999999996,False,loo_residual_sample,0.3371445351990427,1.00309956073761,0.003348054398276,0.0016921758651733,0.6053401041017554,0.3618425431138095,0.995981752872467,False,False,0.002903073089700996,0.002030288621262455,0.003627682724252496,0.003566047364061511,0.002902187844734651,0.004257319407865967,True
transformer,loo_sample,3,5.0,0.0,0.0,-2.076411964591074e-08,3.8381122058339655e-09,1,0.0,False,loo_residual_sample,,,0.0,0.0,,,0.0,False,False,8.305647840489705e-08,0.0,3.322259136195882e-07,7.905463011770309e-08,0.0,3.1621852047081234e-07,False
transformer,loo_sample,3,6.0,1.089700996674825e-05,2.227990033221161e-05,-4.497508305656428e-05,9.453954064990722e-05,3,0.0005000000000000004,False,loo_residual_sample,0.9719676366842894,1.0001260042190552,0.0015354211978162,0.0017780065536499,0.9828108155771098,0.968986654398402,0.9907699823379515,True,False,3.9368770764119934e-05,-0.00011147425249169565,0.00018414244186046614,7.847964138378294e-05,-0.00010812941401866581,0.00026425614020125543,False
transformer,loo_sample,3,7.0,-0.00031610049833887823,-0.0002780523255814238,-0.0005253737541528469,-0.00026484026348563285,0,0.0005000000000000004,False,loo_residual_sample,0.0471712890767301,1.0007697343826294,0.0124302895488096,0.0060730576515197,0.8106234837175305,0.7362910439794615,0.994693160057068,True,False,-0.0002623754152823843,-0.00048373754152822746,-3.571428571427551e-05,-0.0002965134526548818,-0.0005805352935888467,-1.2935812832153887e-07,False
transformer,loo_sample,3,8.0,0.0003532059800664289,0.000350311461793984,0.0001584717607973074,0.00019430773057453886,5,0.0005000000000000004,False,loo_residual_sample,-0.6659259345368391,1.0006139278411863,0.0164826797863814,0.0068706274032592,0.5001105345716043,0.4138522709228205,0.9983698129653932,True,False,0.000388953488372088,0.000207788621262458,0.0005844725913621198,0.00015472653585267172,-2.3457156083519034e-05,0.0003387249856970012,True
transformer,loo_sample,3,9.0,0.0,0.0,-2.076411964591074e-08,3.8381122058339655e-09,1,0.0,False,loo_residual_sample,,,0.0,0.0,,,0.0,False,False,8.305647840489705e-08,0.0,3.322259136195882e-07,7.905463011770309e-08,0.0,3.1621852047081234e-07,False
transformer,loo_sample,3,10.0,8.237956810630553e-05,5.8513289036499216e-05,-0.00014572259136214072,0.00013494341625348573,4,0.0002500000000000002,False,loo_residual_sample,-0.6060181530119817,0.999291181564331,0.002843370806177,0.0019484609365463,0.1148842134756821,0.1113175100660973,1.00121009349823,True,False,8.380398671096301e-05,-6.479235880399525e-05,0.0002337458471760745,0.0001523109743915163,1.0566464671181582e-05,0.00028380219688609065,False
transformer,loo_sample,3,11.0,0.0001662956810631,0.0001699543189368491,0.00010550249169438697,9.689915997239673e-05,5,0.0005000000000000004,False,loo_residual_sample,-0.9736542225453076,1.002188205718994,0.0033631309062697,0.0024386942386627,-0.013847639476689,-0.0030937075017248,0.9969984889030457,True,False,0.0002242524916943489,5.21283222591441e-05,0.00039867940199335666,0.00011449265843536228,-0.0001071886775280238,0.00034592432730534543,True
transformer,loo_sample,4,1.0,-0.02329224252491695,-0.024867545681063197,-0.02943502906976747,-0.020678107141234147,0,0.002,False,loo_residual_sample,0.8651731632450161,0.9980531930923462,0.0049596181608603,0.0042440295219421,0.9716406840851812,0.9420414687586508,1.0054640769958496,True,False,-0.023414784053156154,-0.028267927740863803,-0.018697965116279074,-0.02022685706492615,-0.024504132585135282,-0.016276927818504622,False
transformer,loo_sample,4,2.0,-0.0217596096345515,-0.02334198504983398,-0.028695307308970075,-0.018981491860770538,0,0.0007499999999999989,False,loo_residual_sample,0.9265466011957644,0.9996967911720276,0.003525135654436,0.0034029483795166,0.9528272462470624,0.9411839774807056,1.0040563344955444,True,False,-0.02166827242524918,-0.02607412375415283,-0.016827969269102985,-0.018603420321581764,-0.022281983570575464,-0.014759560394676002,False
transformer,loo_sample,4,3.0,0.0015379069767441412,0.0014624584717607414,0.0008718853820597339,0.0012889335808129454,5,0.0005000000000000004,False,loo_residual_sample,0.9322225435181724,1.00082266330719,0.0034354509736944,0.0032872557640075,0.933850402532371,0.909343663450228,0.9988558888435364,True,False,0.0015222591362126236,0.0010103571428571414,0.002116812707641201,0.001290490923265706,0.0008458779804627141,0.0018272890614551964,True
transformer,loo_sample,4,4.0,0.0028790406976744176,0.014294061461794016,-0.02147990033222602,0.0014639458149614982,3,0.0012499999999999994,False,loo_residual_sample,0.3371445351990427,1.00309956073761,0.003348054398276,0.0016921758651733,0.6053401041017554,0.3618425431138095,0.995981752872467,False,False,0.0027519933554817255,-0.013277969269102989,0.018420087209302306,0.0011993502297472547,-0.0125329431777597,0.01437890759575211,False
transformer,loo_sample,4,5.0,-4.152823906977687e-09,0.0,-2.0764119534888437e-08,-2.568114920720177e-09,0,0.0,False,loo_residual_sample,,,0.0,0.0,,,0.0,False,False,0.0,0.0,0.0,0.0,0.0,0.0,False
transformer,loo_sample,4,6.0,0.0013662126245847172,0.0016357973421926575,0.0002794642857142371,0.001431095571996588,5,0.0002500000000000002,False,loo_residual_sample,0.9719676366842894,1.0001260042190552,0.0015354211978162,0.0017780065536499,0.9828108155771098,0.968986654398402,0.9907699823379515,True,False,0.0013111295681063118,0.0005934966777408548,0.0019997134551495094,0.0013266374989813977,0.0008151294752199559,0.0018496123432093696,True
transformer,loo_sample,4,7.0,-0.002144659468438559,-0.002253031561461838,-0.002428903654485115,-0.002532429679708126,0,0.0007499999999999989,False,loo_residual_sample,0.0471712890767301,1.0007697343826294,0.0124302895488096,0.0060730576515197,0.8106234837175305,0.7362910439794615,0.994693160057068,True,False,-0.0020681063122923627,-0.0024641528239202687,-0.0016972882059800706,-0.00238444452050774,-0.0028113764625724816,-0.001979226179704457,False
transformer,loo_sample,4,8.0,-0.0006225000000000148,-0.0008148671096346316,-0.001764846345514992,-0.0006212982723906135,1,0.0005000000000000004,False,loo_residual_sample,-0.6659259345368391,1.0006139278411863,0.0164826797863814,0.0068706274032592,0.5001105345716043,0.4138522709228205,0.9983698129653932,True,False,-0.0006429401993355477,-0.0013029339700996562,0.00010681893687707086,-0.0006453495289196908,-0.0011583414738121913,1.594348941473258e-05,False
transformer,loo_sample,4,9.0,-4.152823906977687e-09,0.0,-2.0764119534888437e-08,-2.568114920720177e-09,0,0.0,False,loo_residual_sample,,,0.0,0.0,,,0.0,False,False,0.0,0.0,0.0,0.0,0.0,0.0,False
transformer,loo_sample,4,10.0,0.10550240863787375,0.10223521594684382,0.07677971345514945,0.08816553069045707,5,0.0007499999999999989,True,loo_residual_sample,-0.6060181530119817,0.999291181564331,0.002843370806177,0.0019484609365463,0.1148842134756821,0.1113175100660973,1.00121009349823,True,True,0.10540332225913622,0.08818717607973423,0.1199316777408638,0.08701573726919756,0.07635662078481281,0.0965121398184367,True
transformer,loo_sample,4,11.0,-2.4705149501658142e-05,-2.8322259136182026e-05,-0.00017063953488372086,1.9474256956719672e-05,2,0.0009999999999999992,False,loo_residual_sample,-0.9736542225453076,1.002188205718994,0.0033631309062697,0.0024386942386627,-0.013847639476689,-0.0030937075017248,0.9969984889030457,True,False,-4.725913621262401e-05,-0.00023912583056476955,0.00014884136212624835,2.649040062929764e-07,-0.0002043154637746479,0.0001918799753291377,False
transformer,loo_sample,5,1.0,-0.0015050913621262208,-0.001541632059800624,-0.0018041943521595605,-0.001440600594863728,0,0.0015000000000000013,False,loo_residual_sample,0.8651731632450161,0.9980531930923462,0.0049596181608603,0.0042440295219421,0.9716406840851812,0.9420414687586508,1.0054640769958496,True,False,-0.001478903654485056,-0.002166715116279081,-0.000793471760797353,-0.0014845968286591193,-0.0021374866882533307,-0.0008305480255102204,False
transformer,loo_sample,5,2.0,-0.0010720764119601211,-0.0010770971760797887,-0.0012669435215946212,-0.0010576975460959703,0,0.0007500000000000007,False,loo_residual_sample,0.9265466011957644,0.9996967911720276,0.003525135654436,0.0034029483795166,0.9528272462470624,0.9411839774807056,1.0040563344955444,True,False,-0.0009745016611295693,-0.0014431146179402134,-0.00047794642857143033,-0.0010053797845106494,-0.001472124270485727,-0.0005458420941106132,False
transformer,loo_sample,5,3.0,1.1868770764156267e-05,-1.2666112956249975e-06,-2.666112956806188e-05,-0.00018214044064734924,2,0.0002500000000000002,False,loo_residual_sample,0.9322225435181724,1.00082266330719,0.0034354509736944,0.0032872557640075,0.933850402532371,0.909343663450228,0.9988558888435364,True,False,6.818936877076076e-05,-0.0001400519102990033,0.0002472612126245815,-0.00010121446167122738,-0.00031896685832174187,0.00010506223068553384,False
transformer,loo_sample,5,4.0,-1.2317275747486533e-05,0.00011368355481733428,-0.0006304609634551483,0.0003013020026554791,3,0.0007500000000000007,False,loo_residual_sample,0.3371445351990427,1.00309956073761,0.003348054398276,0.0016921758651733,0.6053401041017554,0.3618425431138095,0.995981752872467,False,False,-3.687707641196136e-05,-0.0006045764119601386,0.0004948588039867091,8.653178231574299e-05,-0.0005293370767215986,0.0006925596235314145,False
transformer,loo_sample,5,5.0,4.152823929182148e-09,0.0,-2.0764119534888437e-08,3.468893239322313e-09,2,0.0,False,loo_residual_sample,,,0.0,0.0,,,0.0,False,False,0.0,0.0,0.0,0.0,0.0,0.0,False
transformer,loo_sample,5,6.0,-0.00010871677740862396,-7.055647840525925e-05,-0.0002820598006644248,-1.4798527257720018e-05,0,0.0007499999999999989,False,loo_residual_sample,0.9719676366842894,1.0001260042190552,0.0015354211978162,0.0017780065536499,0.9828108155771098,0.968986654398402,0.9907699823379515,True,False,-5.3156146179405004e-05,-0.00016678156146179512,6.395764119601734e-05,3.47445336211627e-05,-0.0001392418926004805,0.00021686610238311888,False
transformer,loo_sample,5,7.0,-0.0003911669435215814,-0.0004262666112956337,-0.0005886004983388649,-0.00038061665174773387,0,0.0007500000000000007,False,loo_residual_sample,0.0471712890767301,1.0007697343826294,0.0124302895488096,0.0060730576515197,0.8106234837175305,0.7362910439794615,0.994693160057068,True,False,-0.0004303156146179421,-0.0007081561461793988,-0.00017404069767442074,-0.0004552948895840614,-0.0008430684814613851,-0.00010252614417375467,False
transformer,loo_sample,5,8.0,-0.00015355066445179588,-0.000129173588039877,-0.00025826411960128137,-0.0002020028695007836,0,0.0002499999999999985,False,loo_residual_sample,-0.6659259345368391,1.0006139278411863,0.0164826797863814,0.0068706274032592,0.5001105345716043,0.4138522709228205,0.9983698129653932,True,False,-0.00017840531561462203,-0.000302848837209311,-6.627491694352417e-05,-0.0002582063106596333,-0.0004491665200747012,-8.384328069576141e-05,False
transformer,loo_sample,5,9.0,4.152823929182148e-09,0.0,-2.0764119534888437e-08,3.468893239322313e-09,2,0.0,False,loo_residual_sample,,,0.0,0.0,,,0.0,False,False,0.0,0.0,0.0,0.0,0.0,0.0,False
transformer,loo_sample,5,10.0,-2.333056478402984e-05,-2.7117940199272716e-05,-9.350083056480774e-05,-5.639507155397183e-06,2,0.0002500000000000002,False,loo_residual_sample,-0.6060181530119817,0.999291181564331,0.002843370806177,0.0019484609365463,0.1148842134756821,0.1113175100660973,1.00121009349823,True,False,-2.6827242524920525e-05,-8.05751661129637e-05,2.707641196012818e-05,-7.518650990987474e-06,-9.900472194615066e-05,7.757527556998244e-05,False
transformer,loo_sample,5,11.0,0.0001082018272425156,0.00023673172757476824,-0.0003419019933555423,-0.00010765387765148127,3,0.0005000000000000004,False,loo_residual_sample,-0.9736542225453076,1.002188205718994,0.0033631309062697,0.0024386942386627,-0.013847639476689,-0.0030937075017248,0.9969984889030457,True,False,0.00018397009966777123,-8.871677740864853e-05,0.0004379817275747442,-4.7870953096835755e-05,-0.0003074627580608137,0.0001925755741444657,False
transformer,loo_sample,6,1.0,-1.2225913621288775e-05,-1.013289036544407e-05,-2.338039867100239e-05,-5.3311197851124705e-06,0,0.0007499999999999989,False,loo_residual_sample,0.8651731632450161,0.9980531930923462,0.0049596181608603,0.0042440295219421,0.9716406840851812,0.9420414687586508,1.0054640769958496,True,False,-9.468438538200452e-06,-2.990863787372028e-05,1.0639534883732993e-05,-4.5252575433574195e-06,-1.2034620204627645e-05,2.4441696200191135e-06,False
transformer,loo_sample,6,2.0,-1.9102990029828958e-07,-8.720930232408719e-07,-2.990033222571853e-06,-5.220420477902721e-07,2,0.0007500000000000007,False,loo_residual_sample,0.9265466011957644,0.9996967911720276,0.003525135654436,0.0034029483795166,0.9528272462470624,0.9411839774807056,1.0040563344955444,True,False,-8.305647840411989e-07,-1.529069767439026e-05,1.245847176080697e-05,-6.25357191837983e-07,-5.762750335442712e-06,4.175903924332286e-06,False
transformer,loo_sample,6,3.0,3.43853820610196e-06,3.3637873755321124e-06,1.9933554817885835e-06,8.895250689366918e-07,5,0.0007499999999999989,False,loo_residual_sample,0.9322225435181724,1.00082266330719,0.0034354509736944,0.0032872557640075,0.933850402532371,0.909343663450228,0.9988558888435364,True,False,7.641196013283834e-06,-6.644518272040933e-07,1.5780730896989143e-05,2.126084279699958e-06,-6.85406365683705e-07,4.827699356197395e-06,False
transformer,loo_sample,6,4.0,-4.981727574751016e-05,-4.3064784053137295e-05,-8.57973421928282e-05,-1.7747021436109735e-05,0,0.0009999999999999992,False,loo_residual_sample,0.3371445351990427,1.00309956073761,0.003348054398276,0.0016921758651733,0.6053401041017554,0.3618425431138095,0.995981752872467,False,False,-5.631229235879109e-05,-0.00010066860465114722,-2.2425249169409856e-05,-2.063644963576583e-05,-3.717834518923335e-05,-8.079891303044847e-06,False
transformer,loo_sample,6,5.0,0.0,0.0,0.0,0.0,0,0.0,False,loo_residual_sample,,,0.0,0.0,,,0.0,False,False,0.0,0.0,0.0,0.0,0.0,0.0,False
transformer,loo_sample,6,6.0,7.209302325561495e-06,7.018272425107774e-06,5.107973421902834e-06,2.1672395655425445e-06,5,0.0004999999999999987,False,loo_residual_sample,0.9719676366842894,1.0001260042190552,0.0015354211978162,0.0017780065536499,0.9828108155771098,0.968986654398402,0.9907699823379515,True,False,5.8139534883905334e-06,-4.152823920161349e-09,1.1960132890372926e-05,1.6386805930579395e-06,-4.053870781549063e-07,3.844074790136679e-06,False
transformer,loo_sample,6,7.0,1.0963455149726186e-06,3.322259136351313e-06,-8.928571428645782e-06,5.253770597901663e-07,4,0.0004999999999999987,False,loo_residual_sample,0.0471712890767301,1.0007697343826294,0.0124302895488096,0.0060730576515197,0.8106234837175305,0.7362910439794615,0.994693160057068,True,False,-4.983388704316027e-07,-7.475083056462218e-06,6.644518272415079e-06,5.360965968481679e-08,-2.350313448450797e-06,2.5362885017778387e-06,False
transformer,loo_sample,6,8.0,-3.895348837223977e-06,-4.318936877245605e-06,-6.312292358812144e-06,-1.0839331787915186e-06,0,0.0004999999999999987,False,loo_residual_sample,-0.6659259345368391,1.0006139278411863,0.0164826797863814,0.0068706274032592,0.5001105345716043,0.4138522709228205,0.9983698129653932,True,False,-2.325581395347109e-06,-8.64202657809393e-06,3.9908637873847844e-06,-6.348558135260696e-07,-2.836155278763519e-06,1.5618674561821965e-06,False
transformer,loo_sample,6,9.0,0.0,0.0,0.0,0.0,0,0.0,False,loo_residual_sample,,,0.0,0.0,,,0.0,False,False,0.0,0.0,0.0,0.0,0.0,0.0,False
transformer,loo_sample,6,10.0,6.519933555049207e-07,1.2458471754239753e-07,-1.7026578071899223e-06,1.569374690202352e-07,3,0.0002500000000000002,False,loo_residual_sample,-0.6060181530119817,0.999291181564331,0.002843370806177,0.0019484609365463,0.1148842134756821,0.1113175100660973,1.00121009349823,True,False,1.6611295680424299e-07,-5.149501661129153e-06,4.3189368770657485e-06,-4.091162940755844e-08,-1.7564137224504172e-06,1.3267569324918436e-06,False
transformer,loo_sample,6,11.0,-2.2425249166513339e-07,-4.1528239180799176e-08,-1.1627906976174884e-06,-3.218136715776865e-07,2,0.0004999999999999987,False,loo_residual_sample,-0.9736542225453076,1.002188205718994,0.0033631309062697,0.0024386942386627,-0.013847639476689,-0.0030937075017248,0.9969984889030457,True,False,-1.9933554817375133e-06,-7.973421926903536e-06,4.152823920252763e-06,-9.753702103099115e-07,-3.1442352312304467e-06,1.2319720195479419e-06,False
transformer,loo_sample,7,1.0,3.459302325583558e-05,2.6495016611338684e-05,1.1461794019784755e-05,1.4809939661453164e-05,5,0.0010000000000000009,False,loo_residual_sample,0.8651731632450161,0.9980531930923462,0.0049596181608603,0.0042440295219421,0.9716406840851812,0.9420414687586508,1.0054640769958496,True,False,3.455149501662258e-05,6.644518272456379e-06,6.844684385383712e-05,1.3886561762523898e-05,1.822529519578675e-06,3.0050268561489855e-05,True
transformer,loo_sample,7,2.0,2.4767441860507054e-05,2.362956810642025e-05,8.88704318935396e-06,1.0380838026535777e-05,5,0.0015000000000000013,False,loo_residual_sample,0.9265466011957644,0.9996967911720276,0.003525135654436,0.0034029483795166,0.9528272462470624,0.9411839774807056,1.0040563344955444,True,False,2.3920265780738026e-05,3.280730896944031e-07,5.033637873752464e-05,9.485171364090883e-06,-1.624293865076981e-06,2.294717142400809e-05,True
transformer,loo_sample,7,3.0,1.9102990034047806e-06,2.657807308903415e-06,-1.0132890365222025e-05,1.1366886623509486e-06,4,0.0002500000000000002,False,loo_residual_sample,0.9322225435181724,1.00082266330719,0.0034354509736944,0.0032872557640075,0.933850402532371,0.909343663450228,0.9988558888435364,True,False,-2.823920265762059e-06,-1.5282392026526842e-05,1.0132890365443487e-05,-1.2797601220337907e-06,-8.802207382803878e-06,5.876674280380905e-06,False
transformer,loo_sample,7,4.0,0.4314606436877077,0.4312362749169437,0.42736318521594685,0.3117379131750681,5,0.0005000000000000004,True,loo_residual_sample,0.3371445351990427,1.00309956073761,0.003348054398276,0.0016921758651733,0.6053401041017554,0.3618425431138095,0.995981752872467,False,False,0.4314737541528239,0.42772399916943526,0.43514990448504987,0.31074499117739246,0.3074616606613447,0.3139503413476445,True
transformer,loo_sample,7,5.0,0.0,0.0,0.0,0.0,0,0.0,False,loo_residual_sample,,,0.0,0.0,,,0.0,False,False,0.0,0.0,0.0,0.0,0.0,0.0,False
transformer,loo_sample,7,6.0,1.041528239205114e-05,9.551495016801859e-06,4.1943521593701405e-06,4.6402560671454655e-06,5,0.0007500000000000007,False,loo_residual_sample,0.9719676366842894,1.0001260042190552,0.0015354211978162,0.0017780065536499,0.9828108155771098,0.968986654398402,0.9907699823379515,True,False,1.4119601328911324e-05,3.820598006662484e-06,2.6578073089671832e-05,5.915291655530508e-06,1.256720101465797e-06,1.1902212760013379e-05,True
transformer,loo_sample,7,7.0,-1.4435215946861924e-05,-1.4078073089618393e-05,-2.553986710962519e-05,-6.234720053455156e-06,0,0.0007499999999999989,False,loo_residual_sample,0.0471712890767301,1.0007697343826294,0.0124302895488096,0.0060730576515197,0.8106234837175305,0.7362910439794615,0.994693160057068,True,False,-1.0299003322247202e-05,-2.3421926910272198e-05,3.6544850498356486e-06,-4.4591938337001926e-06,-1.1896459057955693e-05,3.877550983228597e-06,False
transformer,loo_sample,7,8.0,-3.4551495016854615e-06,-3.2392026578786925e-06,-1.2001661129579233e-05,-2.05431093638353e-06,1,0.0007500000000000007,False,loo_residual_sample,-0.6659259345368391,1.0006139278411863,0.0164826797863814,0.0068706274032592,0.5001105345716043,0.4138522709228205,0.9983698129653932,True,False,-2.325581395334897e-06,-9.468438538192876e-06,4.6511627907245e-06,-1.667356153722821e-06,-5.178220530733524e-06,1.6493982170034098e-06,False
transformer,loo_sample,7,9.0,0.0,0.0,0.0,0.0,0,0.0,False,loo_residual_sample,,,0.0,0.0,,,0.0,False,False,0.0,0.0,0.0,0.0,0.0,0.0,False
transformer,loo_sample,7,10.0,3.9867109642433006e-07,-1.1212624584366893e-06,-4.692691029761775e-06,3.116199022379362e-07,2,0.0002500000000000002,False,loo_residual_sample,-0.6060181530119817,0.999291181564331,0.002843370806177,0.0019484609365463,0.1148842134756821,0.1113175100660973,1.00121009349823,True,False,9.966777408776384e-07,-4.485049833876681e-06,6.810631229262648e-06,5.270843247584533e-07,-2.390754623058211e-06,4.215522437531479e-06,False
transformer,loo_sample,7,11.0,-8.754152823908789e-06,-9.136212624438755e-06,-1.3164451827418766e-05,-3.1896634425487845e-06,0,0.0005000000000000004,False,loo_residual_sample,-0.9736542225453076,1.002188205718994,0.0033631309062697,0.0024386942386627,-0.013847639476689,-0.0030937075017248,0.9969984889030457,True,False,-3.3222591361992128e-06,-1.2292358803979192e-05,5.980066445208155e-06,-1.4030733385517192e-06,-5.42797534711964e-06,2.7143011814526874e-06,False
transformer,loo_sample,8,1.0,5.0377906976728505e-05,0.0001035714285714251,-4.202657807295118e-05,2.6969011286359646e-05,3,0.0009999999999999992,False,loo_residual_sample,0.8651731632450161,0.9980531930923462,0.0049596181608603,0.0042440295219421,0.9716406840851812,0.9420414687586508,1.0054640769958496,True,False,6.478405315614944e-05,-8.621677740864592e-05,0.0002245971760797375,2.9312181292732166e-05,-5.446400217133995e-05,0.00011797801724258559,False
transformer,loo_sample,8,2.0,4.509966777404007e-05,9.941860465101371e-05,-7.736710963468507e-05,1.5159015184185166e-05,3,0.0007500000000000007,False,loo_residual_sample,0.9265466011957644,0.9996967911720276,0.003525135654436,0.0034029483795166,0.9528272462470624,0.9411839774807056,1.0040563344955444,True,False,5.681063122922159e-05,-6.84634551495367e-05,0.0001895431893687579,1.9282917232545938e-05,-5.336631952878921e-05,9.27782797980951e-05,False
transformer,loo_sample,8,3.0,-9.460132890382056e-06,-1.3787375415352798e-05,-2.5332225913721196e-05,-6.975878619308595e-06,1,0.0007500000000000007,False,loo_residual_sample,0.9322225435181724,1.00082266330719,0.0034354509736944,0.0032872557640075,0.933850402532371,0.909343663450228,0.9988558888435364,True,False,-2.6910299003327643e-05,-7.009966777407895e-05,1.6943521594672744e-05,-1.4113843495898725e-05,-3.3684166699009805e-05,6.619594671643795e-06,False
transformer,loo_sample,8,4.0,0.00018565199335547345,0.0001888289036543478,7.504152823922805e-05,0.00011060587703415337,5,0.0009999999999999992,False,loo_residual_sample,0.3371445351990427,1.00309956073761,0.003348054398276,0.0016921758651733,0.6053401041017554,0.3618425431138095,0.995981752872467,False,False,0.00018953488372092764,3.4875415282362095e-05,0.00035316445182724694,0.00010848626086597313,2.975162811211504e-05,0.0001920196331143435,True
transformer,loo_sample,8,5.0,4.152823906977687e-09,0.0,0.0,0.0,1,0.0,False,loo_residual_sample,,,0.0,0.0,,,0.0,False,False,0.0,0.0,0.0,0.0,0.0,0.0,False
transformer,loo_sample,8,6.0,-1.2375415282450674e-05,-8.139534883766508e-06,-2.9298172757430407e-05,-5.4639645078014e-06,1,0.0002500000000000002,False,loo_residual_sample,0.9719676366842894,1.0001260042190552,0.0015354211978162,0.0017780065536499,0.9828108155771098,0.968986654398402,0.9907699823379515,True,False,5.481727574749851e-06,-2.6760797342194526e-05,3.7213455149484106e-05,7.356900638144648e-07,-1.4145826387535587e-05,1.5592026919313494e-05,False
transformer,loo_sample,8,7.0,7.610049833883803e-05,0.00011719269102983265,-4.447674418583958e-05,4.680895804078933e-05,3,0.0009999999999999992,False,loo_residual_sample,0.0471712890767301,1.0007697343826294,0.0124302895488096,0.0060730576515197,0.8106234837175305,0.7362910439794615,0.994693160057068,True,False,7.475083056478038e-05,-5.000000000018378e-06,0.00014884551495016865,4.320787465609377e-05,-2.3110958158684118e-07,8.337274047334044e-05,False
transformer,loo_sample,8,8.0,-0.00014328073089704408,-0.0001709302325582085,-0.00022537375415276895,-7.55783159252843e-05,0,0.0005000000000000004,False,loo_residual_sample,-0.6659259345368391,1.0006139278411863,0.0164826797863814,0.0068706274032592,0.5001105345716043,0.4138522709228205,0.9983698129653932,True,False,-0.00014385382059800222,-0.00022009966777407342,-6.012458471760686e-05,-7.52571507922395e-05,-0.00011810378381958591,-3.0359710670899585e-05,False
transformer,loo_sample,8,9.0,4.152823906977687e-09,0.0,0.0,0.0,1,0.0,False,loo_residual_sample,,,0.0,0.0,,,0.0,False,False,0.0,0.0,0.0,0.0,0.0,0.0,False
transformer,loo_sample,8,10.0,6.893687707565377e-07,8.30564784171095e-07,-8.637873754158143e-06,-3.5474130462009866e-07,4,0.0002500000000000002,False,loo_residual_sample,-0.6060181530119817,0.999291181564331,0.002843370806177,0.0019484609365463,0.1148842134756821,0.1113175100660973,1.00121009349823,True,False,1.1129568106306165e-05,-1.3289036544794908e-06,2.4588870431868668e-05,3.136116563128288e-06,-2.152551259572144e-06,8.825657169079433e-06,False
transformer,loo_sample,8,11.0,1.8986710963408982e-05,1.8687707641240614e-05,9.468438537996171e-06,5.989809548845315e-06,5,0.0007500000000000007,False,loo_residual_sample,-0.9736542225453076,1.002188205718994,0.0033631309062697,0.0024386942386627,-0.013847639476689,-0.0030937075017248,0.9969984889030457,True,False,3.239202657806528e-05,6.644518272298506e-07,6.578488372091062e-05,1.0366594366907344e-05,-6.172168806908629e-06,2.692933094390342e-05,True
transformer,loo_sample,9,1.0,0.002711407807308941,0.0025854443521594606,0.0022068729235880102,0.0014464117336294934,5,0.002,False,loo_residual_sample,0.8651731632450161,0.9980531930923462,0.0049596181608603,0.0042440295219421,0.9716406840851812,0.9420414687586508,1.0054640769958496,True,False,0.002735299003322262,0.0020442794850498392,0.003462171926910306,0.0016346894454853634,0.001013794389157889,0.002253747788301486,True
transformer,loo_sample,9,2.0,-0.0007037375415282598,-0.0007371054817275624,-0.0009656769102990292,-0.0005320453520764268,0,0.0014999999999999996,False,loo_residual_sample,0.9265466011957644,0.9996967911720276,0.003525135654436,0.0034029483795166,0.9528272462470624,0.9411839774807056,1.0040563344955444,True,False,-0.0007821428571428568,-0.0011851038205980041,-0.00040884966777408665,-0.000555312511750603,-0.0009117555764716071,-0.0001934092704965944,False
transformer,loo_sample,9,3.0,6.155730897008382e-05,5.3322259136234784e-05,-4.140365448512817e-05,0.00021598359378645072,4,0.0004999999999999987,False,loo_residual_sample,0.9322225435181724,1.00082266330719,0.0034354509736944,0.0032872557640075,0.933850402532371,0.909343663450228,0.9988558888435364,True,False,5.8970099667777774e-05,-9.689368770763828e-05,0.00021819559800665038,5.686319069782786e-05,-0.00018008157735746648,0.00027835264125805696,False
transformer,loo_sample,9,4.0,0.0038897508305647754,0.0035181893687706856,0.003231872923588064,0.0029463614428056452,5,0.0017499999999999998,False,loo_residual_sample,0.3371445351990427,1.00309956073761,0.003348054398276,0.0016921758651733,0.6053401041017554,0.3618425431138095,0.995981752872467,False,False,0.003793936877076417,0.002993060631229241,0.004651476328903659,0.002766459493090664,0.0018748530259980467,0.0037623556536607265,True
transformer,loo_sample,9,5.0,-4.152823906977687e-09,0.0,-2.0764119534888437e-08,-3.2857998544244538e-09,0,0.0,False,loo_residual_sample,,,0.0,0.0,,,0.0,False,False,0.0,0.0,0.0,0.0,0.0,0.0,False
transformer,loo_sample,9,6.0,0.00017723837209302485,0.0001713039867109467,0.00015672757475082566,0.00011264749422534859,5,0.0005000000000000004,False,loo_residual_sample,0.9719676366842894,1.0001260042190552,0.0015354211978162,0.0017780065536499,0.9828108155771098,0.968986654398402,0.9907699823379515,True,False,0.0001821428571428585,7.190199335548417e-05,0.0002895452657807444,3.5691868775833412e-06,-0.00017003134980198402,0.00017101142257596236,True
transformer,loo_sample,9,7.0,0.00010972176079731,0.00015651993355481064,-4.069767441938765e-06,5.9526935345832754e-05,4,0.0005000000000000004,False,loo_residual_sample,0.0471712890767301,1.0007697343826294,0.0124302895488096,0.0060730576515197,0.8106234837175305,0.7362910439794615,0.994693160057068,True,False,7.533222591362466e-05,-0.0001323920265780679,0.000267952657807313,-6.523500382302428e-05,-0.0003250472040209162,0.0001711389652404654,False
transformer,loo_sample,9,8.0,-0.00011262873754154245,-0.00011706810631229025,-0.0002815822259136791,-0.0001271341372451884,1,0.0002499999999999985,False,loo_residual_sample,-0.6659259345368391,1.0006139278411863,0.0164826797863814,0.0068706274032592,0.5001105345716043,0.4138522709228205,0.9983698129653932,True,False,-0.0001482558139534851,-0.0002781623754152892,-2.1646594684384848e-05,-0.0001507725388325354,-0.0002810922960660416,-1.685942697556658e-05,False
transformer,loo_sample,9,9.0,-4.152823906977687e-09,0.0,-2.0764119534888437e-08,-3.2857998544244538e-09,0,0.0,False,loo_residual_sample,,,0.0,0.0,,,0.0,False,False,0.0,0.0,0.0,0.0,0.0,0.0,False
transformer,loo_sample,9,10.0,-7.683970099670034e-05,-7.132475083060363e-05,-0.0001896802325581648,-2.414452949097701e-05,0,0.0002500000000000002,False,loo_residual_sample,-0.6060181530119817,0.999291181564331,0.002843370806177,0.0019484609365463,0.1148842134756821,0.1113175100660973,1.00121009349823,True,False,-5.847176079733729e-05,-0.00013795888704320038,1.9030315614631725e-05,-2.7685911299252243e-05,-0.00014891472870283128,8.536844679065283e-05,False
transformer,loo_sample,9,11.0,-5.635797342193882e-05,-5.051910299003204e-05,-8.24958471761228e-05,-0.0001052566423841217,0,0.0002500000000000002,False,loo_residual_sample,-0.9736542225453076,1.002188205718994,0.0033631309062697,0.0024386942386627,-0.013847639476689,-0.0030937075017248,0.9969984889030457,True,False,-8.430232558139239e-05,-0.00020766818936875464,3.51411960132943e-05,-0.00019110512775551646,-0.0004292396100540172,7.742477484269306e-05,False
transformer,loo_sample,10,1.0,0.0005177699335548125,0.00048737541528243167,0.0002479028239203984,0.00031393523119218616,5,0.0022500000000000003,False,loo_residual_sample,0.8651731632450161,0.9980531930923462,0.0049596181608603,0.0042440295219421,0.9716406840851812,0.9420414687586508,1.0054640769958496,True,False,0.0005611295681063189,0.00021074750830565314,0.0009291486710963438,0.00033151832955985894,0.00012181284569874171,0.000550370381850553,True
transformer,loo_sample,10,2.0,-0.0012857807308969571,-0.0013416528239204029,-0.0015978820598006038,-0.0007381819169431259,0,0.0017499999999999998,False,loo_residual_sample,0.9265466011957644,0.9996967911720276,0.003525135654436,0.0034029483795166,0.9528272462470624,0.9411839774807056,1.0040563344955444,True,False,-0.001316943521594689,-0.0017046802325581484,-0.0009725872093023383,-0.0007741758366473739,-0.0009881403132958383,-0.0005770455009667132,False
transformer,loo_sample,10,3.0,9.77782392026505e-05,9.877491694365581e-05,6.61337209303392e-05,4.424741863231496e-05,5,0.0007500000000000007,False,loo_residual_sample,0.9322225435181724,1.00082266330719,0.0034354509736944,0.0032872557640075,0.933850402532371,0.909343663450228,0.9988558888435364,True,False,9.136212624584528e-05,3.7039036544831176e-05,0.00014120016611297308,3.7025428247199345e-05,6.069826971230125e-06,6.359750939476157e-05,True
transformer,loo_sample,10,4.0,0.001133654485049851,0.0011949543189370138,0.0008639950166114962,0.0006260106038334046,5,0.0017499999999999998,False,loo_residual_sample,0.3371445351990427,1.00309956073761,0.003348054398276,0.0016921758651733,0.6053401041017554,0.3618425431138095,0.995981752872467,False,False,0.0012389534883720887,0.0008898504983388646,0.001613974252491706,0.0006883553910652863,0.000490831163286915,0.0008951761455899231,True
transformer,loo_sample,10,5.0,0.0,0.0,0.0,5.442716521919522e-09,0,0.0,False,loo_residual_sample,,,0.0,0.0,,,0.0,False,False,8.305647840378683e-08,0.0,3.322259136151473e-07,1.0251908616920602e-07,0.0,4.1007634467682406e-07,False
transformer,loo_sample,10,6.0,-0.00010248338870431085,-9.908637873734527e-05,-0.00016899916943535764,-5.516344714278088e-05,0,0.0007500000000000007,False,loo_residual_sample,0.9719676366842894,1.0001260042190552,0.0015354211978162,0.0017780065536499,0.9828108155771098,0.968986654398402,0.9907699823379515,True,False,-0.00010199335548171984,-0.0001800705980066569,-3.0722591362114715e-05,-5.5100928527959115e-05,-9.258314616175301e-05,-2.1220873255504078e-05,False
transformer,loo_sample,10,7.0,-0.0008146553156146208,-0.0008711378737541464,-0.0010838455149499993,-0.0004961113685841622,0,0.0005000000000000004,False,loo_residual_sample,0.0471712890767301,1.0007697343826294,0.0124302895488096,0.0060730576515197,0.8106234837175305,0.7362910439794615,0.994693160057068,True,False,-0.000792691029900332,-0.001018127076411969,-0.0005522965116278864,-0.0004971535986760012,-0.000629770003670074,-0.0003623450889545283,False
transformer,loo_sample,10,8.0,-0.0004785506644517934,-0.0004020764119599951,-0.0008187292358805554,-0.0002793273992908185,0,0.0004999999999999987,False,loo_residual_sample,-0.6659259345368391,1.0006139278411863,0.0164826797863814,0.0068706274032592,0.5001105345716043,0.4138522709228205,0.9983698129653932,True,False,-0.0004787375415282413,-0.0006844019933554987,-0.00031109634551496,-0.00027719437709582075,-0.0003877206102956971,-0.00018875685667507405,False
transformer,loo_sample,10,9.0,0.0,0.0,0.0,5.442716521919522e-09,0,0.0,False,loo_residual_sample,,,0.0,0.0,,,0.0,False,False,8.305647840378683e-08,0.0,3.322259136151473e-07,1.0251908616920602e-07,0.0,4.1007634467682406e-07,False
transformer,loo_sample,10,10.0,-6.735880398611727e-06,1.686046511628625e-05,-6.337209302320623e-05,-4.472120653797873e-06,3,0.0005000000000000004,False,loo_residual_sample,-0.6060181530119817,0.999291181564331,0.002843370806177,0.0019484609365463,0.1148842134756821,0.1113175100660973,1.00121009349823,True,False,-4.651162790709762e-06,-5.665697674420309e-05,4.387043189368666e-05,-3.350895848539537e-06,-3.3625838438759106e-05,2.542099654467078e-05,False
transformer,loo_sample,10,11.0,0.00013352574750833402,0.00012996262458464525,0.0001102990033223783,6.30592423461751e-05,5,0.0005000000000000004,False,loo_residual_sample,-0.9736542225453076,1.002188205718994,0.0033631309062697,0.0024386942386627,-0.013847639476689,-0.0030937075017248,0.9969984889030457,True,False,0.00017342192691029103,0.0001197674418604655,0.00022973421926906045,8.197871853776406e-05,5.611737665819097e-05,0.00011040515349668538,True
transformer,loo_sample,11,1.0,-0.0032990490033222965,-0.0033493355481727383,-0.003640697674418658,-0.0018257490260519481,0,0.0014999999999999996,False,loo_residual_sample,0.8651731632450161,0.9980531930923462,0.0049596181608603,0.0042440295219421,0.9716406840851812,0.9420414687586508,1.0054640769958496,True,False,-0.0032784883720930235,-0.0037947155315614708,-0.0027685755813953456,-0.0018416073614085815,-0.0021272954088543835,-0.0015554427904668807,False
transformer,loo_sample,11,2.0,-0.00033080980066448886,-0.0002949958471759606,-0.0007046096345516561,-0.00014410099370008034,1,0.0012499999999999994,False,loo_residual_sample,0.9265466011957644,0.9996967911720276,0.003525135654436,0.0034029483795166,0.9528272462470624,0.9411839774807056,1.0040563344955444,True,False,-0.00037815614617940695,-0.0006325996677740955,-0.00011825581395348235,-0.00019207536118526658,-0.00033465852793379357,-5.324508058555698e-05,False
transformer,loo_sample,11,3.0,4.792774086375129e-05,0.00010199335548177757,-5.5336378737558256e-05,3.526285914492444e-05,3,0.0002500000000000002,False,loo_residual_sample,0.9322225435181724,1.00082266330719,0.0034354509736944,0.0032872557640075,0.933850402532371,0.909343663450228,0.9988558888435364,True,False,4.9003322259125735e-05,-4.7354651162820503e-05,0.00014237956810629347,3.973250162705222e-05,-1.4887081292288136e-05,9.354730219721135e-05,False
transformer,loo_sample,11,4.0,0.0014837375415282183,0.0016767234219267069,-0.0005086378737543251,0.0008408326649063325,4,0.0012499999999999994,False,loo_residual_sample,0.3371445351990427,1.00309956073761,0.003348054398276,0.0016921758651733,0.6053401041017554,0.3618425431138095,0.995981752872467,False,False,0.0015310631229235828,0.00031234634551495434,0.0025666196013289034,0.0009061573314547122,0.00018378583602239305,0.001501683161420353,True
transformer,loo_sample,11,5.0,-4.152823929182148e-09,0.0,-2.076411964591074e-08,-6.63581516402445e-09,0,0.0,False,loo_residual_sample,,,0.0,0.0,,,0.0,False,False,0.0,0.0,0.0,0.0,0.0,0.0,False
transformer,loo_sample,11,6.0,-0.00013426079734222274,-0.00015564784053156977,-0.00017821843853838004,-7.730966862411482e-05,0,0.0004999999999999987,False,loo_residual_sample,0.9719676366842894,1.0001260042190552,0.0015354211978162,0.0017780065536499,0.9828108155771098,0.968986654398402,0.9907699823379515,True,False,-0.00011420265780732852,-0.0002066445182724406,-2.1740033222614393e-05,-6.004444873194736e-05,-0.00011470201407908234,-4.9903782541753144e-06,False
transformer,loo_sample,11,7.0,-0.001917093023255867,-0.002012001661129692,-0.0028360049833888734,-0.0011281385060271099,0,0.0005000000000000004,False,loo_residual_sample,0.0471712890767301,1.0007697343826294,0.0124302895488096,0.0060730576515197,0.8106234837175305,0.7362910439794615,0.994693160057068,True,False,-0.001927076411960138,-0.0024928612956810637,-0.0012207059800664504,-0.001136330521695108,-0.0014733796385557536,-0.0007150106302193805,False
transformer,loo_sample,11,8.0,0.0002397425249169416,0.00022963039867118784,0.00017234219269091078,0.0001356762917732679,5,0.0005000000000000004,False,loo_residual_sample,-0.6659259345368391,1.0006139278411863,0.0164826797863814,0.0068706274032592,0.5001105345716043,0.4138522709228205,0.9983698129653932,True,False,0.00024086378737539827,0.00017823089700995422,0.00030946843853818995,0.00013887816921883344,0.00010582561882740513,0.00017523013593213375,True
transformer,loo_sample,11,9.0,-4.152823929182148e-09,0.0,-2.076411964591074e-08,-6.63581516402445e-09,0,0.0,False,loo_residual_sample,,,0.0,0.0,,,0.0,False,False,0.0,0.0,0.0,0.0,0.0,0.0,False
transformer,loo_sample,11,10.0,0.009040743355481662,0.008602803156146144,0.006822300664451553,0.004946980102847376,5,0.0002500000000000002,False,loo_residual_sample,-0.6060181530119817,0.999291181564331,0.002843370806177,0.0019484609365463,0.1148842134756821,0.1113175100660973,1.00121009349823,True,False,0.00900564784053156,0.007424144518272434,0.010837163621262458,0.005000717913130993,0.004098755552339303,0.0060481826278220565,True
transformer,loo_sample,11,11.0,1.0963455149282098e-06,5.232558139556254e-06,-2.3110465116271683e-05,-5.879656605323191e-06,3,0.0007499999999999989,False,loo_residual_sample,-0.9736542225453076,1.002188205718994,0.0033631309062697,0.0024386942386627,-0.013847639476689,-0.0030937075017248,0.9969984889030457,True,False,-8.471760797341688e-06,-5.8642026578052095e-05,3.987126245847292e-05,-7.031020429281165e-06,-3.549707536205737e-05,1.953387940893236e-05,False
transformer,loo_sample,12,1.0,0.0006776785714285971,0.0005963039867109554,0.0002993355481727411,0.0003060455301179488,5,0.0015000000000000013,False,loo_residual_sample,0.8651731632450161,0.9980531930923462,0.0049596181608603,0.0042440295219421,0.9716406840851812,0.9420414687586508,1.0054640769958496,True,False,0.0006237541528239177,0.00018835132890364465,0.0011342234219269077,0.00026964831326728667,-5.011214988638618e-05,0.0006317153950970415,True
transformer,loo_sample,12,2.0,-0.0017190863787375442,-0.0018068729235880543,-0.0024623338870432,-0.0013022545194672607,0,0.0012499999999999994,False,loo_residual_sample,0.9265466011957644,0.9996967911720276,0.003525135654436,0.0034029483795166,0.9528272462470624,0.9411839774807056,1.0040563344955444,True,False,-0.0016970099667774118,-0.0022744892026578182,-0.0011253779069767438,-0.0012929810590598212,-0.0016781078884490236,-0.000926962862639634,False
transformer,loo_sample,12,3.0,0.00016975913621264382,0.00018343023255817936,6.62998338870624e-05,0.00011200918265728,5,0.0005000000000000004,False,loo_residual_sample,0.9322225435181724,1.00082266330719,0.0034354509736944,0.0032872557640075,0.933850402532371,0.909343663450228,0.9988558888435364,True,False,0.0001882890365448464,5.397425249168347e-05,0.00031647425249169484,0.00010741516170332255,2.408735823503622e-06,0.0002075950446403318,True
transformer,loo_sample,12,4.0,0.002680224252491703,0.002647072259136185,0.002387063953488422,0.0020960404565553816,5,0.0007500000000000007,False,loo_residual_sample,0.3371445351990427,1.00309956073761,0.003348054398276,0.0016921758651733,0.6053401041017554,0.3618425431138095,0.995981752872467,False,False,0.0026750830564784022,0.0022347342192690937,0.0031335880398671006,0.0021650973767111358,0.0018539919040190503,0.0024923112476158502,True
transformer,loo_sample,12,5.0,4.152823929182148e-09,0.0,0.0,8.706290333115873e-09,1,0.0,False,loo_residual_sample,,,0.0,0.0,,,0.0,False,False,0.0,0.0,0.0,0.0,0.0,0.0,False
transformer,loo_sample,12,6.0,6.981727574750796e-05,5.510797342189733e-05,7.350498338887235e-06,9.807738280078748e-05,5,0.0009999999999999992,False,loo_residual_sample,0.9719676366842894,1.0001260042190552,0.0015354211978162,0.0017780065536499,0.9828108155771098,0.968986654398402,0.9907699823379515,True,False,8.720930232557823e-05,-2.558139534883186e-05,0.00020099667774085565,0.00012049228325807571,5.281814372522326e-05,0.00018992610438866436,False
transformer,loo_sample,12,7.0,-0.0012569144518272068,-0.0008502491694352132,-0.002210776578073115,-0.0009684706674072396,0,0.0009999999999999992,False,loo_residual_sample,0.0471712890767301,1.0007697343826294,0.0124302895488096,0.0060730576515197,0.8106234837175305,0.7362910439794615,0.994693160057068,True,False,-0.0012923588039867172,-0.0018932724252491775,-0.000764892026578082,-0.0010042914107845657,-0.0014145339526207754,-0.0006452937843436686,False
transformer,loo_sample,12,8.0,-9.053156146181518e-05,-0.00012389950166113994,-0.00019985465116278966,-7.08111114254173e-05,1,0.0007500000000000007,False,loo_residual_sample,-0.6659259345368391,1.0006139278411863,0.0164826797863814,0.0068706274032592,0.5001105345716043,0.4138522709228205,0.9983698129653932,True,False,-6.445182724252985e-05,-0.0001729235880398631,4.801495016611377e-05,-6.955119791433817e-05,-0.00015002227967194064,1.529278634825459e-05,False
transformer,loo_sample,12,9.0,4.152823929182148e-09,0.0,0.0,8.706290333115873e-09,1,0.0,False,loo_residual_sample,,,0.0,0.0,,,0.0,False,False,0.0,0.0,0.0,0.0,0.0,0.0,False
transformer,loo_sample,12,10.0,7.562292358831435e-06,-1.0859634551496633e-05,-4.341777408634062e-05,2.2272187601979354e-06,2,0.0002500000000000002,False,loo_residual_sample,-0.6060181530119817,0.999291181564331,0.002843370806177,0.0019484609365463,0.1148842134756821,0.1113175100660973,1.00121009349823,True,False,3.156146179401631e-06,-6.412375415284255e-05,5.697674418604254e-05,-2.511672391973807e-06,-5.418104035144932e-05,4.2020156554385836e-05,False
transformer,loo_sample,12,11.0,5.395764119602298e-05,6.791943521589072e-05,5.440199335571272e-06,-4.210594704823212e-05,5,0.0009999999999999992,False,loo_residual_sample,-0.9736542225453076,1.002188205718994,0.0033631309062697,0.0024386942386627,-0.013847639476689,-0.0030937075017248,0.9969984889030457,True,False,2.9401993355482325e-05,-0.0001036627906976669,0.00016180232558139608,-9.277761031400766e-05,-0.00018321568522744805,2.1108320368426353e-07,False
transformer,loo_sample,13,1.0,0.00028051495016612193,0.00027093023255797544,0.00018143687707639078,0.00011348150953589542,5,0.0009999999999999992,False,loo_residual_sample,0.8651731632450161,0.9980531930923462,0.0049596181608603,0.0042440295219421,0.9716406840851812,0.9420414687586508,1.0054640769958496,True,False,0.00029867109634551417,0.0001675996677740793,0.0004271345514950073,0.0001249502285480719,6.716223210782981e-05,0.0001848364315071613,True
transformer,loo_sample,13,2.0,-5.328903654484573e-05,-7.537375415267444e-05,-0.00011922757475080203,-2.4715430143396057e-05,1,0.0007500000000000007,False,loo_residual_sample,0.9265466011957644,0.9996967911720276,0.003525135654436,0.0034029483795166,0.9528272462470624,0.9411839774807056,1.0040563344955444,True,False,-4.028239202659156e-05,-0.0001289908637873646,4.685631229232738e-05,-2.327341626690571e-05,-7.223140653880561e-05,2.2197401136548783e-05,False
transformer,loo_sample,13,3.0,2.443106312288723e-05,1.1129568106005294e-05,8.554817275796545e-06,6.323098511673564e-06,5,0.0005000000000000004,False,loo_residual_sample,0.9322225435181724,1.00082266330719,0.0034354509736944,0.0032872557640075,0.933850402532371,0.909343663450228,0.9988558888435364,True,False,2.392026578072248e-05,-2.6083887043219152e-05,6.894102990033187e-05,8.050656380087506e-06,-1.2201576139692832e-05,2.674343772004686e-05,False
transformer,loo_sample,13,4.0,0.0003762500000000113,0.0003848006644520119,0.0003436669435216144,0.0001991663863932569,5,0.0007500000000000007,False,loo_residual_sample,0.3371445351990427,1.00309956073761,0.003348054398276,0.0016921758651733,0.6053401041017554,0.3618425431138095,0.995981752872467,False,False,0.0003524916943521494,0.00022323089700995673,0.00048654900332226913,0.00019816275811028073,0.00014098831455200476,0.000259785962801791,True
transformer,loo_sample,13,5.0,-4.152823929182148e-09,0.0,-2.076411964591074e-08,0.0,0,0.0,False,loo_residual_sample,,,0.0,0.0,,,0.0,False,False,0.0,0.0,0.0,0.0,0.0,0.0,False
transformer,loo_sample,13,6.0,4.528654485049799e-05,4.503737541539099e-05,2.890365448493526e-05,2.2921829669808604e-05,5,0.0007499999999999989,False,loo_residual_sample,0.9719676366842894,1.0001260042190552,0.0015354211978162,0.0017780065536499,0.9828108155771098,0.968986654398402,0.9907699823379515,True,False,4.0033222591348004e-05,1.8230897009682557e-06,8.18978405315484e-05,2.2386988488112268e-05,5.819903389611525e-06,4.05483755899284e-05,True
transformer,loo_sample,13,7.0,1.4443521594764696e-05,1.972591362253695e-06,1.3704318939655735e-06,7.292445388262792e-06,5,0.0007499999999999989,False,loo_residual_sample,0.0471712890767301,1.0007697343826294,0.0124302895488096,0.0060730576515197,0.8106234837175305,0.7362910439794615,0.994693160057068,True,False,3.156146179400854e-05,-2.0099667774093056e-05,8.274501661129473e-05,1.3110329217346228e-05,-1.1169351170461389e-05,3.7657034976051354e-05,False
transformer,loo_sample,13,8.0,-7.404485049788967e-06,-2.242524916984401e-06,-4.1943521594589583e-05,-5.070677103669041e-06,2,0.0002500000000000002,False,loo_residual_sample,-0.6659259345368391,1.0006139278411863,0.0164826797863814,0.0068706274032592,0.5001105345716043,0.4138522709228205,0.9983698129653932,True,False,-5.481727574749851e-06,-3.5880398671090995e-05,2.5249169435222487e-05,-5.214106300458487e-06,-1.8150041188446792e-05,6.6849112705161325e-06,False
transformer,loo_sample,13,9.0,-4.152823929182148e-09,0.0,-2.076411964591074e-08,0.0,0,0.0,False,loo_residual_sample,,,0.0,0.0,,,0.0,False,False,0.0,0.0,0.0,0.0,0.0,0.0,False
transformer,loo_sample,13,10.0,-6.906146179441741e-06,-2.9900332224608306e-06,-2.4169435215992685e-05,-3.4564352114907493e-06,1,0.0002500000000000002,False,loo_residual_sample,-0.6060181530119817,0.999291181564331,0.002843370806177,0.0019484609365463,0.1148842134756821,0.1113175100660973,1.00121009349823,True,False,-3.986710963475027e-06,-2.956810631230797e-05,2.30938538205906e-05,-2.820438117020485e-06,-1.4897046606276165e-05,9.653987606052926e-06,False
transformer,loo_sample,13,11.0,-2.1972591362073858e-05,-2.4003322259158466e-05,-3.446843853804893e-05,-7.660608182225026e-06,0,0.0007499999999999989,False,loo_residual_sample,-0.9736542225453076,1.002188205718994,0.0033631309062697,0.0024386942386627,-0.013847639476689,-0.0030937075017248,0.9969984889030457,True,False,-3.6378737541536975e-05,-7.75747508305637e-05,5.494186046518317e-06,-1.6981622307661313e-05,-3.2878464788522576e-05,-7.636317120304068e-07,False
transformer,loo_sample,14,1.0,-0.000971100498338906,-0.0009846345514952226,-0.001049044850498393,-0.0006309962260687918,0,0.0012499999999999994,False,loo_residual_sample,0.8651731632450161,0.9980531930923462,0.0049596181608603,0.0042440295219421,0.9716406840851812,0.9420414687586508,1.0054640769958496,True,False,-0.0009712624584717444,-0.0010933637873754033,-0.0008446719269102785,-0.0006331523626366953,-0.0007060100520830378,-0.0005546759295796605,False
transformer,loo_sample,14,2.0,-0.0003676993355481217,-0.0002817691029900482,-0.0006081395348835894,-0.00023512447189675268,0,0.0014999999999999996,False,loo_residual_sample,0.9265466011957644,0.9996967911720276,0.003525135654436,0.0034029483795166,0.9528272462470624,0.9411839774807056,1.0040563344955444,True,False,-0.0003584717607973198,-0.0005290697674418083,-0.00020394518272424649,-0.0002308981633779017,-0.0003289209095076443,-0.0001400442275603623,False
transformer,loo_sample,14,3.0,-4.086378737633289e-06,-1.4119601328133058e-06,-2.379568106325447e-05,-6.246039764490341e-06,2,0.0004999999999999987,False,loo_residual_sample,0.9322225435181724,1.00082266330719,0.0034354509736944,0.0032872557640075,0.933850402532371,0.909343663450228,0.9988558888435364,True,False,-2.4086378737420146e-06,-3.538621262459016e-05,2.9493355481746402e-05,-6.088214549324622e-06,-2.5754575808257074e-05,1.2712762559495827e-05,False
transformer,loo_sample,14,4.0,-0.0004612749169435659,-0.0006292151162792248,-0.0006670681063124517,-0.00028353055490106807,0,0.0005000000000000004,False,loo_residual_sample,0.3371445351990427,1.00309956073761,0.003348054398276,0.0016921758651733,0.6053401041017554,0.3618425431138095,0.995981752872467,False,False,-0.00047043189368769947,-0.0007043604651162767,-0.00023801079734217607,-0.0002896695319969211,-0.0004284786099735504,-0.00014558500113415467,False
transformer,loo_sample,14,5.0,0.0,0.0,0.0,0.0,0,0.0,False,loo_residual_sample,,,0.0,0.0,,,0.0,False,False,0.0,0.0,0.0,0.0,0.0,0.0,False
transformer,loo_sample,14,6.0,3.8849667774121244e-05,2.8363787375362826e-05,1.7130398671127978e-05,2.0117737284697233e-05,5,0.0007500000000000007,False,loo_residual_sample,0.9719676366842894,1.0001260042190552,0.0015354211978162,0.0017780065536499,0.9828108155771098,0.968986654398402,0.9907699823379515,True,False,4.667774086379972e-05,9.962624584712448e-06,8.605066445186269e-05,2.3327698997859247e-05,2.344902316023995e-06,4.5804936282551046e-05,True
transformer,loo_sample,14,7.0,-1.2329734219318488e-05,-3.264119601320559e-05,-5.2990033222566346e-05,-4.3336063661802985e-06,2,0.0005000000000000004,False,loo_residual_sample,0.0471712890767301,1.0007697343826294,0.0124302895488096,0.0060730576515197,0.8106234837175305,0.7362910439794615,0.994693160057068,True,False,-8.637873754151482e-06,-5.017441860464655e-05,3.389119601330102e-05,-3.2973454635498722e-06,-2.8333379324543386e-05,2.2975170725053197e-05,False
transformer,loo_sample,14,8.0,-6.982973421929551e-05,-7.169850498345287e-05,-0.0001002906976743656,-4.210473268424497e-05,0,0.0004999999999999987,False,loo_residual_sample,-0.6659259345368391,1.0006139278411863,0.0164826797863814,0.0068706274032592,0.5001105345716043,0.4138522709228205,0.9983698129653932,True,False,-5.21594684385418e-05,-8.189784053158583e-05,-2.3251661129560753e-05,-3.282048345389921e-05,-5.019582428563082e-05,-1.5665810748188443e-05,False
transformer,loo_sample,14,9.0,0.0,0.0,0.0,0.0,0,0.0,False,loo_residual_sample,,,0.0,0.0,,,0.0,False,False,0.0,0.0,0.0,0.0,0.0,0.0,False
transformer,loo_sample,14,10.0,0.0007257392026578158,0.0007742940199335635,0.00040016611295679017,0.00044681827575985265,5,0.0002500000000000002,False,loo_residual_sample,-0.6060181530119817,0.999291181564331,0.002843370806177,0.0019484609365463,0.1148842134756821,0.1113175100660973,1.00121009349823,True,False,0.0007363787375415376,0.0005105232558139499,0.0009561503322259192,0.00045223104278653727,0.0003134504283359887,0.0005875310576122397,True
transformer,loo_sample,14,11.0,-1.5485880398746766e-05,-1.8770764119602212e-05,-3.7624584717677045e-05,-1.0921299444e-05,1,0.0009999999999999992,False,loo_residual_sample,-0.9736542225453076,1.002188205718994,0.0033631309062697,0.0024386942386627,-0.013847639476689,-0.0030937075017248,0.9969984889030457,True,False,-6.9767441860379975e-06,-3.704734219270189e-05,2.3592192691041936e-05,-6.785323782265707e-06,-2.4451254198337574e-05,1.1494312590224974e-05,False
transformer,loo_sample,15,1.0,0.0015240240863787057,0.0017095514950166146,0.0006403031561461603,0.0014747302325516687,5,0.0007500000000000007,False,loo_residual_sample,0.8651731632450161,0.9980531930923462,0.0049596181608603,0.0042440295219421,0.9716406840851812,0.9420414687586508,1.0054640769958496,True,False,0.0015483388704318928,0.0007294892026578169,0.002371696428571434,0.001203768537538351,0.0004628258025427906,0.0019920271651756322,True
transformer,loo_sample,15,2.0,0.0007621968438537907,0.0008342607973421678,0.00013708471760798258,0.0008764836772235274,5,0.0017499999999999998,False,loo_residual_sample,0.9265466011957644,0.9996967911720276,0.003525135654436,0.0034029483795166,0.9528272462470624,0.9411839774807056,1.0040563344955444,True,False,0.0007051495016611281,0.00023537583056478626,0.0011721989202657806,0.0007545318449397909,0.000283548408634283,0.0011990173735720016,True
transformer,loo_sample,15,3.0,0.00011262043189366188,0.00011279069767433647,6.391196013288969e-05,0.00025557608657256203,5,0.0007499999999999989,False,loo_residual_sample,0.9322225435181724,1.00082266330719,0.0034354509736944,0.0032872557640075,0.933850402532371,0.909343663450228,0.9988558888435364,True,False,0.00010705980066444687,-7.343230897010808e-05,0.0002674771594684321,0.00022997699337727552,-4.092801480723495e-06,0.0004485214804477997,False
transformer,loo_sample,15,4.0,0.000883949335548162,0.0007838039867109625,0.000694705149501651,0.0009856107385962654,5,0.0017499999999999998,False,loo_residual_sample,0.3371445351990427,1.00309956073761,0.003348054398276,0.0016921758651733,0.6053401041017554,0.3618425431138095,0.995981752872467,False,False,0.0006701827242524893,0.0002385215946843782,0.0011227221760797268,0.000640496296833667,-5.3958474295989325e-05,0.0012968045562294101,True
transformer,loo_sample,15,5.0,0.0,0.0,-2.0764119534888437e-08,1.3219984085210967e-08,1,0.0,False,loo_residual_sample,,,0.0,0.0,,,0.0,False,False,0.0,0.0,0.0,0.0,0.0,0.0,False
transformer,loo_sample,15,6.0,0.00021061461794018576,0.00018677325581395454,0.0001233803986711024,4.193995030827846e-05,5,0.0005000000000000004,False,loo_residual_sample,0.9719676366842894,1.0001260042190552,0.0015354211978162,0.0017780065536499,0.9828108155771098,0.968986654398402,0.9907699823379515,True,False,0.00017392026578072261,1.324750830555402e-06,0.0003289887873754102,-3.1669167134551477e-06,-0.0002105406564744109,0.00022139846016169335,True
transformer,loo_sample,15,7.0,0.0003470224252491771,0.0003110672757474786,0.00022371262458475982,2.1150478765030732e-05,5,0.0005000000000000004,False,loo_residual_sample,0.0471712890767301,1.0007697343826294,0.0124302895488096,0.0060730576515197,0.8106234837175305,0.7362910439794615,0.994693160057068,True,False,0.00029426910299003463,0.00013112749169435196,0.0004634800664451779,-0.0001404443528599808,-0.000398702781462264,0.00010153798660603916,True
transformer,loo_sample,15,8.0,-7.26204318936885e-05,-9.620016611289195e-05,-0.00012435631229235078,3.0378071312520128e-05,1,0.0004999999999999987,False,loo_residual_sample,-0.6659259345368391,1.0006139278411863,0.0164826797863814,0.0068706274032592,0.5001105345716043,0.4138522709228205,0.9983698129653932,True,False,-9.252491694352383e-05,-0.00021096345514950827,1.836171096345205e-05,-2.813875735356519e-05,-0.00018227507185884637,0.0001286298671300045,False
transformer,loo_sample,15,9.0,0.0,0.0,-2.0764119534888437e-08,1.3219984085210967e-08,1,0.0,False,loo_residual_sample,,,0.0,0.0,,,0.0,False,False,0.0,0.0,0.0,0.0,0.0,0.0,False
transformer,loo_sample,15,10.0,7.699335548161378e-06,6.312292358812144e-06,-7.9941860465782e-06,-1.585987850223347e-05,3,0.0005000000000000004,False,loo_residual_sample,-0.6060181530119817,0.999291181564331,0.002843370806177,0.0019484609365463,0.1148842134756821,0.1113175100660973,1.00121009349823,True,False,-1.4867109634550956e-05,-6.977574750830894e-05,4.4437292358810746e-05,-4.6540951039490966e-05,-0.00012257440147788603,2.431499122325573e-05,False
transformer,loo_sample,15,11.0,5.342192691029091e-05,6.069352159465691e-05,-3.60880398670993e-05,-9.677390855151735e-05,4,0.0005000000000000004,False,loo_residual_sample,-0.9736542225453076,1.002188205718994,0.0033631309062697,0.0024386942386627,-0.013847639476689,-0.0030937075017248,0.9969984889030457,True,False,-4.476744186047099e-05,-0.00022318313953488135,0.0001380481727574681,-0.00011103911288483981,-0.000330624860964966,0.00010007910946785068,False
transformer,loo_sample,16,1.0,-6.983388704320248e-05,-5.93230897010244e-05,-0.00040911544850497084,0.0002217749087999321,1,0.0010000000000000009,False,loo_residual_sample,0.8651731632450161,0.9980531930923462,0.0049596181608603,0.0042440295219421,0.9716406840851812,0.9420414687586508,1.0054640769958496,True,False,-2.3172757475088957e-05,-0.0007035880398671192,0.0006559842192690912,0.0001167228227041639,-0.00045914206124454687,0.0006751532238897757,False
transformer,loo_sample,16,2.0,-0.0004919725913621331,-0.00037790697674422447,-0.0008793812292359204,-0.0002674556858396571,0,0.0009999999999999992,False,loo_residual_sample,0.9265466011957644,0.9996967911720276,0.003525135654436,0.0034029483795166,0.9528272462470624,0.9411839774807056,1.0040563344955444,True,False,-0.00045215946843853605,-0.0008600415282392041,-7.534053156145788e-05,-0.0002118492225375679,-0.000635164056668112,0.00018029195621574505,False
transformer,loo_sample,16,3.0,-0.00017996677740865773,-0.0001222176079734849,-0.00035211794019940346,-0.00018022419884520247,0,0.0005000000000000004,False,loo_residual_sample,0.9322225435181724,1.00082266330719,0.0034354509736944,0.0032872557640075,0.933850402532371,0.909343663450228,0.9988558888435364,True,False,-0.00016661129568106115,-0.0003696013289036499,2.209717607973267e-05,-9.269098773956875e-05,-0.000313070556875961,0.00010998744857439366,False
transformer,loo_sample,16,4.0,9.790697674416649e-05,0.0001341569767441264,-7.188538205982198e-05,0.0012098955759536345,3,0.0015000000000000013,False,loo_residual_sample,0.3371445351990427,1.00309956073761,0.003348054398276,0.0016921758651733,0.6053401041017554,0.3618425431138095,0.995981752872467,False,False,-4.019933554817057e-05,-0.0005146220930232506,0.00041735880398671693,0.0010418563034258665,0.0004803085252324527,0.001618160523591028,False
transformer,loo_sample,16,5.0,0.0,0.0,0.0,0.0,0,0.0,False,loo_residual_sample,,,0.0,0.0,,,0.0,False,False,0.0,0.0,0.0,0.0,0.0,0.0,False
transformer,loo_sample,16,6.0,-1.4418604651189604e-05,-2.375415282396265e-05,-6.553156146182904e-05,-0.00015305925696937895,2,0.0005000000000000004,False,loo_residual_sample,0.9719676366842894,1.0001260042190552,0.0015354211978162,0.0017780065536499,0.9828108155771098,0.968986654398402,0.9907699823379515,True,False,2.6578073089617018e-06,-0.00014451827242526084,0.0001590157807308906,-0.00020701867882689018,-0.00036373081205226884,-4.5347830324924734e-05,False
transformer,loo_sample,16,7.0,-0.0002033970099667881,-0.00022142857142859462,-0.00037188538205978894,-3.223220736885413e-05,0,0.0004999999999999987,False,loo_residual_sample,0.0471712890767301,1.0007697343826294,0.0124302895488096,0.0060730576515197,0.8106234837175305,0.7362910439794615,0.994693160057068,True,False,-0.00015681063122923055,-0.0003269144518272438,3.058554817275931e-05,-6.719751751614544e-05,-0.00031856426810428695,0.00018173471506415873,False
transformer,loo_sample,16,8.0,0.00019487541528242502,0.00015514950166117814,7.836378737546834e-05,0.0001450449292557332,5,0.0002500000000000002,False,loo_residual_sample,-0.6659259345368391,1.0006139278411863,0.0164826797863814,0.0068706274032592,0.5001105345716043,0.4138522709228205,0.9983698129653932,True,False,0.00021337209302325856,3.022632890366292e-05,0.00040789659468438093,0.0001329758464088493,-1.6751581494663686e-05,0.00026837125619073464,True
transformer,loo_sample,16,9.0,0.0,0.0,0.0,0.0,0,0.0,False,loo_residual_sample,,,0.0,0.0,,,0.0,False,False,0.0,0.0,0.0,0.0,0.0,0.0,False
transformer,loo_sample,16,10.0,-1.7130398671127978e-05,-2.1760797342174065e-05,-7.55606312292656e-05,-1.8958007142200196e-05,1,0.0002500000000000002,False,loo_residual_sample,-0.6060181530119817,0.999291181564331,0.002843370806177,0.0019484609365463,0.1148842134756821,0.1113175100660973,1.00121009349823,True,False,-6.146179401995689e-06,-6.745016611296587e-05,6.462209302326043e-05,-3.1949190185592835e-05,-0.00010858354154776853,3.9787979111950314e-05,False
transformer,loo_sample,16,11.0,0.0001365074750830475,0.00012705564784054602,0.00010645764119598944,5.612339721929871e-05,5,0.0007499999999999989,False,loo_residual_sample,-0.9736542225453076,1.002188205718994,0.0033631309062697,0.0024386942386627,-0.013847639476689,-0.0030937075017248,0.9969984889030457,True,False,0.00016926910299003118,-2.3264119601333194e-05,0.0003578280730897011,1.1118159798197968e-05,-0.00021650294255025088,0.00021726072610576177,False
transformer,loo_sample,17,1.0,0.00019144933554815502,0.0003082641196013869,-0.00034999999999996145,0.00014641162349018355,4,0.0005000000000000004,False,loo_residual_sample,0.8651731632450161,0.9980531930923462,0.0049596181608603,0.0042440295219421,0.9716406840851812,0.9420414687586508,1.0054640769958496,True,False,0.00018671096345512894,-0.0001231602990033295,0.0004716029900331976,0.00013896657099421783,-4.310262548818818e-05,0.0003004125174890267,False
transformer,loo_sample,17,2.0,-0.00047868770764121217,-0.00044171511627921767,-0.0007943936877077284,-0.00029996560561567075,0,0.0007500000000000007,False,loo_residual_sample,0.9265466011957644,0.9996967911720276,0.003525135654436,0.0034029483795166,0.9528272462470624,0.9411839774807056,1.0040563344955444,True,False,-0.00044900332225914494,-0.0007117940199335543,-0.00019384966777407655,-0.0002872391696173937,-0.0004534923981669896,-0.00012430588061257771,False
transformer,loo_sample,17,3.0,-7.80564784053528e-05,-2.8280730897223272e-05,-0.00025884551495014563,-4.143650299333057e-05,0,0.0005000000000000004,False,loo_residual_sample,0.9322225435181724,1.00082266330719,0.0034354509736944,0.0032872557640075,0.933850402532371,0.909343663450228,0.9988558888435364,True,False,-7.009966777408949e-05,-0.00017394102990033714,6.835548172759334e-06,-3.877780176428369e-05,-0.00010267857479957776,6.9186613038382215e-06,False
transformer,loo_sample,17,4.0,-0.0010314327242525677,-0.0008931893687708081,-0.0018696013289037916,-0.000715524410835866,0,0.0012499999999999994,False,loo_residual_sample,0.3371445351990427,1.00309956073761,0.003348054398276,0.0016921758651733,0.6053401041017554,0.3618425431138095,0.995981752872467,False,False,-0.0010890365448505178,-0.001566345514950183,-0.0005906561461794046,-0.0007515817302531924,-0.001054983660933963,-0.00042152565731557476,False
transformer,loo_sample,17,5.0,0.0,0.0,0.0,0.0,0,0.0,False,loo_residual_sample,,,0.0,0.0,,,0.0,False,False,0.0,0.0,0.0,0.0,0.0,0.0,False
transformer,loo_sample,17,6.0,5.917774086361405e-06,6.769102990022979e-06,-5.6935215946962714e-05,1.0569151630224205e-05,3,0.0007500000000000007,False,loo_residual_sample,0.9719676366842894,1.0001260042190552,0.0015354211978162,0.0017780065536499,0.9828108155771098,0.968986654398402,0.9907699823379515,True,False,-1.3289036544783528e-06,-5.581395348837067e-05,5.516196013289322e-05,6.477020433128811e-06,-2.271431027579396e-05,3.7414336579827e-05,False
transformer,loo_sample,17,7.0,3.7047342192697565e-05,3.376245847186432e-05,-0.00014258720930238056,3.10567937398476e-05,3,0.0007499999999999989,False,loo_residual_sample,0.0471712890767301,1.0007697343826294,0.0124302895488096,0.0060730576515197,0.8106234837175305,0.7362910439794615,0.994693160057068,True,False,2.5747508305635768e-05,-7.890780730899423e-05,0.00012973837209301163,2.4262884100789694e-05,-3.301500431512224e-05,8.326536811478182e-05,False
transformer,loo_sample,17,8.0,-0.00015110049833888528,-0.0001689784053156007,-0.00030676910298998994,-9.594858402086625e-05,1,0.0005000000000000004,False,loo_residual_sample,-0.6659259345368391,1.0006139278411863,0.0164826797863814,0.0068706274032592,0.5001105345716043,0.4138522709228205,0.9983698129653932,True,False,-0.0001528239202657966,-0.0002579817275747555,-2.208887043190871e-05,-9.922726707487173e-05,-0.00016121380401258609,-2.2634932702537227e-05,False
transformer,loo_sample,17,9.0,0.0,0.0,0.0,0.0,0,0.0,False,loo_residual_sample,,,0.0,0.0,,,0.0,False,False,0.0,0.0,0.0,0.0,0.0,0.0,False
transformer,loo_sample,17,10.0,-3.953488372077096e-06,-6.852159468384578e-06,-1.740033222574766e-05,-4.3455595545305314e-06,1,0.0002500000000000002,False,loo_residual_sample,-0.6060181530119817,0.999291181564331,0.002843370806177,0.0019484609365463,0.1148842134756821,0.1113175100660973,1.00121009349823,True,False,-9.966777408743077e-07,-2.1432724252504114e-05,1.943936877075395e-05,-4.167024593498825e-06,-1.5973388156674484e-05,7.990402836987116e-06,False
transformer,loo_sample,17,11.0,-1.754983388706499e-05,-1.5406976744181122e-05,-3.197674418597973e-05,-5.697495457712698e-06,0,0.0004999999999999996,False,loo_residual_sample,-0.9736542225453076,1.002188205718994,0.0033631309062697,0.0024386942386627,-0.013847639476689,-0.0030937075017248,0.9969984889030457,True,False,-3.529900332226221e-05,-7.757475083056198e-05,4.073920265788544e-06,-1.6923066411910216e-05,-3.406881339423681e-05,-8.308257994693593e-07,False
transformer,loo_sample,18,1.0,0.00010705980066445519,8.590116279072468e-05,-5.832641196013011e-05,6.186215863093202e-05,4,0.0012499999999999994,False,loo_residual_sample,0.8651731632450161,0.9980531930923462,0.0049596181608603,0.0042440295219421,0.9716406840851812,0.9420414687586508,1.0054640769958496,True,False,0.00017558139534883276,-0.00019774501661130536,0.0005760963455149477,0.00011910958669850923,-9.91286510331539e-05,0.0003469644505721287,False
transformer,loo_sample,18,2.0,-0.0010805191029900519,-0.0010134759136213312,-0.002056831395348846,-0.0006860069955054504,0,0.0007500000000000007,False,loo_residual_sample,0.9265466011957644,0.9996967911720276,0.003525135654436,0.0034029483795166,0.9528272462470624,0.9411839774807056,1.0040563344955444,True,False,-0.0010377076411960185,-0.0016533637873754105,-0.0004243646179401956,-0.0006546586587458092,-0.0010307699125190037,-0.00028678473557737727,False
transformer,loo_sample,18,3.0,0.00013626661129571005,9.943936877077064e-05,7.257059800669374e-05,8.037136933780609e-05,5,0.0002500000000000002,False,loo_residual_sample,0.9322225435181724,1.00082266330719,0.0034354509736944,0.0032872557640075,0.933850402532371,0.909343663450228,0.9988558888435364,True,False,0.00017873754152823772,7.458471760797156e-05,0.000288550664451822,0.00010079151443156187,4.2331640993216816e-05,0.00016435689925990146,True
transformer,loo_sample,18,4.0,0.000516428571428551,0.000504215116279072,0.0003740240863786548,0.0002820267034259416,5,0.0014999999999999996,False,loo_residual_sample,0.3371445351990427,1.00309956073761,0.003348054398276,0.0016921758651733,0.6053401041017554,0.3618425431138095,0.995981752872467,False,False,0.0004956810631229269,0.00025846760797345935,0.0007400705980066342,0.00029506994481272254,0.00016113277121288088,0.00043474380990216125,True
transformer,loo_sample,18,5.0,4.152823929182148e-09,0.0,0.0,2.4541499721308924e-09,1,0.0,False,loo_residual_sample,,,0.0,0.0,,,0.0,False,False,0.0,0.0,0.0,0.0,0.0,0.0,False
transformer,loo_sample,18,6.0,0.00015192691029899396,0.00011409883720925329,1.9518272426077843e-06,0.0001073980219690851,5,0.0005000000000000004,False,loo_residual_sample,0.9719676366842894,1.0001260042190552,0.0015354211978162,0.0017780065536499,0.9828108155771098,0.968986654398402,0.9907699823379515,True,False,0.00015091362126245177,4.659053156142784e-05,0.00026263704318936753,0.00010593813488491865,4.652918132570216e-05,0.00017040781434221,True
transformer,loo_sample,18,7.0,-0.0002182641196013302,-0.0001792981727574139,-0.0012049210963455126,-0.00010821664441253986,2,0.0007500000000000007,False,loo_residual_sample,0.0471712890767301,1.0007697343826294,0.0124302895488096,0.0060730576515197,0.8106234837175305,0.7362910439794615,0.994693160057068,True,False,-0.00024069767441860956,-0.0007695473421927016,0.00021266196013289523,-0.00011490515472782459,-0.0004415388177697862,0.00015844094675563494,False
transformer,loo_sample,18,8.0,-9.286544850497513e-05,-9.707225913624384e-05,-0.0002477990033222799,-5.4477662894347745e-05,1,0.0010000000000000009,False,loo_residual_sample,-0.6659259345368391,1.0006139278411863,0.0164826797863814,0.0068706274032592,0.5001105345716043,0.4138522709228205,0.9983698129653932,True,False,-8.911960132890195e-05,-0.00020848629568107595,1.66154485049882e-05,-4.643898877332964e-05,-0.00011770826870572749,1.8552527174467363e-05,False
transformer,loo_sample,18,9.0,4.152823929182148e-09,0.0,0.0,2.4541499721308924e-09,1,0.0,False,loo_residual_sample,,,0.0,0.0,,,0.0,False,False,0.0,0.0,0.0,0.0,0.0,0.0,False
transformer,loo_sample,18,10.0,-1.6777408637924651e-06,-9.281561461738086e-06,-4.372923588047417e-05,-1.3966750241678482e-06,2,0.0002500000000000002,False,loo_residual_sample,-0.6060181530119817,0.999291181564331,0.002843370806177,0.0019484609365463,0.1148842134756821,0.1113175100660973,1.00121009349823,True,False,-3.820598006645249e-06,-3.405315614617996e-05,2.941029900331275e-05,-2.5807312334447107e-06,-1.8812147796065688e-05,1.542195957477671e-05,False
transformer,loo_sample,18,11.0,-0.0001962333887043366,-0.0002155523255813474,-0.00023779069767448924,-0.00012023230336666302,0,0.0007499999999999989,False,loo_residual_sample,-0.9736542225453076,1.002188205718994,0.0033631309062697,0.0024386942386627,-0.013847639476689,-0.0030937075017248,0.9969984889030457,True,False,-0.0001940199335548154,-0.0002732599667773887,-0.0001195971760797453,-0.00011054137065955594,-0.00016537299369200902,-5.890813870822742e-05,False
transformer,loo_sample,19,1.0,0.007313978405315602,0.009222632890365401,-0.0012366279069767616,0.004938499485060888,4,0.0014999999999999996,False,loo_residual_sample,0.8651731632450161,0.9980531930923462,0.0049596181608603,0.0042440295219421,0.9716406840851812,0.9420414687586508,1.0054640769958496,True,False,0.0073126245847176,0.0024562832225913413,0.011860062292358807,0.004944583323387479,0.0015964561683871066,0.008165053397643398,True
transformer,loo_sample,19,2.0,-0.0025529775747508143,-0.0032636420265780286,-0.006157516611295599,-0.00132495865235438,1,0.0007500000000000007,False,loo_residual_sample,0.9265466011957644,0.9996967911720276,0.003525135654436,0.0034029483795166,0.9528272462470624,0.9411839774807056,1.0040563344955444,True,False,-0.002403156146179395,-0.00498231312292357,0.0006547882059800757,-0.0012038305901713009,-0.002866071870452313,0.0007433584855301218,False
transformer,loo_sample,19,3.0,0.0003430149501661317,0.0003655938538206227,0.00014999999999998348,0.00021849296706266674,5,0.0005000000000000004,False,loo_residual_sample,0.9322225435181724,1.00082266330719,0.0034354509736944,0.0032872557640075,0.933850402532371,0.909343663450228,0.9988558888435364,True,False,0.00039152823920266753,0.0002158388704318994,0.0005761254152823924,0.0002570881198220543,0.00013520469705187544,0.000390922383010163,True
transformer,loo_sample,19,4.0,-0.016520070598006576,-0.016757890365448502,-0.020592130398671027,-0.010331671269843423,0,0.0012499999999999994,False,loo_residual_sample,0.3371445351990427,1.00309956073761,0.003348054398276,0.0016921758651733,0.6053401041017554,0.3618425431138095,0.995981752872467,False,False,-0.016499584717607978,-0.019373544435215943,-0.01310198089700996,-0.010368619417023361,-0.012132716535246084,-0.00822477100561124,False
transformer,loo_sample,19,5.0,4.152823951386608e-09,0.0,0.0,6.271162211746173e-09,1,0.0,False,loo_residual_sample,,,0.0,0.0,,,0.0,False,False,0.0,0.0,0.0,0.0,0.0,0.0,False
transformer,loo_sample,19,6.0,0.00019594684385388917,0.000174626245847187,0.00015930232558158952,0.00012573883438957712,5,0.0005000000000000004,False,loo_residual_sample,0.9719676366842894,1.0001260042190552,0.0015354211978162,0.0017780065536499,0.9828108155771098,0.968986654398402,0.9907699823379515,True,False,0.0002068106312292306,0.00010664036544850769,0.00030499584717607383,0.00013358942688090124,6.809625798511953e-05,0.00019821188514688613,True
transformer,loo_sample,19,7.0,0.12365633720930236,0.12729719684385388,0.11569765365448503,0.08527423326104129,5,0.0007500000000000007,True,loo_residual_sample,0.0471712890767301,1.0007697343826294,0.0124302895488096,0.0060730576515197,0.8106234837175305,0.7362910439794615,0.994693160057068,True,True,0.12348787375415282,0.11352503322259135,0.13336804401993355,0.0866250589331708,0.07855504984618562,0.0941141494964636,True
transformer,loo_sample,19,8.0,0.05305553571428576,0.05089084302325586,0.045966341362126295,0.031983406379951895,5,0.0004999999999999987,True,loo_residual_sample,-0.6659259345368391,1.0006139278411863,0.0164826797863814,0.0068706274032592,0.5001105345716043,0.4138522709228205,0.9983698129653932,True,True,0.05310647840531562,0.04667350083056478,0.06017009136212625,0.03220428446409074,0.028000334815455715,0.036781262010489174,True
transformer,loo_sample,19,9.0,4.152823951386608e-09,0.0,0.0,6.271162211746173e-09,1,0.0,False,loo_residual_sample,,,0.0,0.0,,,0.0,False,False,0.0,0.0,0.0,0.0,0.0,0.0,False
transformer,loo_sample,19,10.0,-5.950996677706044e-06,-6.106727574761717e-05,-0.0001156146179400741,-4.7709540457185895e-06,2,0.0002500000000000002,False,loo_residual_sample,-0.6060181530119817,0.999291181564331,0.002843370806177,0.0019484609365463,0.1148842134756821,0.1113175100660973,1.00121009349823,True,False,-2.4916943521513526e-06,-8.274086378736809e-05,8.338870431892436e-05,2.6736397161564175e-06,-5.379531831045209e-05,6.448036114402628e-05,False
transformer,loo_sample,19,11.0,0.0001755813953488561,0.0001688745847175932,0.00013774916943520843,0.00010050388713396252,5,0.0005000000000000004,False,loo_residual_sample,-0.9736542225453076,1.002188205718994,0.0033631309062697,0.0024386942386627,-0.013847639476689,-0.0030937075017248,0.9969984889030457,True,False,0.00017043189368771362,9.850083056477749e-05,0.0002510008305647862,9.77461592812845e-05,5.462211334550537e-05,0.00014686800183714454,True
transformer,loo_sample,20,1.0,0.0004386254152823676,0.0004183554817275281,0.0003617524916944559,0.00022870660959339872,5,0.0007500000000000007,False,loo_residual_sample,0.8651731632450161,0.9980531930923462,0.0049596181608603,0.0042440295219421,0.9716406840851812,0.9420414687586508,1.0054640769958496,True,False,0.00044551495016611044,0.00023654485049834863,0.0006364036544850172,0.00023298566773425678,0.00014189749060668184,0.0003180821100356044,True
transformer,loo_sample,20,2.0,0.0003123172757475423,0.000247134551494943,0.00019512043189362505,0.00016130526010642575,5,0.002,False,loo_residual_sample,0.9265466011957644,0.9996967911720276,0.003525135654436,0.0034029483795166,0.9528272462470624,0.9411839774807056,1.0040563344955444,True,False,0.0002865448504983259,0.0001548172757475119,0.0004118023255813909,0.00015837041696594277,8.060519559859633e-05,0.00023509644966679378,True
transformer,loo_sample,20,3.0,-4.4912790697648754e-05,-6.193936877085804e-05,-7.666112956794535e-05,-2.1095069231846784e-05,1,0.0007500000000000007,False,loo_residual_sample,0.9322225435181724,1.00082266330719,0.0034354509736944,0.0032872557640075,0.933850402532371,0.909343663450228,0.9988558888435364,True,False,-4.119601328904654e-05,-0.00010399501661131176,1.3463455149493247e-05,-1.6934062848749097e-05,-4.370562172039125e-05,7.088297033699975e-06,False
transformer,loo_sample,20,4.0,0.00021611710963458374,0.0002084925249169478,0.000151370431893616,0.00011333352063667146,5,0.0007500000000000007,False,loo_residual_sample,0.3371445351990427,1.00309956073761,0.003348054398276,0.0016921758651733,0.6053401041017554,0.3618425431138095,0.995981752872467,False,False,0.00016528239202659223,3.184385382061362e-05,0.00030481727574752245,9.470870918629526e-05,2.6039436420483146e-05,0.00016527889918909166,True
transformer,loo_sample,20,5.0,0.0,0.0,0.0,0.0,0,0.0,False,loo_residual_sample,,,0.0,0.0,,,0.0,False,False,0.0,0.0,0.0,0.0,0.0,0.0,False
transformer,loo_sample,20,6.0,-9.532392026576631e-05,-0.00010161960132881731,-0.00012248754152821562,-5.317486239893032e-05,0,0.0005000000000000004,False,loo_residual_sample,0.9719676366842894,1.0001260042190552,0.0015354211978162,0.0017780065536499,0.9828108155771098,0.968986654398402,0.9907699823379515,True,False,-9.186046511628466e-05,-0.0001363828903654454,-4.384136212624699e-05,-5.050723554134606e-05,-7.204774252355003e-05,-2.6590039223577946e-05,False
transformer,loo_sample,20,7.0,7.374584717614318e-05,8.230897009975369e-05,-3.0980066445196464e-05,6.071352971332988e-05,4,0.0007499999999999989,False,loo_residual_sample,0.0471712890767301,1.0007697343826294,0.0124302895488096,0.0060730576515197,0.8106234837175305,0.7362910439794615,0.994693160057068,True,False,8.35548172757461e-05,4.941860465102757e-07,0.00016528239202658786,6.644263817893847e-05,1.8043095623712314e-05,0.00011434149026915113,True
transformer,loo_sample,20,8.0,2.4140365448555023e-05,2.130398671096323e-05,-2.5332225913610174e-05,1.575867686229859e-05,4,0.0002500000000000002,False,loo_residual_sample,-0.6659259345368391,1.0006139278411863,0.0164826797863814,0.0068706274032592,0.5001105345716043,0.4138522709228205,0.9983698129653932,True,False,1.7607973421933655e-05,-2.657807308969068e-05,5.946843853820835e-05,1.2578013995536708e-05,-9.10851819446809e-06,3.205490312175965e-05,False
transformer,loo_sample,20,9.0,0.0,0.0,0.0,0.0,0,0.0,False,loo_residual_sample,,,0.0,0.0,,,0.0,False,False,0.0,0.0,0.0,0.0,0.0,0.0,False
transformer,loo_sample,20,10.0,3.7915282392608773e-06,4.028239202757966e-06,-1.5012458471685974e-05,1.4607426957580217e-06,3,0.0,False,loo_residual_sample,-0.6060181530119817,0.999291181564331,0.002843370806177,0.0019484609365463,0.1148842134756821,0.1113175100660973,1.00121009349823,True,False,8.305647840622932e-07,-1.794019933553112e-05,2.1096345514959592e-05,1.7941117967035237e-06,-6.349865799561816e-06,1.0331159266570686e-05,False
transformer,loo_sample,20,11.0,-2.171926910277122e-06,4.235880398772984e-06,-4.06976744186105e-05,6.469813043308292e-06,4,0.0002500000000000002,False,loo_residual_sample,-0.9736542225453076,1.002188205718994,0.0033631309062697,0.0024386942386627,-0.013847639476689,-0.0030937075017248,0.9969984889030457,True,False,1.3787375415286184e-05,-5.033637873752661e-05,7.691029900330797e-05,1.5654928270788517e-05,-1.3085418796444981e-05,4.305686864421633e-05,False
transformer,loo_sample,21,1.0,-0.00012487126245847024,-0.00023693936877078325,-0.000316798172757482,-0.00025601819010063754,1,0.0005000000000000004,False,loo_residual_sample,0.8651731632450161,0.9980531930923462,0.0049596181608603,0.0042440295219421,0.9716406840851812,0.9420414687586508,1.0054640769958496,True,False,-0.00012109634551495108,-0.0007550394518272484,0.0004980730897009956,-0.00025115663096964447,-0.0008952861396972685,0.00039059972741854846,False
transformer,loo_sample,21,2.0,0.00011629983388704579,0.0001491279069767426,-6.661129568108493e-05,-0.00018161841967301307,4,0.0014999999999999996,False,loo_residual_sample,0.9265466011957644,0.9996967911720276,0.003525135654436,0.0034029483795166,0.9528272462470624,0.9411839774807056,1.0040563344955444,True,False,0.00018978405315614566,-0.00013173588039867075,0.0005285776578073046,-0.00013723517368575356,-0.0006115005428000769,0.00027583110249370003,False
transformer,loo_sample,21,3.0,3.897840531562613e-05,5.720514950169342e-05,-4.252491694350935e-05,-0.00019202219547787003,4,0.0009999999999999992,False,loo_residual_sample,0.9322225435181724,1.00082266330719,0.0034354509736944,0.0032872557640075,0.933850402532371,0.909343663450228,0.9988558888435364,True,False,0.00010888704318936183,-4.693521594685111e-05,0.00026281976744184994,-0.00022334908758015693,-0.00045665384571014564,2.6668471597185964e-05,False
transformer,loo_sample,21,4.0,-0.0001158554817275781,-4.2275747508369044e-05,-0.0007387458471760366,9.264675137277134e-05,2,0.0009999999999999992,False,loo_residual_sample,0.3371445351990427,1.00309956073761,0.003348054398276,0.0016921758651733,0.6053401041017554,0.3618425431138095,0.995981752872467,False,False,-5.4069767441858876e-05,-0.0006293791528239179,0.0004943542358804017,0.0001268192152856784,-0.0005240653651517476,0.0007701919016959206,False
transformer,loo_sample,21,5.0,0.0,0.0,0.0,0.0,0,0.0,False,loo_residual_sample,,,0.0,0.0,,,0.0,False,False,0.0,0.0,0.0,0.0,0.0,0.0,False
transformer,loo_sample,21,6.0,-0.0001369725913621278,-0.0001442275747508548,-0.0001815614617940997,-1.560852757540587e-05,0,0.0005000000000000004,False,loo_residual_sample,0.9719676366842894,1.0001260042190552,0.0015354211978162,0.0017780065536499,0.9828108155771098,0.968986654398402,0.9907699823379515,True,False,-0.00021553156146179365,-0.00037102990033223,-6.131852159467911e-05,-4.940411071697515e-05,-0.00024013220113833138,0.00014320729247788394,False
transformer,loo_sample,21,7.0,-3.337624584714982e-05,8.700166112929342e-06,-0.00016405730897006698,0.00010947626318775771,3,0.0002500000000000002,False,loo_residual_sample,0.0471712890767301,1.0007697343826294,0.0124302895488096,0.0060730576515197,0.8106234837175305,0.7362910439794615,0.994693160057068,True,False,-3.970099667774118e-05,-0.00022957848837209345,0.00013006644518271353,8.109749879904649e-05,-0.0001773813813011462,0.0003174403358453597,False
transformer,loo_sample,21,8.0,-6.227159468437104e-05,-8.106312292355256e-05,-0.00013253737541518706,-9.059916284355207e-05,1,0.0002500000000000002,False,loo_residual_sample,-0.6659259345368391,1.0006139278411863,0.0164826797863814,0.0068706274032592,0.5001105345716043,0.4138522709228205,0.9983698129653932,True,False,-0.00011171096345514886,-0.00023687915282392385,2.051495016610934e-05,-8.655705341336418e-05,-0.00020772413140680797,4.299313059017012e-05,False
transformer,loo_sample,21,9.0,0.0,0.0,0.0,0.0,0,0.0,False,loo_residual_sample,,,0.0,0.0,,,0.0,False,False,0.0,0.0,0.0,0.0,0.0,0.0,False
transformer,loo_sample,21,10.0,3.787375415283956e-05,4.723837209297255e-05,-7.5789036544926525e-06,1.3842727089130591e-05,4,0.0002500000000000002,False,loo_residual_sample,-0.6060181530119817,0.999291181564331,0.002843370806177,0.0019484609365463,0.1148842134756821,0.1113175100660973,1.00121009349823,True,False,1.4700996677743383e-05,-5.041735880398353e-05,7.75789036544847e-05,2.6639893611229982e-05,-5.5478154820283424e-05,0.00013228019595189786,False
transformer,loo_sample,21,11.0,9.098837209320365e-06,4.838039867172128e-06,-6.600913621257476e-05,6.282686400786997e-05,3,0.0010000000000000009,False,loo_residual_sample,-0.9736542225453076,1.002188205718994,0.0033631309062697,0.0024386942386627,-0.013847639476689,-0.0030937075017248,0.9969984889030457,True,False,1.0132890365442404e-05,-0.00013596968438538582,0.00016869601328903334,0.00013221728824410416,-9.038221592685938e-05,0.0003402638662565031,False
transformer,loo_sample,22,1.0,0.0023871470099667835,0.0028697674418604047,0.0009822882059801197,0.0011339395713923395,5,0.0007500000000000007,False,loo_residual_sample,0.8651731632450161,0.9980531930923462,0.0049596181608603,0.0042440295219421,0.9716406840851812,0.9420414687586508,1.0054640769958496,True,False,0.0024153654485049823,0.001276038205980064,0.003485311461794015,0.00141176817017719,0.0004510235163883717,0.0022489148410971796,True
transformer,loo_sample,22,2.0,-0.0011173837209302428,-0.001051785714285769,-0.001473961794019929,-0.0007958261061294936,0,0.0012499999999999994,False,loo_residual_sample,0.9265466011957644,0.9996967911720276,0.003525135654436,0.0034029483795166,0.9528272462470624,0.9411839774807056,1.0040563344955444,True,False,-0.0009720099667774051,-0.001490286544850492,-0.00041722799003322705,-0.0007759034458653857,-0.0014189311428228367,-0.00014380039748694044,False
transformer,loo_sample,22,3.0,0.00018033637873753338,0.00019993770764126229,2.6079734219197626e-05,0.0001329971743616376,5,0.0007500000000000007,False,loo_residual_sample,0.9322225435181724,1.00082266330719,0.0034354509736944,0.0032872557640075,0.933850402532371,0.909343663450228,0.9988558888435364,True,False,0.00016146179401993588,-8.974252491691315e-06,0.0003388995016611195,0.00018853187037165764,-4.3351444947969717e-05,0.0004413228433483089,False
transformer,loo_sample,22,4.0,0.004032047342192713,0.0034052948504983416,0.003111337209302345,0.003008470214802639,5,0.0005000000000000004,False,loo_residual_sample,0.3371445351990427,1.00309956073761,0.003348054398276,0.0016921758651733,0.6053401041017554,0.3618425431138095,0.995981752872467,False,False,0.003860714285714283,0.002775614617940186,0.005024516196013271,0.002872840815987462,0.0017733069205717472,0.004055635403345076,True
transformer,loo_sample,22,5.0,8.305647813955374e-09,0.0,0.0,1.6205576680583532e-08,2,0.0,False,loo_residual_sample,,,0.0,0.0,,,0.0,False,False,8.305647840600727e-08,0.0,3.322259136240291e-07,2.684752460935247e-07,0.0,1.0739009843740988e-06,False
transformer,loo_sample,22,6.0,2.2649501661109463e-05,3.0398671096332208e-05,-4.059385382060299e-05,2.7464727993953274e-05,3,0.0007500000000000007,False,loo_residual_sample,0.9719676366842894,1.0001260042190552,0.0015354211978162,0.0017780065536499,0.9828108155771098,0.968986654398402,0.9907699823379515,True,False,-6.893687707638652e-06,-0.00015257475083055433,0.00014238787375416104,2.8779579949156364e-06,-0.00017704031074706642,0.0001737402726234772,False
transformer,loo_sample,22,7.0,6.425249169432768e-05,9.094684385380081e-05,-6.208471760804635e-05,-9.313424079504529e-07,3,0.0007500000000000007,False,loo_residual_sample,0.0471712890767301,1.0007697343826294,0.0124302895488096,0.0060730576515197,0.8106234837175305,0.7362910439794615,0.994693160057068,True,False,2.5996677740871555e-05,-0.00018722176079733266,0.00022126868770765034,9.15457805698383e-05,-0.00019465929902865968,0.00037181381650291755,False
transformer,loo_sample,22,8.0,4.018687707643132e-05,3.679401993361697e-05,-7.529069767442387e-05,-8.740378448466313e-05,3,0.0005000000000000004,False,loo_residual_sample,-0.6659259345368391,1.0006139278411863,0.0164826797863814,0.0068706274032592,0.5001105345716043,0.4138522709228205,0.9983698129653932,True,False,5.456810631229159e-05,-9.50373754152769e-05,0.00019287167774087083,-0.00015529418393007033,-0.00031622746716633164,-7.372470470491939e-06,False
transformer,loo_sample,22,9.0,8.305647813955374e-09,0.0,0.0,1.6205576680583532e-08,2,0.0,False,loo_residual_sample,,,0.0,0.0,,,0.0,False,False,8.305647840600727e-08,0.0,4.1528239203003636e-07,2.684752460935247e-07,0.0,1.3423762304676234e-06,False
transformer,loo_sample,22,10.0,-7.0847176079968935e-06,-1.4015780730902705e-05,-0.00017630813953495306,4.8187360074303244e-05,1,0.0005000000000000004,False,loo_residual_sample,-0.6060181530119817,0.999291181564331,0.002843370806177,0.0019484609365463,0.1148842134756821,0.1113175100660973,1.00121009349823,True,False,4.053156146179515e-05,-8.49190199335522e-05,0.00015648671096345676,5.3956544822649774e-05,-5.146842243638985e-05,0.000181298211510387,False
transformer,loo_sample,22,11.0,-0.00011909468438537907,-0.00012865448504983945,-0.0001747923588039102,-7.965535432259418e-05,0,0.0005000000000000004,False,loo_residual_sample,-0.9736542225453076,1.002188205718994,0.0033631309062697,0.0024386942386627,-0.013847639476689,-0.0030937075017248,0.9969984889030457,True,False,-0.00013006644518271494,-0.0002692691029900155,1.852574750831121e-05,-0.00013457559136480278,-0.00032610317316356796,0.00010158509345888057,False
transformer,loo_sample,23,1.0,-0.0010282558139534936,-0.0009150332225913438,-0.0015716985049833987,-0.0010559767185846169,0,0.0007500000000000007,False,loo_residual_sample,0.8651731632450161,0.9980531930923462,0.0049596181608603,0.0042440295219421,0.9716406840851812,0.9420414687586508,1.0054640769958496,True,False,-0.0009712624584717589,-0.0017021656976744064,-0.00031044435215947383,-0.0008858115570108316,-0.0016288560377896884,-0.00021727078120749926,False
transformer,loo_sample,23,2.0,-4.051910299005534e-05,-9.505813953492037e-05,-0.0002085340531561286,0.00016584115498752272,2,0.0017499999999999998,False,loo_residual_sample,0.9265466011957644,0.9996967911720276,0.003525135654436,0.0034029483795166,0.9528272462470624,0.9411839774807056,1.0040563344955444,True,False,3.322259136262495e-07,-0.0003365490033222542,0.00033312499999999803,0.0004910735262214062,9.106110478739288e-05,0.0009177782335264821,False
transformer,loo_sample,23,3.0,0.025421490863787356,0.025211939368770753,0.0241703696013289,0.02148076279943243,5,0.0012499999999999994,True,loo_residual_sample,0.9322225435181724,1.00082266330719,0.0034354509736944,0.0032872557640075,0.933850402532371,0.909343663450228,0.9988558888435364,True,True,0.025452574750830563,0.02411526785714285,0.026828212209302333,0.020905492493775504,0.019657064828058294,0.022153123263911726,True
transformer,loo_sample,23,4.0,-0.014016121262458481,-0.014868376245847137,-0.015281063122923655,-0.013187856887800952,0,0.0014999999999999996,False,loo_residual_sample,0.3371445351990427,1.00309956073761,0.003348054398276,0.0016921758651733,0.6053401041017554,0.3618425431138095,0.995981752872467,False,False,-0.013918023255813953,-0.015355768272425253,-0.012043654485049843,-0.012462417677117586,-0.013736902210701611,-0.010848618052375338,False
transformer,loo_sample,23,5.0,0.0,0.0,0.0,1.981194033273681e-08,0,0.0,False,loo_residual_sample,,,0.0,0.0,,,0.0,False,False,0.0,0.0,0.0,0.0,0.0,0.0,False
transformer,loo_sample,23,6.0,0.00010941860465114583,0.00010919850498336547,4.138289036548226e-05,0.00013730033234404804,5,0.0007499999999999989,False,loo_residual_sample,0.9719676366842894,1.0001260042190552,0.0015354211978162,0.0017780065536499,0.9828108155771098,0.968986654398402,0.9907699823379515,True,False,0.00014842192691030375,-1.2707641195822392e-06,0.0003008347176079719,0.00020394977823637306,4.6110865021052716e-05,0.0003661421589070539,False
transformer,loo_sample,23,7.0,6.377491694349313e-05,4.910714285710771e-05,-4.771594684382929e-05,7.695891618713091e-05,4,0.0007500000000000007,False,loo_residual_sample,0.0471712890767301,1.0007697343826294,0.0124302895488096,0.0060730576515197,0.8106234837175305,0.7362910439794615,0.994693160057068,True,False,6.345514950166664e-05,-0.0001499377076411943,0.0002868002491694442,0.00011776717490291855,-0.00017131837884641778,0.0004074156936322529,False
transformer,loo_sample,23,8.0,0.00010127906976740154,6.206395348828941e-05,1.6403654484742347e-06,0.00015113705396374577,5,0.0002500000000000002,False,loo_residual_sample,-0.6659259345368391,1.0006139278411863,0.0164826797863814,0.0068706274032592,0.5001105345716043,0.4138522709228205,0.9983698129653932,True,False,9.21096345514938e-05,-2.784676079734072e-05,0.00021371885382059908,0.00014190526423537463,-5.035174164537737e-05,0.0003056742067162766,False
transformer,loo_sample,23,9.0,0.0,0.0,0.0,1.981194033273681e-08,0,0.0,False,loo_residual_sample,,,0.0,0.0,,,0.0,False,False,0.0,0.0,0.0,0.0,0.0,0.0,False
transformer,loo_sample,23,10.0,-4.912375415284664e-05,-5.2034883720963876e-05,-9.123754152828845e-05,-6.566013378208612e-05,0,0.0002500000000000002,False,loo_residual_sample,-0.6060181530119817,0.999291181564331,0.002843370806177,0.0019484609365463,0.1148842134756821,0.1113175100660973,1.00121009349823,True,False,-6.769102990033083e-05,-0.0001299833887043168,-1.1127491694341945e-05,-4.594524043319281e-05,-0.00012480796580315005,3.8312420984469536e-05,False
transformer,loo_sample,23,11.0,2.7558139534877846e-05,1.0942691029858231e-05,-4.449750830559651e-05,0.0001304895860408939,3,0.0005000000000000004,False,loo_residual_sample,-0.9736542225453076,1.002188205718994,0.0033631309062697,0.0024386942386627,-0.013847639476689,-0.0030937075017248,0.9969984889030457,True,False,-1.2707641196009201e-05,-0.0001769206810631284,0.00014958471760798098,0.00014293157173120852,-3.67176979492928e-05,0.0003643534984641994,False
transformer,loo_sample,24,1.0,0.08585262458471761,0.08685463039867103,0.07973143687707651,0.05227844975962068,5,0.0007500000000000007,True,loo_residual_sample,0.8651731632450161,0.9980531930923462,0.0049596181608603,0.0042440295219421,0.9716406840851812,0.9420414687586508,1.0054640769958496,True,True,0.08610398671096346,0.08025025332225913,0.09187708471760797,0.05259856345327076,0.04894892442525231,0.056276936924971696,True
transformer,loo_sample,24,2.0,-0.001964941860465097,-0.0031025332225913527,-0.003463725083056368,-0.0011612324443980749,1,0.0010000000000000009,False,loo_residual_sample,0.9265466011957644,0.9996967911720276,0.003525135654436,0.0034029483795166,0.9528272462470624,0.9411839774807056,1.0040563344955444,True,False,-0.0019465116279069605,-0.003440938538205952,-0.00028550249169436326,-0.0011753024219333065,-0.002049878927101711,-0.0001637114782539998,False
transformer,loo_sample,24,3.0,1.3965946843841338e-05,4.8795681064639496e-06,-3.3243355481826775e-05,1.2239127966462426e-05,3,0.0005000000000000004,False,loo_residual_sample,0.9322225435181724,1.00082266330719,0.0034354509736944,0.0032872557640075,0.933850402532371,0.909343663450228,0.9988558888435364,True,False,9.966777408665362e-07,-5.001661129569687e-05,4.4352159468447085e-05,5.086560588475342e-06,-2.1573322551915544e-05,2.735694505010077e-05,False
transformer,loo_sample,24,4.0,0.00022651162790698898,0.0002545058139535872,7.319352159484982e-05,0.00010912516572112452,5,0.0005000000000000004,False,loo_residual_sample,0.3371445351990427,1.00309956073761,0.003348054398276,0.0016921758651733,0.6053401041017554,0.3618425431138095,0.995981752872467,False,False,0.0002403654485049811,9.501661129568817e-05,0.0003736004983388619,0.00010735726740797702,3.0818375326815473e-05,0.00017879573601081532,True
transformer,loo_sample,24,5.0,4.152823929182148e-09,0.0,0.0,0.0,1,0.0,False,loo_residual_sample,,,0.0,0.0,,,0.0,False,False,0.0,0.0,0.0,0.0,0.0,0.0,False
transformer,loo_sample,24,6.0,5.1532392026620856e-05,4.806893687714364e-05,-5.3571428572096735e-06,3.091195706266259e-05,4,0.0002500000000000002,False,loo_residual_sample,0.9719676366842894,1.0001260042190552,0.0015354211978162,0.0017780065536499,0.9828108155771098,0.968986654398402,0.9907699823379515,True,False,3.280730897010864e-05,-2.6918604651125083e-05,8.53862126245947e-05,2.1710982114730992e-05,-9.740783191464513e-06,5.087068815018803e-05,False
transformer,loo_sample,24,7.0,0.0006594144518272449,0.0006954526578072384,0.00045670681063136875,0.00038416204771183347,5,0.0005000000000000004,False,loo_residual_sample,0.0471712890767301,1.0007697343826294,0.0124302895488096,0.0060730576515197,0.8106234837175305,0.7362910439794615,0.994693160057068,True,False,0.0006471760797342263,0.0004514867109634368,0.0008518770764119762,0.00037899383853967075,0.00026940872474289017,0.000498045931923038,True
transformer,loo_sample,24,8.0,0.00010282807308970021,3.818521594700641e-05,-0.00011262458471761327,5.207914268052782e-05,3,0.0005000000000000004,False,loo_residual_sample,-0.6659259345368391,1.0006139278411863,0.0164826797863814,0.0068706274032592,0.5001105345716043,0.4138522709228205,0.9983698129653932,True,False,8.953488372092977e-05,-5.2504152823905966e-05,0.000249007475083041,4.606837691947807e-05,-3.469281234051889e-05,0.00013663545206134912,False
transformer,loo_sample,24,9.0,4.152823929182148e-09,0.0,0.0,0.0,1,0.0,False,loo_residual_sample,,,0.0,0.0,,,0.0,False,False,0.0,0.0,0.0,0.0,0.0,0.0,False
transformer,loo_sample,24,10.0,-6.445598006641352e-05,-6.187707641203133e-05,-0.00010323920265786768,-3.698276786976429e-05,0,0.0002500000000000002,False,loo_residual_sample,-0.6060181530119817,0.999291181564331,0.002843370806177,0.0019484609365463,0.1148842134756821,0.1113175100660973,1.00121009349823,True,False,-7.591362126244339e-05,-0.00010781561461795211,-4.252076411957422e-05,-4.352490655155528e-05,-6.144305404789752e-05,-2.5208160947351614e-05,False
transformer,loo_sample,24,11.0,1.2740863787441548e-05,1.472176079742038e-05,-1.162790697839533e-06,5.903626045866694e-06,4,0.0007500000000000007,False,loo_residual_sample,-0.9736542225453076,1.002188205718994,0.0033631309062697,0.0024386942386627,-0.013847639476689,-0.0030937075017248,0.9969984889030457,True,False,1.5282392026574333e-05,-1.943521594687056e-05,4.801079734218406e-05,4.907708671072486e-06,-1.5009869433468132e-05,2.4919506625928834e-05,False
transformer,loo_sample,25,1.0,0.01320152408637878,0.012721262458471827,-0.0016478820598005983,0.008194853418362569,4,0.0012500000000000002,False,loo_residual_sample,0.8651731632450161,0.9980531930923462,0.0049596181608603,0.0042440295219421,0.9716406840851812,0.9420414687586508,1.0054640769958496,True,False,0.013072425249169429,0.005202686877076412,0.019952475083056465,0.008124752769830138,0.003184365732782348,0.012414593808706452,True
transformer,loo_sample,25,2.0,0.26367607558139533,0.2577370224252492,0.25338612956810624,0.19613822798311048,5,0.0012500000000000011,True,loo_residual_sample,0.9265466011957644,0.9996967911720276,0.003525135654436,0.0034029483795166,0.9528272462470624,0.9411839774807056,1.0040563344955444,True,True,0.2635313953488372,0.2547268625415282,0.27319599044850496,0.19576578804680644,0.1891933994852161,0.202970874139847,True
transformer,loo_sample,25,3.0,0.00011002491694354078,0.0001002491694351848,9.66985049833946e-05,7.745461665742415e-05,5,0.0004999999999999987,False,loo_residual_sample,0.9322225435181724,1.00082266330719,0.0034354509736944,0.0032872557640075,0.933850402532371,0.909343663450228,0.9988558888435364,True,False,8.355481727573722e-05,3.10631229235819e-05,0.00013548172757473837,6.189915077148167e-05,3.3168372327136324e-05,9.042720927378216e-05,True
transformer,loo_sample,25,4.0,0.0017210049833887632,0.0019145764119602449,0.001262333887043221,0.0010799806056963402,5,0.0004999999999999996,False,loo_residual_sample,0.3371445351990427,1.00309956073761,0.003348054398276,0.0016921758651733,0.6053401041017554,0.3618425431138095,0.995981752872467,False,False,0.0017438538205980037,0.0013635361295681024,0.0021512728405315507,0.0010898964420972678,0.0008481040066212761,0.0013411343604420372,True
transformer,loo_sample,25,5.0,4.152823929182148e-09,0.0,0.0,0.0,1,0.0,False,loo_residual_sample,,,0.0,0.0,,,0.0,False,False,0.0,0.0,0.0,0.0,0.0,0.0,False
transformer,loo_sample,25,6.0,0.0002519601328904164,0.00023974252491720804,0.00020022840531552788,0.0001644319450633702,5,0.0009999999999999992,False,loo_residual_sample,0.9719676366842894,1.0001260042190552,0.0015354211978162,0.0017780065536499,0.9828108155771098,0.968986654398402,0.9907699823379515,True,False,0.0002305647840531555,0.0001408596345515165,0.00034319559800662504,0.00015460834998398231,9.543181698907893e-05,0.00022932943861147167,True
transformer,loo_sample,25,7.0,0.0013816071428571553,0.0016905107973421707,-0.0001723214285713759,0.0008742462314262012,4,0.0005000000000000004,False,loo_residual_sample,0.0471712890767301,1.0007697343826294,0.0124302895488096,0.0060730576515197,0.8106234837175305,0.7362910439794615,0.994693160057068,True,False,0.0013802325581395148,0.00045133928571427845,0.0020813226744185852,0.0008811162535391281,0.0003169485669530394,0.0013328763974886212,True
transformer,loo_sample,25,8.0,0.0005087915282392163,0.0005212001661130117,0.0004019725913619876,0.00029655457599251365,5,0.0010000000000000009,False,loo_residual_sample,-0.6659259345368391,1.0006139278411863,0.0164826797863814,0.0068706274032592,0.5001105345716043,0.4138522709228205,0.9983698129653932,True,False,0.0005131229235880297,0.0004266486710963445,0.0006034115448504743,0.0002968006212303742,0.0002477788125672099,0.0003502731443321116,True
transformer,loo_sample,25,9.0,4.152823929182148e-09,0.0,0.0,0.0,1,0.0,False,loo_residual_sample,,,0.0,0.0,,,0.0,False,False,0.0,0.0,0.0,0.0,0.0,0.0,False
transformer,loo_sample,25,10.0,-6.817275747503793e-05,-9.433139534886781e-05,-0.00010047757475084573,-4.0475564787589846e-05,0,0.0005000000000000004,False,loo_residual_sample,-0.6060181530119817,0.999291181564331,0.002843370806177,0.0019484609365463,0.1148842134756821,0.1113175100660973,1.00121009349823,True,False,-6.744186046512058e-05,-0.00011395764119599991,-2.0014534883718526e-05,-4.195825922209795e-05,-6.999182690765119e-05,-1.2446481265492641e-05,False
transformer,loo_sample,25,11.0,0.00012046926910305177,0.00010294850498360208,7.45016611295446e-05,7.227648534471331e-05,5,0.0007499999999999998,False,loo_residual_sample,-0.9736542225453076,1.002188205718994,0.0033631309062697,0.0024386942386627,-0.013847639476689,-0.0030937075017248,0.9969984889030457,True,False,0.00011013289036543306,4.675664451824407e-05,0.0001737562292358575,6.481510752371799e-05,2.7909525411512065e-05,0.00010484932426263374,True
transformer,loo_sample,26,1.0,-0.0002783139534882517,-0.00019192275747481613,-0.0005720514950166011,-0.00021150413492609932,1,0.0010000000000000009,False,loo_residual_sample,0.8651731632450161,0.9980531930923462,0.0049596181608603,0.0042440295219421,0.9716406840851812,0.9420414687586508,1.0054640769958496,True,False,-0.00031536544850500057,-0.0006317483388704567,1.3448920265762107e-05,-0.00021466929795062152,-0.00039499552528421086,-2.8480336783742883e-05,False
transformer,loo_sample,26,2.0,0.00042321013289041697,0.00040182724252502133,0.00026445182724277316,0.0002934931054394685,5,0.0005000000000000004,False,loo_residual_sample,0.9265466011957644,0.9996967911720276,0.003525135654436,0.0034029483795166,0.9528272462470624,0.9411839774807056,1.0040563344955444,True,False,0.00042416943521593643,0.00016676910298999838,0.0006840697674418438,0.0002981598472696601,0.00015836224941938575,0.000447158218124706,True
transformer,loo_sample,26,3.0,0.0005844601328904187,0.0005877491694351589,0.0002910714285715432,0.00036596464152027774,5,0.0005000000000000004,False,loo_residual_sample,0.9322225435181724,1.00082266330719,0.0034354509736944,0.0032872557640075,0.933850402532371,0.909343663450228,0.9988558888435364,True,False,0.0005908637873754075,0.00042757059800663076,0.0007531686046511509,0.0003702188548500407,0.00026894596703609197,0.00047526197151398687,True
transformer,loo_sample,26,4.0,0.3966680024916944,0.3981928986710964,0.38901613372093025,0.33449600500285265,5,0.0007500000000000007,True,loo_residual_sample,0.3371445351990427,1.00309956073761,0.003348054398276,0.0016921758651733,0.6053401041017554,0.3618425431138095,0.995981752872467,False,False,0.397215365448505,0.39098740656146175,0.4029804090531562,0.33193729225688806,0.32795393498502445,0.3356841025827096,True
transformer,loo_sample,26,5.0,4.152823951386608e-09,0.0,0.0,5.900752242382623e-09,1,0.0,False,loo_residual_sample,,,0.0,0.0,,,0.0,False,False,0.0,0.0,0.0,0.0,0.0,0.0,False
transformer,loo_sample,26,6.0,3.259966777413581e-05,1.9518272426077843e-06,-5.554401993346225e-05,6.203078774213999e-06,3,0.0005000000000000004,False,loo_residual_sample,0.9719676366842894,1.0001260042190552,0.0015354211978162,0.0017780065536499,0.9828108155771098,0.968986654398402,0.9907699823379515,True,False,-4.1528239202626164e-06,-9.191029900331311e-05,8.805232558140461e-05,-1.0808583982786501e-05,-6.522300437849463e-05,4.404761368479802e-05,False
transformer,loo_sample,26,7.0,7.150332225920319e-05,0.0001404277408639798,-0.0002229651162788393,5.2556619317867256e-05,3,0.0007500000000000007,False,loo_residual_sample,0.0471712890767301,1.0007697343826294,0.0124302895488096,0.0060730576515197,0.8106234837175305,0.7362910439794615,0.994693160057068,True,False,4.983388704317693e-05,-0.0001286004983388806,0.00021879152823916001,4.3102760760083125e-05,-7.77812573041092e-05,0.00015498184096876397,False
transformer,loo_sample,26,8.0,-0.0002903945182723966,-0.0003150539867110558,-0.0003658637873752424,-0.00016438537792093922,0,0.0007499999999999989,False,loo_residual_sample,-0.6659259345368391,1.0006139278411863,0.0164826797863814,0.0068706274032592,0.5001105345716043,0.4138522709228205,0.9983698129653932,True,False,-0.0002906976744186107,-0.0003689410299003166,-0.00021492524916944767,-0.0001656551427009534,-0.00020706443375965834,-0.00012714313522085285,False
transformer,loo_sample,26,9.0,4.152823951386608e-09,0.0,0.0,5.900752242382623e-09,1,0.0,False,loo_residual_sample,,,0.0,0.0,,,0.0,False,False,0.0,0.0,0.0,0.0,0.0,0.0,False
transformer,loo_sample,26,10.0,2.8446843854723624e-06,1.935215946857749e-05,-0.00010299003322267186,1.0714091259300674e-06,3,0.0002500000000000002,False,loo_residual_sample,-0.6060181530119817,0.999291181564331,0.002843370806177,0.0019484609365463,0.1148842134756821,0.1113175100660973,1.00121009349823,True,False,-1.6611295681756565e-07,-6.877491694353467e-05,6.595099667770755e-05,-1.4724848863933993e-06,-3.985378194809225e-05,3.6838796235333555e-05,False
transformer,loo_sample,26,11.0,-1.4738372092981677e-05,-1.8272425250653868e-06,-5.305232558117101e-05,2.0241589406833072e-07,2,0.0005000000000000004,False,loo_residual_sample,-0.9736542225453076,1.002188205718994,0.0033631309062697,0.0024386942386627,-0.013847639476689,-0.0030937075017248,0.9969984889030457,True,False,-6.9767441860579816e-06,-7.009966777411291e-05,6.196428571429248e-05,8.433166376227152e-06,-2.6641220091994042e-05,4.677117000084535e-05,False
transformer,loo_sample,27,1.0,-0.003127321428571439,-0.003015406976744184,-0.004167857142857168,-0.0024116880813620733,0,0.0007499999999999989,False,loo_residual_sample,0.8651731632450161,0.9980531930923462,0.0049596181608603,0.0042440295219421,0.9716406840851812,0.9420414687586508,1.0054640769958496,True,False,-0.0030705980066445203,-0.003912794850498334,-0.002287205149501662,-0.002409705250295222,-0.0029668006624717093,-0.0018698936119227543,False
transformer,loo_sample,27,2.0,0.0005109136212624321,0.0004343853820597543,2.9568106312272135e-05,0.0004947333820948474,5,0.0009999999999999992,False,loo_residual_sample,0.9265466011957644,0.9996967911720276,0.003525135654436,0.0034029483795166,0.9528272462470624,0.9411839774807056,1.0040563344955444,True,False,0.000637375415282394,0.0002192691029900339,0.001053671096345515,0.0005685513429965028,0.0003157641371812728,0.0008169596354988069,True
transformer,loo_sample,27,3.0,3.147009966779635e-05,2.144933554826256e-05,-0.00012512458471758414,-4.127730507894611e-05,4,0.0005000000000000004,False,loo_residual_sample,0.9322225435181724,1.00082266330719,0.0034354509736944,0.0032872557640075,0.933850402532371,0.909343663450228,0.9988558888435364,True,False,1.9019933554821343e-05,-0.00014322674418603884,0.00016313538205980362,-5.952145768304273e-05,-0.00017194281760873784,4.4810248892857245e-05,False
transformer,loo_sample,27,4.0,0.009678359634551503,0.010615490033222597,0.008043791528239197,0.00793604336176872,5,0.0017500000000000007,False,loo_residual_sample,0.3371445351990427,1.00309956073761,0.003348054398276,0.0016921758651733,0.6053401041017554,0.3618425431138095,0.995981752872467,False,False,0.00961495016611296,0.00840245016611295,0.010718621262458468,0.007864300262018177,0.0070261697337854105,0.008607363711538044,True
transformer,loo_sample,27,5.0,0.0,0.0,0.0,0.0,0,0.0,False,loo_residual_sample,,,0.0,0.0,,,0.0,False,False,0.0,0.0,0.0,0.0,0.0,0.0,False
transformer,loo_sample,27,6.0,-0.0001610340531561505,-0.00017842607973428404,-0.00024219269102998542,-0.00012001460773449767,0,0.0002500000000000002,False,loo_residual_sample,0.9719676366842894,1.0001260042190552,0.0015354211978162,0.0017780065536499,0.9828108155771098,0.968986654398402,0.9907699823379515,True,False,-0.00014617940199334933,-0.00026495016611294216,-2.0589700996672665e-05,-9.587470557995804e-05,-0.00017950080671372552,-6.66880792563181e-06,False
transformer,loo_sample,27,7.0,-0.001714792358804007,-0.0015937915282392412,-0.002462105481727539,-0.001270647897468158,0,0.0005000000000000004,False,loo_residual_sample,0.0471712890767301,1.0007697343826294,0.0124302895488096,0.0060730576515197,0.8106234837175305,0.7362910439794615,0.994693160057068,True,False,-0.0017203488372093034,-0.002164559800664467,-0.0012825249169435152,-0.0012588197155564073,-0.0015296046853985215,-0.0009898285460728526,False
transformer,loo_sample,27,8.0,0.0003280564784053031,0.00032414867109642476,0.00028741694352152347,0.0002531923154586391,5,0.0005000000000000004,False,loo_residual_sample,-0.6659259345368391,1.0006139278411863,0.0164826797863814,0.0068706274032592,0.5001105345716043,0.4138522709228205,0.9983698129653932,True,False,0.0003602990033222575,0.0002750830564784066,0.00044900747508305424,0.00027165444873118006,0.0002067261213951657,0.0003385236350066443,True
transformer,loo_sample,27,9.0,0.0,0.0,0.0,0.0,0,0.0,False,loo_residual_sample,,,0.0,0.0,,,0.0,False,False,0.0,0.0,0.0,0.0,0.0,0.0,False
transformer,loo_sample,27,10.0,0.005351154485049836,0.0046160506644518096,0.002596968438538294,0.0035287408645308105,5,0.0,False,loo_residual_sample,-0.6060181530119817,0.999291181564331,0.002843370806177,0.0019484609365463,0.1148842134756821,0.1113175100660973,1.00121009349823,True,False,0.005406229235880407,0.0035139264950166315,0.007719987541528244,0.003550069116955781,0.002247118847715687,0.005067507041542851,True
transformer,loo_sample,27,11.0,9.512458471760965e-05,9.790282392030392e-05,5.500415282388982e-05,5.6468370077045196e-05,5,0.0005000000000000004,False,loo_residual_sample,-0.9736542225453076,1.002188205718994,0.0033631309062697,0.0024386942386627,-0.013847639476689,-0.0030937075017248,0.9969984889030457,True,False,9.584717607973526e-05,-2.2433554817279267e-05,0.00020599252491693815,4.8816477713806706e-05,-3.919666087422152e-05,0.0001320390262480239,False
transformer,loo_sample,28,1.0,0.00015966777408638055,0.0002783430232558004,-0.000277159468438537,0.00013408748182290874,4,0.0005000000000000004,False,loo_residual_sample,0.8651731632450161,0.9980531930923462,0.0049596181608603,0.0042440295219421,0.9716406840851812,0.9420414687586508,1.0054640769958496,True,False,7.7906976744182e-05,-0.0006192753322259211,0.0007059883720930162,0.0001690501859388993,-0.00045013321648173143,0.0007599876739821114,False
transformer,loo_sample,28,2.0,-0.00021343853820594562,-0.0001350498338870132,-0.0009597799003321361,-0.00034246208817338973,2,0.0012499999999999994,False,loo_residual_sample,0.9265466011957644,0.9996967911720276,0.003525135654436,0.0034029483795166,0.9528272462470624,0.9411839774807056,1.0040563344955444,True,False,-0.00027857142857142805,-0.0008132620431893624,0.00024048795681062422,-0.00045612089793674814,-0.0009104822666177483,-1.8087337760479204e-05,False
transformer,loo_sample,28,3.0,0.0002174584717608008,0.00021366279069767735,0.0001665282392026013,9.025707543650619e-05,5,0.0009999999999999992,False,loo_residual_sample,0.9322225435181724,1.00082266330719,0.0034354509736944,0.0032872557640075,0.933850402532371,0.909343663450228,0.9988558888435364,True,False,0.00020872093023255323,4.273463455148285e-05,0.00038887873754151256,8.152230810706484e-05,-0.00011909463238036239,0.00028873246429448604,True
transformer,loo_sample,28,4.0,0.001562200996677765,0.0017223214285714272,0.0011180647840531854,0.0016275030163572346,5,0.0017499999999999998,False,loo_residual_sample,0.3371445351990427,1.00309956073761,0.003348054398276,0.0016921758651733,0.6053401041017554,0.3618425431138095,0.995981752872467,False,False,0.0014993355481727555,0.0008866029900332228,0.00208425249169434,0.001586016080780136,0.0009600465162607918,0.002264338181492506,True
transformer,loo_sample,28,5.0,0.0,0.0,0.0,0.0,0,0.0,False,loo_residual_sample,,,0.0,0.0,,,0.0,False,False,0.0,0.0,0.0,0.0,0.0,0.0,False
transformer,loo_sample,28,6.0,0.0001226411960133067,0.0001163621262458836,1.1586378737549197e-05,0.0002682751592148369,5,0.0009999999999999992,False,loo_residual_sample,0.9719676366842894,1.0001260042190552,0.0015354211978162,0.0017780065536499,0.9828108155771098,0.968986654398402,0.9907699823379515,True,False,0.000125996677740865,3.0145348837224775e-05,0.000221519933554834,0.0003070342518029101,0.0001569923255157165,0.0004756967246765196,True
transformer,loo_sample,28,7.0,-0.0006853654485049487,-0.000590676910299015,-0.0010852367109633887,-0.0007921681936692515,0,0.0005000000000000004,False,loo_residual_sample,0.0471712890767301,1.0007697343826294,0.0124302895488096,0.0060730576515197,0.8106234837175305,0.7362910439794615,0.994693160057068,True,False,-0.0007262458471760791,-0.001031156561461792,-0.0004152969269103111,-0.0007897549484295741,-0.0010263668992760353,-0.0005595805859475511,False
transformer,loo_sample,28,8.0,7.626245847178748e-05,8.642026578076223e-05,2.4439368770834413e-05,7.070982659094228e-05,5,0.0007499999999999989,False,loo_residual_sample,-0.6659259345368391,1.0006139278411863,0.0164826797863814,0.0068706274032592,0.5001105345716043,0.4138522709228205,0.9983698129653932,True,False,5.822259136212149e-05,-7.002699335548332e-05,0.00019380813953487631,8.19407142474482e-05,-6.081306193156374e-05,0.00023187610904239775,False
transformer,loo_sample,28,9.0,0.0,0.0,0.0,0.0,0,0.0,False,loo_residual_sample,,,0.0,0.0,,,0.0,False,False,0.0,0.0,0.0,0.0,0.0,0.0,False
transformer,loo_sample,28,10.0,3.516611295681926e-05,6.615448504976307e-05,-7.67026578073482e-05,1.418059593878418e-05,4,0.0002500000000000002,False,loo_residual_sample,-0.6060181530119817,0.999291181564331,0.002843370806177,0.0019484609365463,0.1148842134756821,0.1113175100660973,1.00121009349823,True,False,4.850498338870413e-05,-2.9254568106311327e-05,0.00012110672757475533,3.594826333412793e-05,-5.894803284308123e-05,0.00013157970907705014,False
transformer,loo_sample,28,11.0,-3.1864617940180476e-05,-3.095930232555055e-05,-6.426495016609302e-05,9.177354035860841e-05,1,0.0002500000000000002,False,loo_residual_sample,-0.9736542225453076,1.002188205718994,0.0033631309062697,0.0024386942386627,-0.013847639476689,-0.0030937075017248,0.9969984889030457,True,False,-5.5481727574753225e-05,-0.00023971968438539493,0.00012852574750830267,-4.791415498260898e-06,-0.00019985505041648677,0.0002042943539749535,False
transformer,zero,1,1.0,0.00024713455149505403,0.0002627491694352502,0.00016283222591362279,0.00012290342674941,5,0.0007500000000000007,False,,,,,,,,,,False,0.0002144518272425222,8.43812292358642e-05,0.0003456810631229192,0.0001103732689345982,5.631821578704707e-05,0.0001662843871247144,True
transformer,zero,1,2.0,0.00035122093023252086,0.0003537375415283428,0.0002945598006643957,0.00016129204863315482,5,0.004,False,,,,,,,,,,False,0.00031345514950165354,0.00012225498338870884,0.0004895805647840459,0.00014169657470273656,5.6277253462360485e-05,0.00021819378837171702,True
transformer,zero,1,3.0,6.336378737537007e-05,6.345514950178988e-05,4.742524916945268e-05,2.426467058078696e-05,5,0.0014999999999999996,False,,,,,,,,,,False,5.963455149500696e-05,-4.504152823921437e-05,0.00015000830564785826,1.90530609520434e-05,-3.3972630479697366e-05,6.413915625078586e-05,False
transformer,zero,1,4.0,0.00015551079734223982,0.00015249169435238574,0.00013675249169442516,7.246203276893848e-05,5,0.0009999999999999992,False,,,,,,,,,,False,0.00014136212624583756,5.5315614617940657e-05,0.000229244186046489,6.62896408872149e-05,2.9782958336545348e-05,0.00010455520155795429,True
transformer,zero,1,5.0,0.0,0.0,0.0,0.0,0,0.0,False,,,,,,,,,,False,0.0,0.0,0.0,0.0,0.0,0.0,False
transformer,zero,1,6.0,9.451827242523692e-05,9.966777408654259e-05,7.35049833886503e-05,5.029782625358692e-05,5,0.0014999999999999996,False,,,,,,,,,,False,9.601328903654949e-05,-1.396179401993461e-05,0.0002008388704319119,5.216424395078412e-05,4.596374515716706e-06,9.802720840599846e-05,False
transformer,zero,1,7.0,3.53488372093258e-05,3.309800664441642e-05,2.500000000016378e-05,1.9160205120583028e-05,5,0.0007500000000000007,False,,,,,,,,,,False,2.4418604651148536e-05,3.322259136206568e-06,4.535299003321151e-05,1.324677858920098e-05,3.460212463846063e-06,2.3318184006748724e-05,True
transformer,zero,1,8.0,-1.185215946839513e-05,-9.717607973414033e-06,-2.3089700996625773e-05,-6.135468020440626e-06,0,0.0002500000000000002,False,,,,,,,,,,False,-1.212624584717492e-05,-2.6756644518305143e-05,9.966777408856876e-07,-6.122956250995681e-06,-1.316930514085074e-05,2.1926538995006472e-07,False
transformer,zero,1,9.0,0.0,0.0,0.0,0.0,0,0.0,False,,,,,,,,,,False,0.0,0.0,0.0,0.0,0.0,0.0,False
transformer,zero,1,10.0,3.4883720931855324e-07,1.2873754152709083e-06,-9.925249169318029e-06,2.8621570011821975e-07,3,0.0002500000000000002,False,,,,,,,,,,False,-1.8272425249399316e-06,-1.0635382059838604e-05,5.481727574721068e-06,-8.487432886861157e-07,-5.273165081067954e-06,2.7142531148955374e-06,False
transformer,zero,1,11.0,-6.744186046558909e-06,-6.935215946968221e-06,-1.229235880395585e-05,-2.9229322759727338e-06,0,0.0002500000000000002,False,,,,,,,,,,False,-1.1627906976761082e-05,-2.3089700996683754e-05,6.727574750745415e-07,-4.983663567086349e-06,-9.847684013719688e-06,1.4045721988559063e-07,False
transformer,zero,2,1.0,0.0006549792358804263,0.0006323920265780547,0.0005112126245847559,0.000286757165658269,5,0.0017499999999999998,False,,,,,,,,,,False,0.0006315614617940235,0.00019205564784054367,0.0010842358803986657,0.000278980352761149,7.880580748227548e-05,0.0004864839103447819,True
transformer,zero,2,2.0,0.000682475083056433,0.0006946013289035324,0.0006425249169436098,0.0003398745360471134,5,0.0012499999999999994,False,,,,,,,,,,False,0.0006162790697674514,0.00028019933554819423,0.0009164825581395381,0.00031434059188771514,0.00015144267648301121,0.0004583604870483582,True
transformer,zero,2,3.0,0.00026558554817275316,0.0002700581395349566,0.00022412790697678986,0.0001295834036555643,5,0.0014999999999999996,False,,,,,,,,,,False,0.00024127906976743053,0.00013088870431892096,0.00035185215946841763,0.00011849110395854124,6.94828990546505e-05,0.00016890499542437422,True
transformer,zero,2,4.0,0.0004345473421927482,0.00043093853820608263,0.0004194144518272491,0.00019044486560380048,5,0.0017499999999999998,False,,,,,,,,,,False,0.0003958471760797344,0.0002295431893687788,0.0005594850498339076,0.00017262824648642372,9.74948474910747e-05,0.00024463821280425256,True
transformer,zero,2,5.0,0.0,0.0,0.0,0.0,0,0.0,False,,,,,,,,,,False,0.0,0.0,0.0,0.0,0.0,0.0,False
transformer,zero,2,6.0,-0.0008530647840532035,-0.000927034883721034,-0.0009814368770764137,-0.0004745544447983141,0,0.0007499999999999989,False,,,,,,,,,,False,-0.0008408637873754088,-0.0010799377076411883,-0.0006032682724252377,-0.0004638694207161831,-0.0005832419722715848,-0.00033915157262240944,False
transformer,zero,2,7.0,0.00012992109634546445,0.00013517441860444457,6.528239202663322e-05,6.878137696040288e-05,5,0.0007499999999999989,False,,,,,,,,,,False,0.00011976744186047993,7.50664451827707e-05,0.00016745431893687695,6.373814465110094e-05,4.16818657150444e-05,8.766985460727399e-05,True
transformer,zero,2,8.0,8.79152823922702e-06,1.1960132890398434e-05,-1.3787375415352798e-05,6.657655168162968e-06,4,0.0002500000000000002,False,,,,,,,,,,False,1.0797342192679915e-05,-9.30647840532306e-06,3.289036544850257e-05,7.854347919932225e-06,-1.931662700343367e-06,1.825156008326023e-05,False
transformer,zero,2,9.0,0.0,0.0,0.0,0.0,0,0.0,False,,,,,,,,,,False,0.0,0.0,0.0,0.0,0.0,0.0,False
transformer,zero,2,10.0,-1.3953488372120403e-05,-1.3247508305669342e-05,-3.3139534883819266e-05,-7.705840615268578e-06,1,0.0002500000000000002,False,,,,,,,,,,False,-2.0099667774081675e-05,-3.5049833887035584e-05,-4.485049833875515e-06,-1.0785882002353198e-05,-1.9419181543535753e-05,-1.9844269138360513e-06,False
transformer,zero,2,11.0,-3.0232558139831054e-06,1.66112956834219e-07,-1.2707641195985886e-05,-3.658811395412798e-07,3,0.0009999999999999992,False,,,,,,,,,,False,-1.9933554817175293e-06,-1.877076411960124e-05,1.4119601328930253e-05,4.876085216742876e-07,-7.3848305978041755e-06,7.694943891566634e-06,False
transformer,zero,3,1.0,0.0071493438538206,0.007148671096345538,0.00587695182724246,0.009130291589214124,5,0.002,False,,,,,,,,,,False,0.0072510797342192745,0.0020308326411960153,0.012629539036544851,0.006653530071661949,0.0011805891021412131,0.012263885946583841,True
transformer,zero,3,2.0,0.002229833887043187,0.002101827242524834,0.0005919642857142859,0.0009613799006040092,5,0.0019999999999999983,False,,,,,,,,,,False,0.0020999169435215953,-0.002887466777408652,0.007112985880398659,0.0006857300180266323,-0.0038210806031786413,0.005535692442009773,False
transformer,zero,3,3.0,0.0025333222591362057,0.0025095930232558183,0.0020691445182724477,0.0019212596570918894,5,0.0017499999999999998,False,,,,,,,,,,False,0.002631893687707643,-3.575373754151865e-05,0.005328145764119607,0.0013954094823404384,-0.0008582300128930123,0.0036923029591181896,False
transformer,zero,3,4.0,0.0034191528239202683,0.003529485049833858,0.002390469269103024,0.003243877057731681,5,0.0009999999999999992,False,,,,,,,,,,False,0.0034230066445182705,0.0020873588039867206,0.004648843438538199,0.003241616199532503,0.0017405273658790224,0.0046968294931750065,True
transformer,zero,3,5.0,0.0,0.0,0.0,0.0,0,0.0,False,,,,,,,,,,False,0.0,0.0,0.0,0.0,0.0,0.0,False
transformer,zero,3,6.0,0.0016601495016611123,0.001652616279069763,0.0010081810631228372,3.63503244643848e-05,5,0.00275,False,,,,,,,,,,False,0.0018764950166112958,-0.0001552470930232531,0.003924015780730898,0.00042738749910251837,-0.0011807744806399503,0.0020309751040595023,False
transformer,zero,3,7.0,-0.0002367400332226488,-0.00029709302325586773,-0.00046320598006655,-1.5905270666594085e-05,0,0.0005000000000000004,False,,,,,,,,,,False,-0.00020431893687707702,-0.000708733388704322,0.00031046303986709966,2.9163651067035667e-05,-0.0004889984756467876,0.000528270624063704,False
transformer,zero,3,8.0,-0.00017803986710964725,-0.0001489202657808386,-0.00026144102990033335,-0.0002384980907633727,0,0.0002500000000000002,False,,,,,,,,,,False,-0.0001689368770764088,-0.0002850539867109504,-4.915905315614605e-05,-0.00022194034835225086,-0.00036448924265622027,-8.518756435984999e-05,False
transformer,zero,3,9.0,0.0,0.0,0.0,0.0,0,0.0,False,,,,,,,,,,False,0.0,0.0,0.0,0.0,0.0,0.0,False
transformer,zero,3,10.0,8.364617940197494e-05,4.914867109628851e-05,-0.00020807724252491777,0.00018285585166377682,3,0.0002500000000000002,False,,,,,,,,,,False,0.00010440199335547961,-6.687500000000843e-05,0.00028474460132891046,0.0002469624584054564,4.975625356046157e-05,0.00044419112729408936,False
transformer,zero,3,11.0,0.00019091777408637435,0.00018563122923587194,0.00017404485049832275,0.0001503648546009373,5,0.0007499999999999989,False,,,,,,,,,,False,0.00022234219269102963,8.188538205980097e-05,0.0003661171096345515,0.0001264055130034214,-6.718738982657244e-05,0.00033407523718780236,True
transformer,zero,4,1.0,0.014691303986710947,0.014020784883720938,0.00570816029900334,0.010825080333371729,5,0.00375,False,,,,,,,,,,False,0.014665614617940198,0.006344684385382065,0.024145697674418605,0.010886671898857645,0.00329251938170362,0.0194384652262984,True
transformer,zero,4,2.0,0.004381781561461784,0.004199252491694394,0.0010470307308969584,0.004048752756693874,5,0.0014999999999999996,False,,,,,,,,,,False,0.004391528239202652,-0.002122840531561465,0.012083409468438533,0.005129239879293036,-0.0005690915835480519,0.011712494101916552,False
transformer,zero,4,3.0,0.006180369601328883,0.006620598006644496,0.0029509343853819647,0.004974308957736517,5,0.002,False,,,,,,,,,,False,0.006127740863787375,0.0027379152823920234,0.009730240863787374,0.0048911804717460365,0.002070122678677769,0.007944388939290541,True
transformer,zero,4,4.0,0.0060855440199335305,0.006550290697674432,0.003355294850498236,0.005480602985656113,5,0.0022500000000000003,False,,,,,,,,,,False,0.006191112956810625,0.004215311461794008,0.008093124999999987,0.0055335363086183335,0.0036141218701288983,0.007377211233384318,True
transformer,zero,4,5.0,0.0,0.0,0.0,0.0,0,0.0,False,,,,,,,,,,False,0.0,0.0,0.0,0.0,0.0,0.0,False
transformer,zero,4,6.0,-0.000349626245847201,-0.0003373131229236215,-0.0021262873754153144,-0.0013258991440567858,2,0.0012499999999999994,False,,,,,,,,,,False,-0.0003237541528239185,-0.002738181063122911,0.002263743770764122,-0.0011332549820414228,-0.003273937685318534,0.001288263983175591,False
transformer,zero,4,7.0,0.0029753114617939946,0.002988974252491672,0.002632495847176064,0.002386782581403768,5,0.0007499999999999989,False,,,,,,,,,,False,0.002981976744186042,0.00223119808970099,0.0037709198504983286,0.0024622777552361806,0.0017454510546418994,0.0032355774021125953,True
transformer,zero,4,8.0,-3.666943521594135e-05,-2.7200996677745337e-05,-0.00010693521594684618,-1.534540206507007e-05,1,0.0002500000000000002,False,,,,,,,,,,False,-3.305647840531778e-05,-0.00016778239202657844,0.00010581810631228875,-2.5793176261720285e-05,-0.00017050377005619545,0.0001243310255755794,False
transformer,zero,4,9.0,0.0,0.0,0.0,0.0,0,0.0,False,,,,,,,,,,False,0.0,0.0,0.0,0.0,0.0,0.0,False
transformer,zero,4,10.0,0.10554414867109634,0.10227688953488367,0.07680936461794019,0.08819671780387124,5,0.0007499999999999989,True,,,,,,,,,,True,0.10543853820598008,0.09057339285714285,0.1200102117940199,0.08704318712342722,0.076058476624425,0.09688598504965878,True
transformer,zero,4,11.0,8.338455149501379e-05,7.286129568107036e-05,1.673588039863283e-05,8.942760729582221e-05,5,0.0005000000000000004,False,,,,,,,,,,False,5.091362126246279e-05,-9.98629568106214e-05,0.00020490448504983396,6.65486953945893e-05,-9.747923576481928e-05,0.0002570095943284312,False
transformer,zero,5,1.0,0.0007378405315614956,0.0005781353820598634,0.00018785299003326594,0.0016737005030325492,5,0.0025000000000000005,False,,,,,,,,,,False,0.0007603820598006622,-0.0046096117109634535,0.006316794019933551,0.0014542948832261292,-0.0029180562562710717,0.00563198912334234,False
transformer,zero,5,2.0,0.0021901661129568595,0.0022489202657807184,0.0019343230897010955,0.003219911012174492,5,0.0012499999999999994,False,,,,,,,,,,False,0.002655315614617937,-0.0029870390365448556,0.007938696013289028,0.0023781761750123363,-0.002355543451853636,0.006928465001738127,False
transformer,zero,5,3.0,0.0011654152823920572,0.0010333887043189605,0.0007474875415282023,0.0010005323917111175,5,0.0015000000000000013,False,,,,,,,,,,False,0.0010563122923588008,-0.0019121926910298972,0.004002545681063129,0.0013707451442105168,-0.0012345093325204508,0.003991315418392324,False
transformer,zero,5,4.0,0.0017042898671096652,0.0017994601328903959,0.0011778239202658303,0.0009867551572370515,5,0.0022499999999999985,False,,,,,,,,,,False,0.0016970099667774124,-0.00021444352159468772,0.0036760008305647845,0.0005074487079735823,-0.0012605159494277734,0.002409562135768518,False
transformer,zero,5,5.0,0.0,0.0,0.0,0.0,0,0.0,False,,,,,,,,,,False,0.0,0.0,0.0,0.0,0.0,0.0,False
transformer,zero,5,6.0,-0.004326499169435194,-0.004192960963455172,-0.005000705980066467,-0.0029959699967500473,0,0.0010000000000000009,False,,,,,,,,,,False,-0.004148837209302326,-0.006256029900332228,-0.0020660506644518306,-0.00297274292204011,-0.005064584604836332,-0.0008966656344830047,False
transformer,zero,5,7.0,-0.0004940448504983319,-0.0006438122923588252,-0.0007892649501660687,-0.0005386790901990457,0,0.0010000000000000009,False,,,,,,,,,,False,-0.0006079734219269107,-0.0011079069767441956,-0.00011785091362125315,-0.0006388270068668411,-0.0009995927583698425,-0.00032935698584845365,False
transformer,zero,5,8.0,-0.0001174999999999593,-0.00011486710963459767,-0.00021656976744177658,-0.00014698583934720234,0,0.0002499999999999985,False,,,,,,,,,,False,-0.00013546511627907375,-0.0002516611295681138,-2.391403654485418e-05,-0.00018834342888506383,-0.0003693034915514548,-2.1706830461190357e-05,False
transformer,zero,5,9.0,0.0,0.0,0.0,0.0,0,0.0,False,,,,,,,,,,False,0.0,0.0,0.0,0.0,0.0,0.0,False
transformer,zero,5,10.0,-2.9273255813910825e-05,-2.578903654482101e-05,-0.0001187500000000008,-1.7066332243165226e-05,1,0.0002499999999999985,False,,,,,,,,,,False,-1.62790697674442e-05,-7.308970099666941e-05,3.821843853820047e-05,-2.204830178271e-05,-0.00015532088181551806,8.874977129895737e-05,False
transformer,zero,5,11.0,0.00019320598006647983,0.0002744393687708069,-0.00020560631229232795,1.595772321816291e-05,4,0.0007500000000000007,False,,,,,,,,,,False,0.000225249169435221,-8.43251661129476e-05,0.0005050249169435158,4.0041799367716014e-05,-0.0002383008869341878,0.00031225393693883486,False
transformer,zero,6,1.0,-7.637043189370196e-05,-7.350498338876132e-05,-0.0001002906976743656,-3.109081673986491e-05,0,0.0010000000000000009,False,,,,,,,,,,False,-7.807308970098847e-05,-0.00014734219269101035,-1.61088039867325e-05,-3.0364289583307836e-05,-5.827858484684429e-05,-6.377785277848195e-06,False
transformer,zero,6,2.0,-9.549833887041448e-05,-9.364617940199604e-05,-0.00012151162790674519,-4.062659927193124e-05,0,0.0014999999999999996,False,,,,,,,,,,False,-8.920265780729464e-05,-0.00016013704318935325,-1.8592192691012795e-05,-3.726397129582226e-05,-6.371284721423864e-05,-1.1406013865945346e-05,False
transformer,zero,6,3.0,-6.527408637868604e-05,-6.137873754141765e-05,-8.214285714280845e-05,-1.957550705509181e-05,0,0.0012499999999999994,False,,,,,,,,,,False,-6.445182724251875e-05,-0.00010731312292358678,-2.740033222590315e-05,-1.92627708500559e-05,-3.289654214557744e-05,-7.527208222134525e-06,False
transformer,zero,6,4.0,-7.433554817226629e-06,-6.8521594684956e-06,-2.0514950165972934e-05,-4.055141631353898e-06,1,0.0012499999999999994,False,,,,,,,,,,False,-1.5116279069746774e-05,-4.436046511628103e-05,1.5784883720950025e-05,-7.471647213841414e-06,-1.8459648620251788e-05,3.610215064149893e-06,False
transformer,zero,6,5.0,0.0,0.0,0.0,0.0,0,0.0,False,,,,,,,,,,False,0.0,0.0,0.0,0.0,0.0,0.0,False
transformer,zero,6,6.0,2.7583056478430734e-05,2.7367109634468534e-05,1.6320598006824838e-05,7.807930899983439e-06,5,0.0007499999999999989,False,,,,,,,,,,False,2.3255813953508842e-05,-4.485049833879263e-06,4.96677740864038e-05,5.6145997284451356e-06,-4.842168123244673e-06,1.5059484633795081e-05,False
transformer,zero,6,7.0,4.2358803988840064e-07,1.7857142859956099e-06,-7.350498338887235e-06,-1.0557995029358836e-07,4,0.0009999999999999992,False,,,,,,,,,,False,9.96677740865426e-07,-8.642026578067924e-06,9.800664451816709e-06,2.210249811107623e-07,-2.9939110894860734e-06,3.127328071932777e-06,False
transformer,zero,6,8.0,-2.250830564731743e-06,-1.2043189367982876e-06,-4.900332225776793e-06,-3.8681307235055584e-07,0,0.0004999999999999987,False,,,,,,,,,,False,-3.6544850498321237e-06,-1.0963455149490876e-05,2.9900332225741013e-06,-8.254299080834305e-07,-3.190614322634094e-06,1.348503857365401e-06,False
transformer,zero,6,9.0,0.0,0.0,0.0,0.0,0,0.0,False,,,,,,,,,,False,0.0,0.0,0.0,0.0,0.0,0.0,False
transformer,zero,6,10.0,9.966777414494032e-08,-4.1528239203003636e-07,-1.7026578071899223e-06,-4.0192349937129277e-08,2,0.0004999999999999987,False,,,,,,,,,,False,-1.3289036544805733e-06,-6.4825581395406834e-06,3.3222591362193357e-06,-4.6162154112905363e-07,-2.408597868496315e-06,1.2861766021296235e-06,False
transformer,zero,6,11.0,3.1644518273310495e-06,3.3222591364623355e-06,1.0382059799640686e-06,9.035317531269626e-07,5,0.0004999999999999987,False,,,,,,,,,,False,3.1561461794138434e-06,-3.3222591361981857e-06,9.302325581399596e-06,8.966853510927742e-07,-1.3543008415042579e-06,3.1631407777511474e-06,False
transformer,zero,7,1.0,0.00010558970099672216,3.675249169432515e-05,-3.7375415282259183e-05,6.035172830523017e-05,3,0.0024999999999999988,False,,,,,,,,,,False,0.00013737541528241915,-3.8376245847153934e-05,0.0003458513289036755,7.494077589140447e-05,-2.4543859536864805e-05,0.0001977487758936242,False
transformer,zero,7,2.0,0.000218056478405404,3.413621262482458e-05,-4.235880398661962e-06,0.0001688043272830564,4,0.0010000000000000009,False,,,,,,,,,,False,0.0002586378737541573,-1.812707641195094e-05,0.0006129734219269153,0.00019182005036766259,2.5222829653842704e-05,0.0004103991810840141,False
transformer,zero,7,3.0,0.00012564784053159528,7.030730896995241e-05,6.536544850521686e-05,7.204391112805019e-05,5,0.0010000000000000009,False,,,,,,,,,,False,0.00014634551495018133,7.241694352162051e-05,0.00024174418604651338,8.265316098674536e-05,3.9133524367411105e-05,0.00014289320019460108,True
transformer,zero,7,4.0,0.4217766818936878,0.42043066860465117,0.4179655315614619,0.3053313420713972,5,0.0010000000000000009,True,,,,,,,,,,True,0.4217393687707641,0.4174835423588041,0.4264273006644519,0.3040497348792241,0.3005294946961508,0.3077686742038101,True
transformer,zero,7,5.0,0.0,0.0,0.0,0.0,0,0.0,False,,,,,,,,,,False,0.0,0.0,0.0,0.0,0.0,0.0,False
transformer,zero,7,6.0,0.0001877990033223531,0.00011839700996685298,9.356312292352342e-05,9.966065025841519e-05,5,0.0014999999999999996,False,,,,,,,,,,False,0.00019053156146180638,9.7504152823944e-05,0.0003051661129568037,0.00010363284684052121,4.5032799305281785e-05,0.00017612579962570212,True
transformer,zero,7,7.0,-1.8554817275751034e-05,-1.9767441860385482e-05,-2.6951827242660542e-05,-8.265714812161207e-06,0,0.0007499999999999989,False,,,,,,,,,,False,-1.544850498336747e-05,-2.6744186046480295e-05,-3.820598006612691e-06,-7.3981429140657086e-06,-1.2508094097149092e-05,-2.1530765497877484e-06,False
transformer,zero,7,8.0,8.305647841044816e-07,9.966777407832694e-07,-2.948504983169009e-06,3.721431177217127e-07,3,0.0007500000000000007,False,,,,,,,,,,False,1.4950166113147923e-06,-5.315614617926817e-06,8.139534883739974e-06,2.993415394503263e-07,-2.3340442224040467e-06,2.88541910780246e-06,False
transformer,zero,7,9.0,0.0,0.0,0.0,0.0,0,0.0,False,,,,,,,,,,False,0.0,0.0,0.0,0.0,0.0,0.0,False
transformer,zero,7,10.0,-1.8438538205822752e-06,-3.2807308970594917e-06,-3.6129568106169074e-06,-8.955941832589076e-07,2,0.0002500000000000002,False,,,,,,,,,,False,-2.159468438520662e-06,-7.30897009963874e-06,2.9900332226196205e-06,-1.4544344731670656e-06,-3.8002310023197703e-06,1.1143187318394513e-06,False
transformer,zero,7,11.0,-8.57973421923841e-06,-8.139534883655486e-06,-1.1877076412036836e-05,-3.463264053404913e-06,0,0.0005000000000000004,False,,,,,,,,,,False,-5.4817275747265356e-06,-1.3122923588030495e-05,3.3222591362394307e-06,-2.788749028918014e-06,-5.902487546884161e-06,6.777408775606439e-07,False
transformer,zero,8,1.0,0.00026067275747503337,0.00033284883720918756,7.832225913617652e-05,0.00022026490167676994,5,0.0014999999999999996,False,,,,,,,,,,False,0.0003734219269103045,-0.0001731935215946856,0.0008810921926910391,0.00026938080530979015,3.434374240549459e-05,0.0004910159529117283,False
transformer,zero,8,2.0,0.0008115199335547718,0.0008628945182725944,0.0006491071428570416,0.00043871420366385915,5,0.0014999999999999996,False,,,,,,,,,,False,0.001077076411960136,0.0004997882059800737,0.0016437126245847072,0.0005511864594369098,0.00029130457059833826,0.0008074198937317478,True
transformer,zero,8,3.0,-0.000810215946843873,-0.0007687292358804498,-0.0011068936877077773,-0.00047150630944383656,0,0.0017499999999999998,False,,,,,,,,,,False,-0.0007709302325581458,-0.001163484219269095,-0.00042306478405318887,-0.0004552031773898957,-0.0006513885030464851,-0.0002852766385696128,False
transformer,zero,8,4.0,0.0002620099667774101,0.00024613787375427076,0.00012732558139538774,0.00010205177295035117,5,0.0009999999999999992,False,,,,,,,,,,False,0.00031827242524917087,-4.073089700993015e-05,0.0006486752491694579,0.00012889697229672258,-6.114708989895193e-05,0.00030644849249140293,False
transformer,zero,8,5.0,0.0,0.0,0.0,0.0,0,0.0,False,,,,,,,,,,False,0.0,0.0,0.0,0.0,0.0,0.0,False
transformer,zero,8,6.0,-0.0007158928571429302,-0.0006637043189369196,-0.0008898671096346789,-0.00033526262437244547,0,0.0005000000000000004,False,,,,,,,,,,False,-0.0008051495016611321,-0.0011269186046511798,-0.0004969975083056152,-0.0003826470007378635,-0.0005248782420067664,-0.00024751286742605863,False
transformer,zero,8,7.0,9.72466777408254e-05,0.0001769725913621789,-4.9418604651019216e-05,6.457502552901229e-05,3,0.0007500000000000007,False,,,,,,,,,,False,7.740863787377373e-05,-2.5083056478388986e-05,0.00017443106312294368,5.104535550639611e-05,1.0142805105623217e-06,9.705798454086569e-05,False
transformer,zero,8,8.0,-0.00010789451827242225,-0.00010681063122919277,-0.00018098006644529097,-5.838620626970048e-05,0,0.0002500000000000002,False,,,,,,,,,,False,-0.0001024916943521581,-0.0001820639534883514,-1.744186046511992e-05,-5.606059178772882e-05,-0.00010102222028633778,-8.304152894022398e-06,False
transformer,zero,8,9.0,0.0,0.0,0.0,0.0,0,0.0,False,,,,,,,,,,False,0.0,0.0,0.0,0.0,0.0,0.0,False
transformer,zero,8,10.0,-1.6943521595313982e-06,2.990033222571853e-06,-1.565614617937694e-05,-6.517669518091296e-07,3,0.0005000000000000004,False,,,,,,,,,,False,5.14950166111805e-06,-1.0303156146188264e-05,2.2093023255813775e-05,1.639750991420108e-06,-5.0009728377752025e-06,9.021321754314104e-06,False
transformer,zero,8,11.0,1.7873754152830655e-05,2.2799003322249156e-05,4.277408637842761e-06,6.848113505220077e-06,5,0.0009999999999999992,False,,,,,,,,,,False,3.338870431894181e-05,5.4734219269438345e-06,6.163621262459883e-05,1.1631426410594337e-05,-1.1748267023667103e-06,2.4573973004413104e-05,True
transformer,zero,9,1.0,0.00849247508305646,0.008576681893687654,0.007480834717607965,0.006654557469464151,5,0.0025000000000000005,False,,,,,,,,,,False,0.00849700996677742,0.0020167898671096477,0.015391357973421919,0.003759336419951358,-0.002384205292177922,0.010095706846789463,True
transformer,zero,9,2.0,0.0062460091362126265,0.005880544019933542,0.005704817275747565,0.011174741591570947,5,0.002,False,,,,,,,,,,False,0.006124252491694359,-0.00018470307308968468,0.01302297549833887,0.008099958847272212,0.002349365329879349,0.014185396322883355,False
transformer,zero,9,3.0,-0.001110460963455151,-0.0010434385382059874,-0.0014432516611295743,-0.0006773984271794653,0,0.0009999999999999992,False,,,,,,,,,,False,-0.001021926910299008,-0.0035495058139534863,0.001472419019933531,-0.0008181348372199715,-0.002949200950037402,0.0012755525130067336,False
transformer,zero,9,4.0,0.00169346760797342,0.0016291112956811071,0.0011322466777408113,0.0013054658423756527,5,0.0032499999999999994,False,,,,,,,,,,False,0.0016450996677740937,0.0003781727574750847,0.002943421926910307,0.0006021084457223458,-0.0006453010186987678,0.001888258613093237,True
transformer,zero,9,5.0,0.0,0.0,0.0,0.0,0,0.0,False,,,,,,,,,,False,0.0,0.0,0.0,0.0,0.0,0.0,False
transformer,zero,9,6.0,-0.0024753820598006904,-0.0028042151162791518,-0.003306686046511631,-0.0023961076291638904,0,0.0009999999999999992,False,,,,,,,,,,False,-0.0023368770764119547,-0.0042431333056478365,-0.00035340116279070283,-0.002341554629908298,-0.0039058110306066946,-0.0008000025665441541,False
transformer,zero,9,7.0,-0.00011713870431895312,-0.0002303363787375945,-0.0003598837209302097,-1.704797206540931e-05,1,0.0007500000000000007,False,,,,,,,,,,False,-0.00011586378737540981,-0.0005724750830564564,0.0003304713455149611,-0.0001460373190046893,-0.0005679648732691256,0.00025273126665803855,False
transformer,zero,9,8.0,-0.000163504983388707,-0.00013384551495010388,-0.0003391818936876456,-0.00020126516769789494,0,0.0004999999999999987,False,,,,,,,,,,False,-0.00018205980066444472,-0.0003231872923587961,-5.032184385381222e-05,-0.00019589987937791763,-0.00032794031616474974,-6.226945351554354e-05,False
transformer,zero,9,9.0,0.0,0.0,0.0,0.0,0,0.0,False,,,,,,,,,,False,0.0,0.0,0.0,0.0,0.0,0.0,False
transformer,zero,9,10.0,-0.00010231727574752102,-0.00010051910299002653,-0.00020685215946847357,-5.43097294418704e-05,1,0.0002500000000000002,False,,,,,,,,,,False,-9.426910299002778e-05,-0.00018124377076413076,-1.5944767441852453e-05,-8.182501639555806e-05,-0.00020927361769637585,3.544487106558564e-05,False
transformer,zero,9,11.0,-0.00012144102990032656,-0.0001211794019932988,-0.00016015365448507346,-0.00018098137762074807,0,0.0005000000000000004,False,,,,,,,,,,False,-0.00012873754152823658,-0.00024685215946844793,-2.3575581395329155e-05,-0.0002653231376904508,-0.0004296112180401714,-0.00010224133772680202,False
transformer,zero,10,1.0,0.004803297342192714,0.0048156561461796255,0.004208803986711085,0.002925874221278302,5,0.00925,False,,,,,,,,,,False,0.005089700996677736,0.003651661129568119,0.006791220930232557,0.003074901331841904,0.0022040117560247325,0.004093664109021892,True
transformer,zero,10,2.0,0.005706387043189332,0.005750166112956645,0.004994123754152757,0.0032688545563430483,5,0.0075000000000000015,False,,,,,,,,,,False,0.006149169435215961,0.004950988372093036,0.007573654485049847,0.0034820587917745193,0.002729855016329032,0.004393944107574055,True
transformer,zero,10,3.0,0.001805984219269141,0.0017459302325584236,0.001706499169435216,0.0010234117064988446,5,0.002,False,,,,,,,,,,False,0.001921760797342189,0.001205481727574745,0.0026249667774086503,0.001058279322876009,0.0007225693577397351,0.0013924988977057076,True
transformer,zero,10,4.0,0.0015793895348837905,0.0015513911960134408,0.0013759136212625478,0.0008467371612693065,5,0.0014999999999999996,False,,,,,,,,,,False,0.0016051495016611251,0.0011747383720930279,0.0020346096345514927,0.0008879923535051637,0.000641517729499873,0.0011225351861351214,True
transformer,zero,10,5.0,0.0,0.0,0.0,0.0,0,0.0,False,,,,,,,,,,False,0.0,0.0,0.0,0.0,0.0,0.0,False
transformer,zero,10,6.0,0.0017722508305648254,0.0016908014950167694,0.0016069975083056187,0.0008647427474438807,5,0.0012500000000000011,False,,,,,,,,,,False,0.0017440199335548212,0.0011293978405315628,0.002386586378737562,0.0008543163097068706,0.0005574787069985931,0.0011666062430639018,True
transformer,zero,10,7.0,0.0003226495016610986,0.00036166943521598327,0.00016854235880392476,0.00017085653559028023,5,0.0012500000000000011,False,,,,,,,,,,False,0.0003318936877076473,0.00016178986710961796,0.0004868812292359176,0.00016940433863019022,7.356133812067907e-05,0.00025800486107477273,True
transformer,zero,10,8.0,-0.00021020764119599188,-0.00017674418604651798,-0.000369767441860569,-0.00011775700308662707,0,0.0002500000000000002,False,,,,,,,,,,False,-0.00021229235880400045,-0.0003222632890365715,-0.00012757475083059023,-0.00012146795135094535,-0.00017948391457744647,-7.648285883368748e-05,False
transformer,zero,10,9.0,0.0,0.0,0.0,0.0,0,0.0,False,,,,,,,,,,False,0.0,0.0,0.0,0.0,0.0,0.0,False
transformer,zero,10,10.0,3.5174418605121714e-06,-5.772425249128688e-06,-1.3413621262614583e-05,1.7424893415940446e-06,2,0.0005000000000000004,False,,,,,,,,,,False,-1.3289036544927858e-06,-2.5419435215954328e-05,2.2923588039850534e-05,-2.1872612889373144e-06,-1.5697627790195343e-05,1.1644093790870662e-05,False
transformer,zero,10,11.0,7.473006644518332e-05,6.974667774084509e-05,6.245847176078456e-05,3.0773749069856746e-05,5,0.0005000000000000004,False,,,,,,,,,,False,0.00010481727574750522,5.066445182724247e-05,0.00015747508305648535,4.569381927690519e-05,1.9377025391310142e-05,7.087391286401109e-05,True
transformer,zero,11,1.0,0.004890336378737481,0.005061565614618013,0.003792940199335626,0.002845988926273879,5,0.0034999999999999996,False,,,,,,,,,,False,0.004846677740863783,0.003729871262458481,0.006006922757475091,0.002769563230605906,0.002134301135508703,0.0034317354669652135,True
transformer,zero,11,2.0,0.007954269102989997,0.007954651162790594,0.006433098006644378,0.004688911965959552,5,0.0022499999999999985,False,,,,,,,,,,False,0.007758305647840516,0.006546565614617928,0.008946432724252495,0.004546715424621523,0.003821178290589841,0.0052577108669791235,True
transformer,zero,11,3.0,0.0014251370431894283,0.0014381021594683796,0.0012237126245847607,0.0008373711844313237,5,0.002,False,,,,,,,,,,False,0.0012111295681063105,0.0005986378737541526,0.001856698504983391,0.0006825181128097802,0.0003331303588184655,0.0010468168978147072,True
transformer,zero,11,4.0,0.0031665614617940154,0.003212230066445221,0.002780460963455189,0.0017743033155397602,5,0.0017499999999999998,False,,,,,,,,,,False,0.003203488372093006,0.0026148588039867104,0.0037603363787375096,0.0018494997859783357,0.001491048124545501,0.0021805169017441272,True
transformer,zero,11,5.0,0.0,0.0,0.0,0.0,0,0.0,False,,,,,,,,,,False,0.0,0.0,0.0,0.0,0.0,0.0,False
transformer,zero,11,6.0,-0.010667437707641203,-0.010782267441860394,-0.011431353820598011,-0.006192998336734257,0,0.0017499999999999998,False,,,,,,,,,,False,-0.010561960132890381,-0.011573795681063157,-0.009559115448505006,-0.0061301772377831895,-0.00669468514033665,-0.005570042338342939,False
transformer,zero,11,7.0,-0.0008201661129568994,-0.0009152616279070047,-0.001397009966777607,-0.0004867165212387059,0,0.0007500000000000007,False,,,,,,,,,,False,-0.0008447674418604789,-0.0012317317275747728,-0.0004064285714285667,-0.0004913944413130645,-0.0007147447073886197,-0.00023412213775125216,False
transformer,zero,11,8.0,1.5357142857119755e-05,1.3787375415130754e-05,-3.791528239205366e-05,9.122211696688254e-06,4,0.0002500000000000002,False,,,,,,,,,,False,1.6943521594683376e-05,-4.103405315614966e-05,7.84094684385451e-05,1.0830099955568829e-05,-1.932188969914278e-05,4.381066543499719e-05,False
transformer,zero,11,9.0,0.0,0.0,0.0,0.0,0,0.0,False,,,,,,,,,,False,0.0,0.0,0.0,0.0,0.0,0.0,False
transformer,zero,11,10.0,0.009057238372092958,0.008569144518272398,0.006847466777408329,0.00495518062527458,5,0.0002500000000000002,False,,,,,,,,,,False,0.00903039867109633,0.007483617109634517,0.010892134551494992,0.0050140656950476824,0.004136877224621714,0.006067190343769664,True
transformer,zero,11,11.0,1.1295681063061558e-05,1.694352159475887e-05,-1.0963455149615164e-05,1.3577542570475388e-06,4,0.0007499999999999989,False,,,,,,,,,,False,1.2043189368764472e-05,-3.397009966777168e-05,5.4071843853793806e-05,7.733369120164202e-06,-1.6040961317510898e-05,3.0996263149351626e-05,False
transformer,zero,12,1.0,0.020575382059800695,0.02094605481727574,0.01895226328903654,0.015116755117720104,5,0.0007500000000000007,True,,,,,,,,,,True,0.02045249169435216,0.0166209634551495,0.024512832225913623,0.014846807909552076,0.01206017853918225,0.017723552429144664,True
transformer,zero,12,2.0,0.022057259136212638,0.021518168604651167,0.020528010797342122,0.01625430101993739,5,0.0009999999999999992,True,,,,,,,,,,True,0.022412126245847177,0.019354966777408635,0.025445598006644508,0.01621637361336787,0.014018418488924284,0.018403898016359256,True
transformer,zero,12,3.0,0.004296162790697666,0.004451432724252524,0.0032120639534883866,0.0031002485142030967,5,0.002999999999999999,False,,,,,,,,,,False,0.004190282392026578,0.0024540718438538166,0.0057962063953488395,0.003069637738496148,0.001988404109427725,0.004093141225356435,True
transformer,zero,12,4.0,0.00756425249169439,0.007605170265780781,0.006862209302325617,0.005783774697227817,5,0.0012500000000000011,False,,,,,,,,,,False,0.007558637873754148,0.006725726744186043,0.008346374584717603,0.005797793585761117,0.005249214561456361,0.006336875055722187,True
transformer,zero,12,5.0,0.0,0.0,0.0,0.0,0,0.0,False,,,,,,,,,,False,0.0,0.0,0.0,0.0,0.0,0.0,False
transformer,zero,12,6.0,-0.009221727574750815,-0.009165967607973391,-0.010511731727574802,-0.006056804392224247,0,0.0014999999999999996,False,,,,,,,,,,False,-0.00908230897009967,-0.010490556478405324,-0.007738918189368767,-0.005923213808885505,-0.006825165073622461,-0.005082567183600809,False
transformer,zero,12,7.0,-0.0006442275747508442,-0.0006862749169435078,-0.0015785506644518943,-0.0005554795838141668,1,0.0012500000000000011,False,,,,,,,,,,False,-0.0006387043189368813,-0.001218098006644533,-7.457641196013781e-05,-0.0005670881661884042,-0.0009600044785413745,-0.00018705287730040677,False
transformer,zero,12,8.0,3.900332225914571e-05,4.734219269109108e-05,-8.911960132884644e-05,5.002901308064356e-05,3,0.0007500000000000007,False,,,,,,,,,,False,2.142857142856891e-05,-9.452242524916718e-05,0.00014302740863786999,2.120117818823597e-05,-6.621793686248331e-05,0.00011738854727018367,False
transformer,zero,12,9.0,0.0,0.0,0.0,0.0,0,0.0,False,,,,,,,,,,False,0.0,0.0,0.0,0.0,0.0,0.0,False
transformer,zero,12,10.0,-7.922757475082864e-05,-8.36794019933862e-05,-0.0004473629568105819,-6.33419101113475e-05,2,0.0002500000000000002,False,,,,,,,,,,False,-7.308970099668577e-05,-0.0002978737541528308,0.00010665282392026125,-6.618557923676271e-05,-0.00023225745397981997,6.6625989772463e-05,False
transformer,zero,12,11.0,0.0005040448504983308,0.0005085963455149223,0.0004659053156146342,0.00030311086350562897,5,0.0007500000000000007,False,,,,,,,,,,False,0.0004490033222591394,0.0003217483388704359,0.0005691071428571469,0.00025511321055828317,0.0001690616546734306,0.0003406342204681473,True
transformer,zero,13,1.0,0.0012932101328903655,0.0013061669435215917,0.001050934385382174,0.0005981482964317663,5,0.00375,False,,,,,,,,,,False,0.0010975083056478318,0.00032455980066447453,0.0019005024916943542,0.0005162536810880969,0.00015712331716848444,0.0008748591052241272,True
transformer,zero,13,2.0,0.0013023837209302559,0.001229983388704392,0.0011143272425251372,0.0005154966575330544,5,0.002999999999999999,False,,,,,,,,,,False,0.0011320598006644522,0.0004974418604651145,0.0017371262458471793,0.00041665532750773446,0.0001379278721986399,0.0006769264288062157,True
transformer,zero,13,3.0,-0.0002641112956810465,-0.00028521594684405294,-0.00033114617940199764,-4.5133023279864123e-05,0,0.0017499999999999998,False,,,,,,,,,,False,-0.00035049833887043527,-0.0010191486710963416,0.0002146387043189231,-7.079861821305378e-05,-0.0003505783766316165,0.00016332726649327033,False
transformer,zero,13,4.0,-3.6573920265792204e-05,-4.835963455163128e-05,-0.00018056478405303888,8.308140798707341e-06,1,0.0012499999999999994,False,,,,,,,,,,False,-0.00012392026578073923,-0.0004679401993355487,0.00021154900332225347,-1.825717291166984e-05,-0.0001667784135074927,0.00012461759297973177,False
transformer,zero,13,5.0,0.0,0.0,0.0,0.0,0,0.0,False,,,,,,,,,,False,0.0,0.0,0.0,0.0,0.0,0.0,False
transformer,zero,13,6.0,-0.00037536129568103147,-0.0003846137873751987,-0.0004116901993356237,-0.00017573455763906232,0,0.0014999999999999996,False,,,,,,,,,,False,-0.0004132059800664567,-0.001004377076411999,0.00017085132890367436,-0.00020327732846948888,-0.00046220681300610824,5.8481298181674317e-05,False
transformer,zero,13,7.0,0.00015180232558145156,0.00015172342192715238,8.392857142847099e-05,7.520738154982442e-05,5,0.0007499999999999989,False,,,,,,,,,,False,0.00015083056478405022,7.524086378738487e-05,0.0002289119601328649,7.644855042432953e-05,4.2598526073575924e-05,0.00011168565651357029,True
transformer,zero,13,8.0,1.6918604651205982e-05,1.8480066445225596e-05,-5.710132890413e-06,5.303788078081517e-06,3,0.0002500000000000002,False,,,,,,,,,,False,2.2093023255820297e-05,-3.658637873769188e-06,4.884136212622254e-05,5.623459285043486e-06,-5.643609423333862e-06,1.8015465896054523e-05,False
transformer,zero,13,9.0,0.0,0.0,0.0,0.0,0,0.0,False,,,,,,,,,,False,0.0,0.0,0.0,0.0,0.0,0.0,False
transformer,zero,13,10.0,-1.3318106312310008e-05,-9.34385382078684e-06,-2.844684385405749e-05,-5.9489328903428175e-06,0,0.0002500000000000002,False,,,,,,,,,,False,-2.117940199336088e-05,-4.4019933554829774e-05,2.2446013289113996e-06,-9.976007437565436e-06,-1.9661560217577006e-05,-1.0271834706321907e-06,False
transformer,zero,13,11.0,-1.5145348837242168e-05,-1.623754152846324e-05,-2.6162790697670246e-05,-4.834889982907598e-06,0,0.0005000000000000004,False,,,,,,,,,,False,-1.4119601328905774e-05,-4.6349667774082584e-05,2.0274086378731136e-05,-6.069145525001707e-06,-1.8848587402411105e-05,7.061251847386864e-06,False
transformer,zero,14,1.0,0.0021025955149501785,0.002260631229235921,0.0014320390365449853,0.0013441376816076378,5,0.0017499999999999998,False,,,,,,,,,,False,0.0020340531561461993,0.0013856312292358792,0.0027096885382059993,0.0012865753466820562,0.0008912155624114051,0.0017124954640594804,True
transformer,zero,14,2.0,0.0027875872093022338,0.0028444559800663294,0.0020742109634552808,0.0018740413215946549,5,0.0025000000000000005,False,,,,,,,,,,False,0.002853156146179402,0.0019562998338870383,0.0038349210963455455,0.0018690298929512706,0.001312154770732818,0.002480760229331881,True
transformer,zero,14,3.0,0.0006612915282391496,0.0006577657807308457,0.0005310838870431489,0.00041068186942780913,5,0.002999999999999999,False,,,,,,,,,,False,0.0007008305647840629,0.0004420182724252696,0.0009830647840531996,0.0004364372738808242,0.00028124704525605686,0.0006084354592955177,True
transformer,zero,14,4.0,0.0006512624584717796,0.00070610465116272,0.00042998338870448016,0.0004284082682356249,5,0.0017499999999999998,False,,,,,,,,,,False,0.0006267441860465206,0.0004197342192690732,0.0008395431893687548,0.00041195550068377605,0.0002815441454758874,0.0005476455863245988,True
transformer,zero,14,5.0,0.0,0.0,0.0,0.0,0,0.0,False,,,,,,,,,,False,0.0,0.0,0.0,0.0,0.0,0.0,False
transformer,zero,14,6.0,0.000802890365448472,0.0007958887043187923,0.0007477574750832661,0.0005054923723438742,5,0.0014999999999999996,False,,,,,,,,,,False,0.0008609634551495149,0.0006808720930232918,0.0010574999999999903,0.0005293936108614894,0.00041573758495684583,0.0006515041666402783,True
transformer,zero,14,7.0,2.0942691029901538e-05,2.8779069767392862e-05,-2.1324750830387096e-05,1.6076272865839238e-05,4,0.0009999999999999992,False,,,,,,,,,,False,5.049833887043498e-05,-1.4950166112931816e-05,0.00011928156146178475,3.269404594342884e-05,-8.840695749673e-06,7.872280995655351e-05,False
transformer,zero,14,8.0,-2.351744186046556e-05,-1.810631229237636e-05,-5.456810631221387e-05,-1.2539028749003478e-05,0,0.0004999999999999987,False,,,,,,,,,,False,-6.478405315591962e-06,-3.4721760797349146e-05,2.259551495018761e-05,-1.2966247837420396e-06,-1.766478006839087e-05,1.6315838377695262e-05,False
transformer,zero,14,9.0,0.0,0.0,0.0,0.0,0,0.0,False,,,,,,,,,,False,0.0,0.0,0.0,0.0,0.0,0.0,False
transformer,zero,14,10.0,0.0007562250830564831,0.0008339285714286104,0.00042005813953471804,0.00046447901649462333,5,0.0002500000000000002,False,,,,,,,,,,False,0.0007631229235880543,0.000530705980066435,0.0009825622923588326,0.0004675041132891133,0.000325375176074886,0.0006000812576283264,True
transformer,zero,14,11.0,-1.3999169435163771e-05,-9.177740863730577e-06,-2.5955149501655228e-05,-8.794026599145965e-06,0,0.0007499999999999989,False,,,,,,,,,,False,-1.8106312292346384e-05,-5.1175249169411406e-05,1.2458471760805639e-05,-1.0979849857009061e-05,-3.0805014257893e-05,7.4261253269042844e-06,False
transformer,zero,15,1.0,0.0034915780730897074,0.004095452657807308,0.0005440822259136224,0.004360462349362204,5,0.0015000000000000013,False,,,,,,,,,,False,0.003569518272425253,-0.0016311607142857063,0.008573664867109643,0.002916027127099453,-0.0019173896249223728,0.00739329182578558,False
transformer,zero,15,2.0,0.008714036544850501,0.008313434385382124,0.007630045681063069,0.00791767349866499,5,0.0034999999999999996,False,,,,,,,,,,False,0.008446760797342197,0.0033612603820597966,0.01329993355481728,0.006423408190675699,0.0016970329211333773,0.010864053309505685,True
transformer,zero,15,3.0,0.005200988372092996,0.005127408637873754,0.00500957225913623,0.005794463721093423,5,0.004,False,,,,,,,,,,False,0.005247259136212625,0.0017928073089701025,0.008810757890365452,0.0047477382585277205,0.001765238366092499,0.0077960693203452175,True
transformer,zero,15,4.0,0.002334958471760795,0.002063330564784027,0.00198266196013297,0.0016869713377763995,5,0.0019999999999999983,False,,,,,,,,,,False,0.002195431893687703,0.0006073567275747474,0.003914754983388698,0.0016198556025816525,-0.00013825238714746638,0.003352802410197068,True
transformer,zero,15,5.0,0.0,0.0,0.0,0.0,0,0.0,False,,,,,,,,,,False,0.0,0.0,0.0,0.0,0.0,0.0,False
transformer,zero,15,6.0,-0.0004603363787375692,-0.0005201619601328256,-0.0005879152823921041,-0.000617130218205153,0,0.0014999999999999996,False,,,,,,,,,,False,-0.00031237541528239044,-0.002622664036544854,0.0018826474252491665,-0.0006866869266358344,-0.002837758432550517,0.0014589482505392639,False
transformer,zero,15,7.0,0.0008196885382059538,0.0008229235880398145,0.0004380606312291979,0.00038600922960299047,5,0.0012499999999999994,False,,,,,,,,,,False,0.0007893687707641223,0.00041005813953488276,0.001135917774086377,0.00038031990295916865,-5.8165191226305186e-05,0.000792192792842046,True
transformer,zero,15,8.0,-2.975913621263704e-05,-6.436877076410052e-05,-7.057724252490516e-05,-1.2191502948222243e-05,1,0.0004999999999999987,False,,,,,,,,,,False,-8.878737541527793e-05,-0.00020591569767441448,2.4607558139540645e-05,-0.00014288640730994784,-0.0002975052591893596,3.7983712316553903e-06,False
transformer,zero,15,9.0,0.0,0.0,0.0,0.0,0,0.0,False,,,,,,,,,,False,0.0,0.0,0.0,0.0,0.0,0.0,False
transformer,zero,15,10.0,1.7857142857113927e-05,1.578073089703036e-05,-3.59634551495569e-05,1.1324074870855404e-05,4,0.0002500000000000002,False,,,,,,,,,,False,3.654485049834344e-06,-5.514950166112814e-05,7.143272425248926e-05,-2.823829340397932e-05,-0.00011995001523513976,6.0168965726933566e-05,False
transformer,zero,15,11.0,0.00015300249169432069,0.00016598837209302886,5.899086378735596e-05,4.5390166002223785e-05,5,0.0005000000000000004,False,,,,,,,,,,False,0.00013612956810630573,-2.0359219269109996e-05,0.0002873837209302347,5.992360234905347e-05,-9.397768775023531e-05,0.00021773911628391395,False
transformer,zero,16,1.0,0.0010397882059800523,0.001341818936877015,-0.0002317275747507619,0.001377611799415157,4,0.0017499999999999998,False,,,,,,,,,,False,0.0012362126245847184,-0.004071171096345517,0.006527392026578065,0.0023582540767639894,-0.002928826337703355,0.0073524795256928776,False
transformer,zero,16,2.0,0.003507221760797319,0.0032011420265780632,0.002117960963455179,0.000951472528749786,5,0.0017499999999999998,False,,,,,,,,,,False,0.0035411960132890412,-0.0027650290697674405,0.009348151993355487,0.0018344312337811087,-0.004135340389039695,0.007151370574051656,False
transformer,zero,16,3.0,-0.0024729775747508232,-0.0025537790697675034,-0.00265807724252487,-0.0008997019876267887,0,0.0017499999999999998,False,,,,,,,,,,False,-0.0025750830564784046,-0.005055406976744185,-0.00011313538205980998,-0.001551600449298416,-0.0036674694906102044,0.0005706837848179754,False
transformer,zero,16,4.0,0.0026195764119601116,0.0025283430232557746,0.002119393687707638,0.003082540531415856,5,0.0017500000000000016,False,,,,,,,,,,False,0.002671926910299004,0.0010770473421926887,0.0042816279069767425,0.0032493822720968822,0.001614097002764847,0.004873035910393048,True
transformer,zero,16,5.0,0.0,0.0,0.0,0.0,0,0.0,False,,,,,,,,,,False,0.0,0.0,0.0,0.0,0.0,0.0,False
transformer,zero,16,6.0,0.0024537001661129485,0.0024915490033222687,0.002001432724252461,0.002341108789058266,5,0.0010000000000000009,False,,,,,,,,,,False,0.002740697674418607,-8.52200996677902e-05,0.005513691860465124,0.002585891440165912,0.0002941721887778039,0.00489962351281581,False
transformer,zero,16,7.0,-4.480897009966345e-05,-9.42275747508603e-05,-0.00013905730897012525,0.00032592356369121056,1,0.0007499999999999989,False,,,,,,,,,,False,-4.102990033222398e-05,-0.0003550789036544744,0.00029335548172756693,0.00033405945192575,-9.455646534698372e-05,0.0007775875278137538,False
transformer,zero,16,8.0,0.00014214700996677542,0.00012389950166113994,3.9929401993377134e-05,0.00012461518942974426,5,0.0004999999999999987,False,,,,,,,,,,False,0.000141362126245847,-3.9950166112920765e-06,0.00028987126245846623,0.00012207820296473827,-3.0498554745799514e-05,0.00025626539692052194,False
transformer,zero,16,9.0,0.0,0.0,0.0,0.0,0,0.0,False,,,,,,,,,,False,0.0,0.0,0.0,0.0,0.0,0.0,False
transformer,zero,16,10.0,-2.18812292358761e-05,-4.387458471766248e-05,-5.716362126251262e-05,-2.2309395266240094e-05,1,0.0002500000000000002,False,,,,,,,,,,False,-1.245847176079895e-05,-8.123754152824698e-05,5.7142857142861926e-05,-4.750861485936508e-05,-0.00011520945601280933,1.3285173023396518e-05,False
transformer,zero,16,11.0,4.72508305647823e-05,2.2093023255842503e-05,-1.7566445182692902e-05,-1.97411104119416e-05,3,0.0009999999999999992,False,,,,,,,,,,False,8.20598006644474e-05,-7.973837209301784e-05,0.00024203903654485248,3.7401745381407946e-05,-0.00014786006267173579,0.00021349738104135482,False
transformer,zero,17,1.0,0.0002059593023255424,0.00021474252491704426,-0.00019927325581403643,0.0003037615735896226,4,0.0055000000000000005,False,,,,,,,,,,False,0.000130730897009963,-0.001326308139534886,0.0014162458471760743,0.00027877864633579996,-0.0003460851795500368,0.0008182254068694528,False
transformer,zero,17,2.0,0.0005980274086378578,0.0008015780730897815,3.309800664441642e-05,0.0004876017943395095,5,0.0035000000000000005,False,,,,,,,,,,False,0.0005299003322259122,-0.0006699086378737504,0.0016260548172757547,0.0004772485678791305,-4.5562675338921045e-05,0.0009579775484433208,False
transformer,zero,17,3.0,-0.0002624252491695067,-0.00022844684385381342,-0.00043473837209317967,-1.156500864958332e-05,0,0.0007500000000000007,False,,,,,,,,,,False,-0.000356146179401986,-0.0009055191029900129,0.0001301411960132884,-5.8531365178541295e-05,-0.00029192494586599766,0.00015494632295520096,False
transformer,zero,17,4.0,0.00026671926910302177,0.000263413621262365,0.00011048588039885843,0.00014589576763928135,5,0.0022500000000000003,False,,,,,,,,,,False,0.0002212624584717515,-0.00020355897009966017,0.0005769393687707651,9.565611336593394e-05,-9.316106190999231e-05,0.0002546288421273392,False
transformer,zero,17,5.0,0.0,0.0,0.0,0.0,0,0.0,False,,,,,,,,,,False,0.0,0.0,0.0,0.0,0.0,0.0,False
transformer,zero,17,6.0,0.0006590116279068913,0.0007353820598006156,0.00021013289036542204,0.0002422130299526426,5,0.0015000000000000005,False,,,,,,,,,,False,0.0006458471760797335,0.0002519393687707475,0.0010410340531561654,0.00022981647924242955,4.281262906423247e-05,0.0004086397517559008,True
transformer,zero,17,7.0,-2.2358803986732846e-05,-3.768687707639273e-05,-0.00011964285714305412,3.185888512164947e-05,2,0.0014999999999999996,False,,,,,,,,,,False,-6.187707641196138e-05,-0.0001662832225913551,4.485049833887339e-05,9.603810266007873e-06,-4.132686619164697e-05,6.155716927855609e-05,False
transformer,zero,17,8.0,3.173588039864228e-05,2.894518272422708e-05,-6.955980066614131e-06,1.429012020468523e-05,4,0.0005000000000000004,False,,,,,,,,,,False,3.039867109633554e-05,-7.645348837229004e-06,6.711378737541386e-05,1.0798924498236496e-05,-6.913380670740904e-06,2.7899622896872755e-05,False
transformer,zero,17,9.0,0.0,0.0,0.0,0.0,0,0.0,False,,,,,,,,,,False,0.0,0.0,0.0,0.0,0.0,0.0,False
transformer,zero,17,10.0,2.86254152823906e-05,2.7138704318807605e-05,1.1586378737660219e-05,1.846804918181899e-05,5,0.0002500000000000002,False,,,,,,,,,,False,3.6046511627897404e-05,1.7437707641182884e-05,5.598006644518541e-05,2.1210835932257143e-05,1.1801834844046788e-05,3.14900198095153e-05,True
transformer,zero,17,11.0,-3.752491694357652e-05,-3.833056478419472e-05,-5.2034883720963876e-05,-1.4151025852848776e-05,0,0.0004999999999999996,False,,,,,,,,,,False,-5.7308970099674285e-05,-0.00010183139534887195,-1.9759136212619534e-05,-2.4598929405984516e-05,-4.532016553622886e-05,-7.321639241733985e-06,False
transformer,zero,18,1.0,0.006380660299003349,0.006542628737541523,0.005656333056478502,0.0039507803796266835,5,0.003999999999999998,False,,,,,,,,,,False,0.00682159468438538,0.004238006644518278,0.009759908637873758,0.004176762322748917,0.0026966084468319665,0.005831521595922594,True
transformer,zero,18,2.0,0.008650863787375406,0.008653052325581334,0.007559011627906953,0.005332638090018893,5,0.0014999999999999996,False,,,,,,,,,,False,0.008770431893687699,0.006446835548172748,0.011058725083056472,0.005448189194328225,0.004154560409441716,0.006741277656016287,True
transformer,zero,18,3.0,0.0018124294019933318,0.0018275539867109725,0.0015112333887042917,0.001061795048570291,5,0.002,False,,,,,,,,,,False,0.0020121262458471702,0.0012305191029900085,0.002784979235880411,0.0011455641169506447,0.0007202790377795095,0.001565229595076878,True
transformer,zero,18,4.0,0.0032202159468438297,0.00316945598006646,0.002653862126245854,0.0019971174559250795,5,0.002,False,,,,,,,,,,False,0.0032141196013288965,0.0026316528239202614,0.003774119601328912,0.0019930978401629627,0.001712023515404504,0.002255349163256414,True
transformer,zero,18,5.0,0.0,0.0,0.0,0.0,0,0.0,False,,,,,,,,,,False,0.0,0.0,0.0,0.0,0.0,0.0,False
transformer,zero,18,6.0,0.0008750581395349011,0.0007371677740863891,0.00021937292358797933,0.00037306109711148227,5,0.0019999999999999983,False,,,,,,,,,,False,0.0007056478405315558,-0.0003979609634551559,0.0018278446843853846,0.0002590136782976649,-0.00030789091658395376,0.0008419457966647707,False
transformer,zero,18,7.0,0.00011789867109632813,0.00020116279069770648,-0.0008988579734219293,0.0001294722713566232,4,0.0010000000000000009,False,,,,,,,,,,False,9.485049833885761e-05,-0.00040700166112958753,0.0005236171096345347,0.0001181367045488857,-0.00020545511524027363,0.00039204797771493844,False
transformer,zero,18,8.0,-0.00015289036544849922,-0.00017176079734226857,-0.00035930232558134545,-8.625700138018555e-05,1,0.0007500000000000007,False,,,,,,,,,,False,-0.0001596345514950248,-0.00031813953488373393,-2.158222591363369e-05,-8.477604699506869e-05,-0.00017472788174053514,6.126351459866074e-07,False
transformer,zero,18,9.0,0.0,0.0,0.0,0.0,0,0.0,False,,,,,,,,,,False,0.0,0.0,0.0,0.0,0.0,0.0,False
transformer,zero,18,10.0,-1.955980066425944e-06,-6.048588039864189e-05,-0.0001328903654485014,-5.017025784925799e-06,2,0.0002499999999999985,False,,,,,,,,,,False,5.813953488364998e-06,-0.00010083471760798026,0.00011761627906976173,-8.596285243145374e-07,-6.520118590302384e-05,6.748343114116208e-05,False
transformer,zero,18,11.0,2.1025747508307548e-05,2.1989202657834994e-05,-3.799833887041526e-05,9.166114075509491e-06,4,0.0009999999999999992,False,,,,,,,,,,False,2.2923588039860387e-05,-5.9800664451843424e-05,0.00010133305647839131,1.886523923141814e-05,-2.968982784311075e-05,6.342292358664407e-05,False
transformer,zero,19,1.0,0.01221418189368777,0.013774626245847243,0.008596366279070011,0.008663560915620904,5,0.004499999999999999,False,,,,,,,,,,False,0.012220265780730892,0.008479256644518273,0.016266158637873753,0.008541588599630086,0.005971047306444511,0.011330455201553149,True
transformer,zero,19,2.0,0.011475352990033261,0.012026432724252523,0.009294331395348965,0.007868907934482028,5,0.002749999999999999,False,,,,,,,,,,False,0.011883222591362132,0.009224028239202667,0.014891411960132892,0.008165037741967777,0.006223932201469303,0.010372675923194293,True
transformer,zero,19,3.0,0.00213960548172758,0.0025525124584716563,0.0008997923588039969,0.0016270944520460295,5,0.0014999999999999996,False,,,,,,,,,,False,0.002174916943521603,0.0007827242524917004,0.0035026785714285928,0.0016701733516235407,0.0008276910020368177,0.002486271738331981,True
transformer,zero,19,4.0,0.0023934177740863928,0.0026183970099667997,0.0015362541528239904,0.001502229781440567,5,0.0022500000000000003,False,,,,,,,,,,False,0.0024578073089700993,0.0014546262458471982,0.0034866237541528217,0.0015476695592039757,0.0009090921597107502,0.0022184519090333384,True
transformer,zero,19,5.0,0.0,0.0,0.0,0.0,0,0.0,False,,,,,,,,,,False,0.0,0.0,0.0,0.0,0.0,0.0,False
transformer,zero,19,6.0,-0.0018139327242524318,-0.0022332018272424037,-0.0030867109634551415,-0.0012048760056229124,0,0.0009999999999999992,False,,,,,,,,,,False,-0.0016948504983388647,-0.003114705149501666,-0.0002990282392026324,-0.0010632559234666516,-0.0019384086251956183,-0.00022935010262559898,False
transformer,zero,19,7.0,0.12341696428571432,0.12659267026578092,0.11598309800664452,0.08516436767509405,5,0.0009999999999999992,True,,,,,,,,,,True,0.12319883720930236,0.11351579318936879,0.13299399916943522,0.08649189025088858,0.07920541505893026,0.09398454677749023,True
transformer,zero,19,8.0,0.05510455564784058,0.05540278239202656,0.047108201827242624,0.033202014800355784,5,0.0005000000000000004,True,,,,,,,,,,True,0.055066611295681064,0.048481910299003325,0.06152931893687709,0.03338657109527731,0.02897180174167164,0.03770616104259899,True
transformer,zero,19,9.0,0.0,0.0,0.0,0.0,0,0.0,False,,,,,,,,,,False,0.0,0.0,0.0,0.0,0.0,0.0,False
transformer,zero,19,10.0,-4.1773255813915e-05,-4.6387043189266564e-05,-6.99335548172142e-05,-2.5411440054878832e-05,1,0.0,False,,,,,,,,,,False,-3.9119601328891916e-05,-9.053986710960845e-05,1.2377491694361103e-05,-1.9936500772139708e-05,-4.989482413267854e-05,9.278154235518219e-06,False
transformer,zero,19,11.0,6.566860465118118e-05,5.527408637884257e-05,5.8970099667821074e-06,2.7931702977257444e-05,5,0.0005000000000000004,False,,,,,,,,,,False,7.591362126246225e-05,1.3608803986733753e-05,0.0001387043189368569,3.503276923342402e-05,4.234524247601373e-06,6.578911675472698e-05,True
transformer,zero,20,1.0,7.635382059814066e-05,8.280730897036737e-05,-0.0001355897009964746,0.00013265242686835154,3,0.0012500000000000011,False,,,,,,,,,,False,0.0005571428571428483,-0.0004188579734219349,0.0015221262458471748,0.00035877497941043,-9.326378541603273e-05,0.000803311763418988,False
transformer,zero,20,2.0,0.00041022009966780183,0.00035701827242518025,0.00022620431893682902,0.00034027510618057645,5,0.0032499999999999994,False,,,,,,,,,,False,0.0007328903654485063,-0.00028713870431894425,0.0018064327242524616,0.0004997190665678164,3.221704317740187e-05,0.0009951621592386728,False
transformer,zero,20,3.0,6.551910299004148e-05,8.477990033239902e-05,-3.6503322259129334e-05,9.735152962120353e-05,4,0.002749999999999999,False,,,,,,,,,,False,-0.00014617940199335822,-0.0005566611295681147,0.0002610215946844015,3.3556245938737296e-06,-0.00018450647328663888,0.00018132369757748669,False
transformer,zero,20,4.0,0.00029838455149506783,0.00036814784053162963,6.0797342192664416e-05,0.0002122670554834505,5,0.0034999999999999996,False,,,,,,,,,,False,0.00016810631229236317,-0.00023690614617939666,0.000550012458471768,0.0001493232664029076,-3.146391404187737e-05,0.0003253750532538874,False
transformer,zero,20,5.0,0.0,0.0,0.0,0.0,0,0.0,False,,,,,,,,,,False,0.0,0.0,0.0,0.0,0.0,0.0,False
transformer,zero,20,6.0,0.00048295265780737837,0.00045467192691039937,-8.318106312277251e-05,0.00023958398111705302,4,0.003000000000000001,False,,,,,,,,,,False,0.00040315614617939975,-0.0003540406976744297,0.0011507682724252216,0.00020860853615195407,-0.00017360166323917816,0.000569872655189381,False
transformer,zero,20,7.0,5.4713455149490996e-05,3.2599667775246033e-06,-0.00010867940199343895,4.3350646253026424e-05,3,0.0007500000000000007,False,,,,,,,,,,False,1.5448504983374132e-05,-0.0001395514950165978,0.0001784925249169366,2.89699552128897e-05,-6.096883822048618e-05,0.00012591957375318103,False
transformer,zero,20,8.0,2.3048172758333153e-06,6.519933554827162e-06,-7.063953488362085e-05,2.052182926792767e-06,3,0.0005000000000000004,False,,,,,,,,,,False,3.156146179400521e-06,-5.7998338870468954e-05,6.379152823920193e-05,3.4112091541071975e-06,-2.7731858889987248e-05,3.306545838422447e-05,False
transformer,zero,20,9.0,0.0,0.0,0.0,0.0,0,0.0,False,,,,,,,,,,False,0.0,0.0,0.0,0.0,0.0,0.0,False
transformer,zero,20,10.0,4.136212624650248e-06,-3.550664451568153e-06,-8.388704318851303e-06,2.0581298187050124e-06,2,0.0002500000000000002,False,,,,,,,,,,False,1.7441860465150504e-06,-2.0267857142829998e-05,2.4844269102974324e-05,1.8351616277478833e-06,-8.152647648125067e-06,1.2583611208007022e-05,False
transformer,zero,20,11.0,-1.1436877076342889e-05,-8.596345514866321e-06,-3.3866279069649785e-05,2.502962881556492e-06,1,0.0007500000000000007,False,,,,,,,,,,False,-1.8438538205972633e-05,-6.428571428570934e-05,3.0066445182718614e-05,4.218309952505051e-06,-1.6414581112545236e-05,2.5218048508829523e-05,False
transformer,zero,21,1.0,-0.010656220930232552,-0.01054152823920268,-0.011787396179401999,-0.01162454869126608,0,0.003999999999999999,False,,,,,,,,,,False,-0.010722009966777414,-0.01627917981727576,-0.005235762043189377,-0.011055384680849087,-0.01626063423543853,-0.005948509218794362,False
transformer,zero,21,2.0,-0.012641357973421941,-0.012808388704319051,-0.013769435215946757,-0.013513865668229319,0,0.0034999999999999996,False,,,,,,,,,,False,-0.012661877076411967,-0.01789739825581396,-0.007503841362126251,-0.012746619465781341,-0.017332441523517258,-0.00819373463570798,False
transformer,zero,21,3.0,0.004797815614617962,0.004707952657807268,0.004637541528239253,0.004397563895084411,5,0.0034999999999999996,False,,,,,,,,,,False,0.004787790697674419,0.001965352990033224,0.007471158637873748,0.003893610870994495,0.0014865651535095007,0.006125869991417283,True
transformer,zero,21,4.0,0.0021017691029900478,0.0021530938538206756,0.0012267649501661038,0.0014005927710385446,5,0.0015000000000000013,False,,,,,,,,,,False,0.0022159468438538187,0.0005211835548172761,0.003844177740863773,0.0012027113890911124,-0.00037526610060051297,0.002770739160632746,True
transformer,zero,21,5.0,0.0,0.0,0.0,0.0,0,0.0,False,,,,,,,,,,False,0.0,0.0,0.0,0.0,0.0,0.0,False
transformer,zero,21,6.0,0.002514688538205989,0.002649294019933579,0.002027470930232589,0.0024320581025818245,5,0.0007499999999999989,False,,,,,,,,,,False,0.0026607973421926855,0.0005823359634551396,0.004855658222591351,0.002403854574683696,0.0006356825681311245,0.004330363217706775,True
transformer,zero,21,7.0,-6.203903654483645e-05,-0.00014354235880398303,-0.00023926495016612925,0.0001003610774204411,2,0.0005000000000000004,False,,,,,,,,,,False,-1.73588039867123e-05,-0.0004207724252491692,0.00040489617940199274,0.00011660023000867881,-0.00044707743358612267,0.0006762551567223427,False
transformer,zero,21,8.0,-4.068521594684516e-05,-1.5053986710922285e-05,-0.00022404485049831724,-6.212072956455206e-05,2,0.0004999999999999987,False,,,,,,,,,,False,-3.945182724251761e-05,-0.00018821013289035846,8.546926910299772e-05,-6.498625790190005e-05,-0.00021696849177886004,8.476195532121494e-05,False
transformer,zero,21,9.0,0.0,0.0,0.0,0.0,0,0.0,False,,,,,,,,,,False,0.0,0.0,0.0,0.0,0.0,0.0,False
transformer,zero,21,10.0,4.11835548172812e-05,4.401993355485079e-05,1.5282392026527702e-05,-7.978590379198457e-06,5,0.0002500000000000002,False,,,,,,,,,,False,5.0498338870432755e-05,-8.558970099658253e-06,0.00011230066445182516,-9.401999659861549e-06,-0.00011942647082215086,0.00011216072183678536,False
transformer,zero,21,11.0,6.42483388704429e-05,7.815614617939781e-05,2.1906146179306862e-05,6.237817617513742e-05,5,0.0005000000000000004,False,,,,,,,,,,False,0.0001098006644518279,-9.142441860461216e-06,0.00022793189368770198,0.00016799486699160094,4.430600150148013e-06,0.0003395647679067018,False
transformer,zero,22,1.0,0.0069932101328903816,0.007280647840531618,0.00472564368770767,0.0009406504261309845,5,0.0045000000000000005,False,,,,,,,,,,False,0.0066544019933554854,0.0009345224252491712,0.012172520764119604,0.0008978267550004138,-0.004881694441133731,0.006332842271193105,True
transformer,zero,22,2.0,0.0019602408637873657,0.0017094269102989612,0.0014137458471760178,0.004364894730261515,5,0.0017499999999999998,False,,,,,,,,,,False,0.0021013289036544876,-0.0029688039867109607,0.0070771407807308975,0.0036772270798339944,-0.0017866087060212541,0.008768269194329287,False
transformer,zero,22,3.0,0.0007714327242525076,0.0007491071428571416,0.0003668812292358936,-0.0003661660645625453,5,0.0010000000000000009,False,,,,,,,,,,False,0.0006641196013289041,-0.002304194352159469,0.0036664950166112893,-0.0001688256876051586,-0.002777138831496587,0.0025286843163127275,False
transformer,zero,22,4.0,0.004150506644518259,0.004244102990033194,0.0036370639534883953,0.005341187562552441,5,0.0012499999999999994,False,,,,,,,,,,False,0.004130481727574754,0.0027407786544850514,0.005495359219269101,0.0046537098838194645,0.002990899225714366,0.006300895852743235,True
transformer,zero,22,5.0,0.0,0.0,0.0,0.0,0,0.0,False,,,,,,,,,,False,0.0,0.0,0.0,0.0,0.0,0.0,False
transformer,zero,22,6.0,-0.0065428405315614445,-0.00669385382059795,-0.008243646179401987,-0.00461151751772868,0,0.0010000000000000009,False,,,,,,,,,,False,-0.00645722591362126,-0.009300521179401989,-0.003447772009966764,-0.004456821303494753,-0.007268372677950863,-0.0015711003093139232,False
transformer,zero,22,7.0,0.00026303156146181286,0.00023199750830560362,0.00017610049833893804,0.0003392379188883243,5,0.0007500000000000007,False,,,,,,,,,,False,0.0002617940199335567,-8.862749169435624e-05,0.0006154651162790657,0.0005215613020951048,5.746303694192114e-05,0.0009739561068728854,False
transformer,zero,22,8.0,5.795681063125446e-05,9.042774086387428e-05,-5.8513289036499216e-05,2.8059006218228433e-05,4,0.0005000000000000004,False,,,,,,,,,,False,9.883720930232709e-05,-2.8606727574753494e-05,0.00024302325581395122,-1.0441688539111205e-05,-0.000128009339047848,0.00011921841892379337,False
transformer,zero,22,9.0,0.0,0.0,0.0,0.0,0,0.0,False,,,,,,,,,,False,0.0,0.0,0.0,0.0,0.0,0.0,False
transformer,zero,22,10.0,-7.620431893684554e-06,-2.0514950166083956e-05,-0.00021142026578080397,4.955069452763361e-05,2,0.0002500000000000002,False,,,,,,,,,,False,2.142857142857113e-05,-0.00013463455149501107,0.0001557994186046518,1.6642182940977966e-05,-0.0001248399209621194,0.00017111917481873174,False
transformer,zero,22,11.0,2.4156976744182934e-05,1.912375415280554e-05,-2.7491694352121954e-05,-3.115208679407289e-05,4,0.0005000000000000004,False,,,,,,,,,,False,1.9601328903657843e-05,-0.00011885589700996083,0.00015797757475083604,-5.298412320442369e-05,-0.0002288597085201667,0.0001480380105225113,False
transformer,zero,23,1.0,0.00883692691029898,0.008560132890365502,0.008228903654485031,0.007125549210118853,5,0.0014999999999999996,False,,,,,,,,,,False,0.008184385382059808,-0.0001695307308970064,0.01672530730897011,0.0050648209285271365,-0.0018020611232133575,0.012051517812020521,False
transformer,zero,23,2.0,0.01376739617940197,0.013920992524916964,0.012816632059800659,0.015086852567660491,5,0.005000000000000001,False,,,,,,,,,,False,0.013401910299003332,0.005174524501661142,0.02181133513289038,0.010829017497657294,0.003866522714940757,0.01799877800797615,True
transformer,zero,23,3.0,0.02194963039867106,0.021720058139534926,0.020943085548172702,0.01780922956223261,5,0.0014999999999999996,True,,,,,,,,,,True,0.021687375415282407,0.019119663621262474,0.02434587624584719,0.017273418643165037,0.014800823326065178,0.019667244917721042,True
transformer,zero,23,4.0,0.0015711420265780874,0.0015025747508305987,0.0013339078073090205,0.0018563443283202696,5,0.002,False,,,,,,,,,,False,0.0016966777408637945,0.00028447882059801923,0.003015703903654481,0.0021128611974959776,0.0005754961245519756,0.0037322392635050663,True
transformer,zero,23,5.0,0.0,0.0,0.0,0.0,0,0.0,False,,,,,,,,,,False,0.0,0.0,0.0,0.0,0.0,0.0,False
transformer,zero,23,6.0,8.155730897008162e-05,0.00021594684385384255,-0.000806955980066415,0.00039241718005473826,3,0.0017499999999999998,False,,,,,,,,,,False,0.00015863787375415162,-0.001670614617940192,0.0020903945182724286,0.000808098305851117,-0.0006877199232397834,0.002323714847445984,False
transformer,zero,23,7.0,0.0001541569767441686,0.0001282184385381635,2.896594684376197e-05,0.00010173726485567247,5,0.0010000000000000009,False,,,,,,,,,,False,9.950166112956848e-05,-0.0002521615448504975,0.00047461586378737193,0.00020045029787956636,-0.00021451742340842446,0.0006517441487924632,False
transformer,zero,23,8.0,4.28114617940345e-05,9.362541528235013e-05,-9.428986710957599e-05,1.9703992010766667e-05,4,0.0005000000000000004,False,,,,,,,,,,False,5.747508305648075e-05,-9.315406976743857e-05,0.00020765573089699714,7.527007287744025e-05,-0.0001130497356694801,0.00027556845480496226,False
transformer,zero,23,9.0,0.0,0.0,0.0,0.0,0,0.0,False,,,,,,,,,,False,0.0,0.0,0.0,0.0,0.0,0.0,False
transformer,zero,23,10.0,-3.175249169438121e-05,-2.9713455149460444e-05,-7.67234219269941e-05,-4.7800086031446476e-05,1,0.0002500000000000002,False,,,,,,,,,,False,-4.269102990033247e-05,-0.00011328903654484825,2.7825996677742618e-05,-2.6864208350995123e-05,-0.00010831050440239183,5.3524561948062517e-05,False
transformer,zero,23,11.0,7.533222591360467e-05,6.86254152824084e-05,-3.7790697674511264e-06,0.00019165331457813295,4,0.0007499999999999989,False,,,,,,,,,,False,2.2093023255813636e-05,-0.00013126453488372785,0.00017841777408638757,0.0001853380158215434,6.77881933289743e-07,0.0003716775151365182,False
transformer,zero,24,1.0,0.09365613372093025,0.09380033222591377,0.08714493355481734,0.057073465164059686,5,0.0035000000000000014,True,,,,,,,,,,True,0.09374900332225915,0.08703232558139538,0.10071581395348839,0.05723343358001021,0.05303105447166458,0.06154349805490284,True
transformer,zero,24,2.0,0.004832209302325552,0.004955211794020031,0.003921532392026639,0.002761324102928997,5,0.003000000000000001,False,,,,,,,,,,False,0.004289036544850503,0.0032239161129568373,0.005377745016611287,0.002471040815282268,0.0018925627652143114,0.003061565788771504,True
transformer,zero,24,3.0,0.0015867192691030097,0.0016523048172758514,0.00137585132890361,0.0008476652833948606,5,0.0012500000000000011,False,,,,,,,,,,False,0.0015051495016611194,0.0010173255813953183,0.0020467441860465086,0.0008000718665232709,0.000547491744680763,0.0010812825574175997,True
transformer,zero,24,4.0,0.0013010423588040165,0.0012898878737541697,0.0012030315614618425,0.0006762596914321684,5,0.002,False,,,,,,,,,,False,0.0013179401993355555,0.0010667691029900583,0.0015511627906976998,0.0006714712783350541,0.000546801119384626,0.0007926779356725772,True
transformer,zero,24,5.0,0.0,0.0,0.0,0.0,0,0.0,False,,,,,,,,,,False,0.0,0.0,0.0,0.0,0.0,0.0,False
transformer,zero,24,6.0,-0.005573658637873779,-0.005708450996677827,-0.007767441860465074,-0.0032357901594987303,0,0.0017499999999999998,False,,,,,,,,,,False,-0.005643189368770777,-0.007109946013289006,-0.004248210132890404,-0.003296365483111118,-0.00410163973886362,-0.0025157822833485953,False
transformer,zero,24,7.0,0.00012478820598009753,0.00011629983388727894,-0.00011216777408640244,8.322099551247853e-05,4,0.0002500000000000002,False,,,,,,,,,,False,0.00012524916943522534,-8.260382059801536e-05,0.00032210132890367837,7.561785312306779e-05,-3.656126841714272e-05,0.0001814465316823014,False
transformer,zero,24,8.0,7.059800664450666e-05,6.41818936876204e-05,4.6449335548204296e-05,3.569659085944643e-05,5,0.0005000000000000004,False,,,,,,,,,,False,5.4485049833902234e-05,1.4119601328927451e-05,0.00010017026578075161,2.889604268577428e-05,8.269499962068883e-06,5.212180710046233e-05,True
transformer,zero,24,9.0,0.0,0.0,0.0,0.0,0,0.0,False,,,,,,,,,,False,0.0,0.0,0.0,0.0,0.0,0.0,False
transformer,zero,24,10.0,2.1627906976773302e-05,4.595099667781266e-05,-2.6162790697670246e-05,1.100920789143256e-05,3,0.0002500000000000002,False,,,,,,,,,,False,1.777408637875455e-05,-2.44227574750826e-05,6.11378737541688e-05,8.084800020905503e-06,-1.5315161728393866e-05,3.2003762514751866e-05,False
transformer,zero,24,11.0,4.680232558151865e-06,3.675249169665662e-06,-2.2009966780256462e-06,1.9958469779757236e-06,4,0.0005000000000000004,False,,,,,,,,,,False,-6.0631229235985625e-06,-3.6472176079735766e-05,2.0932308970092338e-05,-3.7111744381090885e-06,-2.0245615580322814e-05,1.1506735164164553e-05,False
transformer,zero,25,1.0,0.004447059800664443,0.004776142026578167,0.0022778031561461187,0.002840516154284001,5,0.002,False,,,,,,,,,,False,0.00468820598006643,0.003067477159468416,0.006289881644518232,0.0030036052754314024,0.0019981794902134485,0.004009413679469585,True
transformer,zero,25,2.0,0.2834778363787375,0.2785765988372094,0.27575631229235875,0.21465172342238042,5,0.0022500000000000003,True,,,,,,,,,,True,0.2837790697674419,0.2754207890365449,0.2925386752491694,0.2144086775076956,0.20731231779189963,0.22185463488736126,True
transformer,zero,25,3.0,0.0013950249169434991,0.0012066029900331676,0.0011765573089700387,0.0008982111838992113,5,0.001999999999999999,False,,,,,,,,,,False,0.0012953488372092837,0.0007257308970099665,0.001963648255813923,0.00086368941924157,0.000523424189346389,0.0012791797972981495,True
transformer,zero,25,4.0,0.00316962209302325,0.00315552325581403,0.0025773671096345208,0.001956433026006521,5,0.0022500000000000003,False,,,,,,,,,,False,0.0032036544850498204,0.002610878322259141,0.0038114680232557907,0.0019909418729579732,0.0016312038160329891,0.002351935939620964,True
transformer,zero,25,5.0,0.0,0.0,0.0,0.0,0,0.0,False,,,,,,,,,,False,0.0,0.0,0.0,0.0,0.0,0.0,False
transformer,zero,25,6.0,-0.0008423920265780537,-0.0011200996677740438,-0.002312624584717593,-0.0003802378430062259,1,0.002749999999999999,False,,,,,,,,,,False,-0.0008435215946844054,-0.002348347176079738,0.0006028945182723812,-0.0004059938777474459,-0.0012135191912825045,0.00038405139600291893,False
transformer,zero,25,7.0,0.0005331976744185729,0.0005300664451826087,0.00024302325581393447,0.0003317589363572404,5,0.0007500000000000007,False,,,,,,,,,,False,0.0005202657807308841,0.00023654069767439851,0.0008141382890365319,0.00033539636131289964,0.00015768520934041967,0.0005299714903049916,True
transformer,zero,25,8.0,-5.0207641196120535e-06,-1.4950166112859264e-05,-7.688953488360628e-05,-6.692686816101023e-06,2,0.0005000000000000004,False,,,,,,,,,,False,-7.1428571428677755e-06,-7.96532392026911e-05,6.578903654486074e-05,-6.883016728751468e-06,-4.8129835589515053e-05,3.1963288357691165e-05,False
transformer,zero,25,9.0,0.0,0.0,0.0,0.0,0,0.0,False,,,,,,,,,,False,0.0,0.0,0.0,0.0,0.0,0.0,False
transformer,zero,25,10.0,-2.869186046507988e-05,-3.870431893704396e-05,-5.6291528239160726e-05,-1.7544609153063996e-05,1,0.0007500000000000007,False,,,,,,,,,,False,-2.7408637873764797e-05,-7.244186046510156e-05,2.0355066445134928e-05,-1.8086650082772548e-05,-4.589762558335514e-05,1.1042382775391313e-05,False
transformer,zero,25,11.0,3.9771594684379075e-05,3.87250830563568e-05,2.653654485040846e-05,2.4345372852652146e-05,5,0.0005000000000000004,False,,,,,,,,,,False,7.807308970076976e-06,-3.829318936879595e-05,5.2909053156119566e-05,4.576724025754375e-06,-2.5271197320542337e-05,3.266571524286187e-05,False
transformer,zero,26,1.0,0.005328098006644533,0.005058824750830526,0.0040757059800665685,0.003609800816799136,5,0.002,False,,,,,,,,,,False,0.005498504983388689,0.0038976162790697534,0.007294991694352123,0.003875589242731137,0.002901437685815179,0.005118857441961803,True
transformer,zero,26,2.0,0.007799767441860528,0.007379049003322202,0.006049709302325734,0.005040864410995627,5,0.0012500000000000011,False,,,,,,,,,,False,0.007712707641195998,0.005443635797342173,0.01025400124584716,0.004970663767584661,0.0036211067768204064,0.006506330038279973,True
transformer,zero,26,3.0,0.001606258305647823,0.0016824958471761686,0.0007304609634549708,0.0010838746741565152,5,0.002,False,,,,,,,,,,False,0.001592691029900316,0.000592487541528219,0.002539302325581365,0.0010816098219472603,0.000513730989907117,0.0016557350658427084,True
transformer,zero,26,4.0,0.3796520265780732,0.3805064784053157,0.3753916528239203,0.3155277291219013,5,0.0015000000000000013,True,,,,,,,,,,True,0.3800923588039867,0.3747719975083056,0.38525059800664446,0.3134185708869303,0.3090114539872025,0.3178099138122257,True
transformer,zero,26,5.0,0.0,0.0,0.0,0.0,0,0.0,False,,,,,,,,,,False,0.0,0.0,0.0,0.0,0.0,0.0,False
transformer,zero,26,6.0,-0.0011312998338870006,-0.0013608803986709939,-0.001967587209302235,-0.0006521377220753521,0,0.0017499999999999998,False,,,,,,,,,,False,-0.0007156146179402146,-0.001910124584717624,0.0003753073089700529,-0.00037440369500725155,-0.0010080903317348391,0.00023100339287735649,False
transformer,zero,26,7.0,-6.03405315615646e-06,-0.00011241694352159826,-0.00021301910298998639,3.863335443139437e-05,2,0.0007500000000000007,False,,,,,,,,,,False,-1.528239202657211e-05,-0.0002125249169435017,0.0002247632890365388,3.2454344471574134e-05,-8.801966831174837e-05,0.00017398845379109503,False
transformer,zero,26,8.0,-5.571428571420345e-05,-7.142857142861114e-05,-9.850498338859204e-05,-3.086612159091118e-05,1,0.0004999999999999987,False,,,,,,,,,,False,-5.714285714286449e-05,-0.00013604651162791358,2.875415282392551e-05,-3.0734455396617125e-05,-7.164547688996163e-05,1.3435761486126268e-05,False
transformer,zero,26,9.0,0.0,0.0,0.0,0.0,0,0.0,False,,,,,,,,,,False,0.0,0.0,0.0,0.0,0.0,0.0,False
transformer,zero,26,10.0,2.1416112956829104e-05,2.5996677740836027e-05,-7.412790697824967e-06,1.1200272399358723e-05,4,0.0002500000000000002,False,,,,,,,,,,False,1.9767441860453204e-05,-1.67774086378617e-05,5.348837209298318e-05,1.1013623096385316e-05,-1.001963641593706e-05,3.002981808804218e-05,False
transformer,zero,26,11.0,5.8774916943571395e-05,5.878322259156299e-05,2.0660299003383287e-05,3.768213787564978e-05,5,0.0002500000000000002,False,,,,,,,,,,False,5.9468438538203825e-05,-1.2304817275730044e-05,0.00013422757475082178,4.1178664120543604e-05,1.2055477944494798e-06,8.27199557828435e-05,False
transformer,zero,27,1.0,0.014113808139534912,0.014311918604651197,0.013259883720930232,0.011071157935111575,5,0.002,False,,,,,,,,,,False,0.014187209302325586,0.00964023671096346,0.01917499169435217,0.01070419151949938,0.007593657373080047,0.014117742339227985,True
transformer,zero,27,2.0,0.014892292358803983,0.015181187707641208,0.013857225913621263,0.013132630270041168,5,0.0014999999999999996,False,,,,,,,,,,False,0.014602990033222595,0.009507844684385397,0.020237217607973416,0.012176238796269959,0.008203922714789997,0.016581812647597064,True
transformer,zero,27,3.0,0.006926698504983375,0.007158181063122937,0.006107018272425213,0.004903656265429301,5,0.0012499999999999994,False,,,,,,,,,,False,0.006691196013289038,0.0047773546511627905,0.00874409883720931,0.004713065974910394,0.0032007991543178023,0.006253410562280146,True
transformer,zero,27,4.0,0.007269966777408654,0.007116569767441905,0.006640593853820653,0.005830396683414785,5,0.0015000000000000005,False,,,,,,,,,,False,0.007125664451827243,0.0061881540697674335,0.008123968023255821,0.005727845348580244,0.0050858675656109634,0.006445795033666291,True
transformer,zero,27,5.0,0.0,0.0,0.0,0.0,0,0.0,False,,,,,,,,,,False,0.0,0.0,0.0,0.0,0.0,0.0,False
transformer,zero,27,6.0,-0.007013463455149527,-0.007172965116279073,-0.007699210963455161,-0.004418246295448869,0,0.0009999999999999992,False,,,,,,,,,,False,-0.006888870431893687,-0.008607354651162781,-0.005181299833887033,-0.004236315459914498,-0.005525113926061062,-0.0029705944731070653,False
transformer,zero,27,7.0,-0.0001137624584717667,-0.00014607558139534405,-0.0006201827242524605,-0.00011813502612056936,1,0.0012499999999999994,False,,,,,,,,,,False,-9.03654485049854e-05,-0.0004694518272425402,0.00028964700996677526,-6.701468811173727e-05,-0.00037031985157975043,0.0002444369387653722,False
transformer,zero,27,8.0,0.00010715531561462654,0.00010465116279068098,7.180232558146038e-05,8.379002307199457e-05,5,0.0005000000000000004,False,,,,,,,,,,False,0.0001210963455149483,3.870016611296029e-05,0.00019910714285713133,9.239197448336678e-05,2.7562347170823954e-05,0.00015346791253561143,True
transformer,zero,27,9.0,0.0,0.0,0.0,0.0,0,0.0,False,,,,,,,,,,False,0.0,0.0,0.0,0.0,0.0,0.0,False
transformer,zero,27,10.0,0.005367740863787373,0.004661835548172677,0.002591465946843896,0.003534305115530856,5,0.0002500000000000002,False,,,,,,,,,,False,0.005427740863787384,0.0036215531561461967,0.007750926079734214,0.0035689403960904196,0.002322247410928426,0.0051584122012442585,True
transformer,zero,27,11.0,0.0001247965116278893,0.00012774086378741778,8.918189368767315e-05,8.996275663464282e-05,5,0.0002500000000000002,False,,,,,,,,,,False,0.00011586378737541869,6.642441860466087e-06,0.00021745639534883495,7.249537654645755e-05,-6.925755325847049e-06,0.00014982005228381259,True
transformer,zero,28,1.0,0.009332338039867083,0.009297176079734237,0.009022632890365423,0.012314122777123826,5,0.0034999999999999996,False,,,,,,,,,,False,0.00915656146179402,0.0030562645348837314,0.015485560631229241,0.009770062033769306,0.003983754274537175,0.015675700871035505,True
transformer,zero,28,2.0,0.012388725083056506,0.012444227574750832,0.010136088039867208,0.01304913450574272,5,0.0052499999999999995,False,,,,,,,,,,False,0.01268305647840532,0.005915990448504992,0.019537186461794,0.012083751446790374,0.005972144974975687,0.018433978803930565,True
transformer,zero,28,3.0,0.00354428986710964,0.003414098837209334,0.0029873338870431976,0.004875563126505611,5,0.0010000000000000009,False,,,,,,,,,,False,0.0034075581395348843,0.0011203841362126194,0.0056469102990033245,0.005000803203586373,0.0030312234170579012,0.006929832998418121,True
transformer,zero,28,4.0,0.0064291860465116365,0.006212479235880419,0.00597030730897008,0.006666548847504461,5,0.0022500000000000003,False,,,,,,,,,,False,0.006603488372093022,0.005020772425249168,0.00818428779069767,0.006636590167622345,0.004853326476925288,0.008423459080453888,True
transformer,zero,28,5.0,0.0,0.0,0.0,0.0,0,0.0,False,,,,,,,,,,False,0.0,0.0,0.0,0.0,0.0,0.0,False
transformer,zero,28,6.0,-0.003108687707641211,-0.003117462624584788,-0.0036285091362125987,-0.0016067168652681208,0,0.0009999999999999992,False,,,,,,,,,,False,-0.0033870431893687734,-0.006215552325581396,-0.0004555107973421997,-0.002003083986641577,-0.004508212477048222,0.0005931797288999464,False
transformer,zero,28,7.0,-4.800664451825032e-05,-8.540282392022203e-05,-0.00038149916943519546,-0.00013267161094669965,1,0.0007500000000000007,False,,,,,,,,,,False,-4.509966777409002e-05,-0.0004561627906976796,0.00036727990033221577,-5.1229601156236316e-05,-0.00043593525633835596,0.00036226151015498017,False
transformer,zero,28,8.0,0.0001429775747508355,0.0001477574750831101,1.9352159468466468e-05,0.00017096952347537276,5,0.0005000000000000004,False,,,,,,,,,,False,0.00011445182724252323,-3.822466777408809e-05,0.00025523671096344593,0.00019722850525076828,5.774412451992922e-05,0.00034994443319899077,False
transformer,zero,28,9.0,0.0,0.0,0.0,0.0,0,0.0,False,,,,,,,,,,False,0.0,0.0,0.0,0.0,0.0,0.0,False
transformer,zero,28,10.0,-3.0033222591341337e-05,-1.3828903654422575e-05,-0.0002934593023256049,-3.074760909584917e-05,2,0.0002500000000000002,False,,,,,,,,,,False,-1.5033222591361862e-05,-0.0001751681893687751,0.00011388289036545625,-1.818199991840075e-05,-0.00015829608623160027,0.00012018565314600573,False
transformer,zero,28,11.0,0.0002765074750830543,0.00027753322259138624,0.00024414451827237116,0.0003405338292587157,5,0.0005000000000000004,False,,,,,,,,,,False,0.00027923588039867054,0.00011925872093023329,0.0004309883720930149,0.00034127089211817953,0.00016947232708067666,0.0005199743950098027,True
