architecture,mode,fault_id,channel,run_delta_auroc_mean,run_delta_auroc_ci_low,run_delta_auroc_ci_high,run_delta_auprc_mean,run_delta_auprc_ci_low,run_delta_auprc_ci_high
tcn,conditional,1,1,-2.491694352150242e-06,-1.6947674418623103e-05,1.296096345518425e-05,-5.159773807117407e-07,-7.391703789154158e-06,6.32725621123567e-06
tcn,conditional,1,2,1.2292358803994708e-05,-8.642026578068867e-06,3.355897009966455e-05,5.370935827561096e-06,-3.2232612155768114e-06,1.4230711816728662e-05
tcn,conditional,1,3,2.956810631229212e-05,-5.024916943658917e-07,6.097176079732065e-05,1.28251959689063e-05,-4.3661974494532633e-07,2.6812987668455112e-05
tcn,conditional,1,4,3.9036544850505896e-05,2.3255813953348137e-06,7.625830564784646e-05,1.9249168673307616e-05,2.8961802277558124e-06,3.565706034953369e-05
tcn,conditional,1,5,0.0,0.0,0.0,0.0,0.0,0.0
tcn,conditional,1,6,3.6378737541538086e-05,2.1926910299010226e-05,5.133305647843864e-05,1.5941973225543915e-05,9.336477664233762e-06,2.2976717432354432e-05
tcn,conditional,1,7,-4.3189368770713e-06,-1.5780730896996275e-05,6.648671096359309e-06,-1.4314974083051712e-06,-6.233791014236295e-06,3.1197376437642747e-06
tcn,conditional,1,8,7.807308970110283e-06,-2.657807308963617e-06,1.9269102990052912e-05,4.551987184228113e-06,-1.5188818328243368e-07,9.783414688073302e-06
tcn,conditional,1,9,0.0,0.0,0.0,0.0,0.0,0.0
tcn,conditional,1,10,-8.471760797338357e-06,-1.8604651162775322e-05,3.363787375550204e-07,-4.057144251186085e-06,-8.951724155420226e-06,5.127915142230373e-07
tcn,conditional,1,11,-1.0299003322257194e-05,-2.192691029900401e-05,8.305647840615715e-07,-4.471884020684769e-06,-9.306145950456617e-06,4.0552457865647015e-07
tcn,conditional,2,1,-0.00016021594684384577,-0.00019302740863787253,-0.00012798795681062222,-8.793936855139406e-05,-0.00010242291889828021,-7.367040792194449e-05
tcn,conditional,2,2,0.0002270764119601476,0.00019202242524918217,0.0002659551495016914,0.0001201955222526796,0.00010289127632738868,0.00014024053363175272
tcn,conditional,2,3,2.9817275747519022e-05,-2.4098837209285045e-05,8.488579734220884e-05,9.401908180967089e-06,-1.1934906077517184e-05,3.104058039576703e-05
tcn,conditional,2,4,0.0003129568106312441,0.00023005398671097912,0.00039138289036546865,0.0001525577270060352,0.0001169188469940695,0.0001888576897602905
tcn,conditional,2,5,0.0,0.0,0.0,0.0,0.0,0.0
tcn,conditional,2,6,-1.661129568107045e-05,-3.189784053158901e-05,-1.162790697685684e-06,-1.0660390923287188e-05,-1.7561077244382216e-05,-3.509346760676963e-06
tcn,conditional,2,7,2.906976744187717e-05,6.972591362129604e-06,5.431893687708425e-05,1.756417929952181e-05,6.43242757694279e-06,3.08293811070239e-05
tcn,conditional,2,8,2.6910299003327643e-05,7.304817275746583e-06,4.684800664453171e-05,1.4503185381269378e-05,3.94573647719898e-06,2.4809553257386528e-05
tcn,conditional,2,9,0.0,0.0,0.0,0.0,0.0,0.0
tcn,conditional,2,10,-5.91362126245798e-05,-8.023255813953928e-05,-4.036129568103716e-05,-3.057576224502201e-05,-4.1310123287521315e-05,-2.0758290218328065e-05
tcn,conditional,2,11,-1.4784053156138289e-05,-3.687707641192717e-05,5.3156146179634275e-06,-5.1786266987741135e-06,-1.547689689031892e-05,4.267571518574366e-06
tcn,conditional,3,1,-0.000502906976744184,-0.0007560901162790737,-0.00024133720930231726,-0.00033373329510573256,-0.0006027838003305407,-9.039609457908024e-05
tcn,conditional,3,2,-0.00047807308970099883,-0.0008253114617940277,-0.00012168189368770937,-0.0006248753899024794,-0.0010503936258550394,-0.0002395608594016374
tcn,conditional,3,3,-4.069767441861161e-05,-0.0004291362126245916,0.0003145245016611176,-0.00036296996361330323,-0.0007653845722403309,2.9071270756147517e-05
tcn,conditional,3,4,0.002514119601328901,0.0017675872093023282,0.003298608803986704,0.0029404324235916433,0.002323280522512954,0.003613851375521935
tcn,conditional,3,5,0.0,0.0,0.0,0.0,0.0,0.0
tcn,conditional,3,6,-0.00020224252491694684,-0.00042643480066446664,-2.4854651162779855e-06,-0.00014057454123222568,-0.0003386418401296955,8.157313822050565e-05
tcn,conditional,3,7,-2.782392026579039e-05,-0.00014186669435217283,9.72715946843846e-05,-9.383053816560904e-05,-0.00027020486316524963,7.788628174828075e-05
tcn,conditional,3,8,1.5199335548173876e-05,-8.298172757475672e-05,0.00011637043189368858,5.6178912190664173e-05,-6.605778283829383e-05,0.00021233810592267678
tcn,conditional,3,9,0.0,0.0,0.0,0.0,0.0,0.0
tcn,conditional,3,10,0.00018338870431893083,1.4929401993352411e-05,0.0003616445182724092,0.00019328148738226525,6.693545165060946e-05,0.0003353590886075353
tcn,conditional,3,11,0.00015016611295680659,-1.777616279070576e-05,0.00031104651162790046,7.37668155273008e-05,-0.00016110748614326875,0.0003171892824259767
tcn,conditional,4,1,0.008708471760797346,0.0070974127906976835,0.010159705149501663,0.007173338546856256,0.005901921635021484,0.008298244044406293
tcn,conditional,4,2,-0.011788039867109634,-0.013120913621262454,-0.010599098837209308,-0.009728774985785157,-0.010796760918349087,-0.008686572896480307
tcn,conditional,4,3,0.0018960132890365466,0.000559443521594686,0.0033645182724252477,0.001235635654731071,0.00023101043075529797,0.0023272598747238133
tcn,conditional,4,4,-0.0029749169435215883,-0.004774480897009957,-0.0012550352990033202,-0.0033197396651760635,-0.004881929715814104,-0.001831846531048649
tcn,conditional,4,5,0.0,0.0,0.0,0.0,0.0,0.0
tcn,conditional,4,6,-0.008128986710963456,-0.012980911544850492,-0.0035705481727574834,-0.006407373912066679,-0.010084141521199566,-0.002873852763101325
tcn,conditional,4,7,-0.004301661129568105,-0.0051568812292358815,-0.0035077574750830604,-0.003256684058000083,-0.0038982449568926,-0.0026679119870363726
tcn,conditional,4,8,-0.0014474252491694295,-0.0020471885382059704,-0.00048377284053156903,-0.001115726463798765,-0.0016069430226213581,-0.00040290616947933114
tcn,conditional,4,9,0.0,0.0,0.0,0.0,0.0,0.0
tcn,conditional,4,10,0.16496486710963457,0.123824634551495,0.20546735880398667,0.11984073546795868,0.08672998146063904,0.1522584936846502
tcn,conditional,4,11,-9.227574750830691e-05,-0.0002540863787375564,8.556686046511675e-05,-7.338697137790229e-05,-0.0002280210392310056,8.526421600873868e-05
tcn,conditional,5,1,6.727574750830467e-05,-0.00016345307308972165,0.0003052574750830673,0.00010862664850456393,-0.00014871275616926312,0.0003422949027025807
tcn,conditional,5,2,0.00022225913621262084,-7.657807308970434e-05,0.0005274916943521469,0.00021295192543740904,-0.00010145164989977714,0.0005312118610716265
tcn,conditional,5,3,7.62458471760774e-05,-0.00040905523255814686,0.0005322321428571391,-0.00015338171932888,-0.0005472620831853223,0.00025850922826301827
tcn,conditional,5,4,-2.3754152823919904e-05,-0.0005569933554817381,0.0005428156146179393,-0.0006563389244015749,-0.001134345681539125,-0.00016142312418498356
tcn,conditional,5,5,0.0,0.0,0.0,0.0,0.0,0.0
tcn,conditional,5,6,1.1046511627906818e-05,-0.00017428986710962455,0.00019569559800662923,0.00016048297561092607,-6.149688529374122e-05,0.00037969050281303157
tcn,conditional,5,7,2.0016611295679e-05,-9.37001661129511e-05,0.0001272508305647811,0.00013061065888357758,8.131023048731979e-06,0.00026513659216944815
tcn,conditional,5,8,-7.923588039867147e-05,-0.00017484426910299418,1.4958471760797382e-05,-4.1373264992699e-05,-0.00013221101162071586,4.538986109382657e-05
tcn,conditional,5,9,0.0,0.0,0.0,0.0,0.0,0.0
tcn,conditional,5,10,7.56644518272409e-05,-2.167774086371379e-06,0.00015431893687707648,8.125794305484324e-05,5.716775100793327e-07,0.00015885489778753406
tcn,conditional,5,11,0.00017765780730896906,-9.784676079733396e-05,0.00046188745847175645,5.3896990634019206e-05,-0.00020886942772989326,0.00032709521805358356
tcn,conditional,6,1,-8.305647840516351e-06,-1.395348837204885e-05,-2.3255813953437787e-06,-3.560541062411771e-06,-5.626404670824759e-06,-1.3662638541593058e-06
tcn,conditional,6,2,1.0631229235869011e-05,1.1627906976484638e-06,1.9439368770762165e-05,3.7923860758326544e-06,-6.815566095919042e-08,7.508237442794857e-06
tcn,conditional,6,3,-2.4418604651137433e-05,-4.9833887043158357e-05,-1.4908637873261246e-06,-1.2093493557545632e-05,-2.230200007792438e-05,-3.022598214604794e-06
tcn,conditional,6,4,-6.29568106312195e-05,-8.803986710961762e-05,-3.920265780731624e-05,-2.3284977456736745e-05,-3.2602314814768496e-05,-1.4262079326228502e-05
tcn,conditional,6,5,0.0,0.0,0.0,0.0,0.0,0.0
tcn,conditional,6,6,-7.142857142857784e-06,-1.395348837206825e-05,3.3222591360523855e-07,-3.1457645644406005e-06,-5.70966519441482e-06,-4.571947351396943e-07
tcn,conditional,6,7,-3.3222591362069843e-06,-1.013289036541859e-05,4.1528239202693055e-06,-1.3641049611834433e-06,-3.9815536628619305e-06,1.6213767727619977e-06
tcn,conditional,6,8,1.993355481736403e-06,-2.325581395348275e-06,6.6445182724185205e-06,7.138317343424738e-07,-9.622116199811957e-07,2.4738647061264246e-06
tcn,conditional,6,9,0.0,0.0,0.0,0.0,0.0,0.0
tcn,conditional,6,10,9.96677740869867e-07,-3.8205980066142175e-06,5.481727574747963e-06,5.481742394464195e-07,-1.3292712714486899e-06,2.413508852692341e-06
tcn,conditional,6,11,-4.983388704160597e-07,-7.142857142845682e-06,5.980066445195969e-06,2.3787479642378705e-07,-2.447259590491635e-06,2.92713425237398e-06
tcn,conditional,7,1,4.98338870432713e-07,-1.3127076411976273e-05,1.2790697674418872e-05,8.535207844051484e-07,-4.5551436089047434e-06,5.634144878673611e-06
tcn,conditional,7,2,-3.106312292358027e-05,-4.551495016608792e-05,-1.7271594684367418e-05,-1.2169161301570641e-05,-1.7872736862087207e-05,-6.71118304098553e-06
tcn,conditional,7,3,-1.4285714285711126e-05,-5.1000830564759126e-05,1.4455980066433149e-05,-5.998475598120168e-06,-2.018938295383435e-05,4.934162097016572e-06
tcn,conditional,7,4,-8.471760797352789e-06,-2.9900332225925168e-05,1.2462624584724113e-05,-2.6764957483360607e-06,-1.1105336764899193e-05,5.498204987394084e-06
tcn,conditional,7,5,0.0,0.0,0.0,0.0,0.0,0.0
tcn,conditional,7,6,-1.6611295681157045e-06,-1.5614617940212905e-05,1.1964285714288902e-05,-9.663715314633947e-07,-6.481621308668112e-06,4.3067200717661035e-06
tcn,conditional,7,7,5.813953488380541e-06,-4.651162790660968e-06,1.5946843853812425e-05,2.238607345533827e-06,-1.7680812779774235e-06,6.205708597552927e-06
tcn,conditional,7,8,-2.3255813953571012e-06,-8.803986710970214e-06,4.1528239202518185e-06,-1.0277153145610284e-06,-3.460422329500501e-06,1.26016101734977e-06
tcn,conditional,7,9,0.0,0.0,0.0,0.0,0.0,0.0
tcn,conditional,7,10,2.990033222586286e-06,-3.1561461793740142e-06,9.80481727573646e-06,1.4093847232565792e-06,-1.1242178130356494e-06,4.306978985305408e-06
tcn,conditional,7,11,-1.2956810631226112e-05,-2.1931063122937105e-05,-2.990033222601801e-06,-5.394668963859539e-06,-8.816579058691737e-06,-1.6326070631399815e-06
tcn,conditional,8,1,-0.00018031561461791522,-0.00023922342192686437,-0.0001260797342192519,-0.00010224900089936818,-0.00013076697025778193,-7.5700567324288e-05
tcn,conditional,8,2,-1.561461794018282e-05,-6.296926910296402e-05,3.40614617940438e-05,-1.5122894892479755e-05,-3.744789901392648e-05,9.261795791745043e-06
tcn,conditional,8,3,7.142857142859226e-05,-3.853820598004051e-05,0.000176270764119613,5.0484199769327274e-05,7.361145286365895e-07,9.655702499564227e-05
tcn,conditional,8,4,0.0004163621262458528,0.00024106935215946297,0.000591366279069783,0.00025737215263784254,0.00016877961419815393,0.00034437805014237577
tcn,conditional,8,5,0.0,0.0,0.0,0.0,0.0,0.0
tcn,conditional,8,6,-1.7940199335522156e-05,-5.4821428571399874e-05,2.0103820598050997e-05,-7.011363776058266e-06,-2.4204378497374e-05,1.0020869260397909e-05
tcn,conditional,8,7,6.677740863789472e-05,1.0959302325611626e-05,0.00012244186046515737,4.6496411084692156e-05,1.4202984695147164e-05,7.920674555250321e-05
tcn,conditional,8,8,0.00019825581395350512,0.00013970099667775504,0.00026714078073091955,0.00011348441796769415,8.212638923865363e-05,0.00015109814664352944
tcn,conditional,8,9,0.0,0.0,0.0,0.0,0.0,0.0
tcn,conditional,8,10,-3.073089700995291e-05,-4.9169435215923626e-05,-1.0627076411952258e-05,-1.8227535135983964e-05,-2.7172405461442978e-05,-9.258755272129442e-06
tcn,conditional,8,11,9.13621262460418e-06,-3.2396179401990936e-05,5.183139534886103e-05,2.6207535825373276e-06,-1.6074851135509076e-05,2.1177309900982172e-05
tcn,conditional,9,1,0.00035282392026578127,0.00019506852159468586,0.000526098421926921,3.387023269292189e-05,-0.00023221822230924186,0.00031629128493466886
tcn,conditional,9,2,-0.0002206810631229228,-0.00047868147840531494,2.6349667774094557e-05,-0.00033560320744799755,-0.0005869207428277204,-7.451877853249743e-05
tcn,conditional,9,3,-0.0003075581395348803,-0.0007743812292358772,0.0001760672757475179,-0.0004367173306160577,-0.0008909140188074664,-2.384975347992561e-05
tcn,conditional,9,4,0.003384966777408646,0.0027815365448505052,0.003973093853820607,0.0032776406442857364,0.002745894220298672,0.0038140276779840407
tcn,conditional,9,5,0.0,0.0,0.0,0.0,0.0,0.0
tcn,conditional,9,6,4.725913621263289e-05,-0.00010159260797340724,0.00019551910299003733,8.249829867790215e-05,-0.00013819252163657078,0.0002936299881744569
tcn,conditional,9,7,-3.6627906976736126e-05,-0.00014303986710962566,7.460132890366788e-05,3.0336715671086533e-06,-0.0001929815869112612,0.00020249501513207915
tcn,conditional,9,8,8.68770764119653e-05,-6.835548172750865e-06,0.0001783243355481788,0.0001283044729624483,1.989135903713646e-05,0.00024244836205883905
tcn,conditional,9,9,0.0,0.0,0.0,0.0,0.0,0.0
tcn,conditional,9,10,0.00011029900332226616,-8.941860465115756e-05,0.00031928156146179826,8.47936150795836e-05,-0.00011067232814652888,0.0002813257594517088
tcn,conditional,9,11,-0.0001963455149501614,-0.00036696843853820636,-2.656976744185856e-05,-0.0001783686633048309,-0.0004171556681070593,7.19143094756313e-05
tcn,conditional,10,1,0.00015149501661128383,6.063122923587902e-05,0.00023987126245845873,8.836338200283067e-05,3.588184721538873e-05,0.0001395759766289698
tcn,conditional,10,2,-0.0001742524916943644,-0.0002973463455149518,-5.7279900332249155e-05,-8.87157001145178e-05,-0.00015268875586995945,-3.204479416089671e-05
tcn,conditional,10,3,0.00022267441860464145,7.072466777404465e-05,0.0003707848837209396,0.0001280459745928908,5.361509125576808e-05,0.0001969155102031836
tcn,conditional,10,4,0.00020880398671096256,-2.378737541526815e-05,0.0004523421926910502,0.00011688489058053419,-1.1285006003176278e-05,0.00024737904221520853
tcn,conditional,10,5,0.0,0.0,0.0,0.0,0.0,0.0
tcn,conditional,10,6,0.0006646179401993191,0.0005553114617939793,0.0007715988372092921,0.00039591042463449247,0.0003368311372842846,0.00045602880365575537
tcn,conditional,10,7,-0.0007526578073089562,-0.0009031810631229186,-0.0006130980066445115,-0.00044134974925816414,-0.0005280627073346639,-0.00036082877104417674
tcn,conditional,10,8,0.00013737541528238584,2.972591362124216e-05,0.00022609634551495035,8.897765910377275e-05,2.6189390594022254e-05,0.00014365179804172557
tcn,conditional,10,9,0.0,0.0,0.0,0.0,0.0,0.0
tcn,conditional,10,10,-4.385382059803433e-05,-8.389534883723957e-05,-5.813953488424284e-06,-2.6760816444661994e-05,-4.714828399442572e-05,-7.3221943882532395e-06
tcn,conditional,10,11,6.411960132889472e-05,1.1623754152811945e-05,0.00011812292358804207,2.0363976791631932e-05,-7.76358090509746e-06,4.8154411672880484e-05
tcn,conditional,11,1,0.001049501661129576,0.0009170805647840648,0.0011868853820598047,0.0006257667736435013,0.0005531478037464225,0.0007020338197154285
tcn,conditional,11,2,-0.0012111295681063161,-0.0013661171096345523,-0.0010587915282392105,-0.0007429415886019408,-0.0008276640891378183,-0.0006554875049253135
tcn,conditional,11,3,0.000249169435215959,2.806063122925448e-05,0.0004453779069767384,0.00013499949662173604,1.1471369725379573e-05,0.0002471709356032878
tcn,conditional,11,4,-0.001039036544850499,-0.001352242524916936,-0.0007129401993355538,-0.0006341211592346052,-0.0008237257217593759,-0.000440257816295391
tcn,conditional,11,5,0.0,0.0,0.0,0.0,0.0,0.0
tcn,conditional,11,6,-0.00166503322259136,-0.0021721968438538184,-0.0011989015780730758,-0.0009700915801597088,-0.0012501084177113844,-0.0007107983962092898
tcn,conditional,11,7,-0.000630232558139534,-0.000791362126245843,-0.00043534053156145055,-0.0003721489971147818,-0.0004624659099725501,-0.0002614819118956336
tcn,conditional,11,8,-0.00011295681063121953,-0.0001850539867109695,-1.8596345514906843e-05,-6.639952659579285e-05,-0.00010910712914110255,-7.498403525053774e-06
tcn,conditional,11,9,0.0,0.0,0.0,0.0,0.0,0.0
tcn,conditional,11,10,0.018802657807308974,0.015516914451827237,0.02218046096345516,0.010592688156004018,0.008683101718821605,0.012493170822258936
tcn,conditional,11,11,-8.588039867110653e-05,-0.00014186877076413765,-3.006644518270332e-05,-4.93372132638914e-05,-8.038823593467779e-05,-1.7596368114402075e-05
tcn,conditional,12,1,0.0004719269102989976,0.00030647425249168635,0.0006332392026577918,0.00036588276152510924,0.00026530215094838154,0.0004612112927134827
tcn,conditional,12,2,0.0019465116279069783,0.001664522425249174,0.0022264493355481792,0.001218156557280854,0.001040177537157314,0.00139440822419271
tcn,conditional,12,3,8.28903654485047e-05,-0.0001616569767441962,0.0003348006644518264,0.00011785533367429935,-4.012434088155009e-05,0.00029520995562840513
tcn,conditional,12,4,0.0014845514950166084,0.0010820099667774024,0.0019181935215946766,0.0013563425620857494,0.0010477835333231192,0.001668902680592496
tcn,conditional,12,5,0.0,0.0,0.0,0.0,0.0,0.0
tcn,conditional,12,6,0.0002958471760797343,0.0001431852159468396,0.0004413870431893651,0.0002098309121532349,0.00011708926445228732,0.0003023066880236027
tcn,conditional,12,7,0.0006258305647840478,0.0004798961794019853,0.0007810755813953463,0.00043078350748363857,0.00034447545326792066,0.0005261613659476456
tcn,conditional,12,8,0.00023480066445182856,0.00016129568106312492,0.00031088870431894236,0.00014346478194528057,0.00010052481405549024,0.0001882651414889529
tcn,conditional,12,9,0.0,0.0,0.0,0.0,0.0,0.0
tcn,conditional,12,10,5.099667774086103e-05,-3.98754152823923e-05,0.00014369186046511045,4.8936735907579856e-05,-9.398068000833397e-06,0.00010842174992500683
tcn,conditional,12,11,-8.22259136212633e-05,-0.00020650332225914027,4.169850498338943e-05,-0.00014882711656852065,-0.0002442997647626169,-5.344646152212258e-05
tcn,conditional,13,1,-0.00011594684385382359,-0.00017541528239200082,-4.9983388704293896e-05,-6.193086034279482e-05,-8.58411658323334e-05,-3.7063656855575066e-05
tcn,conditional,13,2,6.893687707642205e-05,1.8438538206027006e-05,0.00011993355481729553,3.170005915627105e-05,9.953546510217014e-06,5.4459787634070414e-05
tcn,conditional,13,3,0.00020780730897009935,0.00010363787375415332,0.0003064825581395257,7.968342988387889e-05,3.567980066617854e-05,0.00012135761262677067
tcn,conditional,13,4,3.064784053157465e-05,-0.0001384613787375205,0.00019768480066451483,4.924834353508989e-05,-2.220032139193681e-05,0.00012013479630660178
tcn,conditional,13,5,0.0,0.0,0.0,0.0,0.0,0.0
tcn,conditional,13,6,2.6578073089722486e-06,-4.069767441859612e-05,5.2338039867116145e-05,5.275242267543945e-06,-1.4149069169803797e-05,2.8041710050648752e-05
tcn,conditional,13,7,-1.395348837209709e-05,-4.734634551495587e-05,1.9447674418611715e-05,-5.375476209950047e-06,-1.898107348957642e-05,8.108555465231e-06
tcn,conditional,13,8,-1.5448504983388566e-05,-4.302740863785548e-05,1.578073089703408e-05,-4.627102037895181e-06,-1.710350659574625e-05,9.906192795002734e-06
tcn,conditional,13,9,0.0,0.0,0.0,0.0,0.0,0.0
tcn,conditional,13,10,-4.584717607973743e-05,-7.625000000000586e-05,-2.0099667774095055e-05,-2.314271106298893e-05,-3.705719118965645e-05,-1.060530932606302e-05
tcn,conditional,13,11,-2.9401993355473444e-05,-7.524916943520699e-05,1.5116279069764372e-05,-1.0656007023831516e-05,-2.8763463485553006e-05,5.815840456565027e-06
tcn,conditional,14,1,-7.57475083056569e-05,-0.00011229235880398411,-4.0523255813954124e-05,-5.163217045237256e-05,-7.331052283975143e-05,-3.088109170700898e-05
tcn,conditional,14,2,-0.00012607973421926766,-0.00016926910299002636,-8.072674418603609e-05,-8.129372863927565e-05,-0.00010717787416482568,-5.4086036150491594e-05
tcn,conditional,14,3,-2.6578073089777996e-06,-4.202657807309812e-05,3.803986710960542e-05,-4.883024451547424e-06,-2.9078773807210716e-05,2.16472631883579e-05
tcn,conditional,14,4,-0.0001282392026578294,-0.00020581395348839523,-5.232142857147389e-05,-7.164031923737046e-05,-0.00011665243072752055,-2.7718312553293937e-05
tcn,conditional,14,5,0.0,0.0,0.0,0.0,0.0,0.0
tcn,conditional,14,6,-7.840531561463026e-05,-0.00014186046511625394,-1.2607973421946784e-05,-5.891698328799988e-05,-9.532774759752901e-05,-2.070006915951887e-05
tcn,conditional,14,7,-8.471760797340577e-06,-2.7242524916935156e-05,9.302325581390685e-06,-3.170222341757345e-06,-1.324054220793222e-05,7.04036471893224e-06
tcn,conditional,14,8,-7.64119601329938e-06,-2.358803986708649e-05,7.142857142822313e-06,-4.03574775115767e-06,-1.2857470125314379e-05,4.433700255976162e-06
tcn,conditional,14,9,0.0,0.0,0.0,0.0,0.0,0.0
tcn,conditional,14,10,0.00029593023255813477,0.00018970099667772733,0.0004084177740863812,0.00018909397318039756,0.00012255198320737976,0.00025986379359158886
tcn,conditional,14,11,-1.5946843853831273e-05,-3.588455149503234e-05,3.8289036544820005e-06,-9.247788547707137e-06,-2.05305416858908e-05,1.6621224554677339e-06
tcn,conditional,15,1,0.0003229235880398612,0.00010891611295680827,0.0005391112956810514,0.00021139207168579754,-1.103298970650454e-05,0.00043266781647414374
tcn,conditional,15,2,0.0003137873754152776,-1.3828903654492183e-05,0.0006389244186046476,0.0006099174974264676,0.0002890345124013477,0.0009594617858379625
tcn,conditional,15,3,-0.00011852159468438762,-0.000629999999999999,0.0003678135382059729,0.0005135964847564423,7.993521535319276e-05,0.0009115699283543191
tcn,conditional,15,4,0.0006638704318936883,0.0001552304817275783,0.0012071449335548242,0.000619222152596921,7.226164796723231e-05,0.0011746268726263883
tcn,conditional,15,5,0.0,0.0,0.0,0.0,0.0,0.0
tcn,conditional,15,6,-6.0963455149506963e-05,-0.0002792400332225988,0.00014487541528238184,5.040244350382528e-05,-0.0001590280631130686,0.0002640841661471493
tcn,conditional,15,7,2.906976744183054e-06,-9.30274086378807e-05,0.00010335963455149495,0.00012507195618918887,-3.007874955152198e-05,0.0002781343737442091
tcn,conditional,15,8,3.629568106311654e-05,-7.061669435217907e-05,0.00013058139534882982,8.789173858677723e-05,-5.804258862903383e-05,0.000236426588232022
tcn,conditional,15,9,0.0,0.0,0.0,0.0,0.0,0.0
tcn,conditional,15,10,9.219269102991868e-06,-5.797965116279356e-05,7.235049833887143e-05,0.00010256548497614815,3.88907527308624e-06,0.00020403322398380598
tcn,conditional,15,11,0.0002470930232558116,3.95224252491673e-05,0.0004606519933554864,0.00024991377893248236,-5.97450258704346e-06,0.0004923040253465658
tcn,conditional,16,1,-0.000211129568106313,-0.00042367109634550897,1.03239202657804e-05,-0.000176330200237661,-0.0003903185204416423,3.095248341670676e-05
tcn,conditional,16,2,-8.45514950166093e-05,-0.00041762458471760226,0.00022946428571428702,-0.00034553853463378136,-0.0006619649173400228,-4.4900833941648465e-05
tcn,conditional,16,3,0.0007161129568106361,0.00030804194352159717,0.0011399667774086458,0.0001748540757472561,-0.00018123328956677794,0.0005114901621764864
tcn,conditional,16,4,0.0004598837209302326,-0.00014823920265781042,0.0011079173588039878,0.001091162087246894,0.00045806530135142923,0.0017251639113710956
tcn,conditional,16,5,0.0,0.0,0.0,0.0,0.0,0.0
tcn,conditional,16,6,0.00010681063122923607,-7.012458471760923e-05,0.00028991486710963095,0.00012206675043028636,-8.72047420376301e-05,0.0003245598999095583
tcn,conditional,16,7,-8.729235880398035e-05,-0.00023422342192690415,6.124584717609005e-05,-3.879813226102535e-05,-0.0001964072247447061,9.519919672268965e-05
tcn,conditional,16,8,0.00011843853820598494,3.346968438537872e-05,0.0002074003322259143,7.90150246867305e-05,-4.291365002838748e-05,0.00019336154923890834
tcn,conditional,16,9,0.0,0.0,0.0,0.0,0.0,0.0
tcn,conditional,16,10,-2.607973421926868e-05,-0.0001286565614617961,6.669642857143051e-05,-3.821777116324254e-05,-0.00010786507228232247,3.304730657587919e-05
tcn,conditional,16,11,0.00022516611295681331,2.7456395348846088e-05,0.0004179443521594749,0.00016712303586559728,-7.085326366985008e-05,0.00038488344013330034
tcn,conditional,17,1,0.00020182724252491014,0.00013321428571426978,0.00027691445182721313,0.0001265490632259847,9.283089479993428e-05,0.00016308166719267145
tcn,conditional,17,2,1.1461794019939075e-05,-7.027408637872324e-05,9.152823920265421e-05,-1.5143745833129384e-05,-5.662668984388209e-05,2.4931389536278392e-05
tcn,conditional,17,3,5.498338870430608e-05,-6.330149501661432e-05,0.00017574750830563727,3.681813180097193e-05,-1.721262252884431e-05,9.14733662529784e-05
tcn,conditional,17,4,-0.000217275747508312,-0.00041379152823918454,-2.7383720930255203e-05,-0.00014650551487855102,-0.000247636812230043,-4.575696606084976e-05
tcn,conditional,17,5,0.0,0.0,0.0,0.0,0.0,0.0
tcn,conditional,17,6,-5.249169435215917e-05,-0.00010581810631228928,-1.320598006651259e-06,-3.414471466714697e-05,-6.069133245199723e-05,-8.645556389858871e-06
tcn,conditional,17,7,0.0003727574750830631,0.0003119559800664287,0.00043089700996679444,0.00021169226971391565,0.000179476832398339,0.00024235012734285765
tcn,conditional,17,8,3.7375415282400184e-05,1.2292358804014275e-05,6.212624584717497e-05,1.980601076448707e-05,7.895011382899499e-06,3.123547123218594e-05
tcn,conditional,17,9,0.0,0.0,0.0,0.0,0.0,0.0
tcn,conditional,17,10,-1.8438538205974852e-05,-4.119601328902039e-05,3.1602990033217975e-06,-1.1764217206896577e-05,-2.4276002684286508e-05,-4.5984459894632593e-07
tcn,conditional,17,11,-3.961794019933462e-05,-7.973837209302373e-05,7.475083056537324e-07,-1.627876038449383e-05,-3.6100877234575e-05,3.3678219579303608e-06
tcn,conditional,18,1,0.00024202657807310124,0.00015631229235881414,0.0003335672757475344,0.00014916553583466108,0.00010156460738547493,0.0001991169919429479
tcn,conditional,18,2,0.00036627906976744227,0.00022671096345515667,0.0005076702657807272,0.00017495615120699748,9.840879791774476e-05,0.0002489843431495375
tcn,conditional,18,3,0.0005933554817275855,0.0004361960132890457,0.0007523297342192821,0.0003105462064255393,0.00023385899695392486,0.00038649869254564966
tcn,conditional,18,4,0.0008044850498338896,0.0005220598006644454,0.0011209883720930383,0.00047844087937855886,0.000311983998631798,0.0006629899965367711
tcn,conditional,18,5,0.0,0.0,0.0,0.0,0.0,0.0
tcn,conditional,18,6,0.0003400332225913627,0.00020298172757474183,0.0004765905315614753,0.00017772648651409928,9.15305099078671e-05,0.00026032411820655786
tcn,conditional,18,7,0.00017242524916944002,9.684385382061586e-05,0.0002441943521594875,0.0001021629931207857,6.132225604597619e-05,0.000140349758818508
tcn,conditional,18,8,3.1229235880394504e-05,-1.7782392026595953e-05,7.292774086378097e-05,2.277141610205535e-05,-7.752539139301047e-06,4.987493694045664e-05
tcn,conditional,18,9,0.0,0.0,0.0,0.0,0.0,0.0
tcn,conditional,18,10,3.986710963454376e-05,-8.388704319173541e-07,7.95722591362198e-05,2.8263737471759807e-05,6.044763739678716e-06,5.146949465387341e-05
tcn,conditional,18,11,-0.0002928571428571447,-0.00037642026578074624,-0.00021511212624585456,-0.00017103366000449373,-0.0002177210983766793,-0.0001297368016405526
tcn,conditional,19,1,-0.0034049833887043056,-0.004007778239202645,-0.0028024501661129395,-0.0022455828074757177,-0.0026566735130793867,-0.0018430860846950484
tcn,conditional,19,2,-0.010495681063122922,-0.012463197674418619,-0.008712200996677704,-0.006963864600571238,-0.008345505978717324,-0.0057395148432994245
tcn,conditional,19,3,0.0005260797342192813,0.00025708471760798587,0.0008357433554817335,0.0003159755642619011,0.0001572505285493488,0.0005003192465154831
tcn,conditional,19,4,-0.0186202657807309,-0.022662607973421928,-0.014324497508305655,-0.011991385271022668,-0.014766000583758173,-0.009078360157626381
tcn,conditional,19,5,0.0,0.0,0.0,0.0,0.0,0.0
tcn,conditional,19,6,-0.00011478405315613393,-0.00019850913621261666,-2.3729235880379976e-05,-8.19264681685361e-05,-0.0001319201935645817,-2.6288451300487306e-05
tcn,conditional,19,7,0.02979352159468439,0.027461158637873774,0.032352408637873746,0.020154583045627117,0.0182120627602371,0.022329068164884662
tcn,conditional,19,8,0.037402990033222595,0.0350162707641196,0.03967998754152825,0.02397727625151103,0.022282255248324577,0.02563600806090188
tcn,conditional,19,9,0.0,0.0,0.0,0.0,0.0,0.0
tcn,conditional,19,10,-9.966777408638162e-05,-0.0002903820598006451,0.00013971345514946783,-6.123583486315809e-05,-0.00019751071857440655,9.73345691023188e-05
tcn,conditional,19,11,6.245847176079677e-05,-1.4626245847144224e-05,0.00014535299003321206,3.483314671271387e-05,-1.1820654953247632e-05,8.615601161980937e-05
tcn,conditional,20,1,1.0215946843862289e-05,-8.868355481728276e-05,0.0001059800664451798,-1.79942596553051e-05,-6.703577051936596e-05,2.849858329444873e-05
tcn,conditional,20,2,-2.0681063122913733e-05,-0.00010614617940197928,7.027408637875223e-05,1.4178018129724634e-05,-3.062633597642542e-05,6.124023796194213e-05
tcn,conditional,20,3,0.00010348837209302353,9.966777408644545e-06,0.00019352159468438322,6.575696424887089e-05,2.3735959005620283e-05,0.00010510180520895056
tcn,conditional,20,4,0.0001632890365448736,-1.549418604648797e-05,0.00034053156146180927,0.00012129248221879662,3.7164086153140156e-05,0.00020420437938475957
tcn,conditional,20,5,0.0,0.0,0.0,0.0,0.0,0.0
tcn,conditional,20,6,-0.00010913621262457762,-0.00017375415282391428,-4.916943521595438e-05,-8.418101401230337e-05,-0.00012072262443638978,-5.199860873333179e-05
tcn,conditional,20,7,0.00011777408637873576,4.168189368769676e-05,0.00019503737541529822,8.115726192633122e-05,3.104773400639849e-05,0.00013301414481397153
tcn,conditional,20,8,3.737541528239796e-05,3.280730897433362e-07,7.544019933554656e-05,2.2335151857028056e-05,2.630514721068955e-06,4.2036156052819635e-05
tcn,conditional,20,9,0.0,0.0,0.0,0.0,0.0,0.0
tcn,conditional,20,10,-2.8571428571424475e-05,-5.149501661128439e-05,-5.980066445175819e-06,-2.005106247655597e-05,-3.202383827351346e-05,-8.603719008183914e-06
tcn,conditional,20,11,2.6245847176086244e-05,-2.9900332225898855e-05,8.256229235881969e-05,1.9664257258884544e-05,-3.105310094350777e-06,4.246136708605321e-05
tcn,conditional,21,1,-0.0001958471760797398,-0.0004233513289036662,4.005813953487961e-05,-0.00020435541001745605,-0.00045534597022101004,3.982941812541044e-05
tcn,conditional,21,2,-4.401993355482359e-05,-0.00037656353820599486,0.0002843563122923536,-4.687507670953273e-05,-0.0003984975072118217,0.0003244570009091861
tcn,conditional,21,3,-0.00014526578073090267,-0.0005914098837209409,0.000319806893687716,-0.0005048503062492749,-0.000856925454243167,-0.00014007423872001374
tcn,conditional,21,4,-0.0007083887043189446,-0.001237063953488375,-0.00017705149501662799,-0.0006017385863955626,-0.0011387696646431836,-7.135615976503531e-05
tcn,conditional,21,5,0.0,0.0,0.0,0.0,0.0,0.0
tcn,conditional,21,6,0.00015747508305647085,-3.254568106312499e-05,0.0003494497508305595,0.0003228478700045334,8.66833698340633e-05,0.0005431985693341217
tcn,conditional,21,7,-0.0001562292358804085,-0.00029237541528240134,-1.9927325581405648e-05,-3.506551153189652e-05,-0.00017861897257549683,0.0001058901145472908
tcn,conditional,21,8,-3.3222591363291086e-07,-8.971968438539296e-05,9.651370431891978e-05,-6.895542762576868e-05,-0.0001967809922968697,4.256122582065937e-05
tcn,conditional,21,9,0.0,0.0,0.0,0.0,0.0,0.0
tcn,conditional,21,10,5.024916943520641e-05,-3.705564784054636e-05,0.0001512520764119517,3.592123764896149e-05,-7.993270212781375e-05,0.0001578275931587615
tcn,conditional,21,11,5.315614617936171e-06,-0.00015590739202657735,0.00016570598006644628,4.1920397166806955e-05,-0.00018092660277392266,0.0002500138956756643
tcn,conditional,22,1,0.00015340531561461312,-2.8245431893687556e-05,0.0003416175249169317,0.0001552112388104654,-9.147379228601298e-05,0.0003997458693370351
tcn,conditional,22,2,0.0004052325581395322,0.00010062915282391482,0.0007281042358803944,0.0005453562821500169,0.0002698709280927847,0.0008382600176269621
tcn,conditional,22,3,0.0003245847176079719,-4.7765780730898294e-05,0.0006864493355481729,0.0003337759033611398,-1.5297387137231777e-05,0.0007104034953631394
tcn,conditional,22,4,0.00453355481727575,0.00381790074750831,0.00524937084717608,0.003992134264628063,0.003157307205334991,0.004865342359574142
tcn,conditional,22,5,0.0,0.0,0.0,0.0,0.0,0.0
tcn,conditional,22,6,-1.5282392026576553e-05,-0.00019012250830564368,0.00017620431893687296,-2.2997618655128394e-05,-0.00024466870992385215,0.00019978023506446641
tcn,conditional,22,7,-0.0002295681063122934,-0.00036397425249169865,-7.491694352159794e-05,-0.0001634549157829246,-0.00029816715683554125,-1.676943913981963e-05
tcn,conditional,22,8,-6.0714285714288385e-05,-0.00014386004983388723,2.2622508305645823e-05,5.734476438338243e-05,-7.494641631993596e-05,0.00017957360964913105
tcn,conditional,22,9,0.0,0.0,0.0,0.0,0.0,0.0
tcn,conditional,22,10,0.0003058970099667724,6.442898671096065e-05,0.0005687832225913513,0.000250437285137457,4.82176590625964e-05,0.0004768148871450842
tcn,conditional,22,11,-4.584717607974298e-05,-0.00020099667774086912,0.00011639950166112461,-0.00012005823545574557,-0.00032440756689578284,8.92282337114181e-05
tcn,conditional,23,1,-0.00032848837209303205,-0.0005867192691029955,-6.0853405315627586e-05,-0.00031473110757492705,-0.0005740683071731609,-6.111811140892942e-05
tcn,conditional,23,2,0.0001711794019933488,-0.00011147217607973329,0.0004444829734219187,2.922997666061633e-05,-0.00018932626605045326,0.00025125394977294074
tcn,conditional,23,3,0.029261212624584716,0.028097026578073094,0.03046850498338871,0.02294230594801043,0.022067920814305586,0.023903509468111248
tcn,conditional,23,4,-0.02673546511627908,-0.02784329526578073,-0.025654593023255817,-0.025115271099469618,-0.026489884792229013,-0.02384054526279077
tcn,conditional,23,5,0.0,0.0,0.0,0.0,0.0,0.0
tcn,conditional,23,6,-0.00016810631229236206,-0.00035084925249169723,1.9609634551488436e-05,8.816437506285135e-05,-0.0001311369662342853,0.00030286654893037885
tcn,conditional,23,7,0.00011196013289036078,-1.0631229235876809e-05,0.00023821013289035504,2.2655479241433517e-05,-0.00018784034118138508,0.00022905880674950019
tcn,conditional,23,8,6.644518272424848e-05,-9.22965116279445e-06,0.0001441092192691052,0.00013607469147855044,3.496926851836102e-05,0.00024892652297242324
tcn,conditional,23,9,0.0,0.0,0.0,0.0,0.0,0.0
tcn,conditional,23,10,-6.9767441860513205e-06,-7.724252491695405e-05,6.138289036544672e-05,1.678847259079963e-05,-7.670394763977026e-05,0.0001082373079876235
tcn,conditional,23,11,3.488372093022884e-05,-0.00015515365448505951,0.00021811877076411746,0.00020554579856537635,3.6210958378873976e-05,0.0003785196095109173
tcn,conditional,24,1,0.0054918604651162896,0.005034505813953475,0.005972088870431894,0.0032589348970975996,0.002970711846573063,0.003559524694924337
tcn,conditional,24,2,0.002347591362126252,0.0021109468438538195,0.00257758513289038,0.001389422983879679,0.0012512382474316563,0.0015224828753076247
tcn,conditional,24,3,0.00022093023255814414,7.009136212624936e-05,0.0003623255813953819,0.00012892756555689223,5.157367659433449e-05,0.0002046931131703777
tcn,conditional,24,4,0.0009249169435216109,0.0007282350498339034,0.0011206395348837322,0.0005215168617168331,0.00041150068486535835,0.0006319189056972206
tcn,conditional,24,5,0.0,0.0,0.0,0.0,0.0,0.0
tcn,conditional,24,6,1.503322259136075e-05,-5.4653239202691685e-05,8.879983388705241e-05,1.8941744489950896e-05,-2.0470821019492547e-05,5.9865302927636714e-05
tcn,conditional,24,7,0.0006852159468438601,0.0004622923588039903,0.0009116362126246012,0.00040574662939668496,0.00027743719746810015,0.0005345605666645836
tcn,conditional,24,8,-1.528239202656323e-05,-5.581810631228662e-05,2.8575581395349246e-05,-1.1603840846795554e-05,-3.3283139109795026e-05,1.1126867565185068e-05
tcn,conditional,24,9,0.0,0.0,0.0,0.0,0.0,0.0
tcn,conditional,24,10,-0.0003167774086378661,-0.00041149086378737315,-0.0002159426910298722,-0.00018590822847437073,-0.00024237185712919102,-0.0001266725667979692
tcn,conditional,24,11,-2.425249169433319e-05,-7.325996677740243e-05,2.110049833891107e-05,-1.3285944992732502e-05,-4.076549284867279e-05,1.2124752847823285e-05
tcn,conditional,25,1,0.0026838039867109675,0.0024416881229235637,0.0029225186877076454,0.001627006549952319,0.0014886239798746364,0.0017617121157974718
tcn,conditional,25,2,0.014706063122923574,0.013968068936877036,0.015505500415282395,0.008963916084687653,0.008549486631481444,0.009407727230784821
tcn,conditional,25,3,0.00021553156146178698,4.511212624583725e-05,0.00038364202657807,0.0001649513468273478,8.053270582345973e-05,0.00024375115286558912
tcn,conditional,25,4,0.0002080564784053085,2.3639950166074647e-05,0.0003833970099667681,0.00018211986842046725,8.486304247783514e-05,0.00027439211381109085
tcn,conditional,25,5,0.0,0.0,0.0,0.0,0.0,0.0
tcn,conditional,25,6,4.227574750830465e-05,-5.349252491694031e-05,0.00014270348837208736,2.883128359560505e-05,-2.0066981208039705e-05,7.914754810093913e-05
tcn,conditional,25,7,0.0008970099667774034,0.0007098795681062852,0.0010995078903654589,0.00048299094297629794,0.0003790776437172036,0.0005906633156483463
tcn,conditional,25,8,-0.00052317275747508,-0.0006512811461793754,-0.0004092960963455417,-0.00029801894932808716,-0.0003735625753360676,-0.00023287227521299857
tcn,conditional,25,9,0.0,0.0,0.0,0.0,0.0,0.0
tcn,conditional,25,10,-6.18770764119625e-05,-9.676287375417233e-05,-2.5409053156154585e-05,-3.685320093065547e-05,-5.689563010550614e-05,-1.6742904207324053e-05
tcn,conditional,25,11,-0.00014684385382058185,-0.00022209717607972048,-7.848837209301035e-05,-7.974566482852996e-05,-0.00011979443598078279,-4.214817873568391e-05
tcn,conditional,26,1,-0.00012292358803986714,-0.0002089742524916954,-3.870016611295004e-05,-9.420656006910887e-05,-0.0001397961299380369,-5.0543096871252495e-05
tcn,conditional,26,2,0.00048720930232558525,0.00035612541528239056,0.0006257558139534849,0.0002877777142001159,0.0002234310326850797,0.0003548345046981621
tcn,conditional,26,3,0.0007885382059800661,0.0006014867109634435,0.0009834426910299105,0.0004798387108058655,0.00038210696556008745,0.0005792802686011994
tcn,conditional,26,4,0.10094933554817277,0.09559926910299002,0.10580252491694353,0.07087599766628855,0.06637964848551665,0.07497990331537717
tcn,conditional,26,5,0.0,0.0,0.0,0.0,0.0,0.0
tcn,conditional,26,6,0.00012250830564783155,2.0593853820583623e-05,0.00022793604651162556,8.078503804281322e-05,2.0523912107660274e-05,0.00014379113030180314
tcn,conditional,26,7,-0.0004803986710963459,-0.0005478488372093224,-0.00041427325581396045,-0.00026677653194069227,-0.0003061770367416221,-0.0002290994943075155
tcn,conditional,26,8,-0.00036794019933555244,-0.0005448546511627905,-0.00020696013289035878,-0.00022299995698501273,-0.00033959858717059376,-0.00011529571401643735
tcn,conditional,26,9,0.0,0.0,0.0,0.0,0.0,0.0
tcn,conditional,26,10,5.523255813952077e-05,-4.379983388704791e-05,0.00015764534883720157,3.795328549952459e-05,-1.9018536048940797e-05,9.825145685949165e-05
tcn,conditional,26,11,2.990033222592947e-06,-0.00010036129568106272,0.0001003363787375443,-5.203562714810594e-06,-5.9890660604603325e-05,4.439373182644224e-05
tcn,conditional,27,1,0.0013249169435215914,0.0011793521594684357,0.0014548172757475012,0.0008491293691893165,0.0007573284057222509,0.0009400940429577362
tcn,conditional,27,2,-0.001715780730897013,-0.0019915282392026566,-0.0014443189368770811,-0.0012273108127829346,-0.0014321333988685388,-0.0010188123303016454
tcn,conditional,27,3,0.00010747508305647635,-0.0002601370431893863,0.00045931063122924253,-6.796531736825484e-05,-0.0002992697434473191,0.0001597399155888281
tcn,conditional,27,4,-0.0010780730897010037,-0.0014514991694352208,-0.0006833845514950178,-0.0005521784278789432,-0.0008397845669653599,-0.0002581934448940421
tcn,conditional,27,5,0.0,0.0,0.0,0.0,0.0,0.0
tcn,conditional,27,6,-0.0024055647840531633,-0.002968509136212643,-0.0018340490033222688,-0.0016899422581111235,-0.0020777153066484292,-0.001313840286539675
tcn,conditional,27,7,-0.0006019102990033253,-0.0008864348006644515,-0.0003500498338870424,-0.00036230468517836953,-0.0005404278904023352,-0.00020314626081592015
tcn,conditional,27,8,1.627906976743754e-05,-5.648255813954131e-05,8.870847176079971e-05,-4.977630995584015e-07,-4.9292092117219135e-05,4.741321523689318e-05
tcn,conditional,27,9,0.0,0.0,0.0,0.0,0.0,0.0
tcn,conditional,27,10,0.009176162790697674,0.006640581395348835,0.011784231727574755,0.0057202991965991075,0.00412394728002072,0.007390174307673666
tcn,conditional,27,11,0.00010348837209301908,-1.6112956810626857e-05,0.0002302408637873751,6.682302933450845e-05,-1.1850138377041046e-05,0.00015129836966228875
tcn,conditional,28,1,0.00048754152823920485,0.0002512437707641151,0.000732558139534888,0.00024941563232485644,-8.190471599345133e-06,0.0004953453254266697
tcn,conditional,28,2,0.0006691860465116217,0.0003570535714285652,0.0009850685215946672,0.0006052752163711194,0.00026447254241860653,0.0009563420189007647
tcn,conditional,28,3,0.0003942691029900303,-4.902408637875666e-06,0.0007839680232558131,0.000421137712264229,-7.025048636909043e-05,0.0009020026969660542
tcn,conditional,28,4,0.0018660299003322289,0.001320382059800671,0.0025005813953488383,0.0013662233320238847,0.0007107124033486012,0.002014436674474653
tcn,conditional,28,5,0.0,0.0,0.0,0.0,0.0,0.0
tcn,conditional,28,6,-0.00016461794019933195,-0.0003634676079734101,5.233596345514361e-05,-0.0002227929750385127,-0.00042263868509470116,-3.116202421925037e-05
tcn,conditional,28,7,0.00018820598006644707,8.346345514950157e-05,0.0002962209302325606,-3.449492350014127e-05,-0.00017074110102834847,0.00010554838752144858
tcn,conditional,28,8,5.3737541528235954e-05,-2.9738372093029818e-05,0.00013122923588038598,-3.049814296951947e-05,-0.00012702381487761255,7.442555700051532e-05
tcn,conditional,28,9,0.0,0.0,0.0,0.0,0.0,0.0
tcn,conditional,28,10,0.00011071428571428955,1.8430232558143165e-05,0.00020781976744186346,2.517445636831761e-05,-0.00010484065057513156,0.0001493710883549477
tcn,conditional,28,11,-0.00013870431893687752,-0.00033217192691030066,3.506644518272499e-05,-1.8618896310124144e-05,-0.0002340026383875881,0.00017989448121599337
tcn,loo_sample,1,1,3.239202657809415e-05,-2.1636212624219217e-06,6.744601328904377e-05,1.3850084133855134e-05,-2.0878028782519984e-06,2.9674185927237826e-05
tcn,loo_sample,1,2,3.3056478405308895e-05,-8.305647840324559e-07,6.694352159465272e-05,1.1998925621118372e-05,-2.5006236820608042e-06,2.6588889539061992e-05
tcn,loo_sample,1,3,3.073089700997733e-05,-2.1594684385262687e-06,6.396594684383565e-05,1.300258035147106e-05,-1.263251944747218e-06,2.7070657351115408e-05
tcn,loo_sample,1,4,8.837209302326455e-05,4.899916943523214e-05,0.00012658637873755213,4.474611536491424e-05,2.6339453999260854e-05,6.211608527710409e-05
tcn,loo_sample,1,5,-8.305647840378683e-08,-3.322259136151473e-07,0.0,0.0,0.0,0.0
tcn,loo_sample,1,6,1.9102990033237345e-05,-3.3222591361826147e-06,4.235880398672134e-05,8.954188529260999e-06,-1.7537694373018219e-07,1.8553504761091438e-05
tcn,loo_sample,1,7,2.6578073089766896e-06,-1.229651162792042e-05,1.6777408637889208e-05,1.8611673034374387e-06,-4.5983579867754914e-06,7.99269910131489e-06
tcn,loo_sample,1,8,9.634551495008026e-06,-3.3222591362139782e-06,2.24294019933454e-05,5.7597186643421065e-06,6.72979449402034e-08,1.1704533911634061e-05
tcn,loo_sample,1,9,-8.305647840378683e-08,-3.322259136151473e-07,0.0,0.0,0.0,0.0
tcn,loo_sample,1,10,-8.305647840524122e-06,-2.1428571428580153e-05,3.156146179401326e-06,-3.669053758369456e-06,-9.892374215830808e-06,1.7639079160930153e-06
tcn,loo_sample,1,11,-7.3089700996620264e-06,-1.9601328903640133e-05,5.813953488374019e-06,-3.3601692138474082e-06,-8.841978980276221e-06,2.6976055285553266e-06
tcn,loo_sample,2,1,5.764119601330608e-05,-2.6416112956800935e-05,0.0001389078073089736,3.632829692078232e-05,-3.1781524839383507e-06,7.634762815106063e-05
tcn,loo_sample,2,2,0.00038571428571428144,0.0002906976744185916,0.00047691029900329824,0.0002241575747106117,0.00017754279762045592,0.00026943262967148006
tcn,loo_sample,2,3,4.368770764121344e-05,-7.151162790687698e-06,9.318936877077464e-05,1.5998031430963787e-05,-5.16844863722693e-06,3.647134181847636e-05
tcn,loo_sample,2,4,0.0005774086378737575,0.00048620431893687334,0.0006749667774086351,0.000287726447502582,0.00024502468294298595,0.00033146091514925445
tcn,loo_sample,2,5,0.0,0.0,0.0,0.0,0.0,0.0
tcn,loo_sample,2,6,-3.6544850498265722e-06,-3.7051495016625246e-05,3.0232558139541594e-05,-2.8564971587763386e-07,-1.5302016355003252e-05,1.51859256634084e-05
tcn,loo_sample,2,7,5.13289036544895e-05,1.943521594685688e-05,8.422342192693886e-05,3.0974273504150716e-05,1.5047373608381765e-05,4.8615048537565976e-05
tcn,loo_sample,2,8,5.3820598006648625e-05,1.9933554817273823e-05,8.555232558139497e-05,3.1973817064520074e-05,1.2835645603863467e-05,4.995002651284068e-05
tcn,loo_sample,2,9,0.0,0.0,0.0,0.0,0.0,0.0
tcn,loo_sample,2,10,-5.481727574750739e-05,-7.409053156148698e-05,-3.637873754150031e-05,-2.8393190213734653e-05,-3.84536802744479e-05,-1.9137336863093386e-05
tcn,loo_sample,2,11,-5.813953488357226e-06,-2.6079734219238815e-05,1.561877076411392e-05,-3.573326460470927e-07,-1.0008196392913366e-05,1.021845884394936e-05
tcn,loo_sample,3,1,0.0024712624584717546,0.0017112167774086357,0.003235708056478386,0.0017342097880140262,0.0009540047437892702,0.002528222186063076
tcn,loo_sample,3,2,-0.0014089700996677802,-0.00191860880398672,-0.0009081250000000001,-0.0014707610187297804,-0.001976302815996918,-0.000922865428395559
tcn,loo_sample,3,3,0.0001235880398671063,-0.0002347425249169394,0.0004897051495016545,-4.862648999921837e-05,-0.00045814046949534543,0.00036029979991632633
tcn,loo_sample,3,4,0.006621677740863788,0.005453486295681062,0.007713060631229228,0.006719622376439832,0.005754972753490145,0.007704996801333699
tcn,loo_sample,3,5,0.0,0.0,0.0,0.0,0.0,0.0
tcn,loo_sample,3,6,-0.00036976744186047015,-0.0006806789867109704,-7.688953488371767e-05,-0.00012616113254982242,-0.00041833426953008084,0.0001728730091905661
tcn,loo_sample,3,7,-0.0004839700996677787,-0.0006849937707641175,-0.0002876993355481836,-0.00034022127466399655,-0.0006016899477059191,-9.093180311573135e-05
tcn,loo_sample,3,8,0.00033438538205979974,0.00018055440199335698,0.0004971200166112865,0.00027962445017705505,0.00011173712085406037,0.0004774934837522579
tcn,loo_sample,3,9,0.0,0.0,0.0,0.0,0.0,0.0
tcn,loo_sample,3,10,0.0002048172757475053,1.2834302325582083e-05,0.00039511627906975937,0.00022492563462153114,6.12390208006332e-05,0.00039707856913029084
tcn,loo_sample,3,11,0.00018837209302325353,-2.8326411960139686e-05,0.00038365033222590757,-5.576811429173212e-06,-0.00024166382099688463,0.00021918466536702155
tcn,loo_sample,4,1,-0.016393438538205976,-0.018922603820598002,-0.013684539036544846,-0.013804760464899597,-0.015944073535258743,-0.011504562826235193
tcn,loo_sample,4,2,-0.01606096345514951,-0.01749477782392027,-0.014606048588039875,-0.013566892885973778,-0.014842804266141756,-0.01226148721180425
tcn,loo_sample,4,3,0.002313870431893692,0.000871357973421935,0.00395694559800665,0.0016273999718658173,0.0005195661111443132,0.002921157383900442
tcn,loo_sample,4,4,0.009785963455149503,0.002810303156146188,0.016403172757475083,0.010244839323068456,0.004471988081213078,0.01557670182163511
tcn,loo_sample,4,5,0.0,0.0,0.0,0.0,0.0,0.0
tcn,loo_sample,4,6,0.0020950996677740895,0.0011503197674418624,0.0029258098006644606,0.00158404552239653,0.0007827371717792451,0.0022540938761541076
tcn,loo_sample,4,7,-0.001707724252491689,-0.0020688081395348777,-0.001355780730897001,-0.0014909510378051528,-0.0018577536943429225,-0.001139332393839892
tcn,loo_sample,4,8,-0.0012159468438538135,-0.0018002699335548146,-0.00034418189368770483,-0.000921977527877752,-0.0013940996950312526,-0.0002551894942995608
tcn,loo_sample,4,9,0.0,0.0,0.0,0.0,0.0,0.0
tcn,loo_sample,4,10,0.1653142857142857,0.12414052740863789,0.20540254983388703,0.12002889006346942,0.08712175780927625,0.15208128934681672
tcn,loo_sample,4,11,-1.6445182724250663e-05,-0.00020203073089700713,0.00016829318936876974,-7.308671049371384e-05,-0.00026187504109332385,0.00010722895532539087
tcn,loo_sample,5,1,-0.00038903654485049897,-0.0008470182724252478,5.365863787375407e-05,-0.00033082651876458537,-0.0006927763946282718,2.440157758835156e-05
tcn,loo_sample,5,2,-0.0006176910299003291,-0.0009981457641196,-0.00022912998338869552,-0.0005198940121986007,-0.0008886559893796431,-0.00013688840969852537
tcn,loo_sample,5,3,0.00011835548172756837,-0.00026180855481728926,0.0004980730897009971,-0.00021784831875222511,-0.0005834378345777927,0.0001601125021147464
tcn,loo_sample,5,4,-0.0003538205980066422,-0.0010082246677740807,0.00028000622923588116,-0.000505249788906168,-0.0010094579493862782,-2.3279742591471345e-05
tcn,loo_sample,5,5,-8.305647840489705e-08,-3.322259136195882e-07,0.0,0.0,0.0,0.0
tcn,loo_sample,5,6,-0.00027732558139535567,-0.0005761378737541574,2.822466777407677e-05,6.066401152860723e-05,-0.00027441798138920704,0.00039224829965225493
tcn,loo_sample,5,7,-0.00019892026578073542,-0.0004170203488372262,2.194975083056522e-05,-4.4065373646339223e-05,-0.0002596705315493856,0.0001568514330459086
tcn,loo_sample,5,8,-8.629568106312602e-05,-0.00024086794019934145,5.9968853820599596e-05,-8.654019726255458e-05,-0.00022101955033901338,4.260081018482082e-05
tcn,loo_sample,5,9,-8.305647840489705e-08,-4.152823920244852e-07,0.0,0.0,0.0,0.0
tcn,loo_sample,5,10,8.563122923588129e-05,-5.5751661129497945e-06,0.00017318729235878596,9.975825804395044e-05,-6.585479754982633e-06,0.00021519179020624163
tcn,loo_sample,5,11,0.0001362126245847195,-0.00017958887043188293,0.00041878114617940887,2.0731318853081103e-05,-0.00022777904101213035,0.00026462451187691323
tcn,loo_sample,6,1,-8.803986710966827e-06,-2.2599667774115706e-05,3.8205980066519656e-06,-4.2912016458007685e-06,-9.956655850909935e-06,7.817481454042399e-07
tcn,loo_sample,6,2,1.7607973421932543e-05,7.64119601329824e-06,2.7740863787370145e-05,6.781941533822167e-06,2.861388329786274e-06,1.0603699482605033e-05
tcn,loo_sample,6,3,4.4019933554830804e-05,-3.089700996675385e-05,0.00016578903654485022,3.6617530511883215e-05,-9.017079743516064e-06,0.00011374861801114723
tcn,loo_sample,6,4,-6.727574750829079e-05,-9.551495016609798e-05,-3.919850498335242e-05,-2.5806790310212157e-05,-3.6033611449179495e-05,-1.579220324790199e-05
tcn,loo_sample,6,5,0.0,0.0,0.0,0.0,0.0,0.0
tcn,loo_sample,6,6,8.803986710971267e-06,-1.6611295681069614e-06,1.976744186046886e-05,2.8079155478633045e-06,-1.0749916226303335e-06,6.729722114456433e-06
tcn,loo_sample,6,7,-1.6112956810622192e-05,-2.3920265780720486e-05,-8.305647840559345e-06,-5.8519283754709935e-06,-8.94760310244644e-06,-2.744728120791158e-06
tcn,loo_sample,6,8,1.661129568107933e-06,-3.488372093025771e-06,6.146179402006874e-06,5.747757351204364e-07,-1.2383777215337346e-06,2.1898181580694823e-06
tcn,loo_sample,6,9,0.0,0.0,0.0,0.0,0.0,0.0
tcn,loo_sample,6,10,1.6611295681157045e-06,-3.6544850498176907e-06,6.644518272427319e-06,8.17097009832013e-07,-1.1481201277859787e-06,2.6625019589198435e-06
tcn,loo_sample,6,11,-1.9933554817197498e-06,-9.136212624570928e-06,5.149501661134703e-06,-5.588420285140838e-07,-3.506350019493537e-06,2.376438005602746e-06
tcn,loo_sample,7,1,8.803986710964606e-06,-8.139534883695898e-06,2.6748338870439513e-05,2.5628878772143705e-06,-3.985088762552075e-06,9.513585924203509e-06
tcn,loo_sample,7,2,4.983388704318248e-06,-9.136212624568817e-06,2.1428571428551398e-05,1.395607704897106e-06,-4.270945168092649e-06,8.147248457664597e-06
tcn,loo_sample,7,3,-6.312292358798821e-06,-4.036544850498805e-05,2.193106312293675e-05,-2.4851791122004753e-06,-1.5252947471276312e-05,8.251339903482864e-06
tcn,loo_sample,7,4,0.4428843023255814,0.4386590448504984,0.4471978488372093,0.33279237607195306,0.3282437767511882,0.33731894835715726
tcn,loo_sample,7,5,0.0,0.0,0.0,0.0,0.0,0.0
tcn,loo_sample,7,6,1.9435215946850272e-05,4.817275747541122e-06,3.372093023254719e-05,7.069142261151296e-06,1.5118109183409611e-06,1.26560328319677e-05
tcn,loo_sample,7,7,1.362126245847639e-05,-1.162790697648769e-06,3.0398671096363518e-05,5.766733330443419e-06,3.766967728813246e-08,1.2418373377780205e-05
tcn,loo_sample,7,8,-3.322259136107064e-07,-6.810631229209524e-06,6.146179402010315e-06,-1.6680866233409474e-07,-2.6301134173305206e-06,2.2172782495021293e-06
tcn,loo_sample,7,9,0.0,0.0,0.0,0.0,0.0,0.0
tcn,loo_sample,7,10,3.322259136205874e-06,-4.31893687707352e-06,1.0797342192661263e-05,1.829994686475267e-06,-1.3608698825572085e-06,5.084587393760411e-06
tcn,loo_sample,7,11,-1.594684385381906e-05,-2.8077242524930157e-05,-5.813953488357143e-06,-6.1137649408549155e-06,-1.0837253656826085e-05,-2.219364373208078e-06
tcn,loo_sample,8,1,-0.00010714285714284012,-0.0002272466777408601,1.4966777408643376e-05,-6.325619149007865e-05,-0.00012535456071776578,-2.4978513816243225e-06
tcn,loo_sample,8,2,0.00022524916943522877,0.00011311046511627997,0.00033953903654486347,0.00011971993597408747,5.797140597624365e-05,0.0001870679177766568
tcn,loo_sample,8,3,0.00010797342192692904,1.6445182724315342e-06,0.00021130398671097584,6.376408295556412e-05,1.860725390653459e-05,0.00010913880428139261
tcn,loo_sample,8,4,0.0004842192691030145,0.00030957641196014904,0.0006749335548173025,0.0002946125119210008,0.00020616619215990494,0.0003942412646032357
tcn,loo_sample,8,5,0.0,0.0,0.0,0.0,0.0,0.0
tcn,loo_sample,8,6,6.353820598007931e-05,-1.6625830564776732e-05,0.00013920681063124373,2.6836455872383257e-05,-5.826379192627462e-06,5.9085113608058536e-05
tcn,loo_sample,8,7,2.6578073089708055e-05,-9.770348837209286e-05,0.000143189368770782,1.65594914120637e-05,-5.7989243557314524e-05,8.575611421869316e-05
tcn,loo_sample,8,8,0.00028255813953489864,0.00017673588039867198,0.00039867524916944536,0.00016637804035524284,0.00010822927297026325,0.00022957523567542444
tcn,loo_sample,8,9,0.0,0.0,0.0,0.0,0.0,0.0
tcn,loo_sample,8,10,-2.026578073087926e-05,-4.5514950166097886e-05,2.6619601329036566e-06,-1.3350306862952577e-05,-2.4940540723776245e-05,-2.8110637285188037e-06
tcn,loo_sample,8,11,2.5747508305667965e-05,-2.426495016608665e-05,7.40863787375701e-05,9.731537819117619e-06,-1.2626199161857393e-05,3.161870089305301e-05
tcn,loo_sample,9,1,0.002781561461794022,0.0023787998338870423,0.003182757475083062,0.0017843347055264214,0.0014047189725810154,0.002194851389908125
tcn,loo_sample,9,2,-0.0008285714285714296,-0.0011990220099667745,-0.00047242317275748543,-0.000763700650838206,-0.0010835921413984832,-0.0004302477131021566
tcn,loo_sample,9,3,-4.5930232558134556e-05,-0.0005511586378737469,0.0004374730066445207,-0.00010443003749488478,-0.0005922072369309726,0.0003751725997867973
tcn,loo_sample,9,4,0.006927159468438535,0.006190278239202646,0.007645616694352148,0.006781227313619158,0.006069516986583334,0.007466971501075699
tcn,loo_sample,9,5,0.0,0.0,0.0,0.0,0.0,0.0
tcn,loo_sample,9,6,-2.3255813953426686e-06,-0.00024826619601327595,0.0002558534053156176,0.0001069120304229465,-0.00024732716805415803,0.00045133656528603764
tcn,loo_sample,9,7,-7.674418604651012e-05,-0.0002626495016611209,9.967607973421687e-05,-2.219170609236154e-05,-0.000293080090474007,0.0002501994210296918
tcn,loo_sample,9,8,0.00019692691029900676,5.170473421928881e-05,0.0003264202657807278,0.00022280428763138182,7.718407595213634e-05,0.0003606255616224748
tcn,loo_sample,9,9,0.0,0.0,0.0,0.0,0.0,0.0
tcn,loo_sample,9,10,0.00011112956810631403,-8.122923588038902e-05,0.00032345722591361326,8.136018663599143e-05,-0.00011022979416278855,0.0002849580777579137
tcn,loo_sample,9,11,-5.9302325581388485e-05,-0.0002659696843853742,0.00014568106312293227,-0.00011332182727372242,-0.00040629648275163,0.00016693618074209963
tcn,loo_sample,10,1,0.00023936877076411456,8.74999999997875e-06,0.00045980481727576504,0.00017154581237404986,4.874488079705553e-05,0.0002869859839490945
tcn,loo_sample,10,2,-0.0008829734219269158,-0.0010573318106312398,-0.0007101266611295813,-0.000507848911729295,-0.0006034820713840857,-0.00041197772431099253
tcn,loo_sample,10,3,0.0003230897009966582,0.00018752906976742065,0.0004704318936876542,0.00016778271959023928,0.00010172233790407653,0.0002400245676562633
tcn,loo_sample,10,4,0.001453986710963453,0.0009599294019933428,0.0019602034883721064,0.0009284666083479076,0.000648800084576416,0.0012265705844042984
tcn,loo_sample,10,5,0.0,0.0,0.0,0.0,0.0,0.0
tcn,loo_sample,10,6,-0.00023446843853820455,-0.0003505959302325457,-0.0001275685215947106,-0.00014408148003054787,-0.00020755396719127192,-8.757286159763289e-05
tcn,loo_sample,10,7,-0.0017770764119601557,-0.0021792607973422167,-0.0013736794019933943,-0.0010595742648379237,-0.0012982746146042894,-0.0008189340038959779
tcn,loo_sample,10,8,0.0003031561461793919,3.8924418604630094e-05,0.000561656976744165,0.00019253165536929352,3.221540769663939e-05,0.00035162964429986244
tcn,loo_sample,10,9,0.0,0.0,0.0,0.0,0.0,0.0
tcn,loo_sample,10,10,-6.677740863787696e-05,-0.00011179401993353615,-1.8409468438541096e-05,-3.903407731648212e-05,-6.253472633488209e-05,-1.3273648182278413e-05
tcn,loo_sample,10,11,0.00011644518272425519,6.644102990034878e-05,0.00017325996677738882,4.6890575459805906e-05,2.01995072804301e-05,7.665221349337394e-05
tcn,loo_sample,11,1,-0.0015807308970099466,-0.001974929401993333,-0.001189501661129542,-0.0008607914398412797,-0.0010770201486803891,-0.0006459433505209952
tcn,loo_sample,11,2,-0.0018295681063122827,-0.002069447674418599,-0.0015783887043189426,-0.0010841338220276596,-0.0012135612138624973,-0.0009506632567334694
tcn,loo_sample,11,3,0.0002378737541528464,6.609219269105294e-05,0.0003863911960132991,0.00012376547560080108,3.359785959286021e-05,0.00020539296531934577
tcn,loo_sample,11,4,0.0014871262458471769,0.0008645203488372383,0.002081117109634536,0.0008887207341634329,0.0005275944285616202,0.001223948456132014
tcn,loo_sample,11,5,0.0,0.0,0.0,0.0,0.0,0.0
tcn,loo_sample,11,6,-0.000319601328903637,-0.00043024086378735737,-0.0002013164451826917,-0.0001833363476474703,-0.0002499111106834835,-0.00010843093452915174
tcn,loo_sample,11,7,-0.0018446843853820527,-0.0020363787375414855,-0.001662936046511632,-0.0010865199938775993,-0.0011960405511115299,-0.0009801604490473363
tcn,loo_sample,11,8,2.2259136212627872e-05,-2.9580564784033453e-05,7.242940199333488e-05,2.2794051558944206e-05,-4.4058053112663865e-06,4.798806896352678e-05
tcn,loo_sample,11,9,0.0,0.0,0.0,0.0,0.0,0.0
tcn,loo_sample,11,10,0.018970265780730914,0.015483110465116308,0.022420456810631262,0.010691254386836904,0.008658831824088317,0.012668372392574177
tcn,loo_sample,11,11,-7.093023255813402e-05,-0.00012990033222590324,-1.694352159467888e-05,-3.9478748678101194e-05,-7.566540503370647e-05,-6.334767013171802e-06
tcn,loo_sample,12,1,0.0005024086378737491,0.00019272840531560947,0.0008333887043189349,0.0003811520945977942,0.00017993775623255083,0.0005901474119901561
tcn,loo_sample,12,2,0.0018392857142857067,0.0013684966777408533,0.002282230066445167,0.0011253131057145428,0.0008374384650674011,0.0013849788315451613
tcn,loo_sample,12,3,0.0005578073089700975,0.00027073504983389046,0.0008317649501661036,0.00032918228402435077,0.00014973024045992854,0.0005082200071338335
tcn,loo_sample,12,4,0.002004817275747508,0.001561943521594679,0.002448413621262462,0.001692157099419409,0.0013500608575405292,0.002039480920735507
tcn,loo_sample,12,5,0.0,0.0,0.0,0.0,0.0,0.0
tcn,loo_sample,12,6,0.0001843853820597996,1.9231727574752473e-05,0.0003395930232558091,8.48838240562455e-05,-3.248521669077048e-05,0.00019339609026023755
tcn,loo_sample,12,7,-0.00047458471760797425,-0.0009553488372093097,-0.0001104360465116233,-0.00036402737623650647,-0.0007019768504047678,-0.00010811534879580015
tcn,loo_sample,12,8,0.0003457641196013317,0.00022415282392025535,0.0004831561461794204,0.00021887334718664664,0.00013699812113853734,0.00030354806138199253
tcn,loo_sample,12,9,0.0,0.0,0.0,0.0,0.0,0.0
tcn,loo_sample,12,10,8.679401993355818e-05,1.569559800665296e-05,0.00015872923588040476,6.95835745806117e-05,1.6896308625746093e-05,0.00012540661931752237
tcn,loo_sample,12,11,-4.742524916943824e-05,-0.0001995037375415341,0.0001057475083056521,-0.00012793144060220364,-0.00024169346287758836,-1.5435770902264334e-05
tcn,loo_sample,13,1,0.00019285714285714018,0.00010764119601328326,0.00027674418604651613,8.211171380443139e-05,4.2538558774576134e-05,0.00012205193629672391
tcn,loo_sample,13,2,9.933554817276647e-05,3.1553156146183536e-05,0.00016014534883721288,5.2095502591524844e-05,1.943728111004861e-05,8.1641824110653e-05
tcn,loo_sample,13,3,0.00015116279069768535,4.401993355484951e-05,0.00025848421926909687,6.803894497238616e-05,2.298817694972477e-05,0.00011277351690973431
tcn,loo_sample,13,4,0.00039883720930232404,0.0002262416943521501,0.0005702657807309202,0.00021748011586269822,0.00013561275346475247,0.0002985750054966847
tcn,loo_sample,13,5,0.0,0.0,0.0,0.0,0.0,0.0
tcn,loo_sample,13,6,8.671096345515661e-05,6.353820598210285e-07,0.00017542774086379975,3.810605893241115e-05,3.9811953112858787e-07,7.433551178132115e-05
tcn,loo_sample,13,7,-4.5348837209290284e-05,-0.00010316445182725908,1.5622923588041774e-05,-2.0838464153426495e-05,-4.3868797491785826e-05,4.768520007076443e-06
tcn,loo_sample,13,8,-1.5282392026592094e-05,-5.183554817278349e-05,2.243770764119295e-05,-8.040979430011808e-06,-2.3844988948186293e-05,8.663861430522114e-06
tcn,loo_sample,13,9,0.0,0.0,0.0,0.0,0.0,0.0
tcn,loo_sample,13,10,-4.2691029900333574e-05,-7.840946843854822e-05,-1.1627906976738822e-05,-2.3168703571739835e-05,-3.9008457512975296e-05,-9.084943396476728e-06
tcn,loo_sample,13,11,-4.036544850497204e-05,-8.855066445183657e-05,7.9775747508602e-06,-1.685188152911632e-05,-3.432382367699505e-05,1.2690141341475367e-06
tcn,loo_sample,14,1,-0.00019784053156148395,-0.0002719352159468648,-0.00012989617940203235,-0.0001275715044716119,-0.00016793711244723403,-8.965468287996662e-05
tcn,loo_sample,14,2,-0.00016810631229237981,-0.00022840946843853446,-0.00011046096345513644,-9.868247548363573e-05,-0.0001333996249314816,-6.473824019524481e-05
tcn,loo_sample,14,3,-1.2541528239208288e-05,-5.6980897009966054e-05,3.439161129567111e-05,-1.1563603395127187e-05,-3.539288240799448e-05,1.1732701965707128e-05
tcn,loo_sample,14,4,-0.0001842192691029887,-0.00025134136212625447,-0.00011893687707641964,-0.0001038430392246037,-0.00014307316930388058,-6.800472034380004e-05
tcn,loo_sample,14,5,0.0,0.0,0.0,0.0,0.0,0.0
tcn,loo_sample,14,6,-6.810631229239306e-06,-4.003322259135092e-05,2.9734219269102106e-05,-7.782823635218427e-06,-2.8602452767662492e-05,1.4423959517964317e-05
tcn,loo_sample,14,7,-2.4086378737642187e-06,-3.538621262459801e-05,2.9900332225896304e-05,1.9143812427158125e-06,-1.6557103345758855e-05,1.9631990361697828e-05
tcn,loo_sample,14,8,-2.0764119601337504e-05,-4.219269102989229e-05,-1.6569767441849908e-06,-1.2039965387904416e-05,-2.287495385382571e-05,-1.7644779449907565e-06
tcn,loo_sample,14,9,0.0,0.0,0.0,0.0,0.0,0.0
tcn,loo_sample,14,10,0.0002960132890365363,0.00019698920265777832,0.00040519933554815233,0.0001887180176455594,0.0001264871939932426,0.00025788848116231025
tcn,loo_sample,14,11,-1.86046511628013e-05,-4.850913621265557e-05,1.1798172757461094e-05,-1.2204093870213928e-05,-2.925060572324381e-05,5.528642932607156e-06
tcn,loo_sample,15,1,0.0008962624584717621,0.00047424833887044573,0.0012997612126245982,0.0009838774243500737,0.0006211637944779531,0.0013277701746525787
tcn,loo_sample,15,2,0.00026511627906976255,-9.753322259138019e-05,0.0006212998338870486,0.00034896122672084306,4.946213145173614e-05,0.0006062190929245776
tcn,loo_sample,15,3,-1.5199335548175542e-05,-0.00046878114617940445,0.00039621262458471365,0.0005574138614813662,8.278316391620858e-05,0.0010020354105171538
tcn,loo_sample,15,4,0.0007760797342192661,0.0003292981727574705,0.0012306021594684392,0.0005356267000759707,-1.967836758816425e-06,0.0010986038868910574
tcn,loo_sample,15,5,0.0,0.0,0.0,0.0,0.0,0.0
tcn,loo_sample,15,6,0.0005363787375415269,0.0002983284883720845,0.0007889078073089725,-5.326219050689862e-05,-0.00037880368951003255,0.0002617096877499635
tcn,loo_sample,15,7,0.0001571428571428568,-7.885589700996474e-05,0.000382327657807314,0.00014799469473535275,-0.00012642021546821854,0.00041895841727356106
tcn,loo_sample,15,8,4.518272425248715e-05,-8.240863787376668e-05,0.00016448504983389617,0.00018787976684389807,1.3180366980308227e-05,0.0003558895864049548
tcn,loo_sample,15,9,0.0,0.0,0.0,0.0,0.0,0.0
tcn,loo_sample,15,10,5.074750830564911e-05,-2.269725913620529e-05,0.00013297549833888133,9.560995384924609e-05,-1.4436290914235954e-05,0.0002282608492031575
tcn,loo_sample,15,11,7.76578073089651e-05,-0.00019485880398671974,0.0003382578903654488,4.159583679891776e-05,-0.00021780335456914802,0.00028708980788710186
tcn,loo_sample,16,1,-0.00032524916943521553,-0.0007628073089700883,0.00013959302325581397,-0.0002773647248613953,-0.0007190157762492184,0.00020313182287804622
tcn,loo_sample,16,2,-0.0006754152823920178,-0.001030411129568097,-0.00031637043189367854,-0.00061737950517595,-0.0010076572185259425,-0.00023580441240529
tcn,loo_sample,16,3,0.0008012458471760831,0.000310674833887038,0.0012393044019933625,0.0004331405514381814,5.418514792957311e-05,0.000799112303061944
tcn,loo_sample,16,4,0.000582225913621266,0.00010792774086379652,0.0010274252491694388,0.0014010036455704112,0.0008355881919251352,0.001977067253753024
tcn,loo_sample,16,5,0.0,0.0,0.0,0.0,0.0,0.0
tcn,loo_sample,16,6,-0.00017383720930232272,-0.00043156146179401195,8.011835548172742e-05,-0.0002742378127290157,-0.0005138136675673595,-2.4846875490766227e-05
tcn,loo_sample,16,7,-0.0005854651162790659,-0.0008300975913621257,-0.0003480606312292349,-0.00026950730773245057,-0.0004894747077862876,-3.8475669188186086e-05
tcn,loo_sample,16,8,0.0002490033222591398,0.00011354858803987834,0.00039369808970100427,0.00011528040414004347,-8.113832686020186e-05,0.00029923338909601174
tcn,loo_sample,16,9,0.0,0.0,0.0,0.0,0.0,0.0
tcn,loo_sample,16,10,-5.3820598006641964e-05,-0.00015897009966777583,4.535714285714817e-05,3.2612380988017444e-06,-8.011096522528199e-05,9.156565778619607e-05
tcn,loo_sample,16,11,0.00030132890365448415,7.784260797341534e-05,0.0005228612956810518,0.00016363622428555713,-5.6669153078979826e-05,0.00038623647776730313
tcn,loo_sample,17,1,0.0007126245847176093,0.0005115780730896837,0.0009208056478405345,0.0004058777380530687,0.00028818893490109815,0.0005256833226895847
tcn,loo_sample,17,2,-6.926910299004163e-05,-0.00020716777408635986,6.495847176079098e-05,-2.68453157142301e-05,-0.00010350328838955696,4.57974887927811e-05
tcn,loo_sample,17,3,0.00012259136212625421,7.790697674394692e-06,0.0002385382059800501,4.2984014833726824e-05,-7.027773726535041e-06,9.710375793886953e-05
tcn,loo_sample,17,4,-0.0011029900332225962,-0.0013712915282392021,-0.000811777408637848,-0.0007375674870625348,-0.0009024068115159318,-0.0005627717879993123
tcn,loo_sample,17,5,0.0,0.0,0.0,0.0,0.0,0.0
tcn,loo_sample,17,6,-2.9401993355477883e-05,-0.0001244227574750647,7.259966777410451e-05,-3.728385992011307e-05,-8.762665890921386e-05,1.5552233544462276e-05
tcn,loo_sample,17,7,0.00048239202657807123,0.00035714285714286533,0.0005900539867109282,0.0002689670532570609,0.0002019168313925752,0.0003292612269947228
tcn,loo_sample,17,8,-1.0797342192695458e-05,-7.093438538206245e-05,5.017857142857225e-05,-1.1047474663036238e-05,-4.847640058728875e-05,2.4757667433117695e-05
tcn,loo_sample,17,9,0.0,0.0,0.0,0.0,0.0,0.0
tcn,loo_sample,17,10,-2.6495016611294276e-05,-5.7396179402001613e-05,2.661960132887697e-06,-1.6048969333180007e-05,-3.1888853452952255e-05,-1.8072946708498652e-06
tcn,loo_sample,17,11,1.2126245847166039e-05,-3.322259136214131e-05,5.581810631231044e-05,4.9771828332301205e-06,-1.4416153566863377e-05,2.382233620825413e-05
tcn,loo_sample,18,1,-0.00020199335548172327,-0.00041246262458471397,1.81436877076278e-05,-5.200839964263459e-05,-0.00017156318213160132,7.178543145513614e-05
tcn,loo_sample,18,2,2.9734219269096363e-05,-0.000157321428571451,0.00021830564784052078,-1.2516325372147197e-05,-0.0001316745243264809,0.00010522045740284744
tcn,loo_sample,18,3,0.00041843853820597743,0.00022140365448504004,0.0006010340531561492,0.00022856569009051974,0.00012161313254797756,0.0003280437081147956
tcn,loo_sample,18,4,0.0006333887043189446,0.0003743729235880483,0.0009021843853820597,0.0003572857543805841,0.0002057602559553898,0.000517160385826209
tcn,loo_sample,18,5,0.0,0.0,0.0,0.0,0.0,0.0
tcn,loo_sample,18,6,3.25581395348884e-05,-9.901993355480262e-05,0.00016794435215947918,5.3936138995120955e-05,-2.834425182399122e-05,0.0001371097332546482
tcn,loo_sample,18,7,-0.0004132890365448649,-0.0005936918604651103,-0.00023487126245848937,-0.00028472604038305536,-0.00038585643311841165,-0.0001853000030888105
tcn,loo_sample,18,8,8.122923588040121e-05,3.40531561461776e-05,0.0001232641196013425,4.5495250953050404e-05,1.4934223861700264e-05,7.170126450120305e-05
tcn,loo_sample,18,9,0.0,0.0,0.0,0.0,0.0,0.0
tcn,loo_sample,18,10,3.579734219269604e-05,-2.1677740863764723e-06,7.101744186045453e-05,2.3497408057123748e-05,3.6915144737441617e-06,4.273484603184865e-05
tcn,loo_sample,18,11,-0.00027358803986710756,-0.00037342192691028564,-0.0001764078073089867,-0.00015435451116525557,-0.00020859022857668873,-0.00010237759479453934
tcn,loo_sample,19,1,0.0016110465116279116,0.00029656353820595193,0.003003598421926951,0.0014087423638874151,0.0005309514773624842,0.002318201579642508
tcn,loo_sample,19,2,-0.004109966777408631,-0.005200867940199329,-0.0029114078073089744,-0.0025070288931124483,-0.0032327853691995383,-0.0017035078753436662
tcn,loo_sample,19,3,0.0015189368770764143,0.001164115448504985,0.0018491735880398587,0.0009396503455671712,0.0007126222341287442,0.0011519657473768906
tcn,loo_sample,19,4,-0.012635714285714274,-0.015974439368770767,-0.009066274916943484,-0.008238578660069806,-0.010508158905523536,-0.005801299429672195
tcn,loo_sample,19,5,0.0,0.0,0.0,0.0,0.0,0.0
tcn,loo_sample,19,6,0.00012857142857143676,-3.161960132888838e-05,0.00029851328903656343,9.838194741583317e-05,6.321764002153563e-06,0.00019514155917466726
tcn,loo_sample,19,7,0.13545830564784056,0.12695536129568108,0.14389560631229237,0.0939421517855914,0.08719075718227494,0.10094475933556099
tcn,loo_sample,19,8,0.055536212624584726,0.050531881229235874,0.060433081395348844,0.03380737072693527,0.030568585626188617,0.0371744943623686
tcn,loo_sample,19,9,0.0,0.0,0.0,0.0,0.0,0.0
tcn,loo_sample,19,10,-9.883720930232598e-05,-0.0002825664451827244,0.00012726744186046624,-6.049014741664527e-05,-0.00018806468053532416,8.920569110493139e-05
tcn,loo_sample,19,11,7.873754152822655e-05,-2.2109634551521152e-05,0.00018688953488369303,5.4354639305957967e-05,-5.801350468837674e-06,0.00011524556220025655
tcn,loo_sample,20,1,0.0004999999999999827,0.00039134136212623196,0.0006209509966777085,0.0002689012248186096,0.00020869158123963316,0.000333972193160577
tcn,loo_sample,20,2,0.00036926910299003526,0.0002220764119601453,0.000522292358804013,0.0002476961483893958,0.00016003703913804564,0.000337896793033392
tcn,loo_sample,20,3,5.26578073089623e-05,-7.625830564784956e-05,0.00017109634551494175,4.391302573971356e-05,-8.141649205549883e-06,9.020121563395946e-05
tcn,loo_sample,20,4,0.00021777408637874474,5.21470099667736e-05,0.00039021179401997814,0.0001412908092668097,5.7292385224134967e-05,0.000231155203221558
tcn,loo_sample,20,5,0.0,0.0,0.0,0.0,0.0,0.0
tcn,loo_sample,20,6,-3.7873754152826235e-05,-0.00011147425249169614,3.438538205978955e-05,-2.479173443555749e-05,-5.501066374518138e-05,4.431943265912107e-06
tcn,loo_sample,20,7,0.00011395348837210161,-0.00018953903654482442,0.0004421968438538148,0.00010514524354427346,-9.965578930771953e-05,0.0003227637303470756
tcn,loo_sample,20,8,3.945182724252372e-05,-1.213455149501183e-05,9.700996677739399e-05,3.0529057378125836e-05,1.6356198486505438e-06,6.235304278700153e-05
tcn,loo_sample,20,9,0.0,0.0,0.0,0.0,0.0,0.0
tcn,loo_sample,20,10,-3.488372093022884e-05,-6.079734219269903e-05,-1.1295681063159119e-05,-2.185520573687705e-05,-3.5000077562907876e-05,-1.0213230813876789e-05
tcn,loo_sample,20,11,2.3754152823926013e-05,-4.402408637874821e-05,8.987956810633212e-05,2.0963789993985182e-05,-5.697918608318919e-06,4.8272889547415025e-05
tcn,loo_sample,21,1,0.00014476744186045775,-0.0002476162790697715,0.0005217649501661108,-0.0003811625715984757,-0.0007596049673945218,-1.4636330083539312e-05
tcn,loo_sample,21,2,0.0004255813953488313,8.601744186046717e-05,0.0007733409468438543,0.00020806610362333444,-8.669154156071483e-05,0.0005025720507849962
tcn,loo_sample,21,3,-0.00022184385382060522,-0.0006010215946843936,0.0001368064784053066,-0.0005942270872425437,-0.0009594561223444869,-0.00029490991921805247
tcn,loo_sample,21,4,5.232558139528498e-06,-0.0006795971760797525,0.000671667358803985,8.847567683412216e-05,-0.0005265256570194671,0.0007036617613603575
tcn,loo_sample,21,5,0.0,0.0,0.0,0.0,0.0,0.0
tcn,loo_sample,21,6,0.00026237541528238484,-7.84198504983422e-05,0.0006458243355481634,0.0005175158912101563,0.00012917521383431317,0.0009650385620158643
tcn,loo_sample,21,7,-0.00012408637873754792,-0.0003613081395349016,0.00010845099667772948,0.00021346832475448773,8.461322344883088e-06,0.0004372284435589972
tcn,loo_sample,21,8,3.646179401992522e-05,-0.00010781146179402628,0.00018000207641195274,-0.00013091417737832846,-0.00028144769239119276,1.9585107579676476e-05
tcn,loo_sample,21,9,0.0,0.0,0.0,0.0,0.0,0.0
tcn,loo_sample,21,10,6.204318936876396e-05,-3.7541528239207217e-05,0.00016428779069767107,8.08645725177981e-05,-6.318577822660806e-05,0.0002221942853858444
tcn,loo_sample,21,11,-0.00010921926910299362,-0.00031014534883720994,9.106312292359194e-05,-3.387157992603362e-05,-0.0002718757333946066,0.00019229825586957036
tcn,loo_sample,22,1,0.002697176079734216,0.002240639534883723,0.003178098006644526,0.0017686369522248347,0.0014116348592466386,0.00213624579060244
tcn,loo_sample,22,2,-0.0011622923588039847,-0.0015845120431893633,-0.0007383534053156106,-0.0012815735602102485,-0.0017610931031811561,-0.0008413818776074365
tcn,loo_sample,22,3,0.0003164451827242476,-9.594476744186552e-05,0.0007276640365448438,0.00029905082035216915,-9.200740361131946e-05,0.0006595239088113504
tcn,loo_sample,22,4,0.009652242524916938,0.008782767857142854,0.010555080980066434,0.008946495814640682,0.007992086751250974,0.009889879926116266
tcn,loo_sample,22,5,0.0,0.0,0.0,0.0,0.0,0.0
tcn,loo_sample,22,6,5.506644518272541e-05,-0.00016964493355481973,0.0002506665282392041,-0.00016881017653759046,-0.0004280440249662629,0.00010272237287567982
tcn,loo_sample,22,7,-0.0003347176079734204,-0.0006417898671096345,-7.041943521594503e-05,-0.0002594517468312074,-0.0005821093666006171,5.793576795647698e-05
tcn,loo_sample,22,8,0.00021486710963455224,8.844892026578235e-05,0.00034610672757475635,0.0002864916560377495,0.000124627686691233,0.00047912327085794515
tcn,loo_sample,22,9,0.0,0.0,0.0,0.0,0.0,0.0
tcn,loo_sample,22,10,0.00027400332225912985,4.721760797340941e-05,0.0005045016611295648,0.00021369273213454055,2.1492745037569843e-05,0.0004205362613759957
tcn,loo_sample,22,11,-0.0002231727574750808,-0.00039969684385381907,-5.0325996677743494e-05,-0.00013270934745015727,-0.00034041569513535824,7.196220226201877e-05
tcn,loo_sample,23,1,-0.0009635382059800712,-0.0014084468438538265,-0.0005256291528239195,-0.0006996468946158885,-0.0010925112944058762,-0.00028550571598188535
tcn,loo_sample,23,2,0.00011395348837208718,-0.00024001868770764947,0.00045336171096344664,0.0003093948473469965,-6.033315564421191e-05,0.0006666008735354646
tcn,loo_sample,23,3,0.025574252491694347,0.024247155315614607,0.0270093687707641,0.02025196087092699,0.019238443543005655,0.02131601534133463
tcn,loo_sample,23,4,-0.009928820598006647,-0.010688872508305655,-0.009198473837209318,-0.009782000478330631,-0.01056156281702903,-0.00901648352997481
tcn,loo_sample,23,5,0.0,0.0,0.0,0.0,0.0,0.0
tcn,loo_sample,23,6,0.0006078073089701053,0.00029750415282391994,0.0009407412790697665,0.0005004996929178551,0.00021509340553764732,0.0007816621762308607
tcn,loo_sample,23,7,0.0003212624584717549,0.00013138704318935623,0.0005101411960132807,0.00013418547996269293,-8.949715630231933e-05,0.00034842389339695656
tcn,loo_sample,23,8,0.0001230066445182665,2.1426495016601126e-05,0.00023721137873753746,0.0002009276527453885,8.628707548702816e-05,0.000324281720977753
tcn,loo_sample,23,9,0.0,0.0,0.0,0.0,0.0,0.0
tcn,loo_sample,23,10,-3.504983388705196e-05,-0.00011296096345515336,3.986710963453638e-05,-1.985170598162056e-05,-0.00013917831343895936,0.00010872654644901032
tcn,loo_sample,23,11,2.433554817274808e-05,-0.00017858388704319588,0.00022882267441859391,0.00011240593557311329,-8.128715002960416e-05,0.0003203253622693144
tcn,loo_sample,24,1,0.1085152823920266,0.10301755813953492,0.11398877491694351,0.07047900593777336,0.06680171553273619,0.07405110779633264
tcn,loo_sample,24,2,0.005610548172757492,0.004169757059800672,0.007141455564784076,0.0035682888749516404,0.0027383613723095833,0.0044861687948384065
tcn,loo_sample,24,3,0.00044335548172758863,0.00030630813953489984,0.0005920639534883913,0.00023335597924984186,0.0001589292722173596,0.00031482644129044124
tcn,loo_sample,24,4,0.000497009966777422,0.00035448089700997,0.000646557308970101,0.000232956496184763,0.0001625953910001923,0.00030806756509211647
tcn,loo_sample,24,5,0.0,0.0,0.0,0.0,0.0,0.0
tcn,loo_sample,24,6,9.800664451828589e-05,2.4584717607989362e-05,0.00016960963455149873,6.339360743945366e-05,2.38401037370885e-05,0.0001033375158231831
tcn,loo_sample,24,7,0.0016563122923588225,0.000828077242524925,0.0024491777408638094,0.0009889932601544194,0.0005046590381296503,0.001456710713743458
tcn,loo_sample,24,8,0.0008079734219269119,0.0006177699335548233,0.0010126993355481537,0.0004743681210124784,0.00036849010158957276,0.0005906964493953298
tcn,loo_sample,24,9,0.0,0.0,0.0,0.0,0.0,0.0
tcn,loo_sample,24,10,-0.0003363787375415073,-0.00042509136212622755,-0.00023919850498336877,-0.00019773689530259376,-0.00025103486708439676,-0.00014101839941732097
tcn,loo_sample,24,11,1.4950166112955853e-05,-4.2865448504992664e-05,7.292774086378617e-05,6.1182322748609684e-06,-2.348001367282873e-05,3.613157502361749e-05
tcn,loo_sample,25,1,0.009292940199335544,0.007261987126245832,0.011698355481727575,0.006451840186353534,0.005269713224821845,0.007888859825233765
tcn,loo_sample,25,2,0.2898229235880399,0.2849726910299004,0.29458032807308965,0.23427681930274094,0.23017364962963935,0.23819095925971423
tcn,loo_sample,25,3,0.0003519102990033085,0.0001988164451826974,0.0005134593023256066,0.00021484908727326558,0.00013253826046394192,0.0003024814364832326
tcn,loo_sample,25,4,-0.0010705149501661216,-0.0013526661129568465,-0.0007935091362126367,-0.000588405676225453,-0.0007237456414364206,-0.0004613083502590659
tcn,loo_sample,25,5,0.0,0.0,0.0,0.0,0.0,0.0
tcn,loo_sample,25,6,3.297342192691399e-05,-0.0001086378737541653,0.00018373961794023626,2.5413990928060404e-05,-4.9093723701928075e-05,0.0001015465091122211
tcn,loo_sample,25,7,0.003853239202657812,0.0030820494186046257,0.004675332225913652,0.0021841867285104376,0.001728157818862735,0.002664366911595007
tcn,loo_sample,25,8,0.000465697674418597,0.000327869601328889,0.000624767441860451,0.0002709327882764767,0.00019007767064673273,0.00036142322554558106
tcn,loo_sample,25,9,0.0,0.0,0.0,0.0,0.0,0.0
tcn,loo_sample,25,10,-0.00019676079734219144,-0.0002516777408637711,-0.00014642234219270554,-0.000113264343410997,-0.00014511721124157488,-8.393725512228463e-05
tcn,loo_sample,25,11,-4.892026578073083e-05,-0.00012725083056478394,3.298795681062225e-05,-1.9826036139440896e-05,-6.305717522605033e-05,2.2216853944348934e-05
tcn,loo_sample,26,1,0.00016860465116278923,5.63122923588852e-06,0.00033940199335548427,4.192275268192436e-05,-4.968962228851717e-05,0.00013374282664145996
tcn,loo_sample,26,2,0.0006478405315614688,0.0004875207641196204,0.0008245888704318988,0.0003454828026752188,0.00025730951301392236,0.0004393883602713461
tcn,loo_sample,26,3,0.0009940199335548138,0.0007906810631229174,0.001187047342192698,0.0005936679157162883,0.00048432829505506503,0.0007022649137601254
tcn,loo_sample,26,4,0.365648754152824,0.36018826619601324,0.371333328488372,0.31616533191066015,0.31231356697178875,0.32009281435926706
tcn,loo_sample,26,5,0.0,0.0,0.0,0.0,0.0,0.0
tcn,loo_sample,26,6,0.0004892026578073106,0.00032389950166113684,0.0006717649501661234,0.00029010062262200707,0.00019667767690902612,0.0003945815564402297
tcn,loo_sample,26,7,-0.0006061461794020163,-0.0007240905315614807,-0.0004903654485050109,-0.000324646940461647,-0.00038394258783147053,-0.0002631946455258048
tcn,loo_sample,26,8,-0.00028056478405316665,-0.0004189576411960466,-0.00015697259136213435,-0.00016347033287916312,-0.00025126690016414395,-8.382139581799857e-05
tcn,loo_sample,26,9,0.0,0.0,0.0,0.0,0.0,0.0
tcn,loo_sample,26,10,6.935215946843098e-05,-2.4181893687686196e-05,0.00015931478405316668,4.559170581652894e-05,-5.50092899312804e-06,9.692215764357462e-05
tcn,loo_sample,26,11,-6.370431893689355e-05,-0.00017541735880400499,3.888704318934635e-05,-3.19671890834794e-05,-9.096135719777974e-05,2.4246628457697647e-05
tcn,loo_sample,27,1,-0.0006393687707641238,-0.0012481769102990015,4.677948504983121e-05,-0.00027153964908672724,-0.0006719901482619276,0.0001859209563006355
tcn,loo_sample,27,2,-0.0023689368770764218,-0.00272625000000001,-0.0020082059800664567,-0.0017217085274967602,-0.0019661621898817093,-0.0014901449549013753
tcn,loo_sample,27,3,0.00018538205980065948,-0.0001335755813953486,0.0005029401993355444,-0.00014929551040383072,-0.0003730551878159134,7.431756587187314e-05
tcn,loo_sample,27,4,0.008187707641196005,0.0075160714285714275,0.008856922757475055,0.0067584980585016505,0.006247985038812968,0.007263729111168018
tcn,loo_sample,27,5,0.0,0.0,0.0,0.0,0.0,0.0
tcn,loo_sample,27,6,-0.00046345514950166586,-0.0007785402823920336,-0.00018919227574750526,-0.0003538164978655822,-0.000579943870333814,-0.00014337945695615072
tcn,loo_sample,27,7,-0.002069684385382068,-0.0024239451827242782,-0.0017278986710963463,-0.0013107061834870149,-0.0015299265145977928,-0.0011006165333673865
tcn,loo_sample,27,8,0.0001031561461793995,1.121054817275649e-05,0.00020732350498338736,5.197213218008701e-05,-1.7746470097338705e-06,0.0001099220159463454
tcn,loo_sample,27,9,0.0,0.0,0.0,0.0,0.0,0.0
tcn,loo_sample,27,10,0.009243106312292356,0.006728700166112961,0.01185407392026578,0.005767264870063185,0.004170485005235977,0.007457654091318121
tcn,loo_sample,27,11,0.0001877076411960077,4.54651162790615e-05,0.00033590531561462016,0.0001260455881056366,3.644035033956076e-05,0.00022155420233457292
tcn,loo_sample,28,1,0.00036287375415282487,-5.0247093023254595e-05,0.0007897466777408652,0.0001500341210093281,-0.00019969855146599784,0.0005016338736542798
tcn,loo_sample,28,2,0.0005546511627906935,0.00016342607973421813,0.0009477761627906954,0.0008199285807646062,0.00043987378844882275,0.0011811113514127113
tcn,loo_sample,28,3,0.0006722591362126274,0.0001651702657807332,0.0012020161960132963,0.000690677833167257,9.822857224419715e-05,0.0012459643521740282
tcn,loo_sample,28,4,0.0015946013289036476,0.0008841133720930136,0.0022922342192690883,0.0010285075212974803,0.00039794112514472625,0.0016815256641764952
tcn,loo_sample,28,5,0.0,0.0,0.0,0.0,0.0,0.0
tcn,loo_sample,28,6,0.00011561461794019956,-0.00012061877076413001,0.0003584676079734261,0.000501385306854113,0.00022907335561244197,0.0007827023662811881
tcn,loo_sample,28,7,-3.3471760797343376e-05,-0.00024926079734220307,0.00016953488372092084,-0.0003977386456132859,-0.000610842933773438,-0.00018787356679324913
tcn,loo_sample,28,8,5.315614617936726e-06,-0.00010448504983389564,0.00012408637873753044,-1.737222949238615e-05,-0.00015101457998219835,0.00011106337233387494
tcn,loo_sample,28,9,0.0,0.0,0.0,0.0,0.0,0.0
tcn,loo_sample,28,10,9.792358803985768e-05,-1.694559800666143e-05,0.0002066694352159442,5.625992260344659e-05,-9.024093173395585e-05,0.0002343901642439483
tcn,loo_sample,28,11,-0.00017799003322259587,-0.0003665323920265819,4.254568106305432e-06,-1.5237358733288797e-06,-0.00017835564535454774,0.00019252967422921625
tcn,zero,1,1,0.00016411960132891812,6.660714285714953e-05,0.00026960548172761094,9.00810589866996e-05,4.82261714848988e-05,0.00013470423690063927
tcn,zero,1,2,0.00011328903654485467,-5.068521594685585e-05,0.00025431893687706265,4.2858663150557866e-05,-2.860230334444469e-05,0.00010466794016092367
tcn,zero,1,3,0.0001558139534883607,6.210963455144458e-05,0.00024353820598004832,6.358994800869766e-05,2.0332907588584525e-05,0.00010174594839437155
tcn,zero,1,4,0.00017259136212623204,9.451411960129189e-05,0.0002458471760797092,8.355566961379068e-05,4.9410963217364596e-05,0.00011574487507799251
tcn,zero,1,5,0.0,0.0,0.0,0.0,0.0,0.0
tcn,zero,1,6,5.398671096344954e-05,-8.026993355481863e-05,0.00018888289036543402,3.343608456352509e-05,-2.4957629376318042e-05,9.320735983121934e-05
tcn,zero,1,7,-5.813953488364998e-06,-3.6378737541522846e-05,2.3762458471784023e-05,7.710112980596761e-07,-1.2416375953909486e-05,1.3153991801527068e-05
tcn,zero,1,8,7.3089700996775695e-06,-4.318936877068025e-06,1.8770764119598994e-05,5.061941441829587e-06,-5.610588260802907e-07,1.0755295425969645e-05
tcn,zero,1,9,0.0,0.0,0.0,0.0,0.0,0.0
tcn,zero,1,10,-1.2292358803983605e-05,-2.1760797342210786e-05,-2.4916943521535447e-06,-5.2031528566331975e-06,-9.675628822293503e-06,-5.375016935468834e-07
tcn,zero,1,11,-8.803986710967937e-06,-1.9933554817284177e-05,1.9933554817032906e-06,-3.6008731035841457e-06,-7.994915576856942e-06,8.476285008048861e-07
tcn,zero,2,1,0.0003854651162790801,9.194144518272931e-05,0.0007051785714285829,0.0001505820117457013,1.7074120495258973e-05,0.0002974205199171947
tcn,zero,2,2,0.00031411960132889604,0.0001431810631228772,0.0004895722591362279,0.0001628487683261659,8.392537271103587e-05,0.0002417568869148642
tcn,zero,2,3,0.00019867109634551738,8.188953488372037e-05,0.0003304568106312222,0.0001000247101627083,4.899907538844545e-05,0.00015918279800043145
tcn,zero,2,4,0.00040980066445184927,0.00023321013289038313,0.0005890573089701256,0.00018405670200608793,0.00010577552595388542,0.00026325372444905784
tcn,zero,2,5,0.0,0.0,0.0,0.0,0.0,0.0
tcn,zero,2,6,-0.0006707641196013181,-0.0009159925249169265,-0.00045911544850496647,-0.0003775034669733679,-0.0004938313406110445,-0.0002785513387115203
tcn,zero,2,7,5.847176079736172e-05,1.7097176079778453e-05,0.00010083887043191606,3.058130786557256e-05,1.1744560747940807e-05,4.983821835735848e-05
tcn,zero,2,8,2.375415282392379e-05,2.9900332226171776e-06,4.2861295681073005e-05,1.4363903596980032e-05,4.244621248267438e-06,2.3835362441473577e-05
tcn,zero,2,9,0.0,0.0,0.0,0.0,0.0,0.0
tcn,zero,2,10,-6.179401993355426e-05,-8.356312292358544e-05,-4.317691029899036e-05,-3.237473315917949e-05,-4.34022952142265e-05,-2.2471763835533356e-05
tcn,zero,2,11,-7.475083056478482e-06,-2.873754152825236e-05,1.1461794019930693e-05,-1.4828336766548045e-06,-1.152248428029562e-05,7.6737581228341e-06
tcn,zero,3,1,0.006225664451827239,0.0037751100498338848,0.008726594684385375,0.005542636430052958,0.003196955219023973,0.007881585703167118
tcn,zero,3,2,0.0017971760797342157,-0.0011363911960132996,0.00478440822259135,-0.0013848539232664658,-0.0038557196827832523,0.00127906533826939
tcn,zero,3,3,0.0029232558139534862,0.0007568770764119648,0.005218779069767442,0.0022565654122119294,0.000539240168920152,0.004035570976896138
tcn,zero,3,4,0.004426578073089696,0.003143230897009965,0.005686202242524911,0.003335637888896029,0.002083508156034301,0.004607404754597401
tcn,zero,3,5,0.0,0.0,0.0,0.0,0.0,0.0
tcn,zero,3,6,0.0014551495016611282,-0.000697335963455155,0.0035584821428571484,-1.0464642268983582e-05,-0.001617078644027785,0.001618206226405407
tcn,zero,3,7,-0.00029551495016611693,-0.0007289617940199448,0.00017118770764118835,-0.00019099672442830063,-0.0005378358988799384,0.00015098753055452015
tcn,zero,3,8,-6.146179402001239e-06,-0.00012462209302326302,0.00010523671096344009,-1.52096017019121e-05,-0.0001578369519471408,0.00012056805900105079
tcn,zero,3,9,0.0,0.0,0.0,0.0,0.0,0.0
tcn,zero,3,10,0.00016951827242524088,-4.7857142857155805e-05,0.00039742732558137447,0.00020488292433948896,-6.834385488797329e-06,0.0004415260831493419
tcn,zero,3,11,0.00022491694352158587,5.497715946843198e-05,0.00039213870431892343,0.00015959726023465293,-5.3940728939155966e-05,0.0003987453948457829
tcn,zero,4,1,0.014078737541528243,0.008674418604651162,0.019698974252491692,0.009605810389691723,0.00501033133416912,0.01440771553943343
tcn,zero,4,2,0.005619102990033228,1.835963455150199e-05,0.01111809385382061,0.0037445605570599672,-0.0010353143924811121,0.00857027667020027
tcn,zero,4,3,0.00842392026578073,0.005354368770764116,0.011490215946843855,0.0057500257249205235,0.003273507888978792,0.00826749938668823
tcn,zero,4,4,0.009959468438538207,0.007366507475083057,0.012344078073089695,0.008292480734241764,0.006094470744591654,0.010352791239376704
tcn,zero,4,5,0.0,0.0,0.0,0.0,0.0,0.0
tcn,zero,4,6,0.006534883720930239,0.0017734302325581458,0.011430637458471758,0.004139212744299041,-0.00016820121333442642,0.008741911953721522
tcn,zero,4,7,0.0014843853820597974,0.0008800041528239085,0.002195859634551497,0.0007700158601389517,0.0003359630044125455,0.001297189277861571
tcn,zero,4,8,-0.00015564784053155977,-0.0003446968438538274,3.12333887043205e-05,-0.00013111392540513634,-0.00032028024212996754,5.4392329659997587e-05
tcn,zero,4,9,0.0,0.0,0.0,0.0,0.0,0.0
tcn,zero,4,10,0.16537524916943522,0.12351224252491694,0.20572390780730893,0.12009783101861958,0.08637245585572188,0.15207402987433993
tcn,zero,4,11,6.478405315616387e-06,-0.00016066445182724452,0.0001809053156146178,-1.8857326460204328e-05,-0.00019123019904899782,0.0001487989204106244
tcn,zero,5,1,0.0009346345514950155,-0.00149162375415283,0.0033197840531561536,0.0006121666832903017,-0.0011777779942563867,0.002428278141399858
tcn,zero,5,2,0.000764700996677734,-0.002260151578073102,0.0038205315614617936,0.0017494195273300773,-0.0005616754646775862,0.00417104507367235
tcn,zero,5,3,0.000630980066445177,-0.0020524418604651357,0.0031854526578073126,0.0006517987913352453,-0.0014636982413596374,0.002658309360483781
tcn,zero,5,4,0.0011084717607973348,-0.0003039846345514946,0.0026830772425249193,-0.0010388437810082895,-0.0024128115570677755,0.0004948541105769706
tcn,zero,5,5,0.0,0.0,0.0,0.0,0.0,0.0
tcn,zero,5,6,-0.005274335548172761,-0.007829887873754155,-0.0029755481727574713,-0.004005990841438518,-0.006129873963922468,-0.0021115463713560242
tcn,zero,5,7,-6.769102990032638e-05,-0.0003505004152823856,0.00022996885382060687,0.00018013355358259875,-0.000101601557099347,0.0004591223025277393
tcn,zero,5,8,-0.00017001661129568025,-0.0003255876245847177,-3.0363372093019757e-05,-0.00013106223828863062,-0.0002641220800341049,-1.3183979610718934e-05
tcn,zero,5,9,0.0,0.0,0.0,0.0,0.0,0.0
tcn,zero,5,10,0.00010681063122923384,-2.1636212624612096e-06,0.00022094061461794528,9.009545420280208e-05,-1.7409312296514074e-05,0.00019564099211943602
tcn,zero,5,11,0.0002583887043189331,-2.7888289036541806e-05,0.0005382495847175926,0.0001508696150794431,-0.00012311337445939415,0.0004270521937474283
tcn,zero,6,1,-3.4551495016598155e-05,-8.32225913621177e-05,1.3621262458464456e-05,-1.0557050500659138e-05,-2.920174353666477e-05,7.337195229640355e-06
tcn,zero,6,2,-7.375415282392494e-05,-0.00014136212624584764,-1.3280730897028959e-05,-2.5382634434263363e-05,-5.0436012019312665e-05,-3.916108246051211e-06
tcn,zero,6,3,1.661129568153452e-07,-5.780730897009084e-05,7.442275747508807e-05,1.991482200197847e-05,-1.3713198395505888e-05,6.769435234000334e-05
tcn,zero,6,4,-3.089700996676381e-05,-7.259136212623313e-05,8.974252491716133e-06,-1.4550113314105718e-05,-3.0795345067988254e-05,9.7653118387203e-07
tcn,zero,6,5,0.0,0.0,0.0,0.0,0.0,0.0
tcn,zero,6,6,-2.8737541528219835e-05,-7.408637873752479e-05,1.5282392026604667e-05,-1.5655236806775274e-05,-3.432925455652463e-05,2.10061950451867e-06
tcn,zero,6,7,-2.109634551494044e-05,-3.1565614617947994e-05,-1.1125415282370344e-05,-7.830518089225746e-06,-1.1987040703521356e-05,-3.505848086501258e-06
tcn,zero,6,8,1.993355481730852e-06,-2.495847176089916e-06,7.142857142868997e-06,7.363277915128919e-07,-8.926728331335453e-07,2.5844475477441726e-06
tcn,zero,6,9,0.0,0.0,0.0,0.0,0.0,0.0
tcn,zero,6,10,1.1627906976763303e-06,-4.817275747511813e-06,7.475083056470711e-06,5.206437794236241e-07,-1.7807857521146831e-06,2.9833741404787776e-06
tcn,zero,6,11,-9.966777408565441e-07,-7.97342192691905e-06,5.984219269128515e-06,1.3405192554438726e-07,-2.597347870275074e-06,3.0157428976685087e-06
tcn,zero,7,1,-9.152823920267616e-05,-0.00015996677740865334,-2.408637873757616e-05,-4.6381319603153725e-05,-7.304705944892994e-05,-1.9630596693186235e-05
tcn,zero,7,2,-2.4750830564782554e-05,-0.0001126287375415109,5.865863787375761e-05,-7.929620863912356e-06,-4.4927646601663236e-05,2.6512366195517014e-05
tcn,zero,7,3,3.936877076413437e-05,-1.8936877076395936e-05,9.203073089701736e-05,2.0572057447583168e-05,-1.3587354208283717e-06,4.0319202332955035e-05
tcn,zero,7,4,0.43703372093023257,0.43322272840531556,0.44082928571428576,0.3257963516847679,0.32196200765776994,0.3295947514780517
tcn,zero,7,5,0.0,0.0,0.0,0.0,0.0,0.0
tcn,zero,7,6,3.0897009966790454e-05,-1.7952657807287164e-05,8.156561461794779e-05,6.7159382708359415e-06,-1.1474473401189095e-05,2.5718957931632905e-05
tcn,zero,7,7,3.98671096344505e-06,-9.634551495020266e-06,1.9933554817259366e-05,9.357162809353614e-07,-4.246661424478493e-06,6.624424311988202e-06
tcn,zero,7,8,1.6611295680424299e-07,-6.47840531561869e-06,6.4784053156090595e-06,-4.764308724314326e-08,-2.62199173302452e-06,2.3542739988783024e-06
tcn,zero,7,9,0.0,0.0,0.0,0.0,0.0,0.0
tcn,zero,7,10,2.1594684385306538e-06,-3.82059800666082e-06,8.305647840523151e-06,9.492637326224962e-07,-1.5605920244026738e-06,3.543613983936816e-06
tcn,zero,7,11,-1.2126245847179363e-05,-2.176495016611857e-05,-2.657807308964227e-06,-4.981850940064536e-06,-8.70162940767011e-06,-1.3812469877023948e-06
tcn,zero,8,1,0.00012176079734221634,-0.0002335631229235635,0.00046312707641200566,0.00011300888476428183,-4.51623762180817e-05,0.0002640963562961728
tcn,zero,8,2,0.0010127906976744394,0.0005545431893687673,0.0015105024916943618,0.00039569207961628883,0.0001978512990867724,0.00060548789076604
tcn,zero,8,3,-0.0007433554817275567,-0.0012385049833886768,-0.00027955564784049497,-0.0005271619642734748,-0.0007729028389879029,-0.0002953955456220471
tcn,zero,8,4,0.000497009966777432,0.0001486378737541546,0.0008531561461794197,0.00023021769887826449,3.8359937349207865e-05,0.0004226275379880977
tcn,zero,8,5,0.0,0.0,0.0,0.0,0.0,0.0
tcn,zero,8,6,-0.0012770764119601197,-0.0017967774086378654,-0.0007956810631229147,-0.0006912910567437913,-0.0009544991118424916,-0.00044867645805165424
tcn,zero,8,7,0.00014601328903657285,-2.8571428571408042e-05,0.00028058139534885897,8.664660572746508e-05,-2.0460299631069126e-05,0.0001688491582722318
tcn,zero,8,8,0.0002659468438538348,0.00015547342192692132,0.00037245431893688855,0.0001566489354017664,9.410770123742992e-05,0.0002162586623876384
tcn,zero,8,9,0.0,0.0,0.0,0.0,0.0,0.0
tcn,zero,8,10,-3.803986710961604e-05,-6.429401993352109e-05,-1.2292358803977415e-05,-2.017434977875321e-05,-3.23079911785e-05,-9.06880295553498e-06
tcn,zero,8,11,2.707641196015187e-05,-1.4127906976743375e-05,6.860465116279951e-05,1.2494217063369062e-05,-6.209654838387756e-06,3.055892406084103e-05
tcn,zero,9,1,0.004832558139534891,0.0015491839700996811,0.008243818521594688,0.0026735158151555472,-0.00027714910134128364,0.005853925405084998
tcn,zero,9,2,0.0011989202657807325,-0.002254694767441861,0.004975735049833882,0.002268452770224785,-0.0005287537111199978,0.005275336529765901
tcn,zero,9,3,-0.0008951827242524873,-0.0033558700166112887,0.0015420390365448564,-0.0009998413731340527,-0.0029597378368129684,0.0009799274038976185
tcn,zero,9,4,0.001582308970099665,0.0003934676079734183,0.00276704734219269,0.0008638861609639781,-0.00014474173289023774,0.0018641930449493636
tcn,zero,9,5,0.0,0.0,0.0,0.0,0.0,0.0
tcn,zero,9,6,-0.005259302325581391,-0.007487259136212621,-0.0030610465116279106,-0.004818077610048346,-0.006382579434915793,-0.003235538224873643
tcn,zero,9,7,-0.0007137873754152735,-0.0010940531561461713,-0.0003205191029900157,-0.00017921516554771254,-0.0004419794630706756,8.790623382894722e-05
tcn,zero,9,8,-2.458471760796943e-05,-0.00013223629568106499,8.04858803986849e-05,5.314815175139764e-05,-6.896801116086956e-05,0.0001756914125006396
tcn,zero,9,9,0.0,0.0,0.0,0.0,0.0,0.0
tcn,zero,9,10,0.00014003322259136363,-8.88787375415255e-05,0.00038739202657807483,0.00011414577865353825,-7.592230113051939e-05,0.00032546317892418505
tcn,zero,9,11,-0.0002127076411960116,-0.00039206187707640914,-4.949543189367701e-05,-0.00019641339966992022,-0.000464731688321709,7.240948148786908e-05
tcn,zero,10,1,0.0017840531561461692,0.001042828073089698,0.002515722591362109,0.0010954954401336604,0.0006921994690683141,0.0014914666404381696
tcn,zero,10,2,0.003039700996677738,0.002268413621262464,0.0038443812292358755,0.0016964085726057221,0.0012591896123122102,0.002140667318423201
tcn,zero,10,3,0.001836544850498345,0.0012616237541528184,0.002401524086378734,0.0010440831595699529,0.0007815094527284556,0.0012981728308366395
tcn,zero,10,4,0.0015014950166112905,0.001046536544850497,0.0019264327242524896,0.0009639933508970677,0.0007217270942971571,0.001190375679673928
tcn,zero,10,5,0.0,0.0,0.0,0.0,0.0,0.0
tcn,zero,10,6,0.002195514950166102,0.0014991403654485086,0.002885581395348821,0.0011569096153626,0.0008148624712881057,0.0014993772461183044
tcn,zero,10,7,0.0008428571428571386,0.0005277284053156044,0.0011704775747508394,0.0004448288840481596,0.0002791354227297684,0.0006158238883780037
tcn,zero,10,8,0.0001016611295680947,3.4883720930055098e-06,0.0001951868770764011,7.238075343960814e-05,1.3144424748167322e-05,0.00012796637223628116
tcn,zero,10,9,0.0,0.0,0.0,0.0,0.0,0.0
tcn,zero,10,10,9.634551495011357e-06,-2.8571428571423e-05,4.58471760797376e-05,6.699371831246914e-06,-1.3377499020067822e-05,2.5938029468651123e-05
tcn,zero,10,11,8.471760797341133e-05,3.4547342192679025e-05,0.0001392068106312175,3.290938799313525e-05,7.937270372250727e-06,5.910181771558077e-05
tcn,zero,11,1,0.002025083056478424,0.001497117940199359,0.0025887500000000233,0.0010694133871871358,0.0007627841158769343,0.001377524055727894
tcn,zero,11,2,0.0037910299003322346,0.0031359426910299187,0.004407371262458461,0.0022417600399920303,0.0018687083235855604,0.002591569849186679
tcn,zero,11,3,0.0012599667774086344,0.0008210880398671073,0.0017324210963455145,0.0007051520223136332,0.0004564690896854431,0.0009643375670491119
tcn,zero,11,4,0.002364036544850512,0.0018745535714285919,0.0028699563953488473,0.0013520742110632333,0.0010667900465757233,0.0016448152791226336
tcn,zero,11,5,0.0,0.0,0.0,0.0,0.0,0.0
tcn,zero,11,6,-0.00995531561461792,-0.011563230897009941,-0.008461906146179376,-0.005798295283978025,-0.006722435070714489,-0.00494125197747768
tcn,zero,11,7,-0.0006760797342192481,-0.0009096594684385154,-0.00044015780730895595,-0.00040245451163544945,-0.0005272919035184009,-0.0002748796100483658
tcn,zero,11,8,-9.999999999999343e-05,-0.0001553197674418471,-3.935215946842561e-05,-5.70042790875247e-05,-8.916744858843434e-05,-2.1444440533019338e-05
tcn,zero,11,9,0.0,0.0,0.0,0.0,0.0,0.0
tcn,zero,11,10,0.01900215946843854,0.01572682724252494,0.022391748338870435,0.010714351378330624,0.008837624761529324,0.012659733004443305
tcn,zero,11,11,-2.7076411960127445e-05,-8.207641196012296e-05,2.8077242524942483e-05,-1.6256580024075483e-05,-4.860026500810929e-05,1.527699324150624e-05
tcn,zero,12,1,0.00897906976744186,0.007256461794019929,0.010771474252491689,0.006589324737739037,0.005409529076058589,0.00786920247807666
tcn,zero,12,2,0.012391279069767438,0.010896962209302322,0.01387693936877076,0.008774110867868137,0.007701036300402342,0.009863954556871815
tcn,zero,12,3,0.005696428571428571,0.004392578903654484,0.006953203903654484,0.004025745993811357,0.003275604923492606,0.004752567083903616
tcn,zero,12,4,0.006263122923588037,0.005526212624584714,0.007140336378737531,0.005238205869181059,0.004647880407925159,0.0058967022263787345
tcn,zero,12,5,0.0,0.0,0.0,0.0,0.0,0.0
tcn,zero,12,6,-0.018331727574750833,-0.020066457641196026,-0.016667088870431893,-0.01296199968444529,-0.014046473590883202,-0.011971142246624234
tcn,zero,12,7,0.0027947674418604606,0.0021374314784053045,0.003446791943521594,0.001784106745324745,0.0013875390210969212,0.0021824376545792343
tcn,zero,12,8,0.0001029900332225897,-5.525332225914472e-05,0.00025930232558138574,5.991940081554237e-05,-6.086430572789092e-05,0.00018804191897314903
tcn,zero,12,9,0.0,0.0,0.0,0.0,0.0,0.0
tcn,zero,12,10,0.0002843853820598019,2.4916943522638095e-07,0.00061714285714287,0.0002519674126345506,3.4131492512252894e-05,0.0005113709143641874
tcn,zero,12,11,0.0005109634551494946,0.0003739202657807205,0.000651166943521587,0.0002989951747933284,0.00020537132722653968,0.0003947155981731748
tcn,zero,13,1,0.0005602990033222565,5.3122923588027005e-05,0.0010593563122923383,0.00027414554084532084,4.6223403718977764e-05,0.0004974001277682108
tcn,zero,13,2,0.00023239202657807212,-7.659053156144918e-05,0.000548193521594697,8.905085779138399e-06,-0.00012564491815039453,0.00014432020219968324
tcn,zero,13,3,-0.00026029900332226854,-0.0008050705980066601,0.0002104692691029905,-5.72162525728348e-05,-0.00028158092335446333,0.0001365749501579268
tcn,zero,13,4,-0.00011985049833887262,-0.00041956187707643426,0.0001783367940199177,-2.02279068548028e-05,-0.00015623647312520172,0.00011498005478898433
tcn,zero,13,5,0.0,0.0,0.0,0.0,0.0,0.0
tcn,zero,13,6,-0.0003916943521594496,-0.0010965240863787136,0.00028580149501659393,-0.00020087944235968713,-0.0005028053037296795,9.64303507093086e-05
tcn,zero,13,7,9.65116279069822e-05,3.072674418603497e-05,0.0001623089700996707,4.0208622103229396e-05,1.4127117079576923e-05,6.603636428801592e-05
tcn,zero,13,8,-1.9186046511622257e-05,-5.3156146179384383e-05,2.1762873754155297e-05,-7.675290334202555e-06,-2.2065765797762205e-05,1.1170249257498298e-05
tcn,zero,13,9,0.0,0.0,0.0,0.0,0.0,0.0
tcn,zero,13,10,-6.0631229235883486e-05,-9.436046511629162e-05,-2.9568106312295395e-05,-2.8058962883728e-05,-4.3384044338052906e-05,-1.3874234889379314e-05
tcn,zero,13,11,-3.7541528239204425e-05,-8.040282392028753e-05,3.3347176079816117e-06,-1.4276470303115074e-05,-3.116932140461853e-05,1.5689446907755008e-06
tcn,zero,14,1,0.0004021594684385366,0.0002111254152823925,0.000578243355481731,0.00024839035721246905,0.0001438909942803579,0.0003459621403738791
tcn,zero,14,2,0.0007420265780730828,0.0005446760797342125,0.0009539950166112897,0.0005204671743018574,0.0004013987614914001,0.000652864746451975
tcn,zero,14,3,0.000253654485049829,0.00013171096345514384,0.00036844269102990807,0.00017257872340839086,9.916395038466052e-05,0.00023897019923956316
tcn,zero,14,4,0.00010681063122924051,-1.8774916943497477e-05,0.00023289036544851485,0.00012091340481892976,4.62612467408556e-05,0.00019700333341140632
tcn,zero,14,5,0.0,0.0,0.0,0.0,0.0,0.0
tcn,zero,14,6,0.000601993355481717,0.0004672715946843689,0.0007375872093023244,0.00037212078043572183,0.0002968387682722295,0.00045008448525323935
tcn,zero,14,7,-3.5548172757485786e-05,-6.761212624583956e-05,-4.314784053173921e-06,-1.8087261520629562e-05,-3.5950598213584733e-05,-1.2104943215410401e-06
tcn,zero,14,8,-1.1794019933556442e-05,-2.8405315614623754e-05,5.481727574769946e-06,-4.942361398878603e-06,-1.3752418459316545e-05,4.066978291594022e-06
tcn,zero,14,9,0.0,0.0,0.0,0.0,0.0,0.0
tcn,zero,14,10,0.0003147840531561474,0.00021012873754151188,0.00043206395348837755,0.00020026193475091935,0.00013480985837137848,0.0002745900872491532
tcn,zero,14,11,-1.860465116280907e-05,-3.737541528240359e-05,6.644518271959887e-07,-1.1418225755729372e-05,-2.1521481945966062e-05,-3.19977345213442e-07
tcn,zero,15,1,0.001778820598006639,-0.0005256706810631357,0.00408830357142857,0.001573035873962627,-0.00045937195465551466,0.0035695857484149404
tcn,zero,15,2,0.005261544850498342,0.0025933679401993408,0.00808497715946845,0.0030188947958274125,0.0003920649154351337,0.005654661504441732
tcn,zero,15,3,0.0030008305647840554,-0.00013272009966777337,0.0062610091362126285,0.002773441409777311,0.0003587857043303493,0.005240922041258742
tcn,zero,15,4,0.002396096345514946,0.0012031955980066423,0.003606852159468438,0.001219932806488727,-0.0001282747935320695,0.0026362076654505603
tcn,zero,15,5,0.0,0.0,0.0,0.0,0.0,0.0
tcn,zero,15,6,-0.0010729235880398702,-0.0033633098006644463,0.0014448837209302217,-0.0010515731112450632,-0.0033289363998549168,0.0014177619213828875
tcn,zero,15,7,0.0007136212624584692,0.00031241694352158886,0.0011234634551495035,0.0004781648289910978,0.00016972808940267308,0.0008042520509066443
tcn,zero,15,8,0.00013729235880398705,2.4748754152827332e-05,0.0002546719269102998,0.00019576518015937072,3.7488605743036227e-05,0.0003662600572075426
tcn,zero,15,9,0.0,0.0,0.0,0.0,0.0,0.0
tcn,zero,15,10,-1.644518272425677e-05,-9.387458471760798e-05,6.397840531561232e-05,0.00014341045442696433,3.457338650377442e-05,0.00027945812700326284
tcn,zero,15,11,0.00021420265780731028,4.966777408633869e-06,0.00040307308970099316,0.0002060402919972437,-4.820275820188138e-05,0.0004641264719205993
tcn,zero,16,1,-0.00021968438538205571,-0.002766995431893687,0.0024975269933554776,0.000592952065564517,-0.0018163105901995657,0.0031270496416626182
tcn,zero,16,2,0.002725747508305646,-0.00021968646179402,0.005577257059800651,-9.467283932547921e-05,-0.0022410543586881587,0.002146295759156979
tcn,zero,16,3,0.00029169435215947335,-0.002012950581395337,0.003052969269102998,-0.0002705943528804389,-0.0021509082492505026,0.0019323616537746519
tcn,zero,16,4,0.0022520764119601383,0.0008886607142857231,0.003654885797342198,0.0027851778622514744,0.0013480827644975055,0.004311551075126692
tcn,zero,16,5,0.0,0.0,0.0,0.0,0.0,0.0
tcn,zero,16,6,0.00273945182724253,-0.000589271179401987,0.006214894102990032,0.002310904198962045,-0.00032667524895832077,0.004993537215013881
tcn,zero,16,7,0.00018621262458472232,-0.00012852159468438302,0.000497595514950173,0.000177882916979617,-7.4067943693825e-05,0.00040181132934614597
tcn,zero,16,8,0.0002039036544850531,8.569559800664572e-05,0.00031838039867110155,5.346868808638883e-05,-0.00015074385073793624,0.00022564641894475755
tcn,zero,16,9,0.0,0.0,0.0,0.0,0.0,0.0
tcn,zero,16,10,-3.629568106312209e-05,-0.00012417358803986842,4.901785714285617e-05,-5.5335838301751036e-06,-0.0001126821920981635,9.652331126313679e-05
tcn,zero,16,11,0.00018081395348838015,-2.4252491694344e-05,0.0003826619601328955,9.659266665260625e-05,-0.0001517065151530417,0.0003467607643517987
tcn,zero,17,1,0.0004265780730897006,-0.0003517691029900369,0.0011331810631229206,0.0003794008550119965,7.070336621155676e-05,0.0006716625586021565
tcn,zero,17,2,0.0010559800664451835,0.0003862126245847507,0.0017095224252491928,0.0006870963648539385,0.0004073416883542199,0.0009763697031017431
tcn,zero,17,3,0.0002054817275747567,-0.0003016860465115918,0.0006829526578073189,0.00019755787105600996,-1.0481068995220637e-05,0.00039425120890507854
tcn,zero,17,4,0.0003877076411959968,1.8592192691028966e-05,0.0007259219269102801,0.00022127621972552026,6.235436347652953e-05,0.00036740716285720617
tcn,zero,17,5,0.0,0.0,0.0,0.0,0.0,0.0
tcn,zero,17,6,-0.0012792358803986603,-0.0019127782392026548,-0.000655514950166102,-0.0010692554917931718,-0.0013998935816857962,-0.0007504402301352871
tcn,zero,17,7,0.00038637873754152394,0.0002671013289036574,0.0004996760797342283,0.0002603077274611043,0.00019486465543249606,0.0003205212885945467
tcn,zero,17,8,1.2624584717606524e-05,-1.8774916943541414e-05,4.436046511627915e-05,1.520805677920345e-06,-1.3047554779446497e-05,1.7404251385964245e-05
tcn,zero,17,9,0.0,0.0,0.0,0.0,0.0,0.0
tcn,zero,17,10,-2.142857142857446e-05,-4.98421926910502e-05,7.807308970104843e-06,-9.916208122302539e-06,-2.433787835232548e-05,4.248571445823213e-06
tcn,zero,17,11,-3.471760797342238e-05,-7.059800664450422e-05,4.152823918223788e-09,-1.2355844465383737e-05,-2.9661598768696618e-05,5.309646665853868e-06
tcn,zero,18,1,0.0029051495016611363,0.0015752284053156195,0.0043584883720930185,0.001638276469379525,0.0009044095501497533,0.002409585270649572
tcn,zero,18,2,0.004655315614617933,0.0034197799003322085,0.005863583887043184,0.0026901979484176696,0.0020132953408252695,0.0033637683721617533
tcn,zero,18,3,0.0018866279069767412,0.001244638704318936,0.002526922757475081,0.0009756411426606981,0.0006317347889158941,0.001311500151927997
tcn,zero,18,4,0.0034644518272425296,0.00301926079734219,0.0039367192691029925,0.0020060416716923025,0.0017626019145625142,0.0022572230609125784
tcn,zero,18,5,0.0,0.0,0.0,0.0,0.0,0.0
tcn,zero,18,6,-0.003023754152823932,-0.004313181063122945,-0.001774352159468448,-0.001996720773205951,-0.002656678713317705,-0.0013539167132054974
tcn,zero,18,7,0.0006943521594684366,0.00044713455149502225,0.000951333056478404,0.000407168956889431,0.0002827173993480768,0.0005420798539285724
tcn,zero,18,8,1.3289036544872345e-06,-9.252491694351177e-05,8.921096345515124e-05,-9.612144599202567e-07,-5.336617199542354e-05,4.623207070481283e-05
tcn,zero,18,9,0.0,0.0,0.0,0.0,0.0,0.0
tcn,zero,18,10,6.578073089700931e-05,5.473421926889433e-06,0.00012575166112956517,4.228984153469173e-05,8.271444290531365e-06,7.75793757859729e-05
tcn,zero,18,11,-6.229235880398365e-05,-0.00015420265780729194,2.4588870431885046e-05,-3.6467246322614556e-05,-8.723037587445046e-05,9.675189765907606e-06
tcn,zero,19,1,0.003932225913621266,0.002622176079734238,0.005394036544850513,0.0024661359542281127,0.0016976590013960487,0.003344360166796452
tcn,zero,19,2,0.005083887043189367,0.00373637043189367,0.006478089700996665,0.003359703932008985,0.002488823394918061,0.004303893174886517
tcn,zero,19,3,0.002535215946843865,0.00178753322259136,0.0033099750830564967,0.001875265480743189,0.0014145697628021692,0.0023454324123039156
tcn,zero,19,4,-0.00020614617940198365,-0.0010877906976744128,0.0006845390365448653,-0.00022480679985974693,-0.0007628453152208657,0.0003308189198467749
tcn,zero,19,5,0.0,0.0,0.0,0.0,0.0,0.0
tcn,zero,19,6,-0.003941362126245832,-0.005279738372092981,-0.0025794352159468513,-0.002107934404936719,-0.002889942128255135,-0.0012992796745308623
tcn,zero,19,7,0.1369171096345515,0.1284122591362126,0.14504075166112954,0.09524861711466867,0.08843114880856956,0.10186870197498676
tcn,zero,19,8,0.060048837209302326,0.055387080564784065,0.06439412375415283,0.0370403486641375,0.03394290247693727,0.04007885979000946
tcn,zero,19,9,0.0,0.0,0.0,0.0,0.0,0.0
tcn,zero,19,10,4.4850498338884216e-05,-3.106312292355212e-05,0.00012409053156145621,3.461986531256955e-05,-1.7085075220230506e-05,8.761756640473537e-05
tcn,zero,19,11,2.8820598006648048e-05,-3.2227990033210166e-05,8.887043189369882e-05,1.5362833392554843e-05,-2.1867418794230373e-05,5.1244246170561575e-05
tcn,zero,20,1,-1.8438538205981513e-05,-0.000563218438538208,0.0005023588039867153,3.938574415324414e-05,-0.00019825856808012023,0.00025377553360027315
tcn,zero,20,2,0.0003415282392026586,-0.00040022840531560414,0.0010715406976743989,0.0002503176133763563,-8.281242446462539e-05,0.0005757340845685016
tcn,zero,20,3,3.272425249170485e-05,-0.000320319767441841,0.0004006810631229489,6.663700618229074e-05,-8.999907511052569e-05,0.00022517465590086777
tcn,zero,20,4,0.0005845514950166019,0.00022149086378736563,0.0009238164451827115,0.00033829506324127735,0.00017419924370358573,0.0004944895214302672
tcn,zero,20,5,0.0,0.0,0.0,0.0,0.0,0.0
tcn,zero,20,6,0.0004310631229235995,-0.0003692151162790554,0.0011976370431894064,0.00015791454843624208,-0.00022868882693818175,0.0005191389147356974
tcn,zero,20,7,-1.1295681063103747e-05,-0.0005806270764119424,0.0005852450166113148,2.6496217705374026e-06,-0.00036994196143923827,0.0004081424169482106
tcn,zero,20,8,7.541528239202289e-05,6.964285714289559e-06,0.00014999999999996402,5.1947359582620315e-05,1.1459248094663032e-05,9.547005691702332e-05
tcn,zero,20,9,0.0,0.0,0.0,0.0,0.0,0.0
tcn,zero,20,10,-3.4053156146167665e-05,-6.761212624585985e-05,-4.152823920255927e-06,-2.2750291879832797e-05,-4.098428875146054e-05,-5.671698472155407e-06
tcn,zero,20,11,2.873754152824426e-05,-2.5436046511643358e-05,9.10299003322316e-05,2.2118358057349186e-05,-1.6444821790426724e-06,4.859296849138087e-05
tcn,zero,21,1,-0.0037796511627907012,-0.006538021179402009,-0.0010345265780730983,-0.0038111382192048994,-0.006149555230739111,-0.0013937870085915201
tcn,zero,21,2,-0.007104401993355486,-0.009465589700996677,-0.004864057308970108,-0.006014907160052148,-0.007971678567302729,-0.004075128826717942
tcn,zero,21,3,0.0016917774086378746,-0.0006857184385382022,0.004010664451827247,0.0013673107465250944,-0.0005630118531876033,0.0031424193559138145
tcn,zero,21,4,-0.00043720930232558577,-0.001824848421926919,0.0009703488372093004,-0.0004059826484090856,-0.001804758803179115,0.001079561339788188
tcn,zero,21,5,0.0,0.0,0.0,0.0,0.0,0.0
tcn,zero,21,6,0.002891445182724249,0.0005597196843853798,0.005322940199335553,0.002490668180079405,0.0006918494410955327,0.004445117725865423
tcn,zero,21,7,-0.00011121262458472502,-0.0005364098837209424,0.00033064784053154627,0.00014988863271728992,-0.00018152562710330159,0.00048417525585178056
tcn,zero,21,8,-9.368770764120404e-05,-0.00021762458471761108,1.720722591361271e-05,-0.00016193372485368563,-0.0002764624878920133,-3.447781472771353e-05
tcn,zero,21,9,0.0,0.0,0.0,0.0,0.0,0.0
tcn,zero,21,10,7.450166112955736e-05,-2.226744186047956e-05,0.0001701079734219113,-2.126132664398317e-05,-0.00015007876899095123,0.00010141438996863489
tcn,zero,21,11,-1.4617940199338486e-05,-0.0001647944352159506,0.00013887458471759684,4.7647136404951326e-05,-0.0001665926412951345,0.0002454271896160722
tcn,zero,22,1,0.0035765780730897014,0.0008210880398671153,0.006422533222591355,0.0002892338301461117,-0.0021503916284851586,0.0026504057570980546
tcn,zero,22,2,-0.00245672757475083,-0.004974773671096352,0.0003397591362126307,-0.002139697979987447,-0.004877627475911492,0.0007965283734062776
tcn,zero,22,3,0.001240614617940201,-0.0013393459302325627,0.003661179401993354,0.0008847757880606821,-0.0011970176944459475,0.0028204503553647107
tcn,zero,22,4,0.0028319767441860465,0.0014816279069767469,0.0041495286544850525,0.0038565221220491974,0.0021059373539191787,0.005559660859086881
tcn,zero,22,5,0.0,0.0,0.0,0.0,0.0,0.0
tcn,zero,22,6,-0.009950996677740869,-0.013601355897009967,-0.006392483388704327,-0.007824831933428365,-0.010934001514740286,-0.004726082461304749
tcn,zero,22,7,-0.00033504983388704445,-0.0006836088039867048,3.408637873754288e-05,-0.00011263107191997635,-0.00041210505337963964,0.00020147650746717206
tcn,zero,22,8,-5.107973421927259e-05,-0.00018472176079734398,7.98235049833896e-05,0.00011041041110555816,-3.303021198580791e-05,0.00026636935763356417
tcn,zero,22,9,0.0,0.0,0.0,0.0,0.0,0.0
tcn,zero,22,10,0.0004032392026578069,0.00011708887043189747,0.0007049439368770798,0.0002752797061419865,4.108421244162245e-05,0.0005519573761609223
tcn,zero,22,11,1.1295681063114848e-05,-0.00013804194352161594,0.00016877284053156005,-6.965954066498025e-05,-0.0002786846934955579,0.00013942185046514273
tcn,zero,23,1,0.0013985049833886976,-0.002070739202657813,0.005147354651162783,0.0010887894748691917,-0.001740781791145388,0.0039701784307495155
tcn,zero,23,2,0.0074019102990033215,0.003374576411960128,0.011735029069767448,0.006123809818796301,0.0024768693295090655,0.00992975865119401
tcn,zero,23,3,0.03126553156146181,0.029226835548172764,0.03340776162790698,0.024091365606271963,0.022295365933179132,0.025959944945859067
tcn,zero,23,4,0.0018849667774086321,0.0006970598006644494,0.003050365448504978,0.0007625673391554977,-0.0005668918376177428,0.002079070606004804
tcn,zero,23,5,0.0,0.0,0.0,0.0,0.0,0.0
tcn,zero,23,6,5.398671096338292e-06,-0.002236542774086388,0.00206689368770763,9.940470155461845e-05,-0.0015761244834993642,0.0016164155970952913
tcn,zero,23,7,5.066445182718704e-06,-0.00029462832225914386,0.0003067421096345332,5.54632722109194e-05,-0.0002770819304126086,0.0003738483294716887
tcn,zero,23,8,9.43521594684349e-05,-1.6299833887048643e-05,0.0002112956810631162,0.00017645928685072198,7.157278546880527e-05,0.0002832989362812018
tcn,zero,23,9,0.0,0.0,0.0,0.0,0.0,0.0
tcn,zero,23,10,2.657807308968918e-06,-8.589285714285936e-05,9.254152823920372e-05,-1.745253947702752e-05,-0.00012521188378251797,0.00010396449713200328
tcn,zero,23,11,4.3853820598002135e-05,-0.00013455564784053853,0.00021848837209302198,0.00023406479878956943,7.465721500389075e-05,0.0003881585352560641
tcn,zero,24,1,0.1086828903654485,0.10303924418604653,0.11442669019933555,0.07015309680200552,0.06641175015737824,0.0739111790654607
tcn,zero,24,2,0.003684551495016618,0.0028875249169435383,0.004459505813953482,0.0020692478755514566,0.0016468566945337002,0.002498582093949252
tcn,zero,24,3,0.0016843853820598031,0.0011427782392027092,0.0022081686046511676,0.0008551776085921514,0.0005943399932656438,0.001108538247916509
tcn,zero,24,4,0.0014892026578073182,0.0011674003322259174,0.0017919642857142876,0.0007794281750553345,0.0006139177491372164,0.0009388717971956784
tcn,zero,24,5,0.0,0.0,0.0,0.0,0.0,0.0
tcn,zero,24,6,-0.013328986710963444,-0.01454410091362124,-0.012060946843853827,-0.007472638578762124,-0.008148996460950984,-0.006781456993438755
tcn,zero,24,7,0.0003710132890365536,-4.261212624584081e-05,0.0007727990033222516,0.00023172587793014897,6.5220518398417535e-06,0.0004502505616412714
tcn,zero,24,8,0.0002993355481727611,0.0001973380398671195,0.00039850498338870493,0.00016577101874646783,0.00011305989111408286,0.00021908321499537972
tcn,zero,24,9,0.0,0.0,0.0,0.0,0.0,0.0
tcn,zero,24,10,-9.900332225912023e-05,-0.000173089700996628,-2.4418604651153557e-05,-5.559664136672526e-05,-9.676010458047563e-05,-1.5214138486421204e-05
tcn,zero,24,11,8.305647840540776e-06,-3.6549003322270124e-05,4.9169435215964677e-05,6.127774534905317e-06,-1.992054384397388e-05,2.9371930002021577e-05
tcn,zero,25,1,0.0010052325581395305,0.00024647840531561994,0.0017571158637873653,0.0005746107750819551,0.00017780264773361264,0.0009773167799526502
tcn,zero,25,2,0.29063039867109636,0.2855780544019934,0.29579559385382054,0.23606127218070586,0.23168517385069223,0.24046403343093317
tcn,zero,25,3,0.0004449335548172817,-5.770556478407384e-05,0.0009342068106312268,0.00030423591224008504,3.454188527714705e-05,0.0005602428411387035
tcn,zero,25,4,0.0023500830564784003,0.0018611067275747736,0.0028711378737541443,0.001435851071439742,0.0011847086757288932,0.001703656991850087
tcn,zero,25,5,0.0,0.0,0.0,0.0,0.0,0.0
tcn,zero,25,6,-0.005275498338870436,-0.006725556478405352,-0.003763571428571429,-0.0028042808245281625,-0.0035891414698796618,-0.001989632620274474
tcn,zero,25,7,0.0009819767441860416,0.0005925186877076338,0.0013548421926910389,0.0004932812935438891,0.0002739520896997423,0.0007044857226458772
tcn,zero,25,8,3.878737541527566e-05,-4.4032392026591786e-05,0.00011994601328899822,2.359538024450658e-05,-1.986580280347605e-05,6.610458317882225e-05
tcn,zero,25,9,0.0,0.0,0.0,0.0,0.0,0.0
tcn,zero,25,10,-5.6727574750832235e-05,-0.00010018272425250583,-1.2624584717631699e-05,-3.181110082451366e-05,-5.548467424097148e-05,-9.367066653911349e-06
tcn,zero,25,11,-3.828903654485738e-05,-0.00010542566445184515,2.7574750830571843e-05,-1.4743649038722052e-05,-5.1008897360793396e-05,2.1030285740548326e-05
tcn,zero,26,1,0.0025778239202657784,0.0017897259136212685,0.0033954111295681115,0.0016309990104372985,0.0012230276958925081,0.0020682152292605623
tcn,zero,26,2,0.004285880398671089,0.003194314784053161,0.00537942275747508,0.002577623357880349,0.0020182207334439426,0.003141910831651043
tcn,zero,26,3,0.0023116279069767386,0.0014119476744185867,0.003195768272425239,0.0013031668250651119,0.0008252140010412528,0.0017486797501819057
tcn,zero,26,4,0.3506955980066446,0.3450817836378739,0.35597576204318937,0.2997298169698579,0.2954950554323417,0.3039986838942762
tcn,zero,26,5,0.0,0.0,0.0,0.0,0.0,0.0
tcn,zero,26,6,-0.0031641196013289076,-0.00485070182724255,-0.0015133679401993394,-0.0012128774997497537,-0.002103121485458011,-0.00033732837811993496
tcn,zero,26,7,-0.0004524086378737524,-0.0006425705980066366,-0.00025348006644517347,-0.0002022237564591056,-0.00030143746291404563,-9.866323602592072e-05
tcn,zero,26,8,5.813953488366108e-06,-6.313538205982777e-05,7.32599667774004e-05,-2.9789793592538418e-06,-3.9719174247439066e-05,3.157677541883673e-05
tcn,zero,26,9,0.0,0.0,0.0,0.0,0.0,0.0
tcn,zero,26,10,9.601328903654615e-05,4.2342192691023045e-05,0.00015000415282392658,4.930879466772176e-05,2.0061243852918018e-05,8.023349198353065e-05
tcn,zero,26,11,7.034883720929086e-05,-2.7009966777389896e-05,0.00016561877076410553,3.943900735122852e-05,-9.975516746659057e-06,8.546303397564117e-05
tcn,zero,27,1,0.0060872093023255835,0.004226644518272433,0.007974019933554809,0.004078483869830173,0.0028725258811632443,0.005306190867799888
tcn,zero,27,2,0.00826436877076412,0.005501333056478412,0.011506054817275749,0.006556507652544379,0.004535446123306155,0.008951364357230356
tcn,zero,27,3,0.005452657807308967,0.004139671926910296,0.006728745847176075,0.0036741701818821925,0.0026210990762180713,0.004661951101505658
tcn,zero,27,4,0.006585880398671088,0.005915917774086372,0.007285855481727569,0.0055332475632048515,0.005052890239382661,0.00602807013823436
tcn,zero,27,5,0.0,0.0,0.0,0.0,0.0,0.0
tcn,zero,27,6,-0.00810016611295682,-0.010280938538205995,-0.005765153654485044,-0.005417168824346469,-0.006854577018810764,-0.0038997043741922687
tcn,zero,27,7,-0.0007153654485049854,-0.001026681893687711,-0.000426067275747519,-0.000371564478489731,-0.0005828767507889764,-0.00018092349917268524
tcn,zero,27,8,4.908637873753952e-05,-2.9335548172762956e-05,0.0001238413621262455,7.211073304199678e-06,-5.1705755027756124e-05,6.1030327491217836e-05
tcn,zero,27,9,0.0,0.0,0.0,0.0,0.0,0.0
tcn,zero,27,10,0.009246345514950162,0.0066465303156146155,0.011911401578073088,0.005771695410295886,0.004128316488511728,0.007454024238753039
tcn,zero,27,11,0.00017649501661129107,6.459717607972618e-05,0.0002985901162790758,0.0001182638889939458,3.991223552815137e-05,0.0002072963002379696
tcn,zero,28,1,0.003790448504983389,0.0008253426079734173,0.006821636212624596,0.00472104868667603,0.002100828505928708,0.00734812620781815
tcn,zero,28,2,0.008,0.004489825581395347,0.011504063538205983,0.007245598423606325,0.0041291113844663515,0.010435643001775052
tcn,zero,28,3,0.003375083056478405,0.0011395245016611395,0.0056256000830564815,0.004201915437304515,0.0023803036175167862,0.00599561892049409
tcn,zero,28,4,0.005855730897009965,0.004258548588039868,0.0074788475913621245,0.005369518389881011,0.0036326159093488376,0.007167176207163731
tcn,zero,28,5,0.0,0.0,0.0,0.0,0.0,0.0
tcn,zero,28,6,-0.0074229235880398725,-0.01082170265780731,-0.0042586835548172825,-0.0066370595027203175,-0.00935567023198528,-0.003997336230001072
tcn,zero,28,7,0.0009813122923588002,0.000618002491694338,0.0013689078073089713,0.0006615804729176733,0.0003207811736555117,0.0010386496769108826
tcn,zero,28,8,5.091362126245502e-05,-5.499169435217288e-05,0.00015825373754152757,-2.2205000040806942e-05,-0.00014144934108314592,0.00012089951010357503
tcn,zero,28,9,0.0,0.0,0.0,0.0,0.0,0.0
tcn,zero,28,10,0.00017117940199335325,-3.1862541528250763e-05,0.0003932184385382052,0.00013525601978713885,-8.480167897607829e-05,0.00036999282926573576
tcn,zero,28,11,0.00022906976744185736,6.593230897009386e-05,0.0003892192691029859,0.00034739807461954265,0.00015856728592737902,0.0005367387438221373
transformer,conditional,1,1,-5.0664451827251437e-05,-7.209717607977274e-05,-2.873338870431801e-05,-2.751506439142015e-05,-3.7649075428464376e-05,-1.7447825170335328e-05
transformer,conditional,1,2,1.445182724251315e-05,-3.82059800664572e-06,3.505398671096383e-05,8.098699211464e-06,5.238927295906914e-07,1.6901017686969026e-05
transformer,conditional,1,3,1.1627906976728886e-05,-8.471760797354178e-06,2.9069767441865068e-05,4.43176169140469e-06,-3.651184148838471e-06,1.192432658414477e-05
transformer,conditional,1,4,7.740863787374597e-05,4.235465116278397e-05,0.00011611295681059598,3.905698795039436e-05,2.2772121988249293e-05,5.6477297892825785e-05
transformer,conditional,1,5,0.0,0.0,0.0,0.0,0.0,0.0
transformer,conditional,1,6,1.3122923588033686e-05,5.149501661133593e-06,2.1100498338865743e-05,6.8193758868551055e-06,3.3835379965420355e-06,1.0360321751287953e-05
transformer,conditional,1,7,1.2292358803979165e-05,1.4908637873669309e-06,2.5913621262433683e-05,6.731825830662563e-06,1.7457457986245205e-06,1.2388393741116386e-05
transformer,conditional,1,8,-1.9933554817299637e-05,-3.2225913621282134e-05,-9.634551495048465e-06,-9.568689672698749e-06,-1.534831028469022e-05,-4.4821016688600675e-06
transformer,conditional,1,9,0.0,0.0,0.0,0.0,0.0,0.0
transformer,conditional,1,10,3.3222591362069844e-07,-7.641196013274009e-06,6.976744186034723e-06,-2.2155239479459965e-07,-3.865921472294309e-06,2.919823981187924e-06
transformer,conditional,1,11,-1.7607973421943646e-05,-2.8239202657804053e-05,-6.146179402037072e-06,-7.530333029804881e-06,-1.2004042849710405e-05,-2.816477149805791e-06
transformer,conditional,2,1,-0.0002840531561461812,-0.0003239244186046695,-0.00024551495016611783,-0.0001461963690144308,-0.0001671016401315463,-0.00012603599403457572
transformer,conditional,2,2,4.9003322259132396e-05,1.178986710963978e-05,9.137043189367173e-05,2.905355592049297e-05,9.697633281520957e-06,5.005090194698442e-05
transformer,conditional,2,3,-2.325581395341558e-06,-2.2093023255791962e-05,1.8941029900338723e-05,-1.861319730478428e-07,-8.616796860359267e-06,8.987297017482517e-06
transformer,conditional,2,4,0.0003599667774086424,0.0002845514950166204,0.0004352200996677779,0.00016978201714257902,0.00013889327387591602,0.00019991012042317905
transformer,conditional,2,5,0.0,0.0,0.0,0.0,0.0,0.0
transformer,conditional,2,6,-3.3222591362127576e-05,-4.5514950166131334e-05,-2.109634551496148e-05,-1.678791153772341e-05,-2.335861140277315e-05,-1.0623295250555609e-05
transformer,conditional,2,7,8.504983388705644e-05,6.378322259138675e-05,0.00010747508305648439,4.489419917333981e-05,3.4552322859094125e-05,5.561264352082698e-05
transformer,conditional,2,8,-4.65116279069977e-06,-2.0764119601304558e-05,1.2628737541538237e-05,-3.319922537992071e-08,-7.318892674671868e-06,8.103462732716389e-06
transformer,conditional,2,9,0.0,0.0,0.0,0.0,0.0,0.0
transformer,conditional,2,10,-1.2292358803982496e-05,-2.4418604651167574e-05,-9.92524916912036e-07,-6.527807559422172e-06,-1.3497943951021496e-05,-2.8311064448507686e-08
transformer,conditional,2,11,-8.63787375414704e-06,-2.375830564785347e-05,9.306478405342133e-06,-2.573222916334439e-06,-9.947700142625444e-06,5.762548649789446e-06
transformer,conditional,3,1,0.0001166943521594721,-7.849460132889336e-05,0.0003125332225913744,2.9380799821824287e-05,-0.000281052064343602,0.00036030188380690976
transformer,conditional,3,2,-0.0002695182724252476,-0.0004985527408637887,-4.276993355481498e-05,-0.00034688352447462934,-0.0006751674047575455,-1.1076186043086602e-05
transformer,conditional,3,3,0.00014958471760797342,-6.164867109638815e-06,0.0002986025747508344,0.0001558394566200705,-3.8045803879882236e-05,0.00035877316928244646
transformer,conditional,3,4,0.0015427740863787343,0.0009707308970099641,0.00217363372093023,0.002327900340655815,0.0018083515695245652,0.002886982206639319
transformer,conditional,3,5,0.0,0.0,0.0,0.0,0.0,0.0
transformer,conditional,3,6,-0.000256229235880403,-0.00033205980066445596,-0.00017341777408638086,-0.0001225473172078717,-0.0002455903121907738,-6.071030112698288e-06
transformer,conditional,3,7,-7.566445182724535e-05,-0.0001810755813953579,3.0066445182716063e-05,-0.00018148849215191443,-0.00033871100029255814,-1.11908511506126e-05
transformer,conditional,3,8,5.99667774086432e-05,-1.6777408637856455e-05,0.0001332225913621301,-2.6432319416851425e-05,-0.00013440159602716076,8.509636494978403e-05
transformer,conditional,3,9,0.0,0.0,0.0,0.0,0.0,0.0
transformer,conditional,3,10,9.742524916943718e-05,-6.104858803987457e-05,0.00024771594684386077,0.00015410725214929256,3.936768648942519e-06,0.0002810946866562509
transformer,conditional,3,11,0.00016935215946843883,3.234219269103539e-05,0.0003132288205980012,9.276511021735767e-05,-0.00010052019310342975,0.0002875420151602425
transformer,conditional,4,1,0.009880066445182729,0.006204684385382064,0.013383272425249167,0.008500483280758872,0.005638588299435356,0.011323869219031207
transformer,conditional,4,2,-0.01608687707641196,-0.020037362956810637,-0.01202786129568106,-0.013937002291700007,-0.01704857882439291,-0.010796019016515614
transformer,conditional,4,3,0.0012822259136212656,0.0007442421096345612,0.0018378862126245828,0.0011345516751278262,0.0006803882320401631,0.00167422696210389
transformer,conditional,4,4,-0.0066179401993355525,-0.011627500000000008,-0.0016537001661129618,-0.005552340065990869,-0.009742243454313059,-0.0013912001098170402
transformer,conditional,4,5,0.0,0.0,0.0,0.0,0.0,0.0
transformer,conditional,4,6,-0.012383056478405317,-0.014467296511627908,-0.010048297342192699,-0.011245188864105632,-0.012697718212316654,-0.009732827835754321
transformer,conditional,4,7,-0.00646544850498339,-0.0068975166112956645,-0.005903226744186061,-0.006370984229804639,-0.007022493764089112,-0.005754389901720522
transformer,conditional,4,8,-0.0008916943521594722,-0.001570307308970091,-8.083887043191796e-05,-0.0009276464656281269,-0.0014546214807622739,-0.00018709269627383747
transformer,conditional,4,9,0.0,0.0,0.0,0.0,0.0,0.0
transformer,conditional,4,10,0.10525224252491695,0.09008110049833885,0.11940593023255813,0.08688253920111665,0.07596454674765411,0.096682415790856
transformer,conditional,4,11,-4.144518272425457e-05,-0.00020507267441860594,0.00012777408637874174,-2.213477646442197e-05,-0.00020368420941190287,0.0001675495533192098
transformer,conditional,5,1,7.159468438538264e-05,-0.00013940199335547355,0.0002837292358804054,-1.4798739140992057e-05,-0.00023853449988329797,0.00022644934140231073
transformer,conditional,5,2,0.0001494186046511614,-8.223629568106443e-05,0.0003847549833887059,0.00017672619476171824,-0.0001685856490030654,0.0005511231412810421
transformer,conditional,5,3,-2.109634551495376e-05,-0.00016948089700996946,0.00013076827242525514,-9.696860636878358e-05,-0.00026727421761866356,6.870004024879013e-05
transformer,conditional,5,4,4.7342192691026684e-05,-0.0004119476744186104,0.0004967109634551488,-0.0002199087712726855,-0.0007594579992326956,0.00032907123875806796
transformer,conditional,5,5,0.0,0.0,0.0,0.0,0.0,0.0
transformer,conditional,5,6,5.024916943521473e-05,-2.2263289036555195e-05,0.00012068313953489076,2.1914487070691103e-05,-9.994676366018116e-05,0.00015123706083889268
transformer,conditional,5,7,-0.00010382059800664146,-0.00021628737541527757,6.324750830566329e-06,-6.505446617909639e-05,-0.00020499879384406318,7.583724422438876e-05
transformer,conditional,5,8,-0.00011503322259136362,-0.00019877284053155465,-3.720514950166381e-05,-0.00015019512507944089,-0.00030962890213959236,-3.012130060405956e-06
transformer,conditional,5,9,0.0,0.0,0.0,0.0,0.0,0.0
transformer,conditional,5,10,-1.835548172757273e-05,-6.536752491694627e-05,2.8073089700989858e-05,-7.403312346054847e-06,-9.793764791714843e-05,6.796575845652906e-05
transformer,conditional,5,11,0.00015681063122923277,-0.00014792151162791353,0.00044304817275748044,-4.1746753719331675e-05,-0.00032331411127575554,0.0002356275461836629
transformer,conditional,6,1,1.1129568106310606e-05,3.322259136208983e-06,1.877076411960335e-05,3.2738727272596524e-06,5.921699582889239e-07,5.8950678566501986e-06
transformer,conditional,6,2,-1.4950166112870367e-06,-1.5282392026554184e-05,1.063122923590576e-05,-1.0043890393962585e-06,-6.437711064753715e-06,3.07648944195718e-06
transformer,conditional,6,3,9.966777408638716e-06,1.3247508305531677e-06,1.9601328903676803e-05,3.0712277876798757e-06,4.5033799512203545e-07,6.056941094616325e-06
transformer,conditional,6,4,-4.3853820598002135e-05,-6.544850498337994e-05,-2.275747508307929e-05,-1.556083339184222e-05,-2.3763560370722944e-05,-8.126346589396732e-06
transformer,conditional,6,5,0.0,0.0,0.0,0.0,0.0,0.0
transformer,conditional,6,6,9.966777408776384e-07,-2.8239202657587834e-06,4.3189368770990835e-06,1.5569019614636304e-07,-1.1783444667340103e-06,1.3436292191326137e-06
transformer,conditional,6,7,1.661129568197861e-07,-4.152823920259368e-06,4.1528239202649475e-06,1.2174074394133428e-08,-1.4285718445495864e-06,1.3352475165839241e-06
transformer,conditional,6,8,-1.6611295681034921e-06,-6.976744186045852e-06,2.994186046530794e-06,-2.584219583012803e-07,-2.0221909375298665e-06,1.4683624736392381e-06
transformer,conditional,6,9,0.0,0.0,0.0,0.0,0.0,0.0
transformer,conditional,6,10,-1.3289036544927858e-06,-5.319767441871958e-06,2.325581395336118e-06,-4.87810376267328e-07,-1.8923430290989362e-06,7.615602456195746e-07
transformer,conditional,6,11,2.1594684385428663e-06,-4.1528239202449355e-06,8.642026578070343e-06,5.296880537897231e-07,-1.6881643337012532e-06,2.818968217036115e-06
transformer,conditional,7,1,1.4617940199351808e-05,3.6544850498406444e-06,2.691029900332434e-05,6.065561018502308e-06,5.861345434254317e-07,1.1844985082699362e-05
transformer,conditional,7,2,-8.803986710941291e-06,-2.740863787371242e-05,8.97009966779272e-06,-3.0707949168162773e-06,-9.830975626312771e-06,3.989657394132121e-06
transformer,conditional,7,3,1.0465116279083642e-05,-3.3222591361848352e-06,2.4754983388748796e-05,4.305835075015807e-06,-2.1833357937047768e-06,1.193707449942055e-05
transformer,conditional,7,4,0.00024069767441862623,1.3102159468471322e-05,0.0005002076411960444,0.00016596590953932733,1.60238564554005e-05,0.00033522542858356363
transformer,conditional,7,5,0.0,0.0,0.0,0.0,0.0,0.0
transformer,conditional,7,6,1.661129568197861e-07,-5.647840531552484e-06,5.813953488363056e-06,-5.014744299258744e-07,-3.175475670319894e-06,2.1000477510795215e-06
transformer,conditional,7,7,-2.6578073089555955e-06,-1.3953488372073857e-05,9.80066445183228e-06,-1.0267331215463304e-06,-7.187252095142954e-06,6.311711138778197e-06
transformer,conditional,7,8,-3.6544850498176907e-06,-1.0797342192682192e-05,2.329734219303136e-06,-1.916028741302256e-06,-5.333118736438297e-06,1.0992531578078996e-06
transformer,conditional,7,9,0.0,0.0,0.0,0.0,0.0,0.0
transformer,conditional,7,10,1.0797342192780946e-06,-4.152823920267057e-06,7.142857142878961e-06,4.940729213098738e-07,-2.215752765901441e-06,3.841961579765487e-06
transformer,conditional,7,11,-7.973421926881218e-06,-1.5946843853791388e-05,3.32225913642098e-07,-3.906862260421029e-06,-7.1305577839646255e-06,-6.293838976971814e-07
transformer,conditional,8,1,-0.0001196013289036446,-0.0001807392026577926,-5.730897009967165e-05,-6.125848195649319e-05,-9.087262008761988e-05,-3.184285230711859e-05
transformer,conditional,8,2,5.8139534883794305e-06,-4.5685215946834694e-05,6.246262458472515e-05,-1.3609431296079944e-06,-2.547804476898563e-05,2.5868558925944502e-05
transformer,conditional,8,3,-2.7325581395355457e-05,-7.301287375416913e-05,1.9933554817230912e-05,-1.501947271004389e-05,-3.491162836358022e-05,5.839836780805018e-06
transformer,conditional,8,4,0.00019186046511628584,2.7732558139571597e-05,0.0003395390365448523,0.00011177329150619974,2.9454237422720355e-05,0.0001847328013079283
transformer,conditional,8,5,0.0,0.0,0.0,0.0,0.0,0.0
transformer,conditional,8,6,1.2956810631240545e-05,-6.81063122921155e-06,3.338870431896071e-05,8.52408218873224e-06,-7.760061497996129e-07,1.837268993383495e-05
transformer,conditional,8,7,4.933554817277641e-05,-3.326411960101916e-06,0.00010232558139535077,2.7016046725459873e-05,3.1717346438808757e-07,5.439157544775685e-05
transformer,conditional,8,8,-2.5581395348827085e-05,-8.107142857141888e-05,3.6549003322284476e-05,-1.6379626429769978e-05,-4.498934179413552e-05,1.558365592326195e-05
transformer,conditional,8,9,0.0,0.0,0.0,0.0,0.0,0.0
transformer,conditional,8,10,3.156146179406072e-06,-8.139534883706752e-06,1.611295681063679e-05,3.083788677493704e-07,-4.519316415368208e-06,5.679935777171878e-06
transformer,conditional,8,11,2.1760797342190718e-05,-8.803986710957083e-06,5.3160299003319675e-05,5.0874038382953125e-06,-8.654459052797826e-06,1.9234610182806598e-05
transformer,conditional,9,1,0.00013463455149502203,-7.94642857142721e-05,0.00035399086378737793,2.563414282862775e-05,-0.00015722437260907854,0.0002123193901890809
transformer,conditional,9,2,-0.0006851328903654508,-0.0009141673588039936,-0.00045780730897010494,-0.00028715906791447975,-0.0006135342746566233,6.234532864787404e-05
transformer,conditional,9,3,-2.3837209302322028e-05,-0.00018489202657806923,0.00015797549833887354,0.00011605563644772609,-7.333670066373014e-05,0.00029606511581481914
transformer,conditional,9,4,0.002782890365448506,0.00211059593023255,0.003551241694352151,0.002143947425959829,0.0014426322170311855,0.0028787612425633683
transformer,conditional,9,5,0.0,0.0,0.0,0.0,0.0,0.0
transformer,conditional,9,6,-0.000134136212624576,-0.00021811254152823237,-4.799418604649973e-05,-0.00018744290253065897,-0.00030099610428886003,-7.951835723660432e-05
transformer,conditional,9,7,3.737541528240351e-06,-0.00011362126245845586,0.00013242732558138868,-7.74856780484412e-05,-0.00028784641231673904,0.00012537578545277197
transformer,conditional,9,8,-8.737541528238912e-05,-0.0001755959302325549,5.23463455150629e-06,-0.00010857834856549675,-0.00020247184743063537,-1.8359383907672194e-05
transformer,conditional,9,9,0.0,0.0,0.0,0.0,0.0,0.0
transformer,conditional,9,10,-6.893687707640984e-05,-0.00013505398671096431,-4.061461794011779e-06,-6.752501427764846e-05,-0.00015228031147841698,4.226717420360741e-05
transformer,conditional,9,11,-0.00015963455149500927,-0.0002712666112956754,-4.7238372093010575e-05,-0.000278714242117678,-0.0004572903528608422,-0.0001091660625765844
transformer,conditional,10,1,0.00021013289036545424,0.00010331810631230209,0.0003305772425249291,0.00010546111165570583,4.035376270678451e-05,0.00018009474272239146
transformer,conditional,10,2,-0.0005239202657807251,-0.0006800747508305766,-0.0003589659468438571,-0.00029868051680147835,-0.00038331716717710266,-0.00021070342993006848
transformer,conditional,10,3,4.119601328904432e-05,-1.3122923587998797e-05,9.16985049834078e-05,1.532874111126237e-05,-1.1925648978591246e-05,4.176637808350356e-05
transformer,conditional,10,4,0.00048289036544850173,0.0002822217607973068,0.0006860506644518182,0.00023303413980382048,0.00012715529247128173,0.0003397922978930124
transformer,conditional,10,5,0.0,0.0,0.0,0.0,0.0,0.0
transformer,conditional,10,6,0.0001481727574750824,3.7873754152665547e-06,0.00030718023255812147,8.530015420053827e-05,-3.7128040863121656e-06,0.000185394681207794
transformer,conditional,10,7,-0.00024950166112957416,-0.00034319352159470253,-0.00016428571428572452,-0.00016853188912978047,-0.0002229541795504873,-0.00011982890162988938
transformer,conditional,10,8,-0.00022275747508306408,-0.0003279069767441864,-0.00013869601328905638,-0.00012594344912662315,-0.00018198615944081884,-8.116389876200705e-05
transformer,conditional,10,9,0.0,0.0,0.0,0.0,0.0,0.0
transformer,conditional,10,10,-1.1627906976929836e-06,-4.4850498338892375e-05,4.053571428571088e-05,-7.689314274328396e-07,-2.529462413573655e-05,2.3122180698770905e-05
transformer,conditional,10,11,0.0001440199335547965,9.13413621262266e-05,0.00019750830564781063,6.895576026327288e-05,4.461659582066399e-05,9.549675054489825e-05
transformer,conditional,11,1,0.0008498338870431832,0.000661262458471732,0.0010596843853820528,0.0004938641567502633,0.00038949902652139084,0.0006068671791817086
transformer,conditional,11,2,-0.0013468438538206185,-0.0016028488372093238,-0.0011124460132890673,-0.0007701905539314125,-0.0009156959926457092,-0.0006327747967635485
transformer,conditional,11,3,-1.0299003322272737e-05,-7.57475083056606e-05,6.031146179402171e-05,2.33629017776793e-06,-3.8460269396631773e-05,4.41383037322095e-05
transformer,conditional,11,4,-0.0007602990033222711,-0.001314634551495037,-0.00025056893687709034,-0.0004732892923608101,-0.0007960108839311978,-0.00016047058057005328
transformer,conditional,11,5,0.0,0.0,0.0,0.0,0.0,0.0
transformer,conditional,11,6,-0.0015513289036545074,-0.001805157807308964,-0.0012989908637874212,-0.0008918327587138453,-0.0010413705351863553,-0.0007416862361013015
transformer,conditional,11,7,-0.0008682724252491736,-0.001206586378737528,-0.00046390780730897765,-0.0005081182377141158,-0.0007094824267114249,-0.0002724484946437176
transformer,conditional,11,8,-2.906976744187828e-05,-0.00010149916943523174,3.9368770764094726e-05,-1.3141514582355463e-05,-5.1187557237467516e-05,2.2423377528658775e-05
transformer,conditional,11,9,0.0,0.0,0.0,0.0,0.0,0.0
transformer,conditional,11,10,0.00897641196013287,0.007371951827242472,0.010750029069767424,0.0049860469426824825,0.004084457613223764,0.0060017169790476015
transformer,conditional,11,11,-2.6245847176081806e-05,-7.657807308968495e-05,2.0107973421913488e-05,-1.7081079360938832e-05,-4.324455172188155e-05,6.809167128741223e-06
transformer,conditional,12,1,-1.6943521594681153e-05,-0.00015767026578073108,0.00013355897009967186,-6.68022592539741e-05,-0.00016332351035390507,3.627218424441371e-05
transformer,conditional,12,2,-0.0003481727574750837,-0.0007573131229235894,2.2259136212547917e-06,-0.00023507367016164181,-0.0004705751013315103,-2.1631289737415965e-05
transformer,conditional,12,3,-0.00020382059800664877,-0.00033308970099669234,-6.909883720930576e-05,-0.0001788351106664243,-0.00027394137038875714,-8.262047863218038e-05
transformer,conditional,12,4,0.0017588039867109618,0.0013966196013288994,0.0021142940199335536,0.0015084307012948773,0.0012318506847279142,0.0017872814230536173
transformer,conditional,12,5,0.0,0.0,0.0,0.0,0.0,0.0
transformer,conditional,12,6,-0.0003450996677740903,-0.0004227574750830678,-0.00026294435215946997,-0.0002008646720495011,-0.0002548544924740093,-0.0001458898696052643
transformer,conditional,12,7,-0.00027043189368771813,-0.0004506852159468614,-8.471345514951016e-05,-0.0001907638366973896,-0.0002993926889276071,-8.00030382672455e-05
transformer,conditional,12,8,-0.00011112956810631958,-0.00019643895348836759,-3.437292358806288e-05,-0.00010384807941825058,-0.0001726429707455196,-3.716370141450477e-05
transformer,conditional,12,9,0.0,0.0,0.0,0.0,0.0,0.0
transformer,conditional,12,10,-5.149501661130262e-06,-5.6652823920274345e-05,4.1698504983381824e-05,-9.337841247901713e-06,-5.1358035634158864e-05,2.7959278942259266e-05
transformer,conditional,12,11,-4.800664451828029e-05,-0.00017309800664452638,7.641611295680425e-05,-0.0001315426813705123,-0.00021934382847955922,-3.7984615259477705e-05
transformer,conditional,13,1,-0.00010132890365448954,-0.00014501661129567324,-5.879983388706025e-05,-5.771436873598379e-05,-7.730726490314415e-05,-3.879827063437e-05
transformer,conditional,13,2,3.272425249168598e-05,-2.1607142857154757e-05,9.070598006645812e-05,1.2440640563531335e-05,-1.2879406825681976e-05,3.7607181716704666e-05
transformer,conditional,13,3,4.933554817273866e-05,8.96594684382973e-06,8.970099667772651e-05,1.7791804174048796e-05,9.55955924970359e-07,3.5054997122520775e-05
transformer,conditional,13,4,3.7541528239199986e-05,-9.585132890364598e-05,0.00016980481727574593,4.959937473887677e-05,-8.099587769551933e-07,9.96679590653988e-05
transformer,conditional,13,5,0.0,0.0,0.0,0.0,0.0,0.0
transformer,conditional,13,6,-7.059800664450666e-06,-3.222591362124186e-05,1.6368355481734733e-05,-5.344633843733515e-06,-1.4898862228590355e-05,3.855653732417181e-06
transformer,conditional,13,7,2.7325581395345465e-05,2.0743355481541714e-06,5.2823920265774594e-05,1.4410027910368718e-05,1.215859538446329e-06,2.800303780471731e-05
transformer,conditional,13,8,7.807308970092519e-06,-1.7774086378724712e-05,3.255813953486084e-05,1.203147744063271e-06,-9.32319861215633e-06,1.1297802997668192e-05
transformer,conditional,13,9,0.0,0.0,0.0,0.0,0.0,0.0
transformer,conditional,13,10,-1.196013289038067e-05,-3.621262458474619e-05,1.2799003322265784e-05,-7.009574882851366e-06,-1.831693252504693e-05,3.626739161381757e-06
transformer,conditional,13,11,-1.2624584717608745e-05,-4.717607973420054e-05,2.1602990033218344e-05,-5.5779778489195575e-06,-1.976226835286357e-05,7.996722708622693e-06
transformer,conditional,14,1,-2.2923588039855945e-05,-8.173172757473898e-05,5.017441860463263e-05,-1.807790897973227e-05,-5.3015177484073445e-05,2.583250489448768e-05
transformer,conditional,14,2,-0.00015406976744184565,-0.000298845514950158,-2.3089700996665407e-05,-0.00010172094692568745,-0.00018901019173140832,-2.150411237554675e-05
transformer,conditional,14,3,-4.5681063122848804e-06,-4.618355481726852e-05,4.252699335549025e-05,-9.94657255358744e-06,-3.489436953027261e-05,1.7854093952917317e-05
transformer,conditional,14,4,-0.000207142857142828,-0.0003780855481727295,-2.3575581395299346e-05,-0.00011412792934989424,-0.0002111172382295208,-6.334204089546584e-06
transformer,conditional,14,5,0.0,0.0,0.0,0.0,0.0,0.0
transformer,conditional,14,6,-9.003322259136137e-05,-0.00013389950166111506,-5.115863787375721e-05,-5.556428786369305e-05,-8.148052029065419e-05,-3.332882174448993e-05
transformer,conditional,14,7,-2.7574750830552385e-05,-5.930232558135725e-05,1.0149501661128234e-05,-1.6848119294671227e-05,-3.676986931110604e-05,8.798589192266998e-06
transformer,conditional,14,8,-1.644518272424178e-05,-3.787790697675148e-05,5.8139534883772104e-06,-9.318712806450913e-06,-2.296989876188446e-05,5.033382119122936e-06
transformer,conditional,14,9,0.0,0.0,0.0,0.0,0.0,0.0
transformer,conditional,14,10,0.0007194352159468631,0.0005033056478405319,0.0009355938538206484,0.00044184058432014564,0.0003123207039165202,0.0005743447062725065
transformer,conditional,14,11,-4.817275747497351e-06,-3.1731727574727644e-05,2.2093023255821463e-05,-4.041262022487225e-06,-2.0674065635802846e-05,1.2953273278796939e-05
transformer,conditional,15,1,0.00016254152823919787,-3.482973421927415e-05,0.0003574024086378604,-0.00022556616907001503,-0.00048498628073129663,2.4231844657014212e-05
transformer,conditional,15,2,-0.000182807308970101,-0.0004584800664451796,7.575166112957041e-05,2.5704681112680426e-05,-0.00036820991391200693,0.00038711760232227916
transformer,conditional,15,3,-7.998338870432053e-05,-0.00022771387043189436,5.964078073089332e-05,0.00011681601671428066,-6.770938586592848e-05,0.0002951323479277312
transformer,conditional,15,4,0.00029908637873753976,-0.00024208471760797838,0.0008608388704318897,0.00012342770340445064,-0.0005822328745218703,0.0007740153446213062
transformer,conditional,15,5,0.0,0.0,0.0,0.0,0.0,0.0
transformer,conditional,15,6,-4.368770764120122e-05,-0.00011819144518273216,2.9987541528237314e-05,-1.5383989537474108e-05,-0.00012776608660293004,8.550326646905145e-05
transformer,conditional,15,7,0.00010257475083056078,-5.240863787376273e-06,0.00021595307308969007,-5.155343218515851e-06,-0.00020373741159816314,0.00017983939376483383
transformer,conditional,15,8,-9.318936877076689e-05,-0.000191715116279069,9.389534883714737e-06,-8.255010590244361e-05,-0.0001983032773199675,2.608436796840785e-05
transformer,conditional,15,9,0.0,0.0,0.0,0.0,0.0,0.0
transformer,conditional,15,10,7.2259136212615704e-06,-4.0537790697674506e-05,5.615240863787273e-05,-2.583340122876976e-06,-7.070496434678622e-05,6.746405663554662e-05
transformer,conditional,15,11,0.00017292358803987164,1.9476744186045908e-05,0.0003338185215946835,9.53237106180771e-05,-8.318974714600307e-05,0.0002642394027155335
transformer,conditional,16,1,-0.0001391196013288992,-0.00036097176079734686,6.927740863788383e-05,-1.71313176392196e-05,-0.0002313728662964704,0.00022106082081976283
transformer,conditional,16,2,-4.983388704325464e-06,-0.00023990033222591963,0.00023306063122922494,-0.00021503059185903117,-0.000510290652095651,0.00011576097535527321
transformer,conditional,16,3,-0.0001378737541528241,-0.00032233181063123654,5.6648671096350166e-05,-7.226512158408194e-05,-0.00031910380346746926,0.00018859419557998926
transformer,conditional,16,4,0.00040232558139535133,-0.00016995431893687706,0.000971142026578089,0.000990373738876761,0.00033065906248999524,0.0016426682772062663
transformer,conditional,16,5,0.0,0.0,0.0,0.0,0.0,0.0
transformer,conditional,16,6,8.820598006644642e-05,1.794019933555277e-05,0.0001702699335548168,4.394082240188779e-05,-6.511142456879971e-05,0.0001422653482573762
transformer,conditional,16,7,-2.9900332225915593e-05,-0.00016129775747507162,9.202657807307917e-05,-3.952264327947264e-05,-0.0001680532138744669,9.106495551143727e-05
transformer,conditional,16,8,8.862126245847202e-05,-2.4005398671094274e-05,0.00020715946843853154,3.4419625098250916e-05,-9.63109551214266e-05,0.00014883565442014489
transformer,conditional,16,9,0.0,0.0,0.0,0.0,0.0,0.0
transformer,conditional,16,10,-7.39202657807414e-06,-6.843853820598435e-05,6.0550249169430986e-05,-2.5206564121325047e-05,-0.00010686628442602672,3.715612458777398e-05
transformer,conditional,16,11,9.717607973421583e-05,-6.298588039867727e-05,0.0002598006644518227,7.002059558726903e-05,-0.00013493868546757355,0.00025411942556137897
transformer,conditional,17,1,-5.847176079734617e-05,-0.0001440282392026671,2.45930232558366e-05,-3.800482834541929e-05,-8.568047675854606e-05,7.4873811318064405e-06
transformer,conditional,17,2,6.478405315594182e-06,-7.458471760798507e-05,8.82059800664294e-05,-9.425243390891458e-06,-4.622873806654576e-05,2.9013631659589267e-05
transformer,conditional,17,3,-1.7774086378741226e-05,-6.146179401993058e-05,3.1569767441854005e-05,-8.40178443762718e-06,-2.748583318917447e-05,1.4477590704872446e-05
transformer,conditional,17,4,-0.00039916943521595914,-0.0007197882059800748,-0.00011311877076414047,-0.0002957108108378459,-0.0005039644526018641,-0.00011564709832991174
transformer,conditional,17,5,0.0,0.0,0.0,0.0,0.0,0.0
transformer,conditional,17,6,-2.3754152823938224e-05,-6.993355481727212e-05,1.6279069767403536e-05,-1.898269200948599e-05,-4.520038090491404e-05,3.24557212921583e-06
transformer,conditional,17,7,7.973421926904534e-06,-4.552325581397851e-05,5.398671096344712e-05,7.670056483122246e-06,-2.014750167884438e-05,3.4351597603748005e-05
transformer,conditional,17,8,-3.3222591364401313e-07,-3.671926910302367e-05,3.7545681063111934e-05,-4.655819430928743e-06,-2.342880301099626e-05,1.4333960001733918e-05
transformer,conditional,17,9,0.0,0.0,0.0,0.0,0.0,0.0
transformer,conditional,17,10,3.006644518271262e-05,1.5444352159434348e-05,4.667774086378812e-05,1.5882040658699025e-05,8.097652769679746e-06,2.4501764856645312e-05
transformer,conditional,17,11,-5.531561461793899e-05,-9.585132890367112e-05,-1.9763289036535927e-05,-2.4206142603332427e-05,-4.2221062545237525e-05,-8.315865759329979e-06
transformer,conditional,18,1,0.0001502491694352204,1.7043189368781133e-05,0.00028226744186046467,0.00010218884258232474,2.8541135102515994e-05,0.00018002578265676378
transformer,conditional,18,2,-0.0002862126245847163,-0.0005317358803986703,-5.759136212623919e-05,-0.00017175418164722012,-0.0003099402370354157,-3.9336481622110754e-05
transformer,conditional,18,3,4.4518272425243534e-05,-3.721345514951066e-05,0.00012724667774085996,2.6261444962861758e-05,-1.997341697588237e-05,7.04481553716992e-05
transformer,conditional,18,4,0.0008509966777408517,0.0005750664451826982,0.0010981727574750765,0.0004992099746261602,0.00034742449829248956,0.0006402569423819007
transformer,conditional,18,5,0.0,0.0,0.0,0.0,0.0,0.0
transformer,conditional,18,6,-0.0007473421926910273,-0.0014484136212624481,-8.250000000000026e-05,-0.00046571288769648887,-0.0009055311554083048,-4.989098739353016e-05
transformer,conditional,18,7,-0.00011013289036545305,-0.0002917275747508503,6.162790697673808e-05,-4.6889157494670596e-05,-0.00015783670743013144,5.6957403947550773e-05
transformer,conditional,18,8,-2.8737541528258694e-05,-9.069767441861995e-05,3.008720930232167e-05,-1.1805118826989646e-05,-5.072427859655104e-05,2.341299620703194e-05
transformer,conditional,18,9,0.0,0.0,0.0,0.0,0.0,0.0
transformer,conditional,18,10,-6.478405315615277e-06,-6.213455149500114e-05,4.369186046511462e-05,-5.292630244733143e-06,-3.864768768588336e-05,2.6241832286441942e-05
transformer,conditional,18,11,-0.00018446843853821447,-0.0002534156976744454,-0.00011495016611295247,-0.00010994656573878436,-0.00015121757929913434,-6.860633603346314e-05
transformer,conditional,19,1,-0.003950830564784042,-0.005356794019933559,-0.0024126204318936795,-0.0024914718361499933,-0.0034731418910516672,-0.0014446034735288305
transformer,conditional,19,2,-0.013123504983388701,-0.015674472591362097,-0.010813527823920269,-0.008224320819803628,-0.009886729277959002,-0.0067384568353200764
transformer,conditional,19,3,-0.000974086378737532,-0.0012091652823920192,-0.000742333887043183,-0.0006443832749279022,-0.0008069410004575203,-0.0004904522187363319
transformer,conditional,19,4,-0.02421245847176079,-0.02807247508305648,-0.01984190199335548,-0.015117389182795482,-0.017557225083545482,-0.012368169226601555
transformer,conditional,19,5,0.0,0.0,0.0,0.0,0.0,0.0
transformer,conditional,19,6,-0.00010739202657807479,-0.00016928156146177702,-4.45992524917128e-05,-7.151610050625922e-05,-0.00010537913468845761,-3.503519773792095e-05
transformer,conditional,19,7,0.02658679401993357,0.02393767234219272,0.02955505398671097,0.01737802556835676,0.01535175801467588,0.019715065004280313
transformer,conditional,19,8,0.03870789036544851,0.035523475913621275,0.04188863372093025,0.02400761894695339,0.021897515698442588,0.026154249251788317
transformer,conditional,19,9,0.0,0.0,0.0,0.0,0.0,0.0
transformer,conditional,19,10,1.0631229235877893e-05,-8.57225913621237e-05,0.00010669019933554638,1.2091550775465976e-05,-5.236068322072057e-05,7.563219887696212e-05
transformer,conditional,19,11,0.00017956810631228893,0.00011528239202658933,0.000244360465116283,0.00010108580220385743,6.631828264898734e-05,0.00013850989751024823
transformer,conditional,20,1,-2.3089700996692387e-05,-8.173172757475733e-05,2.9738372092991576e-05,-2.8647730373951852e-05,-5.895797287437632e-05,-4.7402926953112064e-07
transformer,conditional,20,2,6.644518272425404e-05,-2.225913621261258e-05,0.00014335963455147348,4.771261015581341e-05,-4.014802082719092e-07,8.820856950534644e-05
transformer,conditional,20,3,-2.2591362126236357e-05,-7.608388704317502e-05,2.8737541528233296e-05,-1.0513872188100404e-05,-3.470685723936567e-05,1.1273754952070884e-05
transformer,conditional,20,4,0.00012259136212623754,-3.189368770761994e-05,0.0002813953488372001,9.856423685546844e-05,2.4744570773671012e-05,0.00017693240500870437
transformer,conditional,20,5,0.0,0.0,0.0,0.0,0.0,0.0
transformer,conditional,20,6,-0.00027101328903654244,-0.000317028654485066,-0.00022773671096343052,-0.00015495928328208565,-0.00017948750766451523,-0.00013227191454146968
transformer,conditional,20,7,5.099667774085659e-05,6.478405315614138e-06,9.801079734219163e-05,3.96540494828368e-05,1.7771872491661845e-05,6.265157711885063e-05
transformer,conditional,20,8,4.651162790684227e-06,-3.6050664451861616e-05,4.019933554816574e-05,2.1268132064367064e-06,-1.7702056920846255e-05,1.895736440980052e-05
transformer,conditional,20,9,0.0,0.0,0.0,0.0,0.0,0.0
transformer,conditional,20,10,7.973421926894542e-06,-1.2292358803983717e-05,2.923588039864725e-05,2.659630509900257e-06,-6.9601787841448155e-06,1.1885686227188858e-05
transformer,conditional,20,11,-1.9352159468447592e-05,-6.229651162793151e-05,2.583264119600269e-05,3.329631411618239e-06,-1.62301645647864e-05,2.3959034381732594e-05
transformer,conditional,21,1,0.00015257475083055972,-6.031146179402265e-05,0.00039087624584716594,4.1022007467070854e-05,-0.00018359017088391595,0.00027076849945373695
transformer,conditional,21,2,6.270764119601701e-05,-0.00015565199335548387,0.0002598837209302276,0.000112918958975885,-0.00023240909278374834,0.00043201385958705786
transformer,conditional,21,3,2.8820598006644717e-05,-0.00010568313953488386,0.00015968023255813596,-0.00011414677468970292,-0.00030299261758989527,8.405653942548999e-05
transformer,conditional,21,4,-0.0005085548172757525,-0.000995693521594681,-5.573089700999239e-06,-0.000281935032665217,-0.0008198020304320449,0.0002967398957208846
transformer,conditional,21,5,0.0,0.0,0.0,0.0,0.0,0.0
transformer,conditional,21,6,-5.157807308969864e-05,-0.0001375539867109571,3.497093023256188e-05,-2.8285412789901264e-05,-0.0001360131119816705,8.001549964736439e-05
transformer,conditional,21,7,-6.553156146179461e-05,-0.00017509966777410284,6.54505813953492e-05,-7.64162431683868e-06,-0.00014445724802750496,0.00014290949899811964
transformer,conditional,21,8,-3.903654485051255e-06,-0.00010083056478405195,8.589078073090068e-05,-2.9369459375180317e-05,-0.00012137323300882971,6.84891882919025e-05
transformer,conditional,21,9,0.0,0.0,0.0,0.0,0.0,0.0
transformer,conditional,21,10,5.34053156146147e-05,5.230481727575051e-06,9.784883720929691e-05,1.8169692496345923e-05,-4.8725317532899604e-05,0.00010040896845539223
transformer,conditional,21,11,0.0001263289036544879,7.607973421929831e-06,0.00024162375415282905,0.00016190535347584522,-1.0302950190200208e-06,0.0003241987201748455
transformer,conditional,22,1,-0.00014078073089700548,-0.0003309219269102946,3.152408637873649e-05,-0.00018802707029689892,-0.00042426260932445744,3.280167378340331e-05
transformer,conditional,22,2,-0.0005167774086378674,-0.0007767441860464979,-0.0002668438538205953,-0.0003729044645841462,-0.0007472624598349061,4.2335122642475264e-05
transformer,conditional,22,3,-6.852159468438201e-05,-0.00020202657807308314,8.157807308971046e-05,7.986701760025694e-05,-9.078307160951445e-05,0.00024190132191305504
transformer,conditional,22,4,0.003374003322259134,0.00274169019933556,0.00403050456810632,0.0026372365445365142,0.0018860940660571973,0.0033850013216202277
transformer,conditional,22,5,0.0,0.0,0.0,0.0,0.0,0.0
transformer,conditional,22,6,-1.0299003322252754e-05,-8.23172757474998e-05,5.8409468438538253e-05,1.9185044871404823e-05,-0.0001044139110023326,0.00012680519481200075
transformer,conditional,22,7,4.5847176079732985e-05,-5.55772425249072e-05,0.0001388870431893662,8.615362355234302e-06,-0.00013297124100945806,0.00016269294930490897
transformer,conditional,22,8,-7.574750830564469e-05,-0.00017284883720930158,1.6364202657798604e-05,-0.00011250731918797108,-0.00021101167495253764,-7.80064896127634e-06
transformer,conditional,22,9,0.0,0.0,0.0,0.0,0.0,0.0
transformer,conditional,22,10,4.451827242525242e-05,-9.01225083056445e-05,0.00016370431893687057,6.480443147432679e-05,-5.810995600910329e-05,0.00020347981821923125
transformer,conditional,22,11,-4.0697674418603836e-05,-0.00016944144518272745,8.73920265780777e-05,-0.00015460556416788118,-0.00033201634571204235,4.118101445226484e-05
transformer,conditional,23,1,-0.00020249169435215708,-0.00037609842192691556,-1.9829734219262373e-05,-0.0003385144667811646,-0.0006019655083585508,-6.773838563551778e-05
transformer,conditional,23,2,9.368770764120126e-05,-0.00015938745847175038,0.0003357641196013365,0.0004963308491924578,0.00023032486490062775,0.000767447787267807
transformer,conditional,23,3,0.02696893687707642,0.025668052325581392,0.028234593023255823,0.022073977551554696,0.02093950211572839,0.023233552049032324
transformer,conditional,23,4,-0.0355313122923588,-0.03854509759136212,-0.03184551910299002,-0.03311573065733909,-0.03620184670457121,-0.029369897998418985
transformer,conditional,23,5,0.0,0.0,0.0,0.0,0.0,0.0
transformer,conditional,23,6,-7.375415282391606e-05,-0.0001657807308970017,1.3621262458478694e-05,-6.42602109001289e-05,-0.00015685110090322136,3.180951764783603e-05
transformer,conditional,23,7,-1.8272425249167277e-05,-0.0001313143687707541,9.036752491694438e-05,3.4497034468328194e-05,-0.00011568220452925107,0.0001899820681400134
transformer,conditional,23,8,0.00010847176079734511,6.636212624594323e-06,0.00021371885382060013,0.00016643674412663344,-7.647771300195338e-06,0.00032563908247997003
transformer,conditional,23,9,0.0,0.0,0.0,0.0,0.0,0.0
transformer,conditional,23,10,-5.714285714284895e-05,-0.00011445182724251123,2.990033222599692e-06,-2.4064863294082083e-05,-0.0001028467850583667,5.6395128721805667e-05
transformer,conditional,23,11,1.0797342192725434e-06,-0.00015391196013288,0.00014811669435216913,0.00018000892439759442,5.431186750588708e-06,0.0003935444579907141
transformer,conditional,24,1,0.004109302325581388,0.003584049003322241,0.0046221553156146015,0.0023524974680563917,0.002053504579966002,0.002650049273015323
transformer,conditional,24,2,0.0008383720930232508,0.0005370307308969974,0.0011595265780730828,0.0004836989049430951,0.0003224710711545962,0.000657699042209506
transformer,conditional,24,3,-1.710963455149539e-05,-5.8309800664470305e-05,2.060215946845576e-05,-7.622584111703912e-06,-2.8810773483399248e-05,1.1606073178180878e-05
transformer,conditional,24,4,0.00078006644518272,0.0006269061461793856,0.0009365448504983302,0.0004288887593615709,0.00034750323190885983,0.0005138730145610217
transformer,conditional,24,5,0.0,0.0,0.0,0.0,0.0,0.0
transformer,conditional,24,6,-0.00014800664451826483,-0.00019485049833885235,-0.00010249169435217908,-8.447833874760557e-05,-0.00011266073066722545,-5.787799717989551e-05
transformer,conditional,24,7,0.00025215946843854306,0.000175083056478411,0.0003257475083056148,0.00015070971856153025,0.0001078515545588308,0.00019090482393840767
transformer,conditional,24,8,-2.9069767441852745e-05,-5.01702657807081e-05,-7.304817275722681e-06,-1.639370035523835e-05,-2.7665696285998216e-05,-5.173869391768149e-06
transformer,conditional,24,9,0.0,0.0,0.0,0.0,0.0,0.0
transformer,conditional,24,10,-6.810631229233976e-05,-0.00010764534883721496,-3.089700996675926e-05,-3.995954759798859e-05,-6.164789763057882e-05,-2.0125533378987998e-05
transformer,conditional,24,11,-1.5448504983388566e-05,-4.518272425248812e-05,1.0299003322248312e-05,-1.049121746783621e-05,-2.771806886930467e-05,4.039446586857612e-06
transformer,conditional,25,1,0.0018343853820597833,0.0009933658637873452,0.0026322446013288866,0.001100733869708892,0.0005819403640416424,0.0016036300093258858
transformer,conditional,25,2,0.01945813953488371,0.01718926702657808,0.02152080357142854,0.01195914559508045,0.010321859479113028,0.01341028066493472
transformer,conditional,25,3,-5.456810631230602e-05,-0.0001164534883721083,1.304401993354593e-05,-2.566693394161157e-05,-6.114978439968382e-05,1.2259725740192784e-05
transformer,conditional,25,4,0.001147176079734198,0.0009028945182724062,0.0013844165282391916,0.0007257632561759675,0.0005606980207045997,0.0008763534251848262
transformer,conditional,25,5,0.0,0.0,0.0,0.0,0.0,0.0
transformer,conditional,25,6,4.867109634550726e-05,-2.7080564784055713e-05,0.0001230066445182648,3.004254759180758e-05,-1.5532757948780063e-05,7.552943435384966e-05
transformer,conditional,25,7,0.00032192691029899855,0.00019649916943521758,0.0004694414451826849,0.00019984859272107692,0.00011884244239582373,0.0002952502160724816
transformer,conditional,25,8,-0.0005695182724252623,-0.0006355710132890629,-0.0005066403654485074,-0.00033431540039852934,-0.00037592508859344344,-0.00029740514584466847
transformer,conditional,25,9,0.0,0.0,0.0,0.0,0.0,0.0
transformer,conditional,25,10,-2.475083056479588e-05,-7.55897009966934e-05,2.242940199333019e-05,-1.643825432574797e-05,-4.857531417428754e-05,1.299856136346627e-05
transformer,conditional,25,11,3.272425249167821e-05,-1.9686461794050313e-05,8.92026578072742e-05,1.7389891375948485e-05,-1.6187747977289446e-05,5.0821825157945716e-05
transformer,conditional,26,1,-0.000502491694352184,-0.0006657890365448745,-0.00037457641196013853,-0.0003208203578660951,-0.00043256975658017546,-0.0002368299410901719
transformer,conditional,26,2,0.00025830564784053324,0.0001086212624584704,0.0004108222591362286,0.00018134402785733417,9.212420481554868e-05,0.0002755484535582387
transformer,conditional,26,3,0.00026727574750829206,0.00015779069767440045,0.00038588039867107473,0.00017594161036759258,0.00011153925090582043,0.00024138785767370406
transformer,conditional,26,4,0.08950863787375414,0.08177936046511625,0.09829137458471755,0.05874286037065666,0.05269328071102885,0.06584628775529192
transformer,conditional,26,5,0.0,0.0,0.0,0.0,0.0,0.0
transformer,conditional,26,6,-6.611295681063889e-05,-0.00011611710963457525,-1.661129568106598e-05,-4.169080916834989e-05,-7.244011318700459e-05,-1.1293869196438525e-05
transformer,conditional,26,7,-1.8438538205990397e-05,-0.0001393729235880158,0.00010116279069764991,-1.119892411893475e-05,-8.283367342287051e-05,5.826163042958034e-05
transformer,conditional,26,8,-0.0003661960132890352,-0.00043862541528239625,-0.00029981519933557115,-0.0002114598088780717,-0.00025646267283550205,-0.00017158587546416062
transformer,conditional,26,9,0.0,0.0,0.0,0.0,0.0,0.0
transformer,conditional,26,10,-1.8272425249254986e-06,-7.508305647841152e-05,6.014950166113077e-05,-2.8065741324445616e-06,-4.378958306296049e-05,3.348554477332996e-05
transformer,conditional,26,11,-3.820598006650799e-06,-6.728820598007991e-05,5.847591362126303e-05,-8.121265679394973e-08,-3.6669101248353876e-05,3.533778935672493e-05
transformer,conditional,27,1,0.0008675249169435251,0.0006328052325581359,0.0010766050664451881,0.0005910444156953454,0.00046131704182735445,0.000705940621019984
transformer,conditional,27,2,-0.0010386212624584723,-0.0012892732558139675,-0.0008269788205980099,-0.0006173138353981734,-0.0007733432065262432,-0.00045426579359112514
transformer,conditional,27,3,-0.00014401993355481424,-0.000256985049833892,-2.1424418604633504e-05,-0.00013256588768267518,-0.0002208649545202124,-4.2065548894558384e-05
transformer,conditional,27,4,4.285714285714004e-05,-0.00028754568106312923,0.0003793770764119512,0.00014235744083039735,-0.0001226125806300749,0.00040558583707378174
transformer,conditional,27,5,0.0,0.0,0.0,0.0,0.0,0.0
transformer,conditional,27,6,-0.0018931893687707613,-0.0021245390365448504,-0.0016853820598006707,-0.001299568761281692,-0.001453399097715954,-0.00116375927046378
transformer,conditional,27,7,-0.0006207641196013247,-0.000833563122923586,-0.00040463455149501563,-0.00047787669664394963,-0.0006170182719472464,-0.0003279696061394719
transformer,conditional,27,8,6.395348837209158e-05,-1.1636212624596798e-05,0.0001426910299003415,5.2899803847689106e-05,-6.479499661075914e-07,0.00010765054064876821
transformer,conditional,27,9,0.0,0.0,0.0,0.0,0.0,0.0
transformer,conditional,27,10,0.005380315614617942,0.003507016196013296,0.00752563953488372,0.003535572913681867,0.0022523104865052666,0.005005312227191024
transformer,conditional,27,11,5.730897009967206e-05,-5.1993355481723236e-05,0.00015996677740863236,3.529636363901689e-05,-4.095923083268801e-05,0.0001152661307589094
transformer,conditional,28,1,-0.00012566445182723984,-0.00027686877076411463,3.183970099667786e-05,-0.00019854461967821924,-0.0004261808471975863,2.6914502845643505e-05
transformer,conditional,28,2,-2.8239202657803775e-05,-0.0003359634551494809,0.00025184593023255385,-0.00019109986417779724,-0.0005431650942316928,0.00014235328780612595
transformer,conditional,28,3,5.8139534883715485e-05,-0.00010681478405316268,0.0002227574750830541,1.6250089112432865e-05,-0.00019399178801876934,0.00021889316653166325
transformer,conditional,28,4,0.0018291528239202648,0.0012958160299003337,0.002316617524916956,0.0015671949938688922,0.0010361003384095969,0.002098110928879347
transformer,conditional,28,5,0.0,0.0,0.0,0.0,0.0,0.0
transformer,conditional,28,6,6.26245847176099e-05,-5.917774086371451e-06,0.00013447051495016254,7.136170771324224e-05,-2.7457971846212404e-05,0.00016251212640943372
transformer,conditional,28,7,-0.00011727574750830638,-0.00024892234219269855,1.8803986710962684e-05,-0.00014100658917188036,-0.00028853199642041647,1.3594139286405637e-05
transformer,conditional,28,8,4.900332225913351e-06,-9.486710963455524e-05,9.053779069767344e-05,6.7334730890789e-05,-5.454240003073521e-05,0.00018910136465389088
transformer,conditional,28,9,0.0,0.0,0.0,0.0,0.0,0.0
transformer,conditional,28,10,1.7774086378736788e-05,-5.3822674418612076e-05,8.207433554816457e-05,-5.9041849339758205e-06,-0.00010340884635548711,8.457362323978548e-05
transformer,conditional,28,11,-3.687707641196414e-05,-0.00022534260797341547,0.00014801079734217852,-2.243386506856071e-06,-0.00019150621532875974,0.00017184859507363018
transformer,loo_sample,1,1,1.9933554817141987e-06,-4.236295681063124e-05,4.336794019931058e-05,-2.2638299868626975e-06,-2.1861777400363768e-05,1.61089642154587e-05
transformer,loo_sample,1,2,4.0697674418592736e-05,1.3289036544831156e-05,6.84426910298959e-05,1.5694009374130903e-05,5.1624555594106115e-06,2.65121152726217e-05
transformer,loo_sample,1,3,9.136212624576424e-06,-4.8172757474990166e-06,2.2931893687709408e-05,2.6037283141067123e-06,-3.6979405562917456e-06,8.863432304341362e-06
transformer,loo_sample,1,4,0.00010797342192690795,7.507890365448799e-05,0.00014252491694351403,5.4309417284431616e-05,3.852830796629611e-05,7.055917313090709e-05
transformer,loo_sample,1,5,0.0,0.0,0.0,0.0,0.0,0.0
transformer,loo_sample,1,6,3.322259136073757e-07,-1.1964285714308963e-05,1.2628737541531937e-05,6.947226808606821e-07,-4.687457442511533e-06,5.980100519762415e-06
transformer,loo_sample,1,7,1.760797342191145e-05,4.152823920270249e-06,3.23920265780476e-05,1.0367047251037543e-05,4.233061195958121e-06,1.7240024937087315e-05
transformer,loo_sample,1,8,-1.5614617940209463e-05,-2.9069767441862876e-05,-2.4916943521855193e-06,-7.689315229739701e-06,-1.3892357941779593e-05,-1.5465352840846963e-06
transformer,loo_sample,1,9,0.0,0.0,0.0,0.0,0.0,0.0
transformer,loo_sample,1,10,1.1627906976696688e-06,-7.641196013285002e-06,9.136212624574369e-06,1.5533139072321234e-07,-4.244364236357573e-06,3.8383313902135284e-06
transformer,loo_sample,1,11,-3.986710963465034e-06,-1.6283222591377543e-05,1.0137043189354606e-05,-2.3745149490184134e-06,-8.030379165237356e-06,3.855588114449321e-06
transformer,loo_sample,2,1,0.00016428571428572236,4.102574750830809e-05,0.00029916943521595465,9.219790729014132e-05,3.5343664569569274e-05,0.00015414304428932007
transformer,loo_sample,2,2,5.099667774086547e-05,-1.9946013289036113e-05,0.00013122923588036403,3.7097006443577165e-05,1.5478084817522334e-06,7.613923551502428e-05
transformer,loo_sample,2,3,-1.5282392026579883e-05,-3.571428571429599e-05,8.471760797345184e-06,-7.872421877672675e-06,-1.633399286865325e-05,2.1468673015394274e-06
transformer,loo_sample,2,4,0.0005941860465116255,0.0005222466777408463,0.0006701162790697791,0.00028710553289135855,0.0002544237279557112,0.0003216922084580298
transformer,loo_sample,2,5,0.0,0.0,0.0,0.0,0.0,0.0
transformer,loo_sample,2,6,-3.1395348837210955e-05,-5.315614617939618e-05,-9.298172757452117e-06,-1.5486677992774255e-05,-2.5359547005824238e-05,-5.51855406818647e-06
transformer,loo_sample,2,7,0.00012109634551495163,7.790697674419073e-05,0.0001642940199335662,6.8735390048269e-05,4.801436112404059e-05,9.007572857649127e-05
transformer,loo_sample,2,8,-1.063122923586568e-05,-3.5714285714252534e-05,1.3787375415297426e-05,-3.4886762640085055e-06,-1.539260227366737e-05,8.369304927450098e-06
transformer,loo_sample,2,9,0.0,0.0,0.0,0.0,0.0,0.0
transformer,loo_sample,2,10,-1.2292358803982496e-05,-2.541528239204066e-05,4.983388704427882e-07,-6.526606058809836e-06,-1.4064525589170901e-05,6.543109576503359e-07
transformer,loo_sample,2,11,-4.4850498338977474e-06,-2.1594684385407595e-05,1.162790697674121e-05,-2.751734158790153e-07,-8.226846263462261e-06,7.281115627693618e-06
transformer,loo_sample,3,1,0.0008434385382059861,-0.0005057142857142696,0.002244638704318937,-0.0004359947815594267,-0.0018724673386299824,0.0010847102791741916
transformer,loo_sample,3,2,-0.0022846345514950174,-0.003109470514950171,-0.0015076598837209226,-0.0025954945160916653,-0.003327069707433734,-0.0018500077699515891
transformer,loo_sample,3,3,0.0004919435215946866,0.00031651578073090073,0.0006715988372093027,0.00038766959770284993,0.00016364679246218204,0.0006017753222396218
transformer,loo_sample,3,4,0.002903073089700996,0.002030288621262455,0.003627682724252496,0.003566047364061511,0.002902187844734651,0.004257319407865967
transformer,loo_sample,3,5,8.305647840489705e-08,0.0,3.322259136195882e-07,7.905463011770309e-08,0.0,3.1621852047081234e-07
transformer,loo_sample,3,6,3.9368770764119934e-05,-0.00011147425249169565,0.00018414244186046614,7.847964138378294e-05,-0.00010812941401866581,0.00026425614020125543
transformer,loo_sample,3,7,-0.0002623754152823843,-0.00048373754152822746,-3.571428571427551e-05,-0.0002965134526548818,-0.0005805352935888467,-1.2935812832153887e-07
transformer,loo_sample,3,8,0.000388953488372088,0.000207788621262458,0.0005844725913621198,0.00015472653585267172,-2.3457156083519034e-05,0.0003387249856970012
transformer,loo_sample,3,9,8.305647840489705e-08,0.0,3.322259136195882e-07,7.905463011770309e-08,0.0,3.1621852047081234e-07
transformer,loo_sample,3,10,8.380398671096301e-05,-6.479235880399525e-05,0.0002337458471760745,0.0001523109743915163,1.0566464671181582e-05,0.00028380219688609065
transformer,loo_sample,3,11,0.0002242524916943489,5.21283222591441e-05,0.00039867940199335666,0.00011449265843536228,-0.0001071886775280238,0.00034592432730534543
transformer,loo_sample,4,1,-0.023414784053156154,-0.028267927740863803,-0.018697965116279074,-0.02022685706492615,-0.024504132585135282,-0.016276927818504622
transformer,loo_sample,4,2,-0.02166827242524918,-0.02607412375415283,-0.016827969269102985,-0.018603420321581764,-0.022281983570575464,-0.014759560394676002
transformer,loo_sample,4,3,0.0015222591362126236,0.0010103571428571414,0.002116812707641201,0.001290490923265706,0.0008458779804627141,0.0018272890614551964
transformer,loo_sample,4,4,0.0027519933554817255,-0.013277969269102989,0.018420087209302306,0.0011993502297472547,-0.0125329431777597,0.01437890759575211
transformer,loo_sample,4,5,0.0,0.0,0.0,0.0,0.0,0.0
transformer,loo_sample,4,6,0.0013111295681063118,0.0005934966777408548,0.0019997134551495094,0.0013266374989813977,0.0008151294752199559,0.0018496123432093696
transformer,loo_sample,4,7,-0.0020681063122923627,-0.0024641528239202687,-0.0016972882059800706,-0.00238444452050774,-0.0028113764625724816,-0.001979226179704457
transformer,loo_sample,4,8,-0.0006429401993355477,-0.0013029339700996562,0.00010681893687707086,-0.0006453495289196908,-0.0011583414738121913,1.594348941473258e-05
transformer,loo_sample,4,9,0.0,0.0,0.0,0.0,0.0,0.0
transformer,loo_sample,4,10,0.10540332225913622,0.08818717607973423,0.1199316777408638,0.08701573726919756,0.07635662078481281,0.0965121398184367
transformer,loo_sample,4,11,-4.725913621262401e-05,-0.00023912583056476955,0.00014884136212624835,2.649040062929764e-07,-0.0002043154637746479,0.0001918799753291377
transformer,loo_sample,5,1,-0.001478903654485056,-0.002166715116279081,-0.000793471760797353,-0.0014845968286591193,-0.0021374866882533307,-0.0008305480255102204
transformer,loo_sample,5,2,-0.0009745016611295693,-0.0014431146179402134,-0.00047794642857143033,-0.0010053797845106494,-0.001472124270485727,-0.0005458420941106132
transformer,loo_sample,5,3,6.818936877076076e-05,-0.0001400519102990033,0.0002472612126245815,-0.00010121446167122738,-0.00031896685832174187,0.00010506223068553384
transformer,loo_sample,5,4,-3.687707641196136e-05,-0.0006045764119601386,0.0004948588039867091,8.653178231574299e-05,-0.0005293370767215986,0.0006925596235314145
transformer,loo_sample,5,5,0.0,0.0,0.0,0.0,0.0,0.0
transformer,loo_sample,5,6,-5.3156146179405004e-05,-0.00016678156146179512,6.395764119601734e-05,3.47445336211627e-05,-0.0001392418926004805,0.00021686610238311888
transformer,loo_sample,5,7,-0.0004303156146179421,-0.0007081561461793988,-0.00017404069767442074,-0.0004552948895840614,-0.0008430684814613851,-0.00010252614417375467
transformer,loo_sample,5,8,-0.00017840531561462203,-0.000302848837209311,-6.627491694352417e-05,-0.0002582063106596333,-0.0004491665200747012,-8.384328069576141e-05
transformer,loo_sample,5,9,0.0,0.0,0.0,0.0,0.0,0.0
transformer,loo_sample,5,10,-2.6827242524920525e-05,-8.05751661129637e-05,2.707641196012818e-05,-7.518650990987474e-06,-9.900472194615066e-05,7.757527556998244e-05
transformer,loo_sample,5,11,0.00018397009966777123,-8.871677740864853e-05,0.0004379817275747442,-4.7870953096835755e-05,-0.0003074627580608137,0.0001925755741444657
transformer,loo_sample,6,1,-9.468438538200452e-06,-2.990863787372028e-05,1.0639534883732993e-05,-4.5252575433574195e-06,-1.2034620204627645e-05,2.4441696200191135e-06
transformer,loo_sample,6,2,-8.305647840411989e-07,-1.529069767439026e-05,1.245847176080697e-05,-6.25357191837983e-07,-5.762750335442712e-06,4.175903924332286e-06
transformer,loo_sample,6,3,7.641196013283834e-06,-6.644518272040933e-07,1.5780730896989143e-05,2.126084279699958e-06,-6.85406365683705e-07,4.827699356197395e-06
transformer,loo_sample,6,4,-5.631229235879109e-05,-0.00010066860465114722,-2.2425249169409856e-05,-2.063644963576583e-05,-3.717834518923335e-05,-8.079891303044847e-06
transformer,loo_sample,6,5,0.0,0.0,0.0,0.0,0.0,0.0
transformer,loo_sample,6,6,5.8139534883905334e-06,-4.152823920161349e-09,1.1960132890372926e-05,1.6386805930579395e-06,-4.053870781549063e-07,3.844074790136679e-06
transformer,loo_sample,6,7,-4.983388704316027e-07,-7.475083056462218e-06,6.644518272415079e-06,5.360965968481679e-08,-2.350313448450797e-06,2.5362885017778387e-06
transformer,loo_sample,6,8,-2.325581395347109e-06,-8.64202657809393e-06,3.9908637873847844e-06,-6.348558135260696e-07,-2.836155278763519e-06,1.5618674561821965e-06
transformer,loo_sample,6,9,0.0,0.0,0.0,0.0,0.0,0.0
transformer,loo_sample,6,10,1.6611295680424299e-07,-5.149501661129153e-06,4.3189368770657485e-06,-4.091162940755844e-08,-1.7564137224504172e-06,1.3267569324918436e-06
transformer,loo_sample,6,11,-1.9933554817375133e-06,-7.973421926903536e-06,4.152823920252763e-06,-9.753702103099115e-07,-3.1442352312304467e-06,1.2319720195479419e-06
transformer,loo_sample,7,1,3.455149501662258e-05,6.644518272456379e-06,6.844684385383712e-05,1.3886561762523898e-05,1.822529519578675e-06,3.0050268561489855e-05
transformer,loo_sample,7,2,2.3920265780738026e-05,3.280730896944031e-07,5.033637873752464e-05,9.485171364090883e-06,-1.624293865076981e-06,2.294717142400809e-05
transformer,loo_sample,7,3,-2.823920265762059e-06,-1.5282392026526842e-05,1.0132890365443487e-05,-1.2797601220337907e-06,-8.802207382803878e-06,5.876674280380905e-06
transformer,loo_sample,7,4,0.4314737541528239,0.42772399916943526,0.43514990448504987,0.31074499117739246,0.3074616606613447,0.3139503413476445
transformer,loo_sample,7,5,0.0,0.0,0.0,0.0,0.0,0.0
transformer,loo_sample,7,6,1.4119601328911324e-05,3.820598006662484e-06,2.6578073089671832e-05,5.915291655530508e-06,1.256720101465797e-06,1.1902212760013379e-05
transformer,loo_sample,7,7,-1.0299003322247202e-05,-2.3421926910272198e-05,3.6544850498356486e-06,-4.4591938337001926e-06,-1.1896459057955693e-05,3.877550983228597e-06
transformer,loo_sample,7,8,-2.325581395334897e-06,-9.468438538192876e-06,4.6511627907245e-06,-1.667356153722821e-06,-5.178220530733524e-06,1.6493982170034098e-06
transformer,loo_sample,7,9,0.0,0.0,0.0,0.0,0.0,0.0
transformer,loo_sample,7,10,9.966777408776384e-07,-4.485049833876681e-06,6.810631229262648e-06,5.270843247584533e-07,-2.390754623058211e-06,4.215522437531479e-06
transformer,loo_sample,7,11,-3.3222591361992128e-06,-1.2292358803979192e-05,5.980066445208155e-06,-1.4030733385517192e-06,-5.42797534711964e-06,2.7143011814526874e-06
transformer,loo_sample,8,1,6.478405315614944e-05,-8.621677740864592e-05,0.0002245971760797375,2.9312181292732166e-05,-5.446400217133995e-05,0.00011797801724258559
transformer,loo_sample,8,2,5.681063122922159e-05,-6.84634551495367e-05,0.0001895431893687579,1.9282917232545938e-05,-5.336631952878921e-05,9.27782797980951e-05
transformer,loo_sample,8,3,-2.6910299003327643e-05,-7.009966777407895e-05,1.6943521594672744e-05,-1.4113843495898725e-05,-3.3684166699009805e-05,6.619594671643795e-06
transformer,loo_sample,8,4,0.00018953488372092764,3.4875415282362095e-05,0.00035316445182724694,0.00010848626086597313,2.975162811211504e-05,0.0001920196331143435
transformer,loo_sample,8,5,0.0,0.0,0.0,0.0,0.0,0.0
transformer,loo_sample,8,6,5.481727574749851e-06,-2.6760797342194526e-05,3.7213455149484106e-05,7.356900638144648e-07,-1.4145826387535587e-05,1.5592026919313494e-05
transformer,loo_sample,8,7,7.475083056478038e-05,-5.000000000018378e-06,0.00014884551495016865,4.320787465609377e-05,-2.3110958158684118e-07,8.337274047334044e-05
transformer,loo_sample,8,8,-0.00014385382059800222,-0.00022009966777407342,-6.012458471760686e-05,-7.52571507922395e-05,-0.00011810378381958591,-3.0359710670899585e-05
transformer,loo_sample,8,9,0.0,0.0,0.0,0.0,0.0,0.0
transformer,loo_sample,8,10,1.1129568106306165e-05,-1.3289036544794908e-06,2.4588870431868668e-05,3.136116563128288e-06,-2.152551259572144e-06,8.825657169079433e-06
transformer,loo_sample,8,11,3.239202657806528e-05,6.644518272298506e-07,6.578488372091062e-05,1.0366594366907344e-05,-6.172168806908629e-06,2.692933094390342e-05
transformer,loo_sample,9,1,0.002735299003322262,0.0020442794850498392,0.003462171926910306,0.0016346894454853634,0.001013794389157889,0.002253747788301486
transformer,loo_sample,9,2,-0.0007821428571428568,-0.0011851038205980041,-0.00040884966777408665,-0.000555312511750603,-0.0009117555764716071,-0.0001934092704965944
transformer,loo_sample,9,3,5.8970099667777774e-05,-9.689368770763828e-05,0.00021819559800665038,5.686319069782786e-05,-0.00018008157735746648,0.00027835264125805696
transformer,loo_sample,9,4,0.003793936877076417,0.002993060631229241,0.004651476328903659,0.002766459493090664,0.0018748530259980467,0.0037623556536607265
transformer,loo_sample,9,5,0.0,0.0,0.0,0.0,0.0,0.0
transformer,loo_sample,9,6,0.0001821428571428585,7.190199335548417e-05,0.0002895452657807444,3.5691868775833412e-06,-0.00017003134980198402,0.00017101142257596236
transformer,loo_sample,9,7,7.533222591362466e-05,-0.0001323920265780679,0.000267952657807313,-6.523500382302428e-05,-0.0003250472040209162,0.0001711389652404654
transformer,loo_sample,9,8,-0.0001482558139534851,-0.0002781623754152892,-2.1646594684384848e-05,-0.0001507725388325354,-0.0002810922960660416,-1.685942697556658e-05
transformer,loo_sample,9,9,0.0,0.0,0.0,0.0,0.0,0.0
transformer,loo_sample,9,10,-5.847176079733729e-05,-0.00013795888704320038,1.9030315614631725e-05,-2.7685911299252243e-05,-0.00014891472870283128,8.536844679065283e-05
transformer,loo_sample,9,11,-8.430232558139239e-05,-0.00020766818936875464,3.51411960132943e-05,-0.00019110512775551646,-0.0004292396100540172,7.742477484269306e-05
transformer,loo_sample,10,1,0.0005611295681063189,0.00021074750830565314,0.0009291486710963438,0.00033151832955985894,0.00012181284569874171,0.000550370381850553
transformer,loo_sample,10,2,-0.001316943521594689,-0.0017046802325581484,-0.0009725872093023383,-0.0007741758366473739,-0.0009881403132958383,-0.0005770455009667132
transformer,loo_sample,10,3,9.136212624584528e-05,3.7039036544831176e-05,0.00014120016611297308,3.7025428247199345e-05,6.069826971230125e-06,6.359750939476157e-05
transformer,loo_sample,10,4,0.0012389534883720887,0.0008898504983388646,0.001613974252491706,0.0006883553910652863,0.000490831163286915,0.0008951761455899231
transformer,loo_sample,10,5,8.305647840378683e-08,0.0,3.322259136151473e-07,1.0251908616920602e-07,0.0,4.1007634467682406e-07
transformer,loo_sample,10,6,-0.00010199335548171984,-0.0001800705980066569,-3.0722591362114715e-05,-5.5100928527959115e-05,-9.258314616175301e-05,-2.1220873255504078e-05
transformer,loo_sample,10,7,-0.000792691029900332,-0.001018127076411969,-0.0005522965116278864,-0.0004971535986760012,-0.000629770003670074,-0.0003623450889545283
transformer,loo_sample,10,8,-0.0004787375415282413,-0.0006844019933554987,-0.00031109634551496,-0.00027719437709582075,-0.0003877206102956971,-0.00018875685667507405
transformer,loo_sample,10,9,8.305647840378683e-08,0.0,3.322259136151473e-07,1.0251908616920602e-07,0.0,4.1007634467682406e-07
transformer,loo_sample,10,10,-4.651162790709762e-06,-5.665697674420309e-05,4.387043189368666e-05,-3.350895848539537e-06,-3.3625838438759106e-05,2.542099654467078e-05
transformer,loo_sample,10,11,0.00017342192691029103,0.0001197674418604655,0.00022973421926906045,8.197871853776406e-05,5.611737665819097e-05,0.00011040515349668538
transformer,loo_sample,11,1,-0.0032784883720930235,-0.0037947155315614708,-0.0027685755813953456,-0.0018416073614085815,-0.0021272954088543835,-0.0015554427904668807
transformer,loo_sample,11,2,-0.00037815614617940695,-0.0006325996677740955,-0.00011825581395348235,-0.00019207536118526658,-0.00033465852793379357,-5.324508058555698e-05
transformer,loo_sample,11,3,4.9003322259125735e-05,-4.7354651162820503e-05,0.00014237956810629347,3.973250162705222e-05,-1.4887081292288136e-05,9.354730219721135e-05
transformer,loo_sample,11,4,0.0015310631229235828,0.00031234634551495434,0.0025666196013289034,0.0009061573314547122,0.00018378583602239305,0.001501683161420353
transformer,loo_sample,11,5,0.0,0.0,0.0,0.0,0.0,0.0
transformer,loo_sample,11,6,-0.00011420265780732852,-0.0002066445182724406,-2.1740033222614393e-05,-6.004444873194736e-05,-0.00011470201407908234,-4.9903782541753144e-06
transformer,loo_sample,11,7,-0.001927076411960138,-0.0024928612956810637,-0.0012207059800664504,-0.001136330521695108,-0.0014733796385557536,-0.0007150106302193805
transformer,loo_sample,11,8,0.00024086378737539827,0.00017823089700995422,0.00030946843853818995,0.00013887816921883344,0.00010582561882740513,0.00017523013593213375
transformer,loo_sample,11,9,0.0,0.0,0.0,0.0,0.0,0.0
transformer,loo_sample,11,10,0.00900564784053156,0.007424144518272434,0.010837163621262458,0.005000717913130993,0.004098755552339303,0.0060481826278220565
transformer,loo_sample,11,11,-8.471760797341688e-06,-5.8642026578052095e-05,3.987126245847292e-05,-7.031020429281165e-06,-3.549707536205737e-05,1.953387940893236e-05
transformer,loo_sample,12,1,0.0006237541528239177,0.00018835132890364465,0.0011342234219269077,0.00026964831326728667,-5.011214988638618e-05,0.0006317153950970415
transformer,loo_sample,12,2,-0.0016970099667774118,-0.0022744892026578182,-0.0011253779069767438,-0.0012929810590598212,-0.0016781078884490236,-0.000926962862639634
transformer,loo_sample,12,3,0.0001882890365448464,5.397425249168347e-05,0.00031647425249169484,0.00010741516170332255,2.408735823503622e-06,0.0002075950446403318
transformer,loo_sample,12,4,0.0026750830564784022,0.0022347342192690937,0.0031335880398671006,0.0021650973767111358,0.0018539919040190503,0.0024923112476158502
transformer,loo_sample,12,5,0.0,0.0,0.0,0.0,0.0,0.0
transformer,loo_sample,12,6,8.720930232557823e-05,-2.558139534883186e-05,0.00020099667774085565,0.00012049228325807571,5.281814372522326e-05,0.00018992610438866436
transformer,loo_sample,12,7,-0.0012923588039867172,-0.0018932724252491775,-0.000764892026578082,-0.0010042914107845657,-0.0014145339526207754,-0.0006452937843436686
transformer,loo_sample,12,8,-6.445182724252985e-05,-0.0001729235880398631,4.801495016611377e-05,-6.955119791433817e-05,-0.00015002227967194064,1.529278634825459e-05
transformer,loo_sample,12,9,0.0,0.0,0.0,0.0,0.0,0.0
transformer,loo_sample,12,10,3.156146179401631e-06,-6.412375415284255e-05,5.697674418604254e-05,-2.511672391973807e-06,-5.418104035144932e-05,4.2020156554385836e-05
transformer,loo_sample,12,11,2.9401993355482325e-05,-0.0001036627906976669,0.00016180232558139608,-9.277761031400766e-05,-0.00018321568522744805,2.1108320368426353e-07
transformer,loo_sample,13,1,0.00029867109634551417,0.0001675996677740793,0.0004271345514950073,0.0001249502285480719,6.716223210782981e-05,0.0001848364315071613
transformer,loo_sample,13,2,-4.028239202659156e-05,-0.0001289908637873646,4.685631229232738e-05,-2.327341626690571e-05,-7.223140653880561e-05,2.2197401136548783e-05
transformer,loo_sample,13,3,2.392026578072248e-05,-2.6083887043219152e-05,6.894102990033187e-05,8.050656380087506e-06,-1.2201576139692832e-05,2.674343772004686e-05
transformer,loo_sample,13,4,0.0003524916943521494,0.00022323089700995673,0.00048654900332226913,0.00019816275811028073,0.00014098831455200476,0.000259785962801791
transformer,loo_sample,13,5,0.0,0.0,0.0,0.0,0.0,0.0
transformer,loo_sample,13,6,4.0033222591348004e-05,1.8230897009682557e-06,8.18978405315484e-05,2.2386988488112268e-05,5.819903389611525e-06,4.05483755899284e-05
transformer,loo_sample,13,7,3.156146179400854e-05,-2.0099667774093056e-05,8.274501661129473e-05,1.3110329217346228e-05,-1.1169351170461389e-05,3.7657034976051354e-05
transformer,loo_sample,13,8,-5.481727574749851e-06,-3.5880398671090995e-05,2.5249169435222487e-05,-5.214106300458487e-06,-1.8150041188446792e-05,6.6849112705161325e-06
transformer,loo_sample,13,9,0.0,0.0,0.0,0.0,0.0,0.0
transformer,loo_sample,13,10,-3.986710963475027e-06,-2.956810631230797e-05,2.30938538205906e-05,-2.820438117020485e-06,-1.4897046606276165e-05,9.653987606052926e-06
transformer,loo_sample,13,11,-3.6378737541536975e-05,-7.75747508305637e-05,5.494186046518317e-06,-1.6981622307661313e-05,-3.2878464788522576e-05,-7.636317120304068e-07
transformer,loo_sample,14,1,-0.0009712624584717444,-0.0010933637873754033,-0.0008446719269102785,-0.0006331523626366953,-0.0007060100520830378,-0.0005546759295796605
transformer,loo_sample,14,2,-0.0003584717607973198,-0.0005290697674418083,-0.00020394518272424649,-0.0002308981633779017,-0.0003289209095076443,-0.0001400442275603623
transformer,loo_sample,14,3,-2.4086378737420146e-06,-3.538621262459016e-05,2.9493355481746402e-05,-6.088214549324622e-06,-2.5754575808257074e-05,1.2712762559495827e-05
transformer,loo_sample,14,4,-0.00047043189368769947,-0.0007043604651162767,-0.00023801079734217607,-0.0002896695319969211,-0.0004284786099735504,-0.00014558500113415467
transformer,loo_sample,14,5,0.0,0.0,0.0,0.0,0.0,0.0
transformer,loo_sample,14,6,4.667774086379972e-05,9.962624584712448e-06,8.605066445186269e-05,2.3327698997859247e-05,2.344902316023995e-06,4.5804936282551046e-05
transformer,loo_sample,14,7,-8.637873754151482e-06,-5.017441860464655e-05,3.389119601330102e-05,-3.2973454635498722e-06,-2.8333379324543386e-05,2.2975170725053197e-05
transformer,loo_sample,14,8,-5.21594684385418e-05,-8.189784053158583e-05,-2.3251661129560753e-05,-3.282048345389921e-05,-5.019582428563082e-05,-1.5665810748188443e-05
transformer,loo_sample,14,9,0.0,0.0,0.0,0.0,0.0,0.0
transformer,loo_sample,14,10,0.0007363787375415376,0.0005105232558139499,0.0009561503322259192,0.00045223104278653727,0.0003134504283359887,0.0005875310576122397
transformer,loo_sample,14,11,-6.9767441860379975e-06,-3.704734219270189e-05,2.3592192691041936e-05,-6.785323782265707e-06,-2.4451254198337574e-05,1.1494312590224974e-05
transformer,loo_sample,15,1,0.0015483388704318928,0.0007294892026578169,0.002371696428571434,0.001203768537538351,0.0004628258025427906,0.0019920271651756322
transformer,loo_sample,15,2,0.0007051495016611281,0.00023537583056478626,0.0011721989202657806,0.0007545318449397909,0.000283548408634283,0.0011990173735720016
transformer,loo_sample,15,3,0.00010705980066444687,-7.343230897010808e-05,0.0002674771594684321,0.00022997699337727552,-4.092801480723495e-06,0.0004485214804477997
transformer,loo_sample,15,4,0.0006701827242524893,0.0002385215946843782,0.0011227221760797268,0.000640496296833667,-5.3958474295989325e-05,0.0012968045562294101
transformer,loo_sample,15,5,0.0,0.0,0.0,0.0,0.0,0.0
transformer,loo_sample,15,6,0.00017392026578072261,1.324750830555402e-06,0.0003289887873754102,-3.1669167134551477e-06,-0.0002105406564744109,0.00022139846016169335
transformer,loo_sample,15,7,0.00029426910299003463,0.00013112749169435196,0.0004634800664451779,-0.0001404443528599808,-0.000398702781462264,0.00010153798660603916
transformer,loo_sample,15,8,-9.252491694352383e-05,-0.00021096345514950827,1.836171096345205e-05,-2.813875735356519e-05,-0.00018227507185884637,0.0001286298671300045
transformer,loo_sample,15,9,0.0,0.0,0.0,0.0,0.0,0.0
transformer,loo_sample,15,10,-1.4867109634550956e-05,-6.977574750830894e-05,4.4437292358810746e-05,-4.6540951039490966e-05,-0.00012257440147788603,2.431499122325573e-05
transformer,loo_sample,15,11,-4.476744186047099e-05,-0.00022318313953488135,0.0001380481727574681,-0.00011103911288483981,-0.000330624860964966,0.00010007910946785068
transformer,loo_sample,16,1,-2.3172757475088957e-05,-0.0007035880398671192,0.0006559842192690912,0.0001167228227041639,-0.00045914206124454687,0.0006751532238897757
transformer,loo_sample,16,2,-0.00045215946843853605,-0.0008600415282392041,-7.534053156145788e-05,-0.0002118492225375679,-0.000635164056668112,0.00018029195621574505
transformer,loo_sample,16,3,-0.00016661129568106115,-0.0003696013289036499,2.209717607973267e-05,-9.269098773956875e-05,-0.000313070556875961,0.00010998744857439366
transformer,loo_sample,16,4,-4.019933554817057e-05,-0.0005146220930232506,0.00041735880398671693,0.0010418563034258665,0.0004803085252324527,0.001618160523591028
transformer,loo_sample,16,5,0.0,0.0,0.0,0.0,0.0,0.0
transformer,loo_sample,16,6,2.6578073089617018e-06,-0.00014451827242526084,0.0001590157807308906,-0.00020701867882689018,-0.00036373081205226884,-4.5347830324924734e-05
transformer,loo_sample,16,7,-0.00015681063122923055,-0.0003269144518272438,3.058554817275931e-05,-6.719751751614544e-05,-0.00031856426810428695,0.00018173471506415873
transformer,loo_sample,16,8,0.00021337209302325856,3.022632890366292e-05,0.00040789659468438093,0.0001329758464088493,-1.6751581494663686e-05,0.00026837125619073464
transformer,loo_sample,16,9,0.0,0.0,0.0,0.0,0.0,0.0
transformer,loo_sample,16,10,-6.146179401995689e-06,-6.745016611296587e-05,6.462209302326043e-05,-3.1949190185592835e-05,-0.00010858354154776853,3.9787979111950314e-05
transformer,loo_sample,16,11,0.00016926910299003118,-2.3264119601333194e-05,0.0003578280730897011,1.1118159798197968e-05,-0.00021650294255025088,0.00021726072610576177
transformer,loo_sample,17,1,0.00018671096345512894,-0.0001231602990033295,0.0004716029900331976,0.00013896657099421783,-4.310262548818818e-05,0.0003004125174890267
transformer,loo_sample,17,2,-0.00044900332225914494,-0.0007117940199335543,-0.00019384966777407655,-0.0002872391696173937,-0.0004534923981669896,-0.00012430588061257771
transformer,loo_sample,17,3,-7.009966777408949e-05,-0.00017394102990033714,6.835548172759334e-06,-3.877780176428369e-05,-0.00010267857479957776,6.9186613038382215e-06
transformer,loo_sample,17,4,-0.0010890365448505178,-0.001566345514950183,-0.0005906561461794046,-0.0007515817302531924,-0.001054983660933963,-0.00042152565731557476
transformer,loo_sample,17,5,0.0,0.0,0.0,0.0,0.0,0.0
transformer,loo_sample,17,6,-1.3289036544783528e-06,-5.581395348837067e-05,5.516196013289322e-05,6.477020433128811e-06,-2.271431027579396e-05,3.7414336579827e-05
transformer,loo_sample,17,7,2.5747508305635768e-05,-7.890780730899423e-05,0.00012973837209301163,2.4262884100789694e-05,-3.301500431512224e-05,8.326536811478182e-05
transformer,loo_sample,17,8,-0.0001528239202657966,-0.0002579817275747555,-2.208887043190871e-05,-9.922726707487173e-05,-0.00016121380401258609,-2.2634932702537227e-05
transformer,loo_sample,17,9,0.0,0.0,0.0,0.0,0.0,0.0
transformer,loo_sample,17,10,-9.966777408743077e-07,-2.1432724252504114e-05,1.943936877075395e-05,-4.167024593498825e-06,-1.5973388156674484e-05,7.990402836987116e-06
transformer,loo_sample,17,11,-3.529900332226221e-05,-7.757475083056198e-05,4.073920265788544e-06,-1.6923066411910216e-05,-3.406881339423681e-05,-8.308257994693593e-07
transformer,loo_sample,18,1,0.00017558139534883276,-0.00019774501661130536,0.0005760963455149477,0.00011910958669850923,-9.91286510331539e-05,0.0003469644505721287
transformer,loo_sample,18,2,-0.0010377076411960185,-0.0016533637873754105,-0.0004243646179401956,-0.0006546586587458092,-0.0010307699125190037,-0.00028678473557737727
transformer,loo_sample,18,3,0.00017873754152823772,7.458471760797156e-05,0.000288550664451822,0.00010079151443156187,4.2331640993216816e-05,0.00016435689925990146
transformer,loo_sample,18,4,0.0004956810631229269,0.00025846760797345935,0.0007400705980066342,0.00029506994481272254,0.00016113277121288088,0.00043474380990216125
transformer,loo_sample,18,5,0.0,0.0,0.0,0.0,0.0,0.0
transformer,loo_sample,18,6,0.00015091362126245177,4.659053156142784e-05,0.00026263704318936753,0.00010593813488491865,4.652918132570216e-05,0.00017040781434221
transformer,loo_sample,18,7,-0.00024069767441860956,-0.0007695473421927016,0.00021266196013289523,-0.00011490515472782459,-0.0004415388177697862,0.00015844094675563494
transformer,loo_sample,18,8,-8.911960132890195e-05,-0.00020848629568107595,1.66154485049882e-05,-4.643898877332964e-05,-0.00011770826870572749,1.8552527174467363e-05
transformer,loo_sample,18,9,0.0,0.0,0.0,0.0,0.0,0.0
transformer,loo_sample,18,10,-3.820598006645249e-06,-3.405315614617996e-05,2.941029900331275e-05,-2.5807312334447107e-06,-1.8812147796065688e-05,1.542195957477671e-05
transformer,loo_sample,18,11,-0.0001940199335548154,-0.0002732599667773887,-0.0001195971760797453,-0.00011054137065955594,-0.00016537299369200902,-5.890813870822742e-05
transformer,loo_sample,19,1,0.0073126245847176,0.0024562832225913413,0.011860062292358807,0.004944583323387479,0.0015964561683871066,0.008165053397643398
transformer,loo_sample,19,2,-0.002403156146179395,-0.00498231312292357,0.0006547882059800757,-0.0012038305901713009,-0.002866071870452313,0.0007433584855301218
transformer,loo_sample,19,3,0.00039152823920266753,0.0002158388704318994,0.0005761254152823924,0.0002570881198220543,0.00013520469705187544,0.000390922383010163
transformer,loo_sample,19,4,-0.016499584717607978,-0.019373544435215943,-0.01310198089700996,-0.010368619417023361,-0.012132716535246084,-0.00822477100561124
transformer,loo_sample,19,5,0.0,0.0,0.0,0.0,0.0,0.0
transformer,loo_sample,19,6,0.0002068106312292306,0.00010664036544850769,0.00030499584717607383,0.00013358942688090124,6.809625798511953e-05,0.00019821188514688613
transformer,loo_sample,19,7,0.12348787375415282,0.11352503322259135,0.13336804401993355,0.0866250589331708,0.07855504984618562,0.0941141494964636
transformer,loo_sample,19,8,0.05310647840531562,0.04667350083056478,0.06017009136212625,0.03220428446409074,0.028000334815455715,0.036781262010489174
transformer,loo_sample,19,9,0.0,0.0,0.0,0.0,0.0,0.0
transformer,loo_sample,19,10,-2.4916943521513526e-06,-8.274086378736809e-05,8.338870431892436e-05,2.6736397161564175e-06,-5.379531831045209e-05,6.448036114402628e-05
transformer,loo_sample,19,11,0.00017043189368771362,9.850083056477749e-05,0.0002510008305647862,9.77461592812845e-05,5.462211334550537e-05,0.00014686800183714454
transformer,loo_sample,20,1,0.00044551495016611044,0.00023654485049834863,0.0006364036544850172,0.00023298566773425678,0.00014189749060668184,0.0003180821100356044
transformer,loo_sample,20,2,0.0002865448504983259,0.0001548172757475119,0.0004118023255813909,0.00015837041696594277,8.060519559859633e-05,0.00023509644966679378
transformer,loo_sample,20,3,-4.119601328904654e-05,-0.00010399501661131176,1.3463455149493247e-05,-1.6934062848749097e-05,-4.370562172039125e-05,7.088297033699975e-06
transformer,loo_sample,20,4,0.00016528239202659223,3.184385382061362e-05,0.00030481727574752245,9.470870918629526e-05,2.6039436420483146e-05,0.00016527889918909166
transformer,loo_sample,20,5,0.0,0.0,0.0,0.0,0.0,0.0
transformer,loo_sample,20,6,-9.186046511628466e-05,-0.0001363828903654454,-4.384136212624699e-05,-5.050723554134606e-05,-7.204774252355003e-05,-2.6590039223577946e-05
transformer,loo_sample,20,7,8.35548172757461e-05,4.941860465102757e-07,0.00016528239202658786,6.644263817893847e-05,1.8043095623712314e-05,0.00011434149026915113
transformer,loo_sample,20,8,1.7607973421933655e-05,-2.657807308969068e-05,5.946843853820835e-05,1.2578013995536708e-05,-9.10851819446809e-06,3.205490312175965e-05
transformer,loo_sample,20,9,0.0,0.0,0.0,0.0,0.0,0.0
transformer,loo_sample,20,10,8.305647840622932e-07,-1.794019933553112e-05,2.1096345514959592e-05,1.7941117967035237e-06,-6.349865799561816e-06,1.0331159266570686e-05
transformer,loo_sample,20,11,1.3787375415286184e-05,-5.033637873752661e-05,7.691029900330797e-05,1.5654928270788517e-05,-1.3085418796444981e-05,4.305686864421633e-05
transformer,loo_sample,21,1,-0.00012109634551495108,-0.0007550394518272484,0.0004980730897009956,-0.00025115663096964447,-0.0008952861396972685,0.00039059972741854846
transformer,loo_sample,21,2,0.00018978405315614566,-0.00013173588039867075,0.0005285776578073046,-0.00013723517368575356,-0.0006115005428000769,0.00027583110249370003
transformer,loo_sample,21,3,0.00010888704318936183,-4.693521594685111e-05,0.00026281976744184994,-0.00022334908758015693,-0.00045665384571014564,2.6668471597185964e-05
transformer,loo_sample,21,4,-5.4069767441858876e-05,-0.0006293791528239179,0.0004943542358804017,0.0001268192152856784,-0.0005240653651517476,0.0007701919016959206
transformer,loo_sample,21,5,0.0,0.0,0.0,0.0,0.0,0.0
transformer,loo_sample,21,6,-0.00021553156146179365,-0.00037102990033223,-6.131852159467911e-05,-4.940411071697515e-05,-0.00024013220113833138,0.00014320729247788394
transformer,loo_sample,21,7,-3.970099667774118e-05,-0.00022957848837209345,0.00013006644518271353,8.109749879904649e-05,-0.0001773813813011462,0.0003174403358453597
transformer,loo_sample,21,8,-0.00011171096345514886,-0.00023687915282392385,2.051495016610934e-05,-8.655705341336418e-05,-0.00020772413140680797,4.299313059017012e-05
transformer,loo_sample,21,9,0.0,0.0,0.0,0.0,0.0,0.0
transformer,loo_sample,21,10,1.4700996677743383e-05,-5.041735880398353e-05,7.75789036544847e-05,2.6639893611229982e-05,-5.5478154820283424e-05,0.00013228019595189786
transformer,loo_sample,21,11,1.0132890365442404e-05,-0.00013596968438538582,0.00016869601328903334,0.00013221728824410416,-9.038221592685938e-05,0.0003402638662565031
transformer,loo_sample,22,1,0.0024153654485049823,0.001276038205980064,0.003485311461794015,0.00141176817017719,0.0004510235163883717,0.0022489148410971796
transformer,loo_sample,22,2,-0.0009720099667774051,-0.001490286544850492,-0.00041722799003322705,-0.0007759034458653857,-0.0014189311428228367,-0.00014380039748694044
transformer,loo_sample,22,3,0.00016146179401993588,-8.974252491691315e-06,0.0003388995016611195,0.00018853187037165764,-4.3351444947969717e-05,0.0004413228433483089
transformer,loo_sample,22,4,0.003860714285714283,0.002775614617940186,0.005024516196013271,0.002872840815987462,0.0017733069205717472,0.004055635403345076
transformer,loo_sample,22,5,8.305647840600727e-08,0.0,3.322259136240291e-07,2.684752460935247e-07,0.0,1.0739009843740988e-06
transformer,loo_sample,22,6,-6.893687707638652e-06,-0.00015257475083055433,0.00014238787375416104,2.8779579949156364e-06,-0.00017704031074706642,0.0001737402726234772
transformer,loo_sample,22,7,2.5996677740871555e-05,-0.00018722176079733266,0.00022126868770765034,9.15457805698383e-05,-0.00019465929902865968,0.00037181381650291755
transformer,loo_sample,22,8,5.456810631229159e-05,-9.50373754152769e-05,0.00019287167774087083,-0.00015529418393007033,-0.00031622746716633164,-7.372470470491939e-06
transformer,loo_sample,22,9,8.305647840600727e-08,0.0,4.1528239203003636e-07,2.684752460935247e-07,0.0,1.3423762304676234e-06
transformer,loo_sample,22,10,4.053156146179515e-05,-8.49190199335522e-05,0.00015648671096345676,5.3956544822649774e-05,-5.146842243638985e-05,0.000181298211510387
transformer,loo_sample,22,11,-0.00013006644518271494,-0.0002692691029900155,1.852574750831121e-05,-0.00013457559136480278,-0.00032610317316356796,0.00010158509345888057
transformer,loo_sample,23,1,-0.0009712624584717589,-0.0017021656976744064,-0.00031044435215947383,-0.0008858115570108316,-0.0016288560377896884,-0.00021727078120749926
transformer,loo_sample,23,2,3.322259136262495e-07,-0.0003365490033222542,0.00033312499999999803,0.0004910735262214062,9.106110478739288e-05,0.0009177782335264821
transformer,loo_sample,23,3,0.025452574750830563,0.02411526785714285,0.026828212209302333,0.020905492493775504,0.019657064828058294,0.022153123263911726
transformer,loo_sample,23,4,-0.013918023255813953,-0.015355768272425253,-0.012043654485049843,-0.012462417677117586,-0.013736902210701611,-0.010848618052375338
transformer,loo_sample,23,5,0.0,0.0,0.0,0.0,0.0,0.0
transformer,loo_sample,23,6,0.00014842192691030375,-1.2707641195822392e-06,0.0003008347176079719,0.00020394977823637306,4.6110865021052716e-05,0.0003661421589070539
transformer,loo_sample,23,7,6.345514950166664e-05,-0.0001499377076411943,0.0002868002491694442,0.00011776717490291855,-0.00017131837884641778,0.0004074156936322529
transformer,loo_sample,23,8,9.21096345514938e-05,-2.784676079734072e-05,0.00021371885382059908,0.00014190526423537463,-5.035174164537737e-05,0.0003056742067162766
transformer,loo_sample,23,9,0.0,0.0,0.0,0.0,0.0,0.0
transformer,loo_sample,23,10,-6.769102990033083e-05,-0.0001299833887043168,-1.1127491694341945e-05,-4.594524043319281e-05,-0.00012480796580315005,3.8312420984469536e-05
transformer,loo_sample,23,11,-1.2707641196009201e-05,-0.0001769206810631284,0.00014958471760798098,0.00014293157173120852,-3.67176979492928e-05,0.0003643534984641994
transformer,loo_sample,24,1,0.08610398671096346,0.08025025332225913,0.09187708471760797,0.05259856345327076,0.04894892442525231,0.056276936924971696
transformer,loo_sample,24,2,-0.0019465116279069605,-0.003440938538205952,-0.00028550249169436326,-0.0011753024219333065,-0.002049878927101711,-0.0001637114782539998
transformer,loo_sample,24,3,9.966777408665362e-07,-5.001661129569687e-05,4.4352159468447085e-05,5.086560588475342e-06,-2.1573322551915544e-05,2.735694505010077e-05
transformer,loo_sample,24,4,0.0002403654485049811,9.501661129568817e-05,0.0003736004983388619,0.00010735726740797702,3.0818375326815473e-05,0.00017879573601081532
transformer,loo_sample,24,5,0.0,0.0,0.0,0.0,0.0,0.0
transformer,loo_sample,24,6,3.280730897010864e-05,-2.6918604651125083e-05,8.53862126245947e-05,2.1710982114730992e-05,-9.740783191464513e-06,5.087068815018803e-05
transformer,loo_sample,24,7,0.0006471760797342263,0.0004514867109634368,0.0008518770764119762,0.00037899383853967075,0.00026940872474289017,0.000498045931923038
transformer,loo_sample,24,8,8.953488372092977e-05,-5.2504152823905966e-05,0.000249007475083041,4.606837691947807e-05,-3.469281234051889e-05,0.00013663545206134912
transformer,loo_sample,24,9,0.0,0.0,0.0,0.0,0.0,0.0
transformer,loo_sample,24,10,-7.591362126244339e-05,-0.00010781561461795211,-4.252076411957422e-05,-4.352490655155528e-05,-6.144305404789752e-05,-2.5208160947351614e-05
transformer,loo_sample,24,11,1.5282392026574333e-05,-1.943521594687056e-05,4.801079734218406e-05,4.907708671072486e-06,-1.5009869433468132e-05,2.4919506625928834e-05
transformer,loo_sample,25,1,0.013072425249169429,0.005202686877076412,0.019952475083056465,0.008124752769830138,0.003184365732782348,0.012414593808706452
transformer,loo_sample,25,2,0.2635313953488372,0.2547268625415282,0.27319599044850496,0.19576578804680644,0.1891933994852161,0.202970874139847
transformer,loo_sample,25,3,8.355481727573722e-05,3.10631229235819e-05,0.00013548172757473837,6.189915077148167e-05,3.3168372327136324e-05,9.042720927378216e-05
transformer,loo_sample,25,4,0.0017438538205980037,0.0013635361295681024,0.0021512728405315507,0.0010898964420972678,0.0008481040066212761,0.0013411343604420372
transformer,loo_sample,25,5,0.0,0.0,0.0,0.0,0.0,0.0
transformer,loo_sample,25,6,0.0002305647840531555,0.0001408596345515165,0.00034319559800662504,0.00015460834998398231,9.543181698907893e-05,0.00022932943861147167
transformer,loo_sample,25,7,0.0013802325581395148,0.00045133928571427845,0.0020813226744185852,0.0008811162535391281,0.0003169485669530394,0.0013328763974886212
transformer,loo_sample,25,8,0.0005131229235880297,0.0004266486710963445,0.0006034115448504743,0.0002968006212303742,0.0002477788125672099,0.0003502731443321116
transformer,loo_sample,25,9,0.0,0.0,0.0,0.0,0.0,0.0
transformer,loo_sample,25,10,-6.744186046512058e-05,-0.00011395764119599991,-2.0014534883718526e-05,-4.195825922209795e-05,-6.999182690765119e-05,-1.2446481265492641e-05
transformer,loo_sample,25,11,0.00011013289036543306,4.675664451824407e-05,0.0001737562292358575,6.481510752371799e-05,2.7909525411512065e-05,0.00010484932426263374
transformer,loo_sample,26,1,-0.00031536544850500057,-0.0006317483388704567,1.3448920265762107e-05,-0.00021466929795062152,-0.00039499552528421086,-2.8480336783742883e-05
transformer,loo_sample,26,2,0.00042416943521593643,0.00016676910298999838,0.0006840697674418438,0.0002981598472696601,0.00015836224941938575,0.000447158218124706
transformer,loo_sample,26,3,0.0005908637873754075,0.00042757059800663076,0.0007531686046511509,0.0003702188548500407,0.00026894596703609197,0.00047526197151398687
transformer,loo_sample,26,4,0.397215365448505,0.39098740656146175,0.4029804090531562,0.33193729225688806,0.32795393498502445,0.3356841025827096
transformer,loo_sample,26,5,0.0,0.0,0.0,0.0,0.0,0.0
transformer,loo_sample,26,6,-4.1528239202626164e-06,-9.191029900331311e-05,8.805232558140461e-05,-1.0808583982786501e-05,-6.522300437849463e-05,4.404761368479802e-05
transformer,loo_sample,26,7,4.983388704317693e-05,-0.0001286004983388806,0.00021879152823916001,4.3102760760083125e-05,-7.77812573041092e-05,0.00015498184096876397
transformer,loo_sample,26,8,-0.0002906976744186107,-0.0003689410299003166,-0.00021492524916944767,-0.0001656551427009534,-0.00020706443375965834,-0.00012714313522085285
transformer,loo_sample,26,9,0.0,0.0,0.0,0.0,0.0,0.0
transformer,loo_sample,26,10,-1.6611295681756565e-07,-6.877491694353467e-05,6.595099667770755e-05,-1.4724848863933993e-06,-3.985378194809225e-05,3.6838796235333555e-05
transformer,loo_sample,26,11,-6.9767441860579816e-06,-7.009966777411291e-05,6.196428571429248e-05,8.433166376227152e-06,-2.6641220091994042e-05,4.677117000084535e-05
transformer,loo_sample,27,1,-0.0030705980066445203,-0.003912794850498334,-0.002287205149501662,-0.002409705250295222,-0.0029668006624717093,-0.0018698936119227543
transformer,loo_sample,27,2,0.000637375415282394,0.0002192691029900339,0.001053671096345515,0.0005685513429965028,0.0003157641371812728,0.0008169596354988069
transformer,loo_sample,27,3,1.9019933554821343e-05,-0.00014322674418603884,0.00016313538205980362,-5.952145768304273e-05,-0.00017194281760873784,4.4810248892857245e-05
transformer,loo_sample,27,4,0.00961495016611296,0.00840245016611295,0.010718621262458468,0.007864300262018177,0.0070261697337854105,0.008607363711538044
transformer,loo_sample,27,5,0.0,0.0,0.0,0.0,0.0,0.0
transformer,loo_sample,27,6,-0.00014617940199334933,-0.00026495016611294216,-2.0589700996672665e-05,-9.587470557995804e-05,-0.00017950080671372552,-6.66880792563181e-06
transformer,loo_sample,27,7,-0.0017203488372093034,-0.002164559800664467,-0.0012825249169435152,-0.0012588197155564073,-0.0015296046853985215,-0.0009898285460728526
transformer,loo_sample,27,8,0.0003602990033222575,0.0002750830564784066,0.00044900747508305424,0.00027165444873118006,0.0002067261213951657,0.0003385236350066443
transformer,loo_sample,27,9,0.0,0.0,0.0,0.0,0.0,0.0
transformer,loo_sample,27,10,0.005406229235880407,0.0035139264950166315,0.007719987541528244,0.003550069116955781,0.002247118847715687,0.005067507041542851
transformer,loo_sample,27,11,9.584717607973526e-05,-2.2433554817279267e-05,0.00020599252491693815,4.8816477713806706e-05,-3.919666087422152e-05,0.0001320390262480239
transformer,loo_sample,28,1,7.7906976744182e-05,-0.0006192753322259211,0.0007059883720930162,0.0001690501859388993,-0.00045013321648173143,0.0007599876739821114
transformer,loo_sample,28,2,-0.00027857142857142805,-0.0008132620431893624,0.00024048795681062422,-0.00045612089793674814,-0.0009104822666177483,-1.8087337760479204e-05
transformer,loo_sample,28,3,0.00020872093023255323,4.273463455148285e-05,0.00038887873754151256,8.152230810706484e-05,-0.00011909463238036239,0.00028873246429448604
transformer,loo_sample,28,4,0.0014993355481727555,0.0008866029900332228,0.00208425249169434,0.001586016080780136,0.0009600465162607918,0.002264338181492506
transformer,loo_sample,28,5,0.0,0.0,0.0,0.0,0.0,0.0
transformer,loo_sample,28,6,0.000125996677740865,3.0145348837224775e-05,0.000221519933554834,0.0003070342518029101,0.0001569923255157165,0.0004756967246765196
transformer,loo_sample,28,7,-0.0007262458471760791,-0.001031156561461792,-0.0004152969269103111,-0.0007897549484295741,-0.0010263668992760353,-0.0005595805859475511
transformer,loo_sample,28,8,5.822259136212149e-05,-7.002699335548332e-05,0.00019380813953487631,8.19407142474482e-05,-6.081306193156374e-05,0.00023187610904239775
transformer,loo_sample,28,9,0.0,0.0,0.0,0.0,0.0,0.0
transformer,loo_sample,28,10,4.850498338870413e-05,-2.9254568106311327e-05,0.00012110672757475533,3.594826333412793e-05,-5.894803284308123e-05,0.00013157970907705014
transformer,loo_sample,28,11,-5.5481727574753225e-05,-0.00023971968438539493,0.00012852574750830267,-4.791415498260898e-06,-0.00019985505041648677,0.0002042943539749535
transformer,zero,1,1,0.0002144518272425222,8.43812292358642e-05,0.0003456810631229192,0.0001103732689345982,5.631821578704707e-05,0.0001662843871247144
transformer,zero,1,2,0.00031345514950165354,0.00012225498338870884,0.0004895805647840459,0.00014169657470273656,5.6277253462360485e-05,0.00021819378837171702
transformer,zero,1,3,5.963455149500696e-05,-4.504152823921437e-05,0.00015000830564785826,1.90530609520434e-05,-3.3972630479697366e-05,6.413915625078586e-05
transformer,zero,1,4,0.00014136212624583756,5.5315614617940657e-05,0.000229244186046489,6.62896408872149e-05,2.9782958336545348e-05,0.00010455520155795429
transformer,zero,1,5,0.0,0.0,0.0,0.0,0.0,0.0
transformer,zero,1,6,9.601328903654949e-05,-1.396179401993461e-05,0.0002008388704319119,5.216424395078412e-05,4.596374515716706e-06,9.802720840599846e-05
transformer,zero,1,7,2.4418604651148536e-05,3.322259136206568e-06,4.535299003321151e-05,1.324677858920098e-05,3.460212463846063e-06,2.3318184006748724e-05
transformer,zero,1,8,-1.212624584717492e-05,-2.6756644518305143e-05,9.966777408856876e-07,-6.122956250995681e-06,-1.316930514085074e-05,2.1926538995006472e-07
transformer,zero,1,9,0.0,0.0,0.0,0.0,0.0,0.0
transformer,zero,1,10,-1.8272425249399316e-06,-1.0635382059838604e-05,5.481727574721068e-06,-8.487432886861157e-07,-5.273165081067954e-06,2.7142531148955374e-06
transformer,zero,1,11,-1.1627906976761082e-05,-2.3089700996683754e-05,6.727574750745415e-07,-4.983663567086349e-06,-9.847684013719688e-06,1.4045721988559063e-07
transformer,zero,2,1,0.0006315614617940235,0.00019205564784054367,0.0010842358803986657,0.000278980352761149,7.880580748227548e-05,0.0004864839103447819
transformer,zero,2,2,0.0006162790697674514,0.00028019933554819423,0.0009164825581395381,0.00031434059188771514,0.00015144267648301121,0.0004583604870483582
transformer,zero,2,3,0.00024127906976743053,0.00013088870431892096,0.00035185215946841763,0.00011849110395854124,6.94828990546505e-05,0.00016890499542437422
transformer,zero,2,4,0.0003958471760797344,0.0002295431893687788,0.0005594850498339076,0.00017262824648642372,9.74948474910747e-05,0.00024463821280425256
transformer,zero,2,5,0.0,0.0,0.0,0.0,0.0,0.0
transformer,zero,2,6,-0.0008408637873754088,-0.0010799377076411883,-0.0006032682724252377,-0.0004638694207161831,-0.0005832419722715848,-0.00033915157262240944
transformer,zero,2,7,0.00011976744186047993,7.50664451827707e-05,0.00016745431893687695,6.373814465110094e-05,4.16818657150444e-05,8.766985460727399e-05
transformer,zero,2,8,1.0797342192679915e-05,-9.30647840532306e-06,3.289036544850257e-05,7.854347919932225e-06,-1.931662700343367e-06,1.825156008326023e-05
transformer,zero,2,9,0.0,0.0,0.0,0.0,0.0,0.0
transformer,zero,2,10,-2.0099667774081675e-05,-3.5049833887035584e-05,-4.485049833875515e-06,-1.0785882002353198e-05,-1.9419181543535753e-05,-1.9844269138360513e-06
transformer,zero,2,11,-1.9933554817175293e-06,-1.877076411960124e-05,1.4119601328930253e-05,4.876085216742876e-07,-7.3848305978041755e-06,7.694943891566634e-06
transformer,zero,3,1,0.0072510797342192745,0.0020308326411960153,0.012629539036544851,0.006653530071661949,0.0011805891021412131,0.012263885946583841
transformer,zero,3,2,0.0020999169435215953,-0.002887466777408652,0.007112985880398659,0.0006857300180266323,-0.0038210806031786413,0.005535692442009773
transformer,zero,3,3,0.002631893687707643,-3.575373754151865e-05,0.005328145764119607,0.0013954094823404384,-0.0008582300128930123,0.0036923029591181896
transformer,zero,3,4,0.0034230066445182705,0.0020873588039867206,0.004648843438538199,0.003241616199532503,0.0017405273658790224,0.0046968294931750065
transformer,zero,3,5,0.0,0.0,0.0,0.0,0.0,0.0
transformer,zero,3,6,0.0018764950166112958,-0.0001552470930232531,0.003924015780730898,0.00042738749910251837,-0.0011807744806399503,0.0020309751040595023
transformer,zero,3,7,-0.00020431893687707702,-0.000708733388704322,0.00031046303986709966,2.9163651067035667e-05,-0.0004889984756467876,0.000528270624063704
transformer,zero,3,8,-0.0001689368770764088,-0.0002850539867109504,-4.915905315614605e-05,-0.00022194034835225086,-0.00036448924265622027,-8.518756435984999e-05
transformer,zero,3,9,0.0,0.0,0.0,0.0,0.0,0.0
transformer,zero,3,10,0.00010440199335547961,-6.687500000000843e-05,0.00028474460132891046,0.0002469624584054564,4.975625356046157e-05,0.00044419112729408936
transformer,zero,3,11,0.00022234219269102963,8.188538205980097e-05,0.0003661171096345515,0.0001264055130034214,-6.718738982657244e-05,0.00033407523718780236
transformer,zero,4,1,0.014665614617940198,0.006344684385382065,0.024145697674418605,0.010886671898857645,0.00329251938170362,0.0194384652262984
transformer,zero,4,2,0.004391528239202652,-0.002122840531561465,0.012083409468438533,0.005129239879293036,-0.0005690915835480519,0.011712494101916552
transformer,zero,4,3,0.006127740863787375,0.0027379152823920234,0.009730240863787374,0.0048911804717460365,0.002070122678677769,0.007944388939290541
transformer,zero,4,4,0.006191112956810625,0.004215311461794008,0.008093124999999987,0.0055335363086183335,0.0036141218701288983,0.007377211233384318
transformer,zero,4,5,0.0,0.0,0.0,0.0,0.0,0.0
transformer,zero,4,6,-0.0003237541528239185,-0.002738181063122911,0.002263743770764122,-0.0011332549820414228,-0.003273937685318534,0.001288263983175591
transformer,zero,4,7,0.002981976744186042,0.00223119808970099,0.0037709198504983286,0.0024622777552361806,0.0017454510546418994,0.0032355774021125953
transformer,zero,4,8,-3.305647840531778e-05,-0.00016778239202657844,0.00010581810631228875,-2.5793176261720285e-05,-0.00017050377005619545,0.0001243310255755794
transformer,zero,4,9,0.0,0.0,0.0,0.0,0.0,0.0
transformer,zero,4,10,0.10543853820598008,0.09057339285714285,0.1200102117940199,0.08704318712342722,0.076058476624425,0.09688598504965878
transformer,zero,4,11,5.091362126246279e-05,-9.98629568106214e-05,0.00020490448504983396,6.65486953945893e-05,-9.747923576481928e-05,0.0002570095943284312
transformer,zero,5,1,0.0007603820598006622,-0.0046096117109634535,0.006316794019933551,0.0014542948832261292,-0.0029180562562710717,0.00563198912334234
transformer,zero,5,2,0.002655315614617937,-0.0029870390365448556,0.007938696013289028,0.0023781761750123363,-0.002355543451853636,0.006928465001738127
transformer,zero,5,3,0.0010563122923588008,-0.0019121926910298972,0.004002545681063129,0.0013707451442105168,-0.0012345093325204508,0.003991315418392324
transformer,zero,5,4,0.0016970099667774124,-0.00021444352159468772,0.0036760008305647845,0.0005074487079735823,-0.0012605159494277734,0.002409562135768518
transformer,zero,5,5,0.0,0.0,0.0,0.0,0.0,0.0
transformer,zero,5,6,-0.004148837209302326,-0.006256029900332228,-0.0020660506644518306,-0.00297274292204011,-0.005064584604836332,-0.0008966656344830047
transformer,zero,5,7,-0.0006079734219269107,-0.0011079069767441956,-0.00011785091362125315,-0.0006388270068668411,-0.0009995927583698425,-0.00032935698584845365
transformer,zero,5,8,-0.00013546511627907375,-0.0002516611295681138,-2.391403654485418e-05,-0.00018834342888506383,-0.0003693034915514548,-2.1706830461190357e-05
transformer,zero,5,9,0.0,0.0,0.0,0.0,0.0,0.0
transformer,zero,5,10,-1.62790697674442e-05,-7.308970099666941e-05,3.821843853820047e-05,-2.204830178271e-05,-0.00015532088181551806,8.874977129895737e-05
transformer,zero,5,11,0.000225249169435221,-8.43251661129476e-05,0.0005050249169435158,4.0041799367716014e-05,-0.0002383008869341878,0.00031225393693883486
transformer,zero,6,1,-7.807308970098847e-05,-0.00014734219269101035,-1.61088039867325e-05,-3.0364289583307836e-05,-5.827858484684429e-05,-6.377785277848195e-06
transformer,zero,6,2,-8.920265780729464e-05,-0.00016013704318935325,-1.8592192691012795e-05,-3.726397129582226e-05,-6.371284721423864e-05,-1.1406013865945346e-05
transformer,zero,6,3,-6.445182724251875e-05,-0.00010731312292358678,-2.740033222590315e-05,-1.92627708500559e-05,-3.289654214557744e-05,-7.527208222134525e-06
transformer,zero,6,4,-1.5116279069746774e-05,-4.436046511628103e-05,1.5784883720950025e-05,-7.471647213841414e-06,-1.8459648620251788e-05,3.610215064149893e-06
transformer,zero,6,5,0.0,0.0,0.0,0.0,0.0,0.0
transformer,zero,6,6,2.3255813953508842e-05,-4.485049833879263e-06,4.96677740864038e-05,5.6145997284451356e-06,-4.842168123244673e-06,1.5059484633795081e-05
transformer,zero,6,7,9.96677740865426e-07,-8.642026578067924e-06,9.800664451816709e-06,2.210249811107623e-07,-2.9939110894860734e-06,3.127328071932777e-06
transformer,zero,6,8,-3.6544850498321237e-06,-1.0963455149490876e-05,2.9900332225741013e-06,-8.254299080834305e-07,-3.190614322634094e-06,1.348503857365401e-06
transformer,zero,6,9,0.0,0.0,0.0,0.0,0.0,0.0
transformer,zero,6,10,-1.3289036544805733e-06,-6.4825581395406834e-06,3.3222591362193357e-06,-4.6162154112905363e-07,-2.408597868496315e-06,1.2861766021296235e-06
transformer,zero,6,11,3.1561461794138434e-06,-3.3222591361981857e-06,9.302325581399596e-06,8.966853510927742e-07,-1.3543008415042579e-06,3.1631407777511474e-06
transformer,zero,7,1,0.00013737541528241915,-3.8376245847153934e-05,0.0003458513289036755,7.494077589140447e-05,-2.4543859536864805e-05,0.0001977487758936242
transformer,zero,7,2,0.0002586378737541573,-1.812707641195094e-05,0.0006129734219269153,0.00019182005036766259,2.5222829653842704e-05,0.0004103991810840141
transformer,zero,7,3,0.00014634551495018133,7.241694352162051e-05,0.00024174418604651338,8.265316098674536e-05,3.9133524367411105e-05,0.00014289320019460108
transformer,zero,7,4,0.4217393687707641,0.4174835423588041,0.4264273006644519,0.3040497348792241,0.3005294946961508,0.3077686742038101
transformer,zero,7,5,0.0,0.0,0.0,0.0,0.0,0.0
transformer,zero,7,6,0.00019053156146180638,9.7504152823944e-05,0.0003051661129568037,0.00010363284684052121,4.5032799305281785e-05,0.00017612579962570212
transformer,zero,7,7,-1.544850498336747e-05,-2.6744186046480295e-05,-3.820598006612691e-06,-7.3981429140657086e-06,-1.2508094097149092e-05,-2.1530765497877484e-06
transformer,zero,7,8,1.4950166113147923e-06,-5.315614617926817e-06,8.139534883739974e-06,2.993415394503263e-07,-2.3340442224040467e-06,2.88541910780246e-06
transformer,zero,7,9,0.0,0.0,0.0,0.0,0.0,0.0
transformer,zero,7,10,-2.159468438520662e-06,-7.30897009963874e-06,2.9900332226196205e-06,-1.4544344731670656e-06,-3.8002310023197703e-06,1.1143187318394513e-06
transformer,zero,7,11,-5.4817275747265356e-06,-1.3122923588030495e-05,3.3222591362394307e-06,-2.788749028918014e-06,-5.902487546884161e-06,6.777408775606439e-07
transformer,zero,8,1,0.0003734219269103045,-0.0001731935215946856,0.0008810921926910391,0.00026938080530979015,3.434374240549459e-05,0.0004910159529117283
transformer,zero,8,2,0.001077076411960136,0.0004997882059800737,0.0016437126245847072,0.0005511864594369098,0.00029130457059833826,0.0008074198937317478
transformer,zero,8,3,-0.0007709302325581458,-0.001163484219269095,-0.00042306478405318887,-0.0004552031773898957,-0.0006513885030464851,-0.0002852766385696128
transformer,zero,8,4,0.00031827242524917087,-4.073089700993015e-05,0.0006486752491694579,0.00012889697229672258,-6.114708989895193e-05,0.00030644849249140293
transformer,zero,8,5,0.0,0.0,0.0,0.0,0.0,0.0
transformer,zero,8,6,-0.0008051495016611321,-0.0011269186046511798,-0.0004969975083056152,-0.0003826470007378635,-0.0005248782420067664,-0.00024751286742605863
transformer,zero,8,7,7.740863787377373e-05,-2.5083056478388986e-05,0.00017443106312294368,5.104535550639611e-05,1.0142805105623217e-06,9.705798454086569e-05
transformer,zero,8,8,-0.0001024916943521581,-0.0001820639534883514,-1.744186046511992e-05,-5.606059178772882e-05,-0.00010102222028633778,-8.304152894022398e-06
transformer,zero,8,9,0.0,0.0,0.0,0.0,0.0,0.0
transformer,zero,8,10,5.14950166111805e-06,-1.0303156146188264e-05,2.2093023255813775e-05,1.639750991420108e-06,-5.0009728377752025e-06,9.021321754314104e-06
transformer,zero,8,11,3.338870431894181e-05,5.4734219269438345e-06,6.163621262459883e-05,1.1631426410594337e-05,-1.1748267023667103e-06,2.4573973004413104e-05
transformer,zero,9,1,0.00849700996677742,0.0020167898671096477,0.015391357973421919,0.003759336419951358,-0.002384205292177922,0.010095706846789463
transformer,zero,9,2,0.006124252491694359,-0.00018470307308968468,0.01302297549833887,0.008099958847272212,0.002349365329879349,0.014185396322883355
transformer,zero,9,3,-0.001021926910299008,-0.0035495058139534863,0.001472419019933531,-0.0008181348372199715,-0.002949200950037402,0.0012755525130067336
transformer,zero,9,4,0.0016450996677740937,0.0003781727574750847,0.002943421926910307,0.0006021084457223458,-0.0006453010186987678,0.001888258613093237
transformer,zero,9,5,0.0,0.0,0.0,0.0,0.0,0.0
transformer,zero,9,6,-0.0023368770764119547,-0.0042431333056478365,-0.00035340116279070283,-0.002341554629908298,-0.0039058110306066946,-0.0008000025665441541
transformer,zero,9,7,-0.00011586378737540981,-0.0005724750830564564,0.0003304713455149611,-0.0001460373190046893,-0.0005679648732691256,0.00025273126665803855
transformer,zero,9,8,-0.00018205980066444472,-0.0003231872923587961,-5.032184385381222e-05,-0.00019589987937791763,-0.00032794031616474974,-6.226945351554354e-05
transformer,zero,9,9,0.0,0.0,0.0,0.0,0.0,0.0
transformer,zero,9,10,-9.426910299002778e-05,-0.00018124377076413076,-1.5944767441852453e-05,-8.182501639555806e-05,-0.00020927361769637585,3.544487106558564e-05
transformer,zero,9,11,-0.00012873754152823658,-0.00024685215946844793,-2.3575581395329155e-05,-0.0002653231376904508,-0.0004296112180401714,-0.00010224133772680202
transformer,zero,10,1,0.005089700996677736,0.003651661129568119,0.006791220930232557,0.003074901331841904,0.0022040117560247325,0.004093664109021892
transformer,zero,10,2,0.006149169435215961,0.004950988372093036,0.007573654485049847,0.0034820587917745193,0.002729855016329032,0.004393944107574055
transformer,zero,10,3,0.001921760797342189,0.001205481727574745,0.0026249667774086503,0.001058279322876009,0.0007225693577397351,0.0013924988977057076
transformer,zero,10,4,0.0016051495016611251,0.0011747383720930279,0.0020346096345514927,0.0008879923535051637,0.000641517729499873,0.0011225351861351214
transformer,zero,10,5,0.0,0.0,0.0,0.0,0.0,0.0
transformer,zero,10,6,0.0017440199335548212,0.0011293978405315628,0.002386586378737562,0.0008543163097068706,0.0005574787069985931,0.0011666062430639018
transformer,zero,10,7,0.0003318936877076473,0.00016178986710961796,0.0004868812292359176,0.00016940433863019022,7.356133812067907e-05,0.00025800486107477273
transformer,zero,10,8,-0.00021229235880400045,-0.0003222632890365715,-0.00012757475083059023,-0.00012146795135094535,-0.00017948391457744647,-7.648285883368748e-05
transformer,zero,10,9,0.0,0.0,0.0,0.0,0.0,0.0
transformer,zero,10,10,-1.3289036544927858e-06,-2.5419435215954328e-05,2.2923588039850534e-05,-2.1872612889373144e-06,-1.5697627790195343e-05,1.1644093790870662e-05
transformer,zero,10,11,0.00010481727574750522,5.066445182724247e-05,0.00015747508305648535,4.569381927690519e-05,1.9377025391310142e-05,7.087391286401109e-05
transformer,zero,11,1,0.004846677740863783,0.003729871262458481,0.006006922757475091,0.002769563230605906,0.002134301135508703,0.0034317354669652135
transformer,zero,11,2,0.007758305647840516,0.006546565614617928,0.008946432724252495,0.004546715424621523,0.003821178290589841,0.0052577108669791235
transformer,zero,11,3,0.0012111295681063105,0.0005986378737541526,0.001856698504983391,0.0006825181128097802,0.0003331303588184655,0.0010468168978147072
transformer,zero,11,4,0.003203488372093006,0.0026148588039867104,0.0037603363787375096,0.0018494997859783357,0.001491048124545501,0.0021805169017441272
transformer,zero,11,5,0.0,0.0,0.0,0.0,0.0,0.0
transformer,zero,11,6,-0.010561960132890381,-0.011573795681063157,-0.009559115448505006,-0.0061301772377831895,-0.00669468514033665,-0.005570042338342939
transformer,zero,11,7,-0.0008447674418604789,-0.0012317317275747728,-0.0004064285714285667,-0.0004913944413130645,-0.0007147447073886197,-0.00023412213775125216
transformer,zero,11,8,1.6943521594683376e-05,-4.103405315614966e-05,7.84094684385451e-05,1.0830099955568829e-05,-1.932188969914278e-05,4.381066543499719e-05
transformer,zero,11,9,0.0,0.0,0.0,0.0,0.0,0.0
transformer,zero,11,10,0.00903039867109633,0.007483617109634517,0.010892134551494992,0.0050140656950476824,0.004136877224621714,0.006067190343769664
transformer,zero,11,11,1.2043189368764472e-05,-3.397009966777168e-05,5.4071843853793806e-05,7.733369120164202e-06,-1.6040961317510898e-05,3.0996263149351626e-05
transformer,zero,12,1,0.02045249169435216,0.0166209634551495,0.024512832225913623,0.014846807909552076,0.01206017853918225,0.017723552429144664
transformer,zero,12,2,0.022412126245847177,0.019354966777408635,0.025445598006644508,0.01621637361336787,0.014018418488924284,0.018403898016359256
transformer,zero,12,3,0.004190282392026578,0.0024540718438538166,0.0057962063953488395,0.003069637738496148,0.001988404109427725,0.004093141225356435
transformer,zero,12,4,0.007558637873754148,0.006725726744186043,0.008346374584717603,0.005797793585761117,0.005249214561456361,0.006336875055722187
transformer,zero,12,5,0.0,0.0,0.0,0.0,0.0,0.0
transformer,zero,12,6,-0.00908230897009967,-0.010490556478405324,-0.007738918189368767,-0.005923213808885505,-0.006825165073622461,-0.005082567183600809
transformer,zero,12,7,-0.0006387043189368813,-0.001218098006644533,-7.457641196013781e-05,-0.0005670881661884042,-0.0009600044785413745,-0.00018705287730040677
transformer,zero,12,8,2.142857142856891e-05,-9.452242524916718e-05,0.00014302740863786999,2.120117818823597e-05,-6.621793686248331e-05,0.00011738854727018367
transformer,zero,12,9,0.0,0.0,0.0,0.0,0.0,0.0
transformer,zero,12,10,-7.308970099668577e-05,-0.0002978737541528308,0.00010665282392026125,-6.618557923676271e-05,-0.00023225745397981997,6.6625989772463e-05
transformer,zero,12,11,0.0004490033222591394,0.0003217483388704359,0.0005691071428571469,0.00025511321055828317,0.0001690616546734306,0.0003406342204681473
transformer,zero,13,1,0.0010975083056478318,0.00032455980066447453,0.0019005024916943542,0.0005162536810880969,0.00015712331716848444,0.0008748591052241272
transformer,zero,13,2,0.0011320598006644522,0.0004974418604651145,0.0017371262458471793,0.00041665532750773446,0.0001379278721986399,0.0006769264288062157
transformer,zero,13,3,-0.00035049833887043527,-0.0010191486710963416,0.0002146387043189231,-7.079861821305378e-05,-0.0003505783766316165,0.00016332726649327033
transformer,zero,13,4,-0.00012392026578073923,-0.0004679401993355487,0.00021154900332225347,-1.825717291166984e-05,-0.0001667784135074927,0.00012461759297973177
transformer,zero,13,5,0.0,0.0,0.0,0.0,0.0,0.0
transformer,zero,13,6,-0.0004132059800664567,-0.001004377076411999,0.00017085132890367436,-0.00020327732846948888,-0.00046220681300610824,5.8481298181674317e-05
transformer,zero,13,7,0.00015083056478405022,7.524086378738487e-05,0.0002289119601328649,7.644855042432953e-05,4.2598526073575924e-05,0.00011168565651357029
transformer,zero,13,8,2.2093023255820297e-05,-3.658637873769188e-06,4.884136212622254e-05,5.623459285043486e-06,-5.643609423333862e-06,1.8015465896054523e-05
transformer,zero,13,9,0.0,0.0,0.0,0.0,0.0,0.0
transformer,zero,13,10,-2.117940199336088e-05,-4.4019933554829774e-05,2.2446013289113996e-06,-9.976007437565436e-06,-1.9661560217577006e-05,-1.0271834706321907e-06
transformer,zero,13,11,-1.4119601328905774e-05,-4.6349667774082584e-05,2.0274086378731136e-05,-6.069145525001707e-06,-1.8848587402411105e-05,7.061251847386864e-06
transformer,zero,14,1,0.0020340531561461993,0.0013856312292358792,0.0027096885382059993,0.0012865753466820562,0.0008912155624114051,0.0017124954640594804
transformer,zero,14,2,0.002853156146179402,0.0019562998338870383,0.0038349210963455455,0.0018690298929512706,0.001312154770732818,0.002480760229331881
transformer,zero,14,3,0.0007008305647840629,0.0004420182724252696,0.0009830647840531996,0.0004364372738808242,0.00028124704525605686,0.0006084354592955177
transformer,zero,14,4,0.0006267441860465206,0.0004197342192690732,0.0008395431893687548,0.00041195550068377605,0.0002815441454758874,0.0005476455863245988
transformer,zero,14,5,0.0,0.0,0.0,0.0,0.0,0.0
transformer,zero,14,6,0.0008609634551495149,0.0006808720930232918,0.0010574999999999903,0.0005293936108614894,0.00041573758495684583,0.0006515041666402783
transformer,zero,14,7,5.049833887043498e-05,-1.4950166112931816e-05,0.00011928156146178475,3.269404594342884e-05,-8.840695749673e-06,7.872280995655351e-05
transformer,zero,14,8,-6.478405315591962e-06,-3.4721760797349146e-05,2.259551495018761e-05,-1.2966247837420396e-06,-1.766478006839087e-05,1.6315838377695262e-05
transformer,zero,14,9,0.0,0.0,0.0,0.0,0.0,0.0
transformer,zero,14,10,0.0007631229235880543,0.000530705980066435,0.0009825622923588326,0.0004675041132891133,0.000325375176074886,0.0006000812576283264
transformer,zero,14,11,-1.8106312292346384e-05,-5.1175249169411406e-05,1.2458471760805639e-05,-1.0979849857009061e-05,-3.0805014257893e-05,7.4261253269042844e-06
transformer,zero,15,1,0.003569518272425253,-0.0016311607142857063,0.008573664867109643,0.002916027127099453,-0.0019173896249223728,0.00739329182578558
transformer,zero,15,2,0.008446760797342197,0.0033612603820597966,0.01329993355481728,0.006423408190675699,0.0016970329211333773,0.010864053309505685
transformer,zero,15,3,0.005247259136212625,0.0017928073089701025,0.008810757890365452,0.0047477382585277205,0.001765238366092499,0.0077960693203452175
transformer,zero,15,4,0.002195431893687703,0.0006073567275747474,0.003914754983388698,0.0016198556025816525,-0.00013825238714746638,0.003352802410197068
transformer,zero,15,5,0.0,0.0,0.0,0.0,0.0,0.0
transformer,zero,15,6,-0.00031237541528239044,-0.002622664036544854,0.0018826474252491665,-0.0006866869266358344,-0.002837758432550517,0.0014589482505392639
transformer,zero,15,7,0.0007893687707641223,0.00041005813953488276,0.001135917774086377,0.00038031990295916865,-5.8165191226305186e-05,0.000792192792842046
transformer,zero,15,8,-8.878737541527793e-05,-0.00020591569767441448,2.4607558139540645e-05,-0.00014288640730994784,-0.0002975052591893596,3.7983712316553903e-06
transformer,zero,15,9,0.0,0.0,0.0,0.0,0.0,0.0
transformer,zero,15,10,3.654485049834344e-06,-5.514950166112814e-05,7.143272425248926e-05,-2.823829340397932e-05,-0.00011995001523513976,6.0168965726933566e-05
transformer,zero,15,11,0.00013612956810630573,-2.0359219269109996e-05,0.0002873837209302347,5.992360234905347e-05,-9.397768775023531e-05,0.00021773911628391395
transformer,zero,16,1,0.0012362126245847184,-0.004071171096345517,0.006527392026578065,0.0023582540767639894,-0.002928826337703355,0.0073524795256928776
transformer,zero,16,2,0.0035411960132890412,-0.0027650290697674405,0.009348151993355487,0.0018344312337811087,-0.004135340389039695,0.007151370574051656
transformer,zero,16,3,-0.0025750830564784046,-0.005055406976744185,-0.00011313538205980998,-0.001551600449298416,-0.0036674694906102044,0.0005706837848179754
transformer,zero,16,4,0.002671926910299004,0.0010770473421926887,0.0042816279069767425,0.0032493822720968822,0.001614097002764847,0.004873035910393048
transformer,zero,16,5,0.0,0.0,0.0,0.0,0.0,0.0
transformer,zero,16,6,0.002740697674418607,-8.52200996677902e-05,0.005513691860465124,0.002585891440165912,0.0002941721887778039,0.00489962351281581
transformer,zero,16,7,-4.102990033222398e-05,-0.0003550789036544744,0.00029335548172756693,0.00033405945192575,-9.455646534698372e-05,0.0007775875278137538
transformer,zero,16,8,0.000141362126245847,-3.9950166112920765e-06,0.00028987126245846623,0.00012207820296473827,-3.0498554745799514e-05,0.00025626539692052194
transformer,zero,16,9,0.0,0.0,0.0,0.0,0.0,0.0
transformer,zero,16,10,-1.245847176079895e-05,-8.123754152824698e-05,5.7142857142861926e-05,-4.750861485936508e-05,-0.00011520945601280933,1.3285173023396518e-05
transformer,zero,16,11,8.20598006644474e-05,-7.973837209301784e-05,0.00024203903654485248,3.7401745381407946e-05,-0.00014786006267173579,0.00021349738104135482
transformer,zero,17,1,0.000130730897009963,-0.001326308139534886,0.0014162458471760743,0.00027877864633579996,-0.0003460851795500368,0.0008182254068694528
transformer,zero,17,2,0.0005299003322259122,-0.0006699086378737504,0.0016260548172757547,0.0004772485678791305,-4.5562675338921045e-05,0.0009579775484433208
transformer,zero,17,3,-0.000356146179401986,-0.0009055191029900129,0.0001301411960132884,-5.8531365178541295e-05,-0.00029192494586599766,0.00015494632295520096
transformer,zero,17,4,0.0002212624584717515,-0.00020355897009966017,0.0005769393687707651,9.565611336593394e-05,-9.316106190999231e-05,0.0002546288421273392
transformer,zero,17,5,0.0,0.0,0.0,0.0,0.0,0.0
transformer,zero,17,6,0.0006458471760797335,0.0002519393687707475,0.0010410340531561654,0.00022981647924242955,4.281262906423247e-05,0.0004086397517559008
transformer,zero,17,7,-6.187707641196138e-05,-0.0001662832225913551,4.485049833887339e-05,9.603810266007873e-06,-4.132686619164697e-05,6.155716927855609e-05
transformer,zero,17,8,3.039867109633554e-05,-7.645348837229004e-06,6.711378737541386e-05,1.0798924498236496e-05,-6.913380670740904e-06,2.7899622896872755e-05
transformer,zero,17,9,0.0,0.0,0.0,0.0,0.0,0.0
transformer,zero,17,10,3.6046511627897404e-05,1.7437707641182884e-05,5.598006644518541e-05,2.1210835932257143e-05,1.1801834844046788e-05,3.14900198095153e-05
transformer,zero,17,11,-5.7308970099674285e-05,-0.00010183139534887195,-1.9759136212619534e-05,-2.4598929405984516e-05,-4.532016553622886e-05,-7.321639241733985e-06
transformer,zero,18,1,0.00682159468438538,0.004238006644518278,0.009759908637873758,0.004176762322748917,0.0026966084468319665,0.005831521595922594
transformer,zero,18,2,0.008770431893687699,0.006446835548172748,0.011058725083056472,0.005448189194328225,0.004154560409441716,0.006741277656016287
transformer,zero,18,3,0.0020121262458471702,0.0012305191029900085,0.002784979235880411,0.0011455641169506447,0.0007202790377795095,0.001565229595076878
transformer,zero,18,4,0.0032141196013288965,0.0026316528239202614,0.003774119601328912,0.0019930978401629627,0.001712023515404504,0.002255349163256414
transformer,zero,18,5,0.0,0.0,0.0,0.0,0.0,0.0
transformer,zero,18,6,0.0007056478405315558,-0.0003979609634551559,0.0018278446843853846,0.0002590136782976649,-0.00030789091658395376,0.0008419457966647707
transformer,zero,18,7,9.485049833885761e-05,-0.00040700166112958753,0.0005236171096345347,0.0001181367045488857,-0.00020545511524027363,0.00039204797771493844
transformer,zero,18,8,-0.0001596345514950248,-0.00031813953488373393,-2.158222591363369e-05,-8.477604699506869e-05,-0.00017472788174053514,6.126351459866074e-07
transformer,zero,18,9,0.0,0.0,0.0,0.0,0.0,0.0
transformer,zero,18,10,5.813953488364998e-06,-0.00010083471760798026,0.00011761627906976173,-8.596285243145374e-07,-6.520118590302384e-05,6.748343114116208e-05
transformer,zero,18,11,2.2923588039860387e-05,-5.9800664451843424e-05,0.00010133305647839131,1.886523923141814e-05,-2.968982784311075e-05,6.342292358664407e-05
transformer,zero,19,1,0.012220265780730892,0.008479256644518273,0.016266158637873753,0.008541588599630086,0.005971047306444511,0.011330455201553149
transformer,zero,19,2,0.011883222591362132,0.009224028239202667,0.014891411960132892,0.008165037741967777,0.006223932201469303,0.010372675923194293
transformer,zero,19,3,0.002174916943521603,0.0007827242524917004,0.0035026785714285928,0.0016701733516235407,0.0008276910020368177,0.002486271738331981
transformer,zero,19,4,0.0024578073089700993,0.0014546262458471982,0.0034866237541528217,0.0015476695592039757,0.0009090921597107502,0.0022184519090333384
transformer,zero,19,5,0.0,0.0,0.0,0.0,0.0,0.0
transformer,zero,19,6,-0.0016948504983388647,-0.003114705149501666,-0.0002990282392026324,-0.0010632559234666516,-0.0019384086251956183,-0.00022935010262559898
transformer,zero,19,7,0.12319883720930236,0.11351579318936879,0.13299399916943522,0.08649189025088858,0.07920541505893026,0.09398454677749023
transformer,zero,19,8,0.055066611295681064,0.048481910299003325,0.06152931893687709,0.03338657109527731,0.02897180174167164,0.03770616104259899
transformer,zero,19,9,0.0,0.0,0.0,0.0,0.0,0.0
transformer,zero,19,10,-3.9119601328891916e-05,-9.053986710960845e-05,1.2377491694361103e-05,-1.9936500772139708e-05,-4.989482413267854e-05,9.278154235518219e-06
transformer,zero,19,11,7.591362126246225e-05,1.3608803986733753e-05,0.0001387043189368569,3.503276923342402e-05,4.234524247601373e-06,6.578911675472698e-05
transformer,zero,20,1,0.0005571428571428483,-0.0004188579734219349,0.0015221262458471748,0.00035877497941043,-9.326378541603273e-05,0.000803311763418988
transformer,zero,20,2,0.0007328903654485063,-0.00028713870431894425,0.0018064327242524616,0.0004997190665678164,3.221704317740187e-05,0.0009951621592386728
transformer,zero,20,3,-0.00014617940199335822,-0.0005566611295681147,0.0002610215946844015,3.3556245938737296e-06,-0.00018450647328663888,0.00018132369757748669
transformer,zero,20,4,0.00016810631229236317,-0.00023690614617939666,0.000550012458471768,0.0001493232664029076,-3.146391404187737e-05,0.0003253750532538874
transformer,zero,20,5,0.0,0.0,0.0,0.0,0.0,0.0
transformer,zero,20,6,0.00040315614617939975,-0.0003540406976744297,0.0011507682724252216,0.00020860853615195407,-0.00017360166323917816,0.000569872655189381
transformer,zero,20,7,1.5448504983374132e-05,-0.0001395514950165978,0.0001784925249169366,2.89699552128897e-05,-6.096883822048618e-05,0.00012591957375318103
transformer,zero,20,8,3.156146179400521e-06,-5.7998338870468954e-05,6.379152823920193e-05,3.4112091541071975e-06,-2.7731858889987248e-05,3.306545838422447e-05
transformer,zero,20,9,0.0,0.0,0.0,0.0,0.0,0.0
transformer,zero,20,10,1.7441860465150504e-06,-2.0267857142829998e-05,2.4844269102974324e-05,1.8351616277478833e-06,-8.152647648125067e-06,1.2583611208007022e-05
transformer,zero,20,11,-1.8438538205972633e-05,-6.428571428570934e-05,3.0066445182718614e-05,4.218309952505051e-06,-1.6414581112545236e-05,2.5218048508829523e-05
transformer,zero,21,1,-0.010722009966777414,-0.01627917981727576,-0.005235762043189377,-0.011055384680849087,-0.01626063423543853,-0.005948509218794362
transformer,zero,21,2,-0.012661877076411967,-0.01789739825581396,-0.007503841362126251,-0.012746619465781341,-0.017332441523517258,-0.00819373463570798
transformer,zero,21,3,0.004787790697674419,0.001965352990033224,0.007471158637873748,0.003893610870994495,0.0014865651535095007,0.006125869991417283
transformer,zero,21,4,0.0022159468438538187,0.0005211835548172761,0.003844177740863773,0.0012027113890911124,-0.00037526610060051297,0.002770739160632746
transformer,zero,21,5,0.0,0.0,0.0,0.0,0.0,0.0
transformer,zero,21,6,0.0026607973421926855,0.0005823359634551396,0.004855658222591351,0.002403854574683696,0.0006356825681311245,0.004330363217706775
transformer,zero,21,7,-1.73588039867123e-05,-0.0004207724252491692,0.00040489617940199274,0.00011660023000867881,-0.00044707743358612267,0.0006762551567223427
transformer,zero,21,8,-3.945182724251761e-05,-0.00018821013289035846,8.546926910299772e-05,-6.498625790190005e-05,-0.00021696849177886004,8.476195532121494e-05
transformer,zero,21,9,0.0,0.0,0.0,0.0,0.0,0.0
transformer,zero,21,10,5.0498338870432755e-05,-8.558970099658253e-06,0.00011230066445182516,-9.401999659861549e-06,-0.00011942647082215086,0.00011216072183678536
transformer,zero,21,11,0.0001098006644518279,-9.142441860461216e-06,0.00022793189368770198,0.00016799486699160094,4.430600150148013e-06,0.0003395647679067018
transformer,zero,22,1,0.0066544019933554854,0.0009345224252491712,0.012172520764119604,0.0008978267550004138,-0.004881694441133731,0.006332842271193105
transformer,zero,22,2,0.0021013289036544876,-0.0029688039867109607,0.0070771407807308975,0.0036772270798339944,-0.0017866087060212541,0.008768269194329287
transformer,zero,22,3,0.0006641196013289041,-0.002304194352159469,0.0036664950166112893,-0.0001688256876051586,-0.002777138831496587,0.0025286843163127275
transformer,zero,22,4,0.004130481727574754,0.0027407786544850514,0.005495359219269101,0.0046537098838194645,0.002990899225714366,0.006300895852743235
transformer,zero,22,5,0.0,0.0,0.0,0.0,0.0,0.0
transformer,zero,22,6,-0.00645722591362126,-0.009300521179401989,-0.003447772009966764,-0.004456821303494753,-0.007268372677950863,-0.0015711003093139232
transformer,zero,22,7,0.0002617940199335567,-8.862749169435624e-05,0.0006154651162790657,0.0005215613020951048,5.746303694192114e-05,0.0009739561068728854
transformer,zero,22,8,9.883720930232709e-05,-2.8606727574753494e-05,0.00024302325581395122,-1.0441688539111205e-05,-0.000128009339047848,0.00011921841892379337
transformer,zero,22,9,0.0,0.0,0.0,0.0,0.0,0.0
transformer,zero,22,10,2.142857142857113e-05,-0.00013463455149501107,0.0001557994186046518,1.6642182940977966e-05,-0.0001248399209621194,0.00017111917481873174
transformer,zero,22,11,1.9601328903657843e-05,-0.00011885589700996083,0.00015797757475083604,-5.298412320442369e-05,-0.0002288597085201667,0.0001480380105225113
transformer,zero,23,1,0.008184385382059808,-0.0001695307308970064,0.01672530730897011,0.0050648209285271365,-0.0018020611232133575,0.012051517812020521
transformer,zero,23,2,0.013401910299003332,0.005174524501661142,0.02181133513289038,0.010829017497657294,0.003866522714940757,0.01799877800797615
transformer,zero,23,3,0.021687375415282407,0.019119663621262474,0.02434587624584719,0.017273418643165037,0.014800823326065178,0.019667244917721042
transformer,zero,23,4,0.0016966777408637945,0.00028447882059801923,0.003015703903654481,0.0021128611974959776,0.0005754961245519756,0.0037322392635050663
transformer,zero,23,5,0.0,0.0,0.0,0.0,0.0,0.0
transformer,zero,23,6,0.00015863787375415162,-0.001670614617940192,0.0020903945182724286,0.000808098305851117,-0.0006877199232397834,0.002323714847445984
transformer,zero,23,7,9.950166112956848e-05,-0.0002521615448504975,0.00047461586378737193,0.00020045029787956636,-0.00021451742340842446,0.0006517441487924632
transformer,zero,23,8,5.747508305648075e-05,-9.315406976743857e-05,0.00020765573089699714,7.527007287744025e-05,-0.0001130497356694801,0.00027556845480496226
transformer,zero,23,9,0.0,0.0,0.0,0.0,0.0,0.0
transformer,zero,23,10,-4.269102990033247e-05,-0.00011328903654484825,2.7825996677742618e-05,-2.6864208350995123e-05,-0.00010831050440239183,5.3524561948062517e-05
transformer,zero,23,11,2.2093023255813636e-05,-0.00013126453488372785,0.00017841777408638757,0.0001853380158215434,6.77881933289743e-07,0.0003716775151365182
transformer,zero,24,1,0.09374900332225915,0.08703232558139538,0.10071581395348839,0.05723343358001021,0.05303105447166458,0.06154349805490284
transformer,zero,24,2,0.004289036544850503,0.0032239161129568373,0.005377745016611287,0.002471040815282268,0.0018925627652143114,0.003061565788771504
transformer,zero,24,3,0.0015051495016611194,0.0010173255813953183,0.0020467441860465086,0.0008000718665232709,0.000547491744680763,0.0010812825574175997
transformer,zero,24,4,0.0013179401993355555,0.0010667691029900583,0.0015511627906976998,0.0006714712783350541,0.000546801119384626,0.0007926779356725772
transformer,zero,24,5,0.0,0.0,0.0,0.0,0.0,0.0
transformer,zero,24,6,-0.005643189368770777,-0.007109946013289006,-0.004248210132890404,-0.003296365483111118,-0.00410163973886362,-0.0025157822833485953
transformer,zero,24,7,0.00012524916943522534,-8.260382059801536e-05,0.00032210132890367837,7.561785312306779e-05,-3.656126841714272e-05,0.0001814465316823014
transformer,zero,24,8,5.4485049833902234e-05,1.4119601328927451e-05,0.00010017026578075161,2.889604268577428e-05,8.269499962068883e-06,5.212180710046233e-05
transformer,zero,24,9,0.0,0.0,0.0,0.0,0.0,0.0
transformer,zero,24,10,1.777408637875455e-05,-2.44227574750826e-05,6.11378737541688e-05,8.084800020905503e-06,-1.5315161728393866e-05,3.2003762514751866e-05
transformer,zero,24,11,-6.0631229235985625e-06,-3.6472176079735766e-05,2.0932308970092338e-05,-3.7111744381090885e-06,-2.0245615580322814e-05,1.1506735164164553e-05
transformer,zero,25,1,0.00468820598006643,0.003067477159468416,0.006289881644518232,0.0030036052754314024,0.0019981794902134485,0.004009413679469585
transformer,zero,25,2,0.2837790697674419,0.2754207890365449,0.2925386752491694,0.2144086775076956,0.20731231779189963,0.22185463488736126
transformer,zero,25,3,0.0012953488372092837,0.0007257308970099665,0.001963648255813923,0.00086368941924157,0.000523424189346389,0.0012791797972981495
transformer,zero,25,4,0.0032036544850498204,0.002610878322259141,0.0038114680232557907,0.0019909418729579732,0.0016312038160329891,0.002351935939620964
transformer,zero,25,5,0.0,0.0,0.0,0.0,0.0,0.0
transformer,zero,25,6,-0.0008435215946844054,-0.002348347176079738,0.0006028945182723812,-0.0004059938777474459,-0.0012135191912825045,0.00038405139600291893
transformer,zero,25,7,0.0005202657807308841,0.00023654069767439851,0.0008141382890365319,0.00033539636131289964,0.00015768520934041967,0.0005299714903049916
transformer,zero,25,8,-7.1428571428677755e-06,-7.96532392026911e-05,6.578903654486074e-05,-6.883016728751468e-06,-4.8129835589515053e-05,3.1963288357691165e-05
transformer,zero,25,9,0.0,0.0,0.0,0.0,0.0,0.0
transformer,zero,25,10,-2.7408637873764797e-05,-7.244186046510156e-05,2.0355066445134928e-05,-1.8086650082772548e-05,-4.589762558335514e-05,1.1042382775391313e-05
transformer,zero,25,11,7.807308970076976e-06,-3.829318936879595e-05,5.2909053156119566e-05,4.576724025754375e-06,-2.5271197320542337e-05,3.266571524286187e-05
transformer,zero,26,1,0.005498504983388689,0.0038976162790697534,0.007294991694352123,0.003875589242731137,0.002901437685815179,0.005118857441961803
transformer,zero,26,2,0.007712707641195998,0.005443635797342173,0.01025400124584716,0.004970663767584661,0.0036211067768204064,0.006506330038279973
transformer,zero,26,3,0.001592691029900316,0.000592487541528219,0.002539302325581365,0.0010816098219472603,0.000513730989907117,0.0016557350658427084
transformer,zero,26,4,0.3800923588039867,0.3747719975083056,0.38525059800664446,0.3134185708869303,0.3090114539872025,0.3178099138122257
transformer,zero,26,5,0.0,0.0,0.0,0.0,0.0,0.0
transformer,zero,26,6,-0.0007156146179402146,-0.001910124584717624,0.0003753073089700529,-0.00037440369500725155,-0.0010080903317348391,0.00023100339287735649
transformer,zero,26,7,-1.528239202657211e-05,-0.0002125249169435017,0.0002247632890365388,3.2454344471574134e-05,-8.801966831174837e-05,0.00017398845379109503
transformer,zero,26,8,-5.714285714286449e-05,-0.00013604651162791358,2.875415282392551e-05,-3.0734455396617125e-05,-7.164547688996163e-05,1.3435761486126268e-05
transformer,zero,26,9,0.0,0.0,0.0,0.0,0.0,0.0
transformer,zero,26,10,1.9767441860453204e-05,-1.67774086378617e-05,5.348837209298318e-05,1.1013623096385316e-05,-1.001963641593706e-05,3.002981808804218e-05
transformer,zero,26,11,5.9468438538203825e-05,-1.2304817275730044e-05,0.00013422757475082178,4.1178664120543604e-05,1.2055477944494798e-06,8.27199557828435e-05
transformer,zero,27,1,0.014187209302325586,0.00964023671096346,0.01917499169435217,0.01070419151949938,0.007593657373080047,0.014117742339227985
transformer,zero,27,2,0.014602990033222595,0.009507844684385397,0.020237217607973416,0.012176238796269959,0.008203922714789997,0.016581812647597064
transformer,zero,27,3,0.006691196013289038,0.0047773546511627905,0.00874409883720931,0.004713065974910394,0.0032007991543178023,0.006253410562280146
transformer,zero,27,4,0.007125664451827243,0.0061881540697674335,0.008123968023255821,0.005727845348580244,0.0050858675656109634,0.006445795033666291
transformer,zero,27,5,0.0,0.0,0.0,0.0,0.0,0.0
transformer,zero,27,6,-0.006888870431893687,-0.008607354651162781,-0.005181299833887033,-0.004236315459914498,-0.005525113926061062,-0.0029705944731070653
transformer,zero,27,7,-9.03654485049854e-05,-0.0004694518272425402,0.00028964700996677526,-6.701468811173727e-05,-0.00037031985157975043,0.0002444369387653722
transformer,zero,27,8,0.0001210963455149483,3.870016611296029e-05,0.00019910714285713133,9.239197448336678e-05,2.7562347170823954e-05,0.00015346791253561143
transformer,zero,27,9,0.0,0.0,0.0,0.0,0.0,0.0
transformer,zero,27,10,0.005427740863787384,0.0036215531561461967,0.007750926079734214,0.0035689403960904196,0.002322247410928426,0.0051584122012442585
transformer,zero,27,11,0.00011586378737541869,6.642441860466087e-06,0.00021745639534883495,7.249537654645755e-05,-6.925755325847049e-06,0.00014982005228381259
transformer,zero,28,1,0.00915656146179402,0.0030562645348837314,0.015485560631229241,0.009770062033769306,0.003983754274537175,0.015675700871035505
transformer,zero,28,2,0.01268305647840532,0.005915990448504992,0.019537186461794,0.012083751446790374,0.005972144974975687,0.018433978803930565
transformer,zero,28,3,0.0034075581395348843,0.0011203841362126194,0.0056469102990033245,0.005000803203586373,0.0030312234170579012,0.006929832998418121
transformer,zero,28,4,0.006603488372093022,0.005020772425249168,0.00818428779069767,0.006636590167622345,0.004853326476925288,0.008423459080453888
transformer,zero,28,5,0.0,0.0,0.0,0.0,0.0,0.0
transformer,zero,28,6,-0.0033870431893687734,-0.006215552325581396,-0.0004555107973421997,-0.002003083986641577,-0.004508212477048222,0.0005931797288999464
transformer,zero,28,7,-4.509966777409002e-05,-0.0004561627906976796,0.00036727990033221577,-5.1229601156236316e-05,-0.00043593525633835596,0.00036226151015498017
transformer,zero,28,8,0.00011445182724252323,-3.822466777408809e-05,0.00025523671096344593,0.00019722850525076828,5.774412451992922e-05,0.00034994443319899077
transformer,zero,28,9,0.0,0.0,0.0,0.0,0.0,0.0
transformer,zero,28,10,-1.5033222591361862e-05,-0.0001751681893687751,0.00011388289036545625,-1.818199991840075e-05,-0.00015829608623160027,0.00012018565314600573
transformer,zero,28,11,0.00027923588039867054,0.00011925872093023329,0.0004309883720930149,0.00034127089211817953,0.00016947232708067666,0.0005199743950098027
