seed,condition,fault_id,runs,threshold,auroc,auprc,pre_fpr,detected_ratio,censored_delay_mean
42,original,1,20,0.8194200396537781,0.9950453488372093,0.9975019488558962,0.00875,1.0,4.35
42,original,2,20,0.8194200396537781,0.9897280315614618,0.9947176269467549,0.0095,1.0,11.95
42,original,3,20,0.8194200396537781,0.5401351328903654,0.6339151595443463,0.01075,0.0,302.0
42,original,4,20,0.8194200396537781,0.9623112126245847,0.9731175611431905,0.0115,1.0,2.0
42,original,5,20,0.8194200396537781,0.501271511627907,0.6062633073090348,0.0115,0.05,287.0
42,original,6,20,0.8194200396537781,0.9979763289036545,0.999053047335399,0.008,1.0,1.0
42,original,7,20,0.8194200396537781,0.9967485049833887,0.9984144720614974,0.011,1.0,2.0
42,original,8,20,0.8194200396537781,0.9684860880398671,0.9844352303969036,0.0095,1.0,23.25
42,original,9,20,0.8194200396537781,0.5411786752491694,0.636443170526248,0.012,0.0,302.0
42,original,10,20,0.8194200396537781,0.9153458679401993,0.9548864845659164,0.01075,1.0,43.2
42,original,11,20,0.8194200396537781,0.9713864825581395,0.9844883718970426,0.01075,1.0,9.0
42,original,12,20,0.8194200396537781,0.7727283430232558,0.8590352291185905,0.01125,1.0,25.5
42,original,13,20,0.8194200396537781,0.9480479651162791,0.9747228581028424,0.0105,1.0,34.0
42,original,14,20,0.8194200396537781,0.9943271179401993,0.9970330030988449,0.01175,1.0,4.05
42,original,15,20,0.8194200396537781,0.5134059385382059,0.6168732403019865,0.00975,0.0,302.0
42,original,16,20,0.8194200396537781,0.5082352159468438,0.6079852292590551,0.01025,0.0,302.0
42,original,17,20,0.8194200396537781,0.9507947051495017,0.9760426805688116,0.0085,1.0,31.4
42,original,18,20,0.8194200396537781,0.8746010382059801,0.9312041601317643,0.00975,1.0,63.0
42,original,19,20,0.8194200396537781,0.9407816860465116,0.968092005024265,0.01,1.0,30.3
42,original,20,20,0.8194200396537781,0.9393603820598007,0.9701203008228005,0.01025,1.0,41.25
42,original,21,20,0.8194200396537781,0.5010575166112957,0.6005253488590919,0.01075,0.0,302.0
42,original,22,20,0.8194200396537781,0.5580262666112957,0.6488839134900278,0.01375,0.0,302.0
42,original,23,20,0.8194200396537781,0.5385429609634551,0.6322182187672772,0.00925,0.0,302.0
42,original,24,20,0.8194200396537781,0.9685969684385382,0.9836734159911134,0.00975,1.0,14.95
42,original,25,20,0.8194200396537781,0.870930419435216,0.9224774787576954,0.009,1.0,35.45
42,original,26,20,0.8194200396537781,0.9226222799003322,0.9582107871477061,0.009,1.0,28.9
42,original,27,20,0.8194200396537781,0.8054270971760797,0.8766934314632385,0.01,1.0,24.55
42,original,28,20,0.8194200396537781,0.5542116486710963,0.6585390269685509,0.009,0.0,302.0
42,permute_time,1,20,0.9228914380073547,0.9945716777408637,0.9972876305363152,0.01275,1.0,5.1
42,permute_time,2,20,0.9228914380073547,0.9887513911960133,0.994308301296369,0.00825,1.0,12.9
42,permute_time,3,20,0.9228914380073547,0.526441403654485,0.6225116876367015,0.008,0.0,302.0
42,permute_time,4,20,0.9228914380073547,0.9323880398671096,0.9491982687642447,0.0115,1.0,2.0
42,permute_time,5,20,0.9228914380073547,0.5115678986710963,0.6157790536894767,0.00775,0.0,302.0
42,permute_time,6,20,0.9228914380073547,0.9981144933554817,0.9991091761176818,0.00825,1.0,1.0
42,permute_time,7,20,0.9228914380073547,0.9967108388704319,0.9984108183287173,0.00975,1.0,2.0
42,permute_time,8,20,0.9228914380073547,0.9702418604651163,0.9852565086153614,0.007,1.0,24.15
42,permute_time,9,20,0.9228914380073547,0.5428142026578073,0.6399903661192572,0.0105,0.0,302.0
42,permute_time,10,20,0.9228914380073547,0.9064218438538206,0.9495347758489691,0.012,1.0,44.65
42,permute_time,11,20,0.9228914380073547,0.9745409260797342,0.9860721745498071,0.0105,1.0,10.1
42,permute_time,12,20,0.9228914380073547,0.7711509136212624,0.8556112584849772,0.01025,1.0,32.6
42,permute_time,13,20,0.9228914380073547,0.9469517026578073,0.9741964170128792,0.009,1.0,34.55
42,permute_time,14,20,0.9228914380073547,0.9935913621262459,0.9965446633178218,0.00875,1.0,4.35
42,permute_time,15,20,0.9228914380073547,0.5163127699335548,0.6181094178606457,0.0105,0.0,302.0
42,permute_time,16,20,0.9228914380073547,0.5069882059800664,0.6039788538368179,0.011,0.0,302.0
42,permute_time,17,20,0.9228914380073547,0.9499184593023255,0.9758159595129948,0.01125,1.0,31.6
42,permute_time,18,20,0.9228914380073547,0.8695955980066445,0.9279096164129985,0.008,1.0,64.75
42,permute_time,19,20,0.9228914380073547,0.9244270971760797,0.9592227961341985,0.0085,1.0,42.35
42,permute_time,20,20,0.9228914380073547,0.9375502699335548,0.9693519774635353,0.00825,1.0,41.45
42,permute_time,21,20,0.9228914380073547,0.5052643480066445,0.6046140338575663,0.01025,0.0,302.0
42,permute_time,22,20,0.9228914380073547,0.564690053986711,0.656157700947384,0.0115,0.0,302.0
42,permute_time,23,20,0.9228914380073547,0.529535880398671,0.6269868127010465,0.00975,0.0,302.0
42,permute_time,24,20,0.9228914380073547,0.9687707225913621,0.9836827300917875,0.01025,1.0,18.7
42,permute_time,25,20,0.9228914380073547,0.8893567898671096,0.9331968911830134,0.00775,1.0,35.95
42,permute_time,26,20,0.9228914380073547,0.9123400332225914,0.9529467476998945,0.00875,1.0,41.95
42,permute_time,27,20,0.9228914380073547,0.7992383305647841,0.8710315281235526,0.008,1.0,27.2
42,permute_time,28,20,0.9228914380073547,0.5458055440199335,0.6445501336300725,0.01275,0.0,302.0
42,keep_last_1,1,20,0.8635494709014893,0.9949298588039868,0.9974460896705039,0.01175,1.0,4.7
42,keep_last_1,2,20,0.8635494709014893,0.989309219269103,0.9945578755220096,0.0095,1.0,12.3
42,keep_last_1,3,20,0.8635494709014893,0.5381735465116279,0.6329700099110255,0.01125,0.0,302.0
42,keep_last_1,4,20,0.8635494709014893,0.6454907184385382,0.7090010185358647,0.0125,1.0,2.0
42,keep_last_1,5,20,0.8635494709014893,0.5039168812292358,0.6090636666392488,0.0105,0.05,287.0
42,keep_last_1,6,20,0.8635494709014893,0.9980219684385382,0.9990706730003575,0.01075,1.0,1.0
42,keep_last_1,7,20,0.8635494709014893,0.9966677740863787,0.9983811339110693,0.01025,1.0,2.0
42,keep_last_1,8,20,0.8635494709014893,0.9688026162790697,0.9845921030495305,0.00975,1.0,23.85
42,keep_last_1,9,20,0.8635494709014893,0.5457222591362126,0.6394286267546807,0.012,0.0,302.0
42,keep_last_1,10,20,0.8635494709014893,0.9084577450166113,0.950810768973999,0.01325,1.0,44.1
42,keep_last_1,11,20,0.8635494709014893,0.9629838870431894,0.9796684392868974,0.00975,1.0,9.25
42,keep_last_1,12,20,0.8635494709014893,0.7729249377076411,0.858394552698725,0.012,1.0,27.5
42,keep_last_1,13,20,0.8635494709014893,0.9475841362126246,0.9745083056237067,0.00975,1.0,34.0
42,keep_last_1,14,20,0.8635494709014893,0.9937766611295681,0.9966577046832497,0.01,1.0,4.3
42,keep_last_1,15,20,0.8635494709014893,0.5098265157807309,0.612979867610755,0.01,0.0,302.0
42,keep_last_1,16,20,0.8635494709014893,0.5076080357142857,0.6057915891051376,0.01025,0.0,302.0
42,keep_last_1,17,20,0.8635494709014893,0.9501449750830565,0.9756765285390137,0.0095,1.0,31.3
42,keep_last_1,18,20,0.8635494709014893,0.8703776993355482,0.9285113002499966,0.0085,1.0,64.9
42,keep_last_1,19,20,0.8635494709014893,0.8695579734219269,0.9207357480524738,0.01025,1.0,41.3
42,keep_last_1,20,20,0.8635494709014893,0.9382475083056478,0.969535885069468,0.01,1.0,40.85
42,keep_last_1,21,20,0.8635494709014893,0.5020661544850499,0.6016553966361106,0.01025,0.0,302.0
42,keep_last_1,22,20,0.8635494709014893,0.5628384966777409,0.6530828383668996,0.01425,0.0,302.0
42,keep_last_1,23,20,0.8635494709014893,0.5267978405315614,0.6201572428650791,0.012,0.0,302.0
42,keep_last_1,24,20,0.8635494709014893,0.9640558554817276,0.9807803507363843,0.0105,1.0,16.75
42,keep_last_1,25,20,0.8635494709014893,0.7959680855481728,0.8664332191105844,0.00675,1.0,70.3
42,keep_last_1,26,20,0.8635494709014893,0.7301397840531562,0.808709171012729,0.00925,0.85,140.2
42,keep_last_1,27,20,0.8635494709014893,0.7880688745847176,0.8637935220722008,0.01,1.0,25.1
42,keep_last_1,28,20,0.8635494709014893,0.5487832018272425,0.6497311996146965,0.01275,0.0,302.0
42,keep_last_5,1,20,0.8434890508651733,0.9949860880398671,0.9974788642867238,0.012,1.0,4.55
42,keep_last_5,2,20,0.8434890508651733,0.98941926910299,0.9945642339690434,0.00925,1.0,12.9
42,keep_last_5,3,20,0.8434890508651733,0.5384955149501661,0.6338372990693393,0.009,0.0,302.0
42,keep_last_5,4,20,0.8434890508651733,0.7753889534883721,0.8106944206489511,0.01275,1.0,2.0
42,keep_last_5,5,20,0.8434890508651733,0.49991297757475084,0.604856483666011,0.01175,0.05,287.0
42,keep_last_5,6,20,0.8434890508651733,0.9980027408637874,0.999062846028228,0.0095,1.0,1.0
42,keep_last_5,7,20,0.8434890508651733,0.9967630398671097,0.9984176299153392,0.01025,1.0,2.0
42,keep_last_5,8,20,0.8434890508651733,0.9683614202657808,0.9843855519058639,0.00875,1.0,23.75
42,keep_last_5,9,20,0.8434890508651733,0.5398247508305648,0.6331920780006556,0.0115,0.0,302.0
42,keep_last_5,10,20,0.8434890508651733,0.9113490448504984,0.952525036032131,0.01375,1.0,43.4
42,keep_last_5,11,20,0.8434890508651733,0.9650014534883721,0.9808042064212678,0.009,1.0,9.05
42,keep_last_5,12,20,0.8434890508651733,0.7662238787375415,0.8539225589762691,0.0125,1.0,28.0
42,keep_last_5,13,20,0.8434890508651733,0.9471791528239203,0.9743641863665434,0.00925,1.0,34.0
42,keep_last_5,14,20,0.8434890508651733,0.9939678986710964,0.9968012840583996,0.01025,1.0,4.2
42,keep_last_5,15,20,0.8434890508651733,0.5090596760797342,0.6126990517786921,0.01,0.0,302.0
42,keep_last_5,16,20,0.8434890508651733,0.507149377076412,0.6063643019353568,0.01075,0.0,302.0
42,keep_last_5,17,20,0.8434890508651733,0.9501997300664452,0.9756427733805566,0.00925,1.0,31.2
42,keep_last_5,18,20,0.8434890508651733,0.872426827242525,0.9297144615102889,0.009,1.0,63.75
42,keep_last_5,19,20,0.8434890508651733,0.9039196428571429,0.9454688965066858,0.00975,1.0,34.8
42,keep_last_5,20,20,0.8434890508651733,0.9389695805647841,0.96983979181904,0.009,1.0,41.35
42,keep_last_5,21,20,0.8434890508651733,0.5040317691029901,0.603773660220002,0.0105,0.0,302.0
42,keep_last_5,22,20,0.8434890508651733,0.5575544227574751,0.6474754406226357,0.01275,0.0,302.0
42,keep_last_5,23,20,0.8434890508651733,0.5310147009966777,0.6239337053313415,0.01075,0.0,302.0
42,keep_last_5,24,20,0.8434890508651733,0.9647568936877077,0.9813850271840534,0.011,1.0,15.1
42,keep_last_5,25,20,0.8434890508651733,0.8309324958471761,0.8941940250824186,0.00675,1.0,46.2
42,keep_last_5,26,20,0.8434890508651733,0.849323276578073,0.9109198225358639,0.0095,1.0,42.4
42,keep_last_5,27,20,0.8434890508651733,0.7913156146179402,0.8659020736160531,0.00975,1.0,27.45
42,keep_last_5,28,20,0.8434890508651733,0.5472188745847176,0.6497094337637551,0.01225,0.0,302.0
42,keep_last_10,1,20,0.83207106590271,0.9949749169435216,0.9974689551782269,0.0105,1.0,4.55
42,keep_last_10,2,20,0.83207106590271,0.9896649086378737,0.9946815764906043,0.01,1.0,12.5
42,keep_last_10,3,20,0.83207106590271,0.538203799833887,0.6329333338211537,0.00925,0.0,302.0
42,keep_last_10,4,20,0.83207106590271,0.8720475913621263,0.9007631902596075,0.01225,1.0,2.0
42,keep_last_10,5,20,0.83207106590271,0.5000084094684385,0.6046491184618337,0.01225,0.05,287.0
42,keep_last_10,6,20,0.83207106590271,0.9979871677740864,0.9990573783831133,0.00825,1.0,1.0
42,keep_last_10,7,20,0.83207106590271,0.9967522009966777,0.9984133541590263,0.01175,1.0,2.0
42,keep_last_10,8,20,0.83207106590271,0.9682649086378737,0.9843292997588664,0.008,1.0,23.45
42,keep_last_10,9,20,0.83207106590271,0.5395694559800664,0.6332536801247283,0.0125,0.0,302.0
42,keep_last_10,10,20,0.83207106590271,0.9136043604651163,0.9538354283938442,0.01275,1.0,42.5
42,keep_last_10,11,20,0.83207106590271,0.968327450166113,0.9827018497043043,0.0095,1.0,9.05
42,keep_last_10,12,20,0.83207106590271,0.7672971553156146,0.8548662130777855,0.01125,1.0,27.95
42,keep_last_10,13,20,0.83207106590271,0.9475196220930232,0.9745132744878839,0.0105,1.0,34.0
42,keep_last_10,14,20,0.83207106590271,0.9941582641196013,0.9969229073743094,0.011,1.0,4.05
42,keep_last_10,15,20,0.83207106590271,0.5105014742524917,0.6141520050333344,0.00925,0.0,302.0
42,keep_last_10,16,20,0.83207106590271,0.5081082225913621,0.6076070346937997,0.01,0.0,302.0
42,keep_last_10,17,20,0.83207106590271,0.9507591362126245,0.9760140256634582,0.00925,1.0,31.5
42,keep_last_10,18,20,0.83207106590271,0.8730911544850498,0.930159209151217,0.00875,1.0,63.35
42,keep_last_10,19,20,0.83207106590271,0.9216449543189369,0.9565705342187949,0.00975,1.0,32.9
42,keep_last_10,20,20,0.83207106590271,0.9396158637873754,0.970206836576578,0.01,1.0,40.95
42,keep_last_10,21,20,0.83207106590271,0.5021749792358804,0.6018856276952336,0.00975,0.0,302.0
42,keep_last_10,22,20,0.83207106590271,0.5574966362126246,0.6467671392045583,0.01325,0.0,302.0
42,keep_last_10,23,20,0.83207106590271,0.5343321013289036,0.6279119083891116,0.0105,0.0,302.0
42,keep_last_10,24,20,0.83207106590271,0.9629286752491695,0.9804049239279015,0.01125,1.0,14.85
42,keep_last_10,25,20,0.83207106590271,0.8446769518272426,0.904483752847957,0.00725,1.0,37.05
42,keep_last_10,26,20,0.83207106590271,0.8864341362126246,0.9366286897685691,0.0105,1.0,31.2
42,keep_last_10,27,20,0.83207106590271,0.7975373546511628,0.8703897700556331,0.00925,1.0,25.7
42,keep_last_10,28,20,0.83207106590271,0.5498463870431893,0.6529470976775263,0.0115,0.0,302.0
42,occlude_XMV_01,1,20,0.8641973733901978,0.994854007475083,0.997406690916475,0.00775,1.0,5.0
42,occlude_XMV_01,2,20,0.8641973733901978,0.9889252906976744,0.9943679685176915,0.0105,1.0,13.4
42,occlude_XMV_01,3,20,0.8641973733901978,0.5308792566445183,0.6226691047804906,0.01125,0.0,302.0
42,occlude_XMV_01,4,20,0.8641973733901978,0.9409171096345514,0.9574284870948233,0.00875,1.0,2.0
42,occlude_XMV_01,5,20,0.8641973733901978,0.49958060631229234,0.6041603621720267,0.00925,0.05,287.0
42,occlude_XMV_01,6,20,0.8641973733901978,0.9980482558139535,0.9990826119304747,0.01,1.0,1.0
42,occlude_XMV_01,7,20,0.8641973733901978,0.9967942691029901,0.998449157288072,0.0075,1.0,2.0
42,occlude_XMV_01,8,20,0.8641973733901978,0.9683202657807309,0.984287614550827,0.0085,1.0,24.0
42,occlude_XMV_01,9,20,0.8641973733901978,0.5325132890365448,0.6306689269483239,0.0095,0.0,302.0
42,occlude_XMV_01,10,20,0.8641973733901978,0.9074661544850499,0.9499206777673824,0.01625,1.0,44.0
42,occlude_XMV_01,11,20,0.8641973733901978,0.968701827242525,0.9828822713565463,0.00775,1.0,8.9
42,occlude_XMV_01,12,20,0.8641973733901978,0.750999584717608,0.8428384932915984,0.0105,1.0,29.2
42,occlude_XMV_01,13,20,0.8641973733901978,0.9468058970099668,0.9741182788499042,0.00775,1.0,34.6
42,occlude_XMV_01,14,20,0.8641973733901978,0.9935582225913622,0.9965541851260084,0.0115,1.0,4.3
42,occlude_XMV_01,15,20,0.8641973733901978,0.510771511627907,0.6138766945477416,0.0085,0.0,302.0
42,occlude_XMV_01,16,20,0.8641973733901978,0.5062735465116279,0.604557661656935,0.01275,0.0,302.0
42,occlude_XMV_01,17,20,0.8641973733901978,0.950053903654485,0.9754864543641356,0.01125,1.0,31.4
42,occlude_XMV_01,18,20,0.8641973733901978,0.8669627906976745,0.9263386442970306,0.01125,1.0,64.1
42,occlude_XMV_01,19,20,0.8641973733901978,0.9358279277408638,0.9647098495270834,0.0125,1.0,33.1
42,occlude_XMV_01,20,20,0.8641973733901978,0.9398370639534884,0.9703034113716504,0.01025,1.0,41.75
42,occlude_XMV_01,21,20,0.8641973733901978,0.5097881436877076,0.6112390957890568,0.006,0.0,302.0
42,occlude_XMV_01,22,20,0.8641973733901978,0.5506522217607973,0.6476406042297279,0.00975,0.0,302.0
42,occlude_XMV_01,23,20,0.8641973733901978,0.5286306063122923,0.6236753132022699,0.01075,0.0,302.0
42,occlude_XMV_01,24,20,0.8641973733901978,0.8973390780730897,0.9415332947859842,0.011,1.0,23.2
42,occlude_XMV_01,25,20,0.8641973733901978,0.8598593438538206,0.9146589298010295,0.00775,1.0,42.9
42,occlude_XMV_01,26,20,0.8641973733901978,0.9160750415282392,0.9541734157830329,0.0085,1.0,30.35
42,occlude_XMV_01,27,20,0.8641973733901978,0.7887063122923588,0.8641840513069451,0.01,1.0,28.45
42,occlude_XMV_01,28,20,0.8641973733901978,0.5443362956810631,0.6465004128987455,0.012,0.0,302.0
42,occlude_XMV_02,1,20,0.8812377452850342,0.9946548172757476,0.9973187014981366,0.01275,1.0,5.1
42,occlude_XMV_02,2,20,0.8812377452850342,0.9890081395348838,0.9943638642587077,0.00875,1.0,13.45
42,occlude_XMV_02,3,20,0.8812377452850342,0.5366588662790698,0.6310642715935291,0.0105,0.0,302.0
42,occlude_XMV_02,4,20,0.8812377452850342,0.9471332018272425,0.9613310577967619,0.0105,1.0,2.0
42,occlude_XMV_02,5,20,0.8812377452850342,0.4980036129568106,0.6027362161717426,0.01075,0.0,302.0
42,occlude_XMV_02,6,20,0.8812377452850342,0.9980555647840531,0.9990875732013399,0.00775,1.0,1.0
42,occlude_XMV_02,7,20,0.8812377452850342,0.9968272009966778,0.9984450341481784,0.00975,1.0,2.0
42,occlude_XMV_02,8,20,0.8812377452850342,0.96800103820598,0.9841743925943481,0.0085,1.0,24.2
42,occlude_XMV_02,9,20,0.8812377452850342,0.5330455149501662,0.6230101721166941,0.011,0.0,302.0
42,occlude_XMV_02,10,20,0.8812377452850342,0.9059617317275748,0.9489153869310951,0.0175,1.0,43.0
42,occlude_XMV_02,11,20,0.8812377452850342,0.9676333056478406,0.982187294311202,0.009,1.0,10.3
42,occlude_XMV_02,12,20,0.8812377452850342,0.7482404900332226,0.8403175093081005,0.01125,1.0,30.45
42,occlude_XMV_02,13,20,0.8812377452850342,0.9464350913621262,0.9740679834429811,0.0075,1.0,34.25
42,occlude_XMV_02,14,20,0.8812377452850342,0.9931335548172757,0.996254676594315,0.00875,1.0,4.2
42,occlude_XMV_02,15,20,0.8812377452850342,0.5037233181063123,0.6074936108730755,0.01125,0.0,302.0
42,occlude_XMV_02,16,20,0.8812377452850342,0.5049462832225914,0.6069895301704903,0.0105,0.0,302.0
42,occlude_XMV_02,17,20,0.8812377452850342,0.9498857973421927,0.9753648679272295,0.0125,1.0,31.4
42,occlude_XMV_02,18,20,0.8812377452850342,0.8663133928571428,0.9258684755025663,0.01,1.0,64.8
42,occlude_XMV_02,19,20,0.8812377452850342,0.9319590946843854,0.9623872975284057,0.01125,1.0,33.1
42,occlude_XMV_02,20,20,0.8812377452850342,0.9390384551495017,0.9698319297010162,0.00775,1.0,41.75
42,occlude_XMV_02,21,20,0.8812377452850342,0.5140902823920266,0.6157274774921809,0.0085,0.0,302.0
42,occlude_XMV_02,22,20,0.8812377452850342,0.5539500622923588,0.6430025654350455,0.01175,0.0,302.0
42,occlude_XMV_02,23,20,0.8812377452850342,0.5232267026578074,0.6148517383451477,0.013,0.0,302.0
42,occlude_XMV_02,24,20,0.8812377452850342,0.964018542358804,0.9810574965370394,0.01225,1.0,15.35
42,occlude_XMV_02,25,20,0.8812377452850342,0.6585954111295681,0.7565289761480355,0.0075,0.55,216.2
42,occlude_XMV_02,26,20,0.8812377452850342,0.9132979235880399,0.9525983376317346,0.009,1.0,29.65
42,occlude_XMV_02,27,20,0.8812377452850342,0.7883375830564784,0.8618894991096387,0.01075,1.0,30.15
42,occlude_XMV_02,28,20,0.8812377452850342,0.5409630606312292,0.6438199323877277,0.01275,0.0,302.0
42,occlude_XMV_03,1,20,0.8465259075164795,0.9949745016611296,0.997472834955313,0.009,1.0,4.55
42,occlude_XMV_03,2,20,0.8465259075164795,0.9894214700996677,0.9945614248478921,0.00925,1.0,12.15
42,occlude_XMV_03,3,20,0.8465259075164795,0.5375928571428571,0.6317013008975143,0.01075,0.0,302.0
42,occlude_XMV_03,4,20,0.8465259075164795,0.9523243355481728,0.965082704577942,0.01175,1.0,2.0
42,occlude_XMV_03,5,20,0.8465259075164795,0.5003593853820598,0.6059198451795049,0.01125,0.0,302.0
42,occlude_XMV_03,6,20,0.8465259075164795,0.9980365033222591,0.999071128564576,0.00875,1.0,1.0
42,occlude_XMV_03,7,20,0.8465259075164795,0.9966948920265781,0.9983887706292002,0.0115,1.0,2.0
42,occlude_XMV_03,8,20,0.8465259075164795,0.9690679401993355,0.9847744262076902,0.012,1.0,23.05
42,occlude_XMV_03,9,20,0.8465259075164795,0.542585465116279,0.6376749689191095,0.01275,0.0,302.0
42,occlude_XMV_03,10,20,0.8465259075164795,0.9124328073089701,0.9531014763190786,0.011,1.0,43.1
42,occlude_XMV_03,11,20,0.8465259075164795,0.9699615863787375,0.9836955634316766,0.00875,1.0,9.1
42,occlude_XMV_03,12,20,0.8465259075164795,0.7664609634551495,0.8543572249077914,0.01225,1.0,28.4
42,occlude_XMV_03,13,20,0.8465259075164795,0.9482611295681063,0.9747475406255925,0.00925,1.0,34.2
42,occlude_XMV_03,14,20,0.8465259075164795,0.9939406561461794,0.9967943176654366,0.0105,1.0,4.25
42,occlude_XMV_03,15,20,0.8465259075164795,0.5074685215946844,0.610089047586612,0.014,0.0,302.0
42,occlude_XMV_03,16,20,0.8465259075164795,0.5116133928571429,0.6094259378489976,0.0105,0.0,302.0
42,occlude_XMV_03,17,20,0.8465259075164795,0.9508953903654485,0.9759844100970614,0.00925,1.0,31.4
42,occlude_XMV_03,18,20,0.8465259075164795,0.8729549418604651,0.9300245932624552,0.00775,1.0,63.65
42,occlude_XMV_03,19,20,0.8465259075164795,0.939591196013289,0.9672560264736765,0.0095,1.0,31.15
42,occlude_XMV_03,20,20,0.8465259075164795,0.9394015365448505,0.9701043065164401,0.01225,1.0,41.15
42,occlude_XMV_03,21,20,0.8465259075164795,0.4949645764119601,0.5949154614813241,0.013,0.0,302.0
42,occlude_XMV_03,22,20,0.8465259075164795,0.5570253529900332,0.6491957442699583,0.01275,0.0,302.0
42,occlude_XMV_03,23,20,0.8465259075164795,0.5149918812292359,0.6130852762825766,0.00925,0.0,302.0
42,occlude_XMV_03,24,20,0.8465259075164795,0.9668251868770764,0.9827566392558933,0.011,1.0,15.0
42,occlude_XMV_03,25,20,0.8465259075164795,0.8661741279069768,0.9190503674160632,0.00825,1.0,36.9
42,occlude_XMV_03,26,20,0.8465259075164795,0.920275830564784,0.956858511822579,0.00975,1.0,29.9
42,occlude_XMV_03,27,20,0.8465259075164795,0.7955830980066445,0.8697035479865404,0.0095,1.0,25.75
42,occlude_XMV_03,28,20,0.8465259075164795,0.5501520764119602,0.6529352667621088,0.01125,0.0,302.0
42,occlude_XMV_04,1,20,0.8413684964179993,0.9948466777408638,0.9974125541022623,0.00925,1.0,4.7
42,occlude_XMV_04,2,20,0.8413684964179993,0.989213953488372,0.9944894521346265,0.00975,1.0,12.4
42,occlude_XMV_04,3,20,0.8413684964179993,0.5361834509966777,0.6299058535676965,0.0105,0.0,302.0
42,occlude_XMV_04,4,20,0.8413684964179993,0.9569629983388704,0.9691689904065369,0.00875,1.0,2.0
42,occlude_XMV_04,5,20,0.8413684964179993,0.49926818936877077,0.604793157742618,0.00975,0.0,302.0
42,occlude_XMV_04,6,20,0.8413684964179993,0.9979822674418605,0.9990567493266331,0.00775,1.0,1.0
42,occlude_XMV_04,7,20,0.8413684964179993,0.5693503529900332,0.6937730513072202,0.01025,1.0,2.0
42,occlude_XMV_04,8,20,0.8413684964179993,0.9681401162790698,0.984272526169388,0.01075,1.0,24.0
42,occlude_XMV_04,9,20,0.8413684964179993,0.5382730689368771,0.6344150744974247,0.01025,0.0,302.0
42,occlude_XMV_04,10,20,0.8413684964179993,0.9122875207641196,0.9531151223445722,0.01,1.0,43.5
42,occlude_XMV_04,11,20,0.8413684964179993,0.9697853820598007,0.9836194976672782,0.00925,1.0,9.05
42,occlude_XMV_04,12,20,0.8413684964179993,0.7635014327242525,0.8521363665844945,0.00875,1.0,28.4
42,occlude_XMV_04,13,20,0.8413684964179993,0.9480426287375415,0.9746845841949279,0.00925,1.0,34.25
42,occlude_XMV_04,14,20,0.8413684964179993,0.9941983803986711,0.9969124579724459,0.01075,1.0,4.25
42,occlude_XMV_04,15,20,0.8413684964179993,0.5108379360465116,0.6148329814609255,0.00975,0.0,302.0
42,occlude_XMV_04,16,20,0.8413684964179993,0.5049606519933555,0.6045650885459724,0.0105,0.0,302.0
42,occlude_XMV_04,17,20,0.8413684964179993,0.9504850290697674,0.9758803481066055,0.00925,1.0,31.6
42,occlude_XMV_04,18,20,0.8413684964179993,0.871440988372093,0.9291511632664676,0.0075,1.0,63.35
42,occlude_XMV_04,19,20,0.8413684964179993,0.9383574335548173,0.9666463781632461,0.0095,1.0,31.85
42,occlude_XMV_04,20,20,0.8413684964179993,0.9392004360465116,0.9699771554853616,0.00875,1.0,41.75
42,occlude_XMV_04,21,20,0.8413684964179993,0.499296303986711,0.5996304056063965,0.0125,0.0,302.0
42,occlude_XMV_04,22,20,0.8413684964179993,0.5527875207641196,0.6424327782196575,0.01325,0.0,302.0
42,occlude_XMV_04,23,20,0.8413684964179993,0.5369463662790698,0.6294029707212205,0.01175,0.0,302.0
42,occlude_XMV_04,24,20,0.8413684964179993,0.9670466362126245,0.9828635417650694,0.00725,1.0,15.2
42,occlude_XMV_04,25,20,0.8413684964179993,0.8629152823920265,0.916885837372852,0.0075,1.0,37.65
42,occlude_XMV_04,26,20,0.8413684964179993,0.5527865656146179,0.6546366715233082,0.011,0.15,275.7
42,occlude_XMV_04,27,20,0.8413684964179993,0.7973748754152824,0.8701379935342675,0.0095,1.0,26.1
42,occlude_XMV_04,28,20,0.8413684964179993,0.5450408014950167,0.6492641639739575,0.011,0.0,302.0
42,occlude_XMV_05,1,20,0.8194200396537781,0.9950453488372093,0.9975019488558962,0.00875,1.0,4.35
42,occlude_XMV_05,2,20,0.8194200396537781,0.9897280315614618,0.9947176269467549,0.0095,1.0,11.95
42,occlude_XMV_05,3,20,0.8194200396537781,0.5401351328903654,0.6339151595443463,0.01075,0.0,302.0
42,occlude_XMV_05,4,20,0.8194200396537781,0.9623112126245847,0.9731175611431905,0.0115,1.0,2.0
42,occlude_XMV_05,5,20,0.8194200396537781,0.501271511627907,0.6062633073090348,0.0115,0.05,287.0
42,occlude_XMV_05,6,20,0.8194200396537781,0.9979763289036545,0.999053047335399,0.008,1.0,1.0
42,occlude_XMV_05,7,20,0.8194200396537781,0.9967485049833887,0.9984144720614974,0.011,1.0,2.0
42,occlude_XMV_05,8,20,0.8194200396537781,0.9684860880398671,0.9844352303969036,0.0095,1.0,23.25
42,occlude_XMV_05,9,20,0.8194200396537781,0.5411786752491694,0.636443170526248,0.012,0.0,302.0
42,occlude_XMV_05,10,20,0.8194200396537781,0.9153458679401993,0.9548864845659164,0.01075,1.0,43.2
42,occlude_XMV_05,11,20,0.8194200396537781,0.9713864825581395,0.9844883718970426,0.01075,1.0,9.0
42,occlude_XMV_05,12,20,0.8194200396537781,0.7727283430232558,0.8590352291185905,0.01125,1.0,25.5
42,occlude_XMV_05,13,20,0.8194200396537781,0.9480479651162791,0.9747228581028424,0.0105,1.0,34.0
42,occlude_XMV_05,14,20,0.8194200396537781,0.9943271179401993,0.9970330030988449,0.01175,1.0,4.05
42,occlude_XMV_05,15,20,0.8194200396537781,0.5134059385382059,0.6168732403019865,0.00975,0.0,302.0
42,occlude_XMV_05,16,20,0.8194200396537781,0.5082352159468438,0.6079852292590551,0.01025,0.0,302.0
42,occlude_XMV_05,17,20,0.8194200396537781,0.9507947051495017,0.9760426805688116,0.0085,1.0,31.4
42,occlude_XMV_05,18,20,0.8194200396537781,0.8746010382059801,0.9312041601317643,0.00975,1.0,63.0
42,occlude_XMV_05,19,20,0.8194200396537781,0.9407816860465116,0.968092005024265,0.01,1.0,30.3
42,occlude_XMV_05,20,20,0.8194200396537781,0.9393603820598007,0.9701203008228005,0.01025,1.0,41.25
42,occlude_XMV_05,21,20,0.8194200396537781,0.5010575166112957,0.6005253488590919,0.01075,0.0,302.0
42,occlude_XMV_05,22,20,0.8194200396537781,0.5580262666112957,0.6488839134900278,0.01375,0.0,302.0
42,occlude_XMV_05,23,20,0.8194200396537781,0.5385429609634551,0.6322182187672772,0.00925,0.0,302.0
42,occlude_XMV_05,24,20,0.8194200396537781,0.9685969684385382,0.9836734159911134,0.00975,1.0,14.95
42,occlude_XMV_05,25,20,0.8194200396537781,0.870930419435216,0.9224774787576954,0.009,1.0,35.45
42,occlude_XMV_05,26,20,0.8194200396537781,0.9226222799003322,0.9582107871477061,0.009,1.0,28.9
42,occlude_XMV_05,27,20,0.8194200396537781,0.8054270971760797,0.8766934314632385,0.01,1.0,24.55
42,occlude_XMV_05,28,20,0.8194200396537781,0.5542116486710963,0.6585390269685509,0.009,0.0,302.0
42,occlude_XMV_06,1,20,0.8508460521697998,0.9950105897009967,0.997477383588198,0.0095,1.0,4.5
42,occlude_XMV_06,2,20,0.8508460521697998,0.9899653239202658,0.9948612639431232,0.008,1.0,11.6
42,occlude_XMV_06,3,20,0.8508460521697998,0.5384427325581396,0.6341166935285233,0.00975,0.0,302.0
42,occlude_XMV_06,4,20,0.8508460521697998,0.9515445805647841,0.9639162560685283,0.01225,1.0,2.0
42,occlude_XMV_06,5,20,0.8508460521697998,0.5053231312292359,0.6088539713851053,0.011,0.0,302.0
42,occlude_XMV_06,6,20,0.8508460521697998,0.9979788205980067,0.9990565000118403,0.00825,1.0,1.0
42,occlude_XMV_06,7,20,0.8508460521697998,0.9966696013289037,0.9983839330042119,0.009,1.0,2.0
42,occlude_XMV_06,8,20,0.8508460521697998,0.9689253737541528,0.9846584156575588,0.009,1.0,23.5
42,occlude_XMV_06,9,20,0.8508460521697998,0.544831665282392,0.6400004700294778,0.01175,0.0,302.0
42,occlude_XMV_06,10,20,0.8508460521697998,0.9123411544850498,0.9532281544372251,0.01025,1.0,43.7
42,occlude_XMV_06,11,20,0.8508460521697998,0.9732344684385382,0.9855247914965353,0.01,1.0,8.95
42,occlude_XMV_06,12,20,0.8508460521697998,0.7824412167774086,0.8653431986691921,0.01175,1.0,27.7
42,occlude_XMV_06,13,20,0.8508460521697998,0.948387084717608,0.974861389974548,0.0105,1.0,33.8
42,occlude_XMV_06,14,20,0.8508460521697998,0.9940831810631229,0.9968776916436073,0.0105,1.0,4.15
42,occlude_XMV_06,15,20,0.8508460521697998,0.512320411129568,0.6163816158492927,0.01025,0.0,302.0
42,occlude_XMV_06,16,20,0.8508460521697998,0.5064164244186047,0.606476785801268,0.01075,0.0,302.0
42,occlude_XMV_06,17,20,0.8508460521697998,0.9502575373754153,0.9759143012362893,0.00875,1.0,31.4
42,occlude_XMV_06,18,20,0.8508460521697998,0.8733310631229236,0.9304928887858017,0.009,1.0,63.85
42,occlude_XMV_06,19,20,0.8508460521697998,0.9404195598006645,0.9677742871038535,0.01075,1.0,31.65
42,occlude_XMV_06,20,20,0.8508460521697998,0.9388987749169435,0.9698740805410465,0.0085,1.0,40.95
42,occlude_XMV_06,21,20,0.8508460521697998,0.4982151993355482,0.5981431902354033,0.0105,0.0,302.0
42,occlude_XMV_06,22,20,0.8508460521697998,0.5674909053156146,0.6569285477257423,0.01175,0.0,302.0
42,occlude_XMV_06,23,20,0.8508460521697998,0.5374689161129568,0.6307861060716575,0.01,0.0,302.0
42,occlude_XMV_06,24,20,0.8508460521697998,0.9719190199335548,0.9855596066535952,0.01,1.0,15.25
42,occlude_XMV_06,25,20,0.8508460521697998,0.8727210132890365,0.9232809893184925,0.00975,1.0,35.05
42,occlude_XMV_06,26,20,0.8508460521697998,0.9229826619601329,0.9584135863503885,0.0095,1.0,29.7
42,occlude_XMV_06,27,20,0.8508460521697998,0.8084903654485049,0.8784694205778898,0.0105,1.0,23.0
42,occlude_XMV_06,28,20,0.8508460521697998,0.557042815614618,0.6595278844869996,0.01075,0.0,302.0
42,occlude_XMV_07,1,20,0.821911633014679,0.9949965946843854,0.9974759464009565,0.00825,1.0,4.4
42,occlude_XMV_07,2,20,0.821911633014679,0.9895845099667774,0.9946459204382563,0.0095,1.0,12.35
42,occlude_XMV_07,3,20,0.821911633014679,0.5403375207641196,0.6337651068785211,0.01075,0.0,302.0
42,occlude_XMV_07,4,20,0.821911633014679,0.9608290905315615,0.9719506557904041,0.01075,1.0,2.0
42,occlude_XMV_07,5,20,0.821911633014679,0.5021141403654485,0.6069474218575883,0.01175,0.0,302.0
42,occlude_XMV_07,6,20,0.821911633014679,0.997985049833887,0.9990558867976014,0.00875,1.0,1.0
42,occlude_XMV_07,7,20,0.821911633014679,0.9967729235880398,0.998426303094845,0.011,1.0,2.0
42,occlude_XMV_07,8,20,0.821911633014679,0.9684130398671096,0.9843676073058487,0.00975,1.0,23.45
42,occlude_XMV_07,9,20,0.821911633014679,0.541746407807309,0.6367357675821044,0.012,0.0,302.0
42,occlude_XMV_07,10,20,0.821911633014679,0.9143278446843853,0.9542558370271731,0.01025,1.0,43.2
42,occlude_XMV_07,11,20,0.821911633014679,0.9719601328903654,0.9848004088086436,0.01175,1.0,8.9
42,occlude_XMV_07,12,20,0.821911633014679,0.7731386420265781,0.8596380452425273,0.0115,1.0,25.1
42,occlude_XMV_07,13,20,0.821911633014679,0.9478890573089701,0.9746388688689926,0.01125,1.0,34.1
42,occlude_XMV_07,14,20,0.821911633014679,0.9943129568106313,0.9970210148244132,0.011,1.0,4.05
42,occlude_XMV_07,15,20,0.821911633014679,0.5121440406976744,0.6157977434035483,0.00975,0.0,302.0
42,occlude_XMV_07,16,20,0.821911633014679,0.5084033637873754,0.6077297226578814,0.01025,0.0,302.0
42,occlude_XMV_07,17,20,0.821911633014679,0.951312292358804,0.9762998806624188,0.009,1.0,31.4
42,occlude_XMV_07,18,20,0.821911633014679,0.8724752699335548,0.9298360859919829,0.00925,1.0,62.9
42,occlude_XMV_07,19,20,0.821911633014679,0.8570037375415283,0.9187281120687462,0.0105,1.0,41.6
42,occlude_XMV_07,20,20,0.821911633014679,0.939362603820598,0.9700935776325011,0.01125,1.0,41.15
42,occlude_XMV_07,21,20,0.821911633014679,0.5009858596345514,0.6003833414984362,0.01,0.0,302.0
42,occlude_XMV_07,22,20,0.821911633014679,0.5578405938538206,0.6483915757214217,0.01375,0.0,302.0
42,occlude_XMV_07,23,20,0.821911633014679,0.5386103197674419,0.632274740386662,0.00925,0.0,302.0
42,occlude_XMV_07,24,20,0.821911633014679,0.9685578903654485,0.983642337116902,0.00975,1.0,14.95
42,occlude_XMV_07,25,20,0.821911633014679,0.8695884759136213,0.921712147566817,0.0085,1.0,35.65
42,occlude_XMV_07,26,20,0.821911633014679,0.9220209094684385,0.957867848937698,0.01,1.0,29.2
42,occlude_XMV_07,27,20,0.821911633014679,0.8054220514950167,0.8767572289120296,0.00975,1.0,23.95
42,occlude_XMV_07,28,20,0.821911633014679,0.5539262458471761,0.6582194683060603,0.0095,0.0,302.0
42,occlude_XMV_08,1,20,0.8192602396011353,0.9950336378737542,0.9974974812810686,0.009,1.0,4.4
42,occlude_XMV_08,2,20,0.8192602396011353,0.9897092607973422,0.9947071099319557,0.009,1.0,11.95
42,occlude_XMV_08,3,20,0.8192602396011353,0.5403678363787375,0.6343049136099423,0.01075,0.0,302.0
42,occlude_XMV_08,4,20,0.8192602396011353,0.9621605274086379,0.9729811528020735,0.012,1.0,2.0
42,occlude_XMV_08,5,20,0.8192602396011353,0.50138698089701,0.6063286374474817,0.01125,0.05,287.0
42,occlude_XMV_08,6,20,0.8192602396011353,0.9979744601328904,0.9990522856473054,0.00825,1.0,1.0
42,occlude_XMV_08,7,20,0.8192602396011353,0.9967470099667775,0.9984138152314269,0.01075,1.0,2.0
42,occlude_XMV_08,8,20,0.8192602396011353,0.9684845099667774,0.9844385064643784,0.00975,1.0,23.25
42,occlude_XMV_08,9,20,0.8192602396011353,0.541071615448505,0.6364914881979731,0.0125,0.0,302.0
42,occlude_XMV_08,10,20,0.8192602396011353,0.9151336586378738,0.9547236098002051,0.0105,1.0,43.1
42,occlude_XMV_08,11,20,0.8192602396011353,0.9712823712624584,0.9844296679188225,0.0105,1.0,9.0
42,occlude_XMV_08,12,20,0.8192602396011353,0.7727328073089701,0.8589955583502608,0.0115,1.0,25.4
42,occlude_XMV_08,13,20,0.8192602396011353,0.9480488787375415,0.9747221134702582,0.011,1.0,34.0
42,occlude_XMV_08,14,20,0.8192602396011353,0.9943161129568107,0.99702315164994,0.01225,1.0,4.05
42,occlude_XMV_08,15,20,0.8192602396011353,0.5136595099667774,0.6169963018560396,0.00975,0.0,302.0
42,occlude_XMV_08,16,20,0.8192602396011353,0.5082989825581395,0.6080294675631882,0.0105,0.0,302.0
42,occlude_XMV_08,17,20,0.8192602396011353,0.9507453488372093,0.9760290966380215,0.00925,1.0,31.4
42,occlude_XMV_08,18,20,0.8192602396011353,0.874775622923588,0.9312568614685314,0.00975,1.0,63.0
42,occlude_XMV_08,19,20,0.8192602396011353,0.8748410714285715,0.9272608619644797,0.00975,1.0,37.95
42,occlude_XMV_08,20,20,0.8192602396011353,0.9393375830564784,0.9700918918900294,0.01025,1.0,41.25
42,occlude_XMV_08,21,20,0.8192602396011353,0.5010721137873754,0.6006621177360159,0.01075,0.0,302.0
42,occlude_XMV_08,22,20,0.8192602396011353,0.5579322674418604,0.6487295656919265,0.014,0.0,302.0
42,occlude_XMV_08,23,20,0.8192602396011353,0.538578073089701,0.6321757164780305,0.0095,0.0,302.0
42,occlude_XMV_08,24,20,0.8192602396011353,0.9684333471760798,0.98357221947937,0.00975,1.0,14.95
42,occlude_XMV_08,25,20,0.8192602396011353,0.8708975913621263,0.9224487056591332,0.00975,1.0,35.4
42,occlude_XMV_08,26,20,0.8192602396011353,0.9227007890365448,0.9582462188550979,0.00925,1.0,29.1
42,occlude_XMV_08,27,20,0.8192602396011353,0.8049084094684386,0.8763418368894605,0.00925,1.0,24.55
42,occlude_XMV_08,28,20,0.8192602396011353,0.5539959509966778,0.658260152169273,0.00975,0.0,302.0
42,occlude_XMV_09,1,20,0.8194200396537781,0.9950453488372093,0.9975019488558962,0.00875,1.0,4.35
42,occlude_XMV_09,2,20,0.8194200396537781,0.9897280315614618,0.9947176269467549,0.0095,1.0,11.95
42,occlude_XMV_09,3,20,0.8194200396537781,0.5401351328903654,0.6339151595443463,0.01075,0.0,302.0
42,occlude_XMV_09,4,20,0.8194200396537781,0.9623112126245847,0.9731175611431905,0.0115,1.0,2.0
42,occlude_XMV_09,5,20,0.8194200396537781,0.501271511627907,0.6062633073090348,0.0115,0.05,287.0
42,occlude_XMV_09,6,20,0.8194200396537781,0.9979763289036545,0.999053047335399,0.008,1.0,1.0
42,occlude_XMV_09,7,20,0.8194200396537781,0.9967485049833887,0.9984144720614974,0.011,1.0,2.0
42,occlude_XMV_09,8,20,0.8194200396537781,0.9684860880398671,0.9844352303969036,0.0095,1.0,23.25
42,occlude_XMV_09,9,20,0.8194200396537781,0.5411786752491694,0.636443170526248,0.012,0.0,302.0
42,occlude_XMV_09,10,20,0.8194200396537781,0.9153458679401993,0.9548864845659164,0.01075,1.0,43.2
42,occlude_XMV_09,11,20,0.8194200396537781,0.9713864825581395,0.9844883718970426,0.01075,1.0,9.0
42,occlude_XMV_09,12,20,0.8194200396537781,0.7727283430232558,0.8590352291185905,0.01125,1.0,25.5
42,occlude_XMV_09,13,20,0.8194200396537781,0.9480479651162791,0.9747228581028424,0.0105,1.0,34.0
42,occlude_XMV_09,14,20,0.8194200396537781,0.9943271179401993,0.9970330030988449,0.01175,1.0,4.05
42,occlude_XMV_09,15,20,0.8194200396537781,0.5134059385382059,0.6168732403019865,0.00975,0.0,302.0
42,occlude_XMV_09,16,20,0.8194200396537781,0.5082352159468438,0.6079852292590551,0.01025,0.0,302.0
42,occlude_XMV_09,17,20,0.8194200396537781,0.9507947051495017,0.9760426805688116,0.0085,1.0,31.4
42,occlude_XMV_09,18,20,0.8194200396537781,0.8746010382059801,0.9312041601317643,0.00975,1.0,63.0
42,occlude_XMV_09,19,20,0.8194200396537781,0.9407816860465116,0.968092005024265,0.01,1.0,30.3
42,occlude_XMV_09,20,20,0.8194200396537781,0.9393603820598007,0.9701203008228005,0.01025,1.0,41.25
42,occlude_XMV_09,21,20,0.8194200396537781,0.5010575166112957,0.6005253488590919,0.01075,0.0,302.0
42,occlude_XMV_09,22,20,0.8194200396537781,0.5580262666112957,0.6488839134900278,0.01375,0.0,302.0
42,occlude_XMV_09,23,20,0.8194200396537781,0.5385429609634551,0.6322182187672772,0.00925,0.0,302.0
42,occlude_XMV_09,24,20,0.8194200396537781,0.9685969684385382,0.9836734159911134,0.00975,1.0,14.95
42,occlude_XMV_09,25,20,0.8194200396537781,0.870930419435216,0.9224774787576954,0.009,1.0,35.45
42,occlude_XMV_09,26,20,0.8194200396537781,0.9226222799003322,0.9582107871477061,0.009,1.0,28.9
42,occlude_XMV_09,27,20,0.8194200396537781,0.8054270971760797,0.8766934314632385,0.01,1.0,24.55
42,occlude_XMV_09,28,20,0.8194200396537781,0.5542116486710963,0.6585390269685509,0.009,0.0,302.0
42,occlude_XMV_10,1,20,0.819113552570343,0.9950597176079734,0.9975075960219253,0.0095,1.0,4.45
42,occlude_XMV_10,2,20,0.819113552570343,0.9897601744186046,0.994733582694287,0.00925,1.0,11.9
42,occlude_XMV_10,3,20,0.819113552570343,0.5394873131229236,0.6333827603183101,0.01075,0.0,302.0
42,occlude_XMV_10,4,20,0.819113552570343,0.5157868147840532,0.6254644321506165,0.0115,1.0,2.0
42,occlude_XMV_10,5,20,0.819113552570343,0.5014721760797343,0.6065022741654051,0.01175,0.05,287.0
42,occlude_XMV_10,6,20,0.819113552570343,0.9979737956810631,0.999052115618963,0.0075,1.0,1.0
42,occlude_XMV_10,7,20,0.819113552570343,0.9967526578073089,0.9984166008482602,0.011,1.0,2.0
42,occlude_XMV_10,8,20,0.819113552570343,0.968446719269103,0.984409741173064,0.00975,1.0,23.25
42,occlude_XMV_10,9,20,0.819113552570343,0.5412033222591363,0.6364804265807865,0.012,0.0,302.0
42,occlude_XMV_10,10,20,0.819113552570343,0.9153722176079734,0.9548931423803299,0.0105,1.0,43.1
42,occlude_XMV_10,11,20,0.819113552570343,0.9499491901993355,0.9725108377066513,0.011,1.0,9.15
42,occlude_XMV_10,12,20,0.819113552570343,0.7722100083056478,0.858647886819346,0.01125,1.0,25.5
42,occlude_XMV_10,13,20,0.819113552570343,0.9480753737541529,0.9747346482431438,0.01075,1.0,33.9
42,occlude_XMV_10,14,20,0.819113552570343,0.993877450166113,0.9967430487597359,0.012,1.0,4.15
42,occlude_XMV_10,15,20,0.819113552570343,0.5136232973421927,0.6171094570231309,0.00975,0.0,302.0
42,occlude_XMV_10,16,20,0.819113552570343,0.5085108388704319,0.6081479246417322,0.0105,0.0,302.0
42,occlude_XMV_10,17,20,0.819113552570343,0.9503413413621262,0.9757409897193263,0.0085,1.0,31.4
42,occlude_XMV_10,18,20,0.819113552570343,0.8752611710963455,0.931594163724754,0.01,1.0,63.0
42,occlude_XMV_10,19,20,0.819113552570343,0.9407091362126245,0.9680250703309374,0.01,1.0,30.3
42,occlude_XMV_10,20,20,0.819113552570343,0.9394115448504984,0.9701397651776772,0.01025,1.0,41.25
42,occlude_XMV_10,21,20,0.819113552570343,0.5011170058139535,0.6005844807144963,0.011,0.0,302.0
42,occlude_XMV_10,22,20,0.819113552570343,0.5579647840531562,0.6485076211089011,0.01425,0.0,302.0
42,occlude_XMV_10,23,20,0.819113552570343,0.5386022840531561,0.6321103457893277,0.00925,0.0,302.0
42,occlude_XMV_10,24,20,0.819113552570343,0.9684732558139535,0.983609076809288,0.00975,1.0,14.95
42,occlude_XMV_10,25,20,0.819113552570343,0.8710558970099668,0.9225849425735246,0.0095,1.0,35.45
42,occlude_XMV_10,26,20,0.819113552570343,0.9223913828903655,0.9580815414200594,0.0095,1.0,28.8
42,occlude_XMV_10,27,20,0.819113552570343,0.7847960755813953,0.8630247973184513,0.01,1.0,25.7
42,occlude_XMV_10,28,20,0.819113552570343,0.5540485049833888,0.6582323323309693,0.0095,0.0,302.0
42,occlude_XMV_11,1,20,0.8194270730018616,0.9950467607973422,0.9975025034408697,0.00925,1.0,4.35
42,occlude_XMV_11,2,20,0.8194270730018616,0.9897359634551495,0.9947198472146507,0.00925,1.0,11.95
42,occlude_XMV_11,3,20,0.8194270730018616,0.5401445805647841,0.6340568331432058,0.01075,0.0,302.0
42,occlude_XMV_11,4,20,0.8194270730018616,0.9622521387043189,0.9730677158468345,0.012,1.0,2.0
42,occlude_XMV_11,5,20,0.8194270730018616,0.5007268064784053,0.606027926952757,0.01125,0.05,287.0
42,occlude_XMV_11,6,20,0.8194270730018616,0.9979706810631229,0.9990510401483107,0.008,1.0,1.0
42,occlude_XMV_11,7,20,0.8194270730018616,0.9967533637873754,0.9984165753620696,0.011,1.0,2.0
42,occlude_XMV_11,8,20,0.8194270730018616,0.9685020556478405,0.9844445060872719,0.00975,1.0,23.25
42,occlude_XMV_11,9,20,0.8194270730018616,0.5413168812292359,0.6367308811491992,0.01175,0.0,302.0
42,occlude_XMV_11,10,20,0.8194270730018616,0.9151788828903654,0.9548130032708508,0.0105,1.0,43.1
42,occlude_XMV_11,11,20,0.8194270730018616,0.9713472591362127,0.9844603902865043,0.01075,1.0,9.0
42,occlude_XMV_11,12,20,0.8194270730018616,0.7718181063122923,0.8584588743194939,0.011,1.0,25.4
42,occlude_XMV_11,13,20,0.8194270730018616,0.9481007890365448,0.9747392097990729,0.01075,1.0,34.0
42,occlude_XMV_11,14,20,0.8194270730018616,0.9943137873754153,0.9970244492460668,0.012,1.0,4.05
42,occlude_XMV_11,15,20,0.8194270730018616,0.5134182516611295,0.6169549580703833,0.0095,0.0,302.0
42,occlude_XMV_11,16,20,0.8194270730018616,0.5080355897009967,0.6077910143694347,0.01075,0.0,302.0
42,occlude_XMV_11,17,20,0.8194270730018616,0.9508565199335548,0.9760702855572208,0.009,1.0,31.4
42,occlude_XMV_11,18,20,0.8194270730018616,0.8744333471760798,0.9311184515422166,0.01025,1.0,63.0
42,occlude_XMV_11,19,20,0.8194270730018616,0.9406676910299003,0.9680217628551115,0.01,1.0,30.45
42,occlude_XMV_11,20,20,0.8194270730018616,0.9394465116279069,0.9701502459785063,0.011,1.0,41.35
42,occlude_XMV_11,21,20,0.8194270730018616,0.500892815614618,0.6004030804768641,0.01075,0.0,302.0
42,occlude_XMV_11,22,20,0.8194270730018616,0.5579263496677741,0.648997901726069,0.0135,0.0,302.0
42,occlude_XMV_11,23,20,0.8194270730018616,0.5383617940199336,0.631828411101347,0.00925,0.0,302.0
42,occlude_XMV_11,24,20,0.8194270730018616,0.9685973837209302,0.9836688876587538,0.0105,1.0,14.95
42,occlude_XMV_11,25,20,0.8194270730018616,0.871035465116279,0.9225790942660916,0.0095,1.0,35.1
42,occlude_XMV_11,26,20,0.8194270730018616,0.9224102574750831,0.9580812559016388,0.0095,1.0,29.0
42,occlude_XMV_11,27,20,0.8194270730018616,0.8054195182724252,0.8765871432541463,0.01,1.0,24.55
42,occlude_XMV_11,28,20,0.8194270730018616,0.5539269725913621,0.6581191508263042,0.00925,0.0,302.0
43,original,1,20,0.8427844047546387,0.9950808139534884,0.9975299277698556,0.00925,1.0,4.45
43,original,2,20,0.8427844047546387,0.9900240863787375,0.994886186725774,0.01025,1.0,11.25
43,original,3,20,0.8427844047546387,0.5398057516611295,0.6326942756312097,0.0085,0.0,302.0
43,original,4,20,0.8427844047546387,0.9696671096345515,0.9790255541560425,0.01075,1.0,2.0
43,original,5,20,0.8427844047546387,0.5019449958471761,0.6074807235892674,0.00975,0.1,272.0
43,original,6,20,0.8427844047546387,0.9980522840531562,0.9990837838781019,0.00825,1.0,1.0
43,original,7,20,0.8427844047546387,0.9966982558139534,0.9983952066733324,0.01025,1.0,2.0
43,original,8,20,0.8427844047546387,0.9694003737541528,0.9849620659542444,0.009,1.0,23.1
43,original,9,20,0.8427844047546387,0.5422330772425249,0.6365822628693385,0.0105,0.0,302.0
43,original,10,20,0.8427844047546387,0.9234089700996678,0.9595615085107573,0.00975,1.0,41.95
43,original,11,20,0.8427844047546387,0.9784831395348838,0.9886194394318419,0.01025,1.0,8.7
43,original,12,20,0.8427844047546387,0.7977713455149502,0.8763396958285637,0.01125,1.0,25.65
43,original,13,20,0.8427844047546387,0.9481636627906976,0.9747970200310933,0.0105,1.0,33.95
43,original,14,20,0.8427844047546387,0.9954343438538206,0.9977442133008472,0.011,1.0,3.8
43,original,15,20,0.8427844047546387,0.5094419019933555,0.6125112155946453,0.011,0.0,302.0
43,original,16,20,0.8427844047546387,0.5098782392026578,0.6091423355553508,0.013,0.0,302.0
43,original,17,20,0.8427844047546387,0.9521882059800665,0.9768604092665302,0.007,1.0,30.85
43,original,18,20,0.8427844047546387,0.8838511835548173,0.936774988480858,0.01,1.0,61.95
43,original,19,20,0.8427844047546387,0.9529775747508306,0.9747289964340247,0.01,1.0,28.35
43,original,20,20,0.8427844047546387,0.9394416320598007,0.9702197119147663,0.01025,1.0,41.05
43,original,21,20,0.8427844047546387,0.4988573712624585,0.5982249233290063,0.01125,0.0,302.0
43,original,22,20,0.8427844047546387,0.5631645971760797,0.6532031586320565,0.013,0.0,302.0
43,original,23,20,0.8427844047546387,0.5380577034883721,0.6295229401707889,0.01025,0.0,302.0
43,original,24,20,0.8427844047546387,0.9684987956810631,0.9835692211131627,0.00925,1.0,14.85
43,original,25,20,0.8427844047546387,0.890172342192691,0.9358692355876758,0.0075,1.0,34.65
43,original,26,20,0.8427844047546387,0.9266181893687707,0.9607534572898485,0.0105,1.0,28.05
43,original,27,20,0.8427844047546387,0.8234334925249169,0.8885581160518617,0.0075,1.0,22.45
43,original,28,20,0.8427844047546387,0.5576340531561462,0.6613604521533062,0.00925,0.0,302.0
43,permute_time,1,20,0.9418174028396606,0.9945954318936877,0.9973076207473286,0.01075,1.0,5.35
43,permute_time,2,20,0.9418174028396606,0.9885937707641196,0.9942329717921092,0.00925,1.0,13.55
43,permute_time,3,20,0.9418174028396606,0.5244331602990033,0.6214311862167637,0.007,0.0,302.0
43,permute_time,4,20,0.9418174028396606,0.9452347176079734,0.9605581715357698,0.012,1.0,2.0
43,permute_time,5,20,0.9418174028396606,0.5117963247508306,0.6173223089232824,0.00975,0.0,302.0
43,permute_time,6,20,0.9418174028396606,0.9982417774086378,0.9991642866951327,0.007,1.0,1.0
43,permute_time,7,20,0.9418174028396606,0.9966503737541528,0.9983900367174257,0.00975,1.0,2.0
43,permute_time,8,20,0.9418174028396606,0.970574792358804,0.985413457519217,0.006,1.0,23.9
43,permute_time,9,20,0.9418174028396606,0.5395212209302326,0.6357910490995957,0.0095,0.0,302.0
43,permute_time,10,20,0.9418174028396606,0.9133465323920266,0.953648134723672,0.011,1.0,41.6
43,permute_time,11,20,0.9418174028396606,0.9764303156146179,0.9872951092928363,0.0095,1.0,9.15
43,permute_time,12,20,0.9418174028396606,0.7936892026578073,0.8715029574479133,0.00975,1.0,30.15
43,permute_time,13,20,0.9418174028396606,0.9470174418604651,0.9741788530399802,0.01075,1.0,34.5
43,permute_time,14,20,0.9418174028396606,0.9952844684385382,0.9976108348668407,0.008,1.0,4.4
43,permute_time,15,20,0.9418174028396606,0.514352450166113,0.6157258569346609,0.013,0.0,302.0
43,permute_time,16,20,0.9418174028396606,0.5079009966777409,0.6061266748703773,0.0105,0.0,302.0
43,permute_time,17,20,0.9418174028396606,0.9506767857142857,0.9762602234021058,0.01025,1.0,31.05
43,permute_time,18,20,0.9418174028396606,0.8815436046511628,0.9355080617480367,0.00775,1.0,63.9
43,permute_time,19,20,0.9418174028396606,0.9273513911960133,0.9608258241724684,0.009,1.0,42.4
43,permute_time,20,20,0.9418174028396606,0.9380200581395349,0.9696390452596995,0.008,1.0,41.15
43,permute_time,21,20,0.9418174028396606,0.5033201827242525,0.6026556978101314,0.0085,0.0,302.0
43,permute_time,22,20,0.9418174028396606,0.5685466362126246,0.6592307857890535,0.0115,0.0,302.0
43,permute_time,23,20,0.9418174028396606,0.5311430647840532,0.6288532681147929,0.0095,0.0,302.0
43,permute_time,24,20,0.9418174028396606,0.96963176910299,0.9842278100331946,0.00975,1.0,21.05
43,permute_time,25,20,0.9418174028396606,0.9020936046511628,0.9424686153715258,0.01075,1.0,37.55
43,permute_time,26,20,0.9418174028396606,0.9113616279069767,0.9526300995510791,0.00825,1.0,42.35
43,permute_time,27,20,0.9418174028396606,0.8091150955149502,0.8779133174089401,0.006,1.0,24.95
43,permute_time,28,20,0.9418174028396606,0.5501729443521595,0.6493828151324511,0.011,0.0,302.0
43,keep_last_1,1,20,0.8842458724975586,0.9947902823920266,0.997389695382267,0.009,1.0,4.7
43,keep_last_1,2,20,0.8842458724975586,0.9894390365448505,0.9946392424443702,0.0105,1.0,12.0
43,keep_last_1,3,20,0.8842458724975586,0.5371211378737542,0.6304711866860587,0.00825,0.0,302.0
43,keep_last_1,4,20,0.8842458724975586,0.7256000207641196,0.777466195767306,0.01275,1.0,2.0
43,keep_last_1,5,20,0.8842458724975586,0.5019186046511628,0.608026486042099,0.00925,0.05,287.0
43,keep_last_1,6,20,0.8842458724975586,0.9981119601328904,0.9991066819240162,0.00825,1.0,1.0
43,keep_last_1,7,20,0.8842458724975586,0.9966365033222592,0.9983716792572124,0.00975,1.0,2.0
43,keep_last_1,8,20,0.8842458724975586,0.9697032599667774,0.9851020480772702,0.00875,1.0,23.3
43,keep_last_1,9,20,0.8842458724975586,0.5450331395348837,0.6381448373486195,0.01175,0.0,302.0
43,keep_last_1,10,20,0.8842458724975586,0.9172604651162791,0.9560037024121186,0.0115,1.0,41.3
43,keep_last_1,11,20,0.8842458724975586,0.967342815614618,0.9822265832680224,0.009,1.0,8.8
43,keep_last_1,12,20,0.8842458724975586,0.7913119186046511,0.871146040473385,0.011,1.0,25.5
43,keep_last_1,13,20,0.8842458724975586,0.9471923588039867,0.974341236248724,0.00875,1.0,34.0
43,keep_last_1,14,20,0.8842458724975586,0.9954016403654485,0.9977083246055759,0.00825,1.0,4.0
43,keep_last_1,15,20,0.8842458724975586,0.505528073089701,0.6086559613915721,0.01,0.0,302.0
43,keep_last_1,16,20,0.8842458724975586,0.5076383720930232,0.6068336578514452,0.0105,0.0,302.0
43,keep_last_1,17,20,0.8842458724975586,0.9516900539867109,0.976603484029419,0.00675,1.0,31.1
43,keep_last_1,18,20,0.8842458724975586,0.8843551079734219,0.9372443873750445,0.009,1.0,63.1
43,keep_last_1,19,20,0.8842458724975586,0.913436669435216,0.9500636916075711,0.00975,1.0,34.2
43,keep_last_1,20,20,0.8842458724975586,0.9389593023255814,0.969966323906365,0.009,1.0,40.85
43,keep_last_1,21,20,0.8842458724975586,0.5013416943521595,0.6007247534404035,0.0095,0.0,302.0
43,keep_last_1,22,20,0.8842458724975586,0.5664026370431894,0.6557690416311022,0.0115,0.0,302.0
43,keep_last_1,23,20,0.8842458724975586,0.5264368978405316,0.6181881672000139,0.01025,0.0,302.0
43,keep_last_1,24,20,0.8842458724975586,0.9648086378737541,0.9811210492402269,0.011,1.0,17.15
43,keep_last_1,25,20,0.8842458724975586,0.8208801079734219,0.8845979839437652,0.00925,1.0,62.4
43,keep_last_1,26,20,0.8842458724975586,0.7912046926910299,0.8621181839343756,0.008,1.0,91.05
43,keep_last_1,27,20,0.8842458724975586,0.8049024916943521,0.8757281802695189,0.00825,1.0,22.6
43,keep_last_1,28,20,0.8842458724975586,0.5506261212624585,0.6541136273188455,0.00925,0.0,302.0
43,keep_last_5,1,20,0.8600062131881714,0.9949416528239202,0.997460868326396,0.01,1.0,4.6
43,keep_last_5,2,20,0.8600062131881714,0.9896997093023255,0.9947378018382095,0.01025,1.0,12.0
43,keep_last_5,3,20,0.8600062131881714,0.5394629983388705,0.6330313221222076,0.00825,0.0,302.0
43,keep_last_5,4,20,0.8600062131881714,0.8014884966777409,0.8361540165228797,0.0115,1.0,2.0
43,keep_last_5,5,20,0.8600062131881714,0.4987511627906977,0.6050867005749391,0.01125,0.05,287.0
43,keep_last_5,6,20,0.8600062131881714,0.9980988372093024,0.99910015506139,0.009,1.0,1.0
43,keep_last_5,7,20,0.8600062131881714,0.9967082641196013,0.9983990548755596,0.0115,1.0,2.0
43,keep_last_5,8,20,0.8600062131881714,0.9694269518272425,0.9849795238852397,0.00775,1.0,23.25
43,keep_last_5,9,20,0.8600062131881714,0.5408528239202658,0.6328334384017517,0.01175,0.0,302.0
43,keep_last_5,10,20,0.8600062131881714,0.9207497300664452,0.9580604564592277,0.01175,1.0,40.75
43,keep_last_5,11,20,0.8600062131881714,0.9731018064784053,0.9855280595402475,0.008,1.0,8.95
43,keep_last_5,12,20,0.8600062131881714,0.7909114617940199,0.8713073915485053,0.0105,1.0,25.4
43,keep_last_5,13,20,0.8600062131881714,0.9471987126245848,0.9743847930106754,0.0105,1.0,33.95
43,keep_last_5,14,20,0.8600062131881714,0.9954481312292359,0.9977366397414401,0.0095,1.0,3.8
43,keep_last_5,15,20,0.8600062131881714,0.5059506852159469,0.6089659065426335,0.012,0.0,302.0
43,keep_last_5,16,20,0.8600062131881714,0.5086866486710964,0.6083449416198325,0.0115,0.0,302.0
43,keep_last_5,17,20,0.8600062131881714,0.9524694559800665,0.9769898432105796,0.0075,1.0,30.9
43,keep_last_5,18,20,0.8600062131881714,0.8861955564784053,0.9382739186376703,0.01125,1.0,62.25
43,keep_last_5,19,20,0.8600062131881714,0.9317755606312292,0.9621967922189043,0.00925,1.0,31.65
43,keep_last_5,20,20,0.8600062131881714,0.9391342815614618,0.9699707386827011,0.00875,1.0,41.25
43,keep_last_5,21,20,0.8600062131881714,0.5033225290697675,0.6027437249832767,0.0105,0.0,302.0
43,keep_last_5,22,20,0.8600062131881714,0.5611248754152824,0.6506144163397249,0.012,0.0,302.0
43,keep_last_5,23,20,0.8600062131881714,0.5313991486710964,0.6231251577881369,0.011,0.0,302.0
43,keep_last_5,24,20,0.8600062131881714,0.9682475705980066,0.9833792799707742,0.01025,1.0,15.25
43,keep_last_5,25,20,0.8600062131881714,0.8485943729235881,0.9073795681429984,0.0075,1.0,40.8
43,keep_last_5,26,20,0.8600062131881714,0.8708973006644518,0.9258477822665859,0.01,1.0,35.6
43,keep_last_5,27,20,0.8600062131881714,0.8115533845514951,0.8801616829603062,0.0075,1.0,20.95
43,keep_last_5,28,20,0.8600062131881714,0.5512639327242524,0.6562773319860314,0.0095,0.0,302.0
43,keep_last_10,1,20,0.8511601686477661,0.9949917358803987,0.997484003347995,0.0085,1.0,4.6
43,keep_last_10,2,20,0.8511601686477661,0.989854318936877,0.9948025088125927,0.0095,1.0,11.85
43,keep_last_10,3,20,0.8511601686477661,0.540261088039867,0.6336604380065486,0.0085,0.0,302.0
43,keep_last_10,4,20,0.8511601686477661,0.8853544435215946,0.9131575323715142,0.01,1.0,2.0
43,keep_last_10,5,20,0.8511601686477661,0.4993992317275748,0.6048390816386056,0.01125,0.1,272.0
43,keep_last_10,6,20,0.8511601686477661,0.9980806478405315,0.9990931804299412,0.0085,1.0,1.0
43,keep_last_10,7,20,0.8511601686477661,0.9967203488372093,0.9984031412873678,0.01275,1.0,2.0
43,keep_last_10,8,20,0.8511601686477661,0.9692888704318937,0.9849160464445882,0.00775,1.0,23.05
43,keep_last_10,9,20,0.8511601686477661,0.5407419019933555,0.634101739071342,0.01075,0.0,302.0
43,keep_last_10,10,20,0.8511601686477661,0.9225421511627907,0.9591203233564852,0.01025,1.0,40.85
43,keep_last_10,11,20,0.8511601686477661,0.976509219269103,0.9874987063703418,0.00925,1.0,8.8
43,keep_last_10,12,20,0.8511601686477661,0.7932578903654485,0.8728673359676533,0.0105,1.0,25.3
43,keep_last_10,13,20,0.8511601686477661,0.9476677948504983,0.9745813242997522,0.0105,1.0,33.95
43,keep_last_10,14,20,0.8511601686477661,0.9954248338870432,0.9977278136115165,0.00875,1.0,3.8
43,keep_last_10,15,20,0.8511601686477661,0.5073606104651163,0.6103167715185265,0.01025,0.0,302.0
43,keep_last_10,16,20,0.8511601686477661,0.5091986295681064,0.6088439225282747,0.011,0.0,302.0
43,keep_last_10,17,20,0.8511601686477661,0.9523209717607973,0.976926958381009,0.00725,1.0,30.9
43,keep_last_10,18,20,0.8511601686477661,0.8861432724252492,0.9382215425547581,0.01025,1.0,61.95
43,keep_last_10,19,20,0.8511601686477661,0.9431770971760798,0.9690873485702786,0.00925,1.0,29.6
43,keep_last_10,20,20,0.8511601686477661,0.9392831810631229,0.9700308461821807,0.0075,1.0,41.25
43,keep_last_10,21,20,0.8511601686477661,0.5015514742524917,0.6006132845836915,0.01,0.0,302.0
43,keep_last_10,22,20,0.8511601686477661,0.5614133720930232,0.6513354536646653,0.01225,0.0,302.0
43,keep_last_10,23,20,0.8511601686477661,0.5341670473421927,0.626067443893344,0.01,0.0,302.0
43,keep_last_10,24,20,0.8511601686477661,0.9692922134551495,0.9840398399690937,0.01025,1.0,15.1
43,keep_last_10,25,20,0.8511601686477661,0.8647094684385382,0.9187038604740295,0.006,1.0,36.1
43,keep_last_10,26,20,0.8511601686477661,0.8962067898671097,0.9427543125771555,0.011,1.0,29.8
43,keep_last_10,27,20,0.8511601686477661,0.8167341362126246,0.8835643959845698,0.008,1.0,20.75
43,keep_last_10,28,20,0.8511601686477661,0.5542779069767442,0.6586458611233199,0.008,0.0,302.0
43,occlude_XMV_01,1,20,0.8812617659568787,0.9949076411960133,0.9974402654644892,0.0075,1.0,4.95
43,occlude_XMV_01,2,20,0.8812617659568787,0.9894377906976745,0.9946395825808307,0.00775,1.0,12.3
43,occlude_XMV_01,3,20,0.8812617659568787,0.5345453696013289,0.6255800869353462,0.01175,0.0,302.0
43,occlude_XMV_01,4,20,0.8812617659568787,0.9641452242524917,0.974698621690574,0.01025,1.0,2.0
43,occlude_XMV_01,5,20,0.8812617659568787,0.5009731727574751,0.6055496527510996,0.01025,0.15,257.0
43,occlude_XMV_01,6,20,0.8812617659568787,0.9981165697674419,0.9991088346193596,0.0075,1.0,1.0
43,occlude_XMV_01,7,20,0.8812617659568787,0.9967462209302326,0.9984286811719962,0.01025,1.0,2.0
43,occlude_XMV_01,8,20,0.8812617659568787,0.9689862541528239,0.9847017098293855,0.009,1.0,23.35
43,occlude_XMV_01,9,20,0.8812617659568787,0.5346788621262458,0.6313050883415006,0.00875,0.0,302.0
43,occlude_XMV_01,10,20,0.8812617659568787,0.9184683554817276,0.956491960803342,0.01425,1.0,42.65
43,occlude_XMV_01,11,20,0.8812617659568787,0.9773648878737542,0.9878888829249439,0.00725,1.0,8.8
43,occlude_XMV_01,12,20,0.8812617659568787,0.7796400747508305,0.8627584425139018,0.0115,1.0,26.65
43,occlude_XMV_01,13,20,0.8812617659568787,0.9471293604651163,0.9742965911923704,0.009,1.0,34.6
43,occlude_XMV_01,14,20,0.8812617659568787,0.9952905315614617,0.9976594280159374,0.00925,1.0,4.2
43,occlude_XMV_01,15,20,0.8812617659568787,0.5053115033222592,0.6077027649924652,0.0105,0.0,302.0
43,occlude_XMV_01,16,20,0.8812617659568787,0.5081591985049834,0.6071136411153535,0.01175,0.0,302.0
43,occlude_XMV_01,17,20,0.8812617659568787,0.9522590531561462,0.9767759867943278,0.00975,1.0,30.95
43,occlude_XMV_01,18,20,0.8812617659568787,0.8779181478405316,0.9332215492239028,0.0115,1.0,63.2
43,occlude_XMV_01,19,20,0.8812617659568787,0.9468193521594684,0.9709143813804988,0.012,1.0,30.2
43,occlude_XMV_01,20,20,0.8812617659568787,0.9395712624584718,0.9702275516944152,0.00925,1.0,41.75
43,occlude_XMV_01,21,20,0.8812617659568787,0.5077414451827242,0.6082311979827347,0.0095,0.0,302.0
43,occlude_XMV_01,22,20,0.8812617659568787,0.5561823297342192,0.6522544561753695,0.01075,0.0,302.0
43,occlude_XMV_01,23,20,0.8812617659568787,0.5326143064784054,0.6250908553491383,0.0115,0.0,302.0
43,occlude_XMV_01,24,20,0.8812617659568787,0.9084435215946843,0.9482625338839972,0.01175,1.0,23.55
43,occlude_XMV_01,25,20,0.8812617659568787,0.882756665282392,0.9308150784272204,0.00725,1.0,36.1
43,occlude_XMV_01,26,20,0.8812617659568787,0.9220726328903655,0.9578508756309015,0.0085,1.0,28.85
43,occlude_XMV_01,27,20,0.8812617659568787,0.8136965531561462,0.8813462302274042,0.0095,1.0,24.85
43,occlude_XMV_01,28,20,0.8812617659568787,0.5486230066445182,0.6502691145902731,0.011,0.0,302.0
43,occlude_XMV_02,1,20,0.8933148980140686,0.9946887873754153,0.9973429911644355,0.011,1.0,4.85
43,occlude_XMV_02,2,20,0.8933148980140686,0.9896169642857143,0.9946748904849463,0.009,1.0,12.85
43,occlude_XMV_02,3,20,0.8933148980140686,0.5376431270764119,0.631448143816527,0.0095,0.0,302.0
43,occlude_XMV_02,4,20,0.8933148980140686,0.9613891196013289,0.9724220919585138,0.01025,1.0,2.0
43,occlude_XMV_02,5,20,0.8933148980140686,0.4972923380398671,0.6027916909555704,0.011,0.0,302.0
43,occlude_XMV_02,6,20,0.8933148980140686,0.998130315614618,0.9991191196394765,0.00825,1.0,1.0
43,occlude_XMV_02,7,20,0.8933148980140686,0.9966715946843854,0.998385571313105,0.01125,1.0,2.0
43,occlude_XMV_02,8,20,0.8933148980140686,0.9692166528239202,0.9848901464285327,0.00825,1.0,23.4
43,occlude_XMV_02,9,20,0.8933148980140686,0.5376232558139535,0.6261768758584795,0.01175,0.0,302.0
43,occlude_XMV_02,10,20,0.8933148980140686,0.9146524086378738,0.9542016938830237,0.016,1.0,42.25
43,occlude_XMV_02,11,20,0.8933148980140686,0.9758735257475083,0.987084672898476,0.00825,1.0,8.9
43,occlude_XMV_02,12,20,0.8933148980140686,0.7770778862126246,0.8611609265115571,0.00975,1.0,25.9
43,occlude_XMV_02,13,20,0.8933148980140686,0.9465425664451828,0.9741213800166876,0.008,1.0,34.15
43,occlude_XMV_02,14,20,0.8933148980140686,0.9952914036544851,0.9976521761611604,0.009,1.0,4.0
43,occlude_XMV_02,15,20,0.8933148980140686,0.5027313122923588,0.6055727793080841,0.01175,0.0,302.0
43,occlude_XMV_02,16,20,0.8933148980140686,0.504408907807309,0.6067851567995023,0.0105,0.0,302.0
43,occlude_XMV_02,17,20,0.8933148980140686,0.9516318106312293,0.9764654718162104,0.01025,1.0,30.95
43,occlude_XMV_02,18,20,0.8933148980140686,0.8751728820598007,0.9314235714786723,0.01,1.0,63.15
43,occlude_XMV_02,19,20,0.8933148980140686,0.9457209302325581,0.9702662491985168,0.00975,1.0,30.9
43,occlude_XMV_02,20,20,0.8933148980140686,0.9392436669435216,0.970030512977092,0.00825,1.0,41.75
43,occlude_XMV_02,21,20,0.8933148980140686,0.5120493978405316,0.613021807886623,0.00875,0.0,302.0
43,occlude_XMV_02,22,20,0.8933148980140686,0.561297446013289,0.6490136797378792,0.0105,0.0,302.0
43,occlude_XMV_02,23,20,0.8933148980140686,0.5250493355481728,0.6152862846640783,0.01325,0.0,302.0
43,occlude_XMV_02,24,20,0.8933148980140686,0.9650350290697675,0.9815815396299368,0.01075,1.0,15.15
43,occlude_XMV_02,25,20,0.8933148980140686,0.6710842400332226,0.7671415191154589,0.007,0.7,171.7
43,occlude_XMV_02,26,20,0.8933148980140686,0.9192399501661129,0.9563534768831069,0.00825,1.0,28.55
43,occlude_XMV_02,27,20,0.8933148980140686,0.8097930855481728,0.8772615786601156,0.00925,1.0,27.7
43,occlude_XMV_02,28,20,0.8933148980140686,0.5440285506644519,0.647868680428944,0.01125,0.0,302.0
43,occlude_XMV_03,1,20,0.864880383014679,0.9950444767441861,0.9975157064069279,0.0105,1.0,4.5
43,occlude_XMV_03,2,20,0.864880383014679,0.9897654069767442,0.994756464870141,0.009,1.0,11.85
43,occlude_XMV_03,3,20,0.864880383014679,0.5372399916943522,0.6302634655992739,0.00875,0.0,302.0
43,occlude_XMV_03,4,20,0.864880383014679,0.9652666320598007,0.9755436042982089,0.0115,1.0,2.0
43,occlude_XMV_03,5,20,0.864880383014679,0.5010986088039867,0.6069672488002932,0.00925,0.1,272.0
43,occlude_XMV_03,6,20,0.864880383014679,0.9981106312292359,0.9991008470236757,0.00925,1.0,1.0
43,occlude_XMV_03,7,20,0.864880383014679,0.9966794850498338,0.9983843651176485,0.01175,1.0,2.0
43,occlude_XMV_03,8,20,0.864880383014679,0.9695108596345515,0.9850406470046602,0.009,1.0,23.05
43,occlude_XMV_03,9,20,0.864880383014679,0.5423596553156146,0.636714535228346,0.01125,0.0,302.0
43,occlude_XMV_03,10,20,0.864880383014679,0.9212362956810631,0.9582300415246542,0.0095,1.0,42.5
43,occlude_XMV_03,11,20,0.864880383014679,0.9774144933554817,0.9880457285866713,0.00875,1.0,8.85
43,occlude_XMV_03,12,20,0.864880383014679,0.7911196636212624,0.871653827783657,0.01175,1.0,25.85
43,occlude_XMV_03,13,20,0.864880383014679,0.9482786129568106,0.9747713141981551,0.0095,1.0,34.1
43,occlude_XMV_03,14,20,0.864880383014679,0.9953627906976744,0.9976961399944052,0.0095,1.0,4.0
43,occlude_XMV_03,15,20,0.864880383014679,0.505589742524917,0.6072582417248891,0.01325,0.0,302.0
43,occlude_XMV_03,16,20,0.864880383014679,0.512297030730897,0.6104603830377279,0.01175,0.0,302.0
43,occlude_XMV_03,17,20,0.864880383014679,0.9522626453488372,0.9767958829030592,0.0085,1.0,31.0
43,occlude_XMV_03,18,20,0.864880383014679,0.8824098837209302,0.9358937429495364,0.009,1.0,62.05
43,occlude_XMV_03,19,20,0.864880383014679,0.9518036129568106,0.9739121886179081,0.008,1.0,30.3
43,occlude_XMV_03,20,20,0.864880383014679,0.9392564784053156,0.9701030537939654,0.01175,1.0,41.15
43,occlude_XMV_03,21,20,0.864880383014679,0.4953777408637874,0.5948089230373229,0.0135,0.0,302.0
43,occlude_XMV_03,22,20,0.864880383014679,0.5613424626245848,0.6525776979783681,0.013,0.0,302.0
43,occlude_XMV_03,23,20,0.864880383014679,0.5176642649501662,0.613290483377384,0.00925,0.0,302.0
43,occlude_XMV_03,24,20,0.864880383014679,0.9667861710963456,0.9826418894020665,0.00975,1.0,14.9
43,occlude_XMV_03,25,20,0.864880383014679,0.887005627076412,0.9336149910331124,0.008,1.0,36.05
43,occlude_XMV_03,26,20,0.864880383014679,0.9242409260797342,0.9593337451818449,0.01,1.0,28.6
43,occlude_XMV_03,27,20,0.864880383014679,0.8156045681063123,0.8831533090523082,0.00775,1.0,24.2
43,occlude_XMV_03,28,20,0.864880383014679,0.5534995224252491,0.6561854480741669,0.01,0.0,302.0
43,occlude_XMV_04,1,20,0.8614185452461243,0.9949412375415282,0.9974643778213994,0.009,1.0,4.75
43,occlude_XMV_04,2,20,0.8614185452461243,0.9894948504983389,0.9946490498767326,0.009,1.0,11.65
43,occlude_XMV_04,3,20,0.8614185452461243,0.5349524709302326,0.6287946414413255,0.01,0.0,302.0
43,occlude_XMV_04,4,20,0.8614185452461243,0.9656683970099668,0.9762958727369588,0.00925,1.0,2.0
43,occlude_XMV_04,5,20,0.8614185452461243,0.4991419019933555,0.6058163896809472,0.009,0.05,287.0
43,occlude_XMV_04,6,20,0.8614185452461243,0.9980542774086378,0.9990891570599799,0.00825,1.0,1.0
43,occlude_XMV_04,7,20,0.8614185452461243,0.5892480274086379,0.7095273544526057,0.01125,1.0,2.0
43,occlude_XMV_04,8,20,0.8614185452461243,0.9692173172757476,0.9848980225292356,0.0095,1.0,23.4
43,occlude_XMV_04,9,20,0.8614185452461243,0.5398662583056478,0.6341472761467223,0.0085,0.0,302.0
43,occlude_XMV_04,10,20,0.8614185452461243,0.9212111710963455,0.9583371700959554,0.0105,1.0,42.5
43,occlude_XMV_04,11,20,0.8614185452461243,0.9772557516611295,0.9879337445403752,0.00825,1.0,8.8
43,occlude_XMV_04,12,20,0.8614185452461243,0.7903396802325582,0.8706802522681701,0.01075,1.0,25.65
43,occlude_XMV_04,13,20,0.8614185452461243,0.9481919019933555,0.974770364321499,0.0115,1.0,34.4
43,occlude_XMV_04,14,20,0.8614185452461243,0.9955573504983388,0.9977852092192843,0.00875,1.0,4.05
43,occlude_XMV_04,15,20,0.8614185452461243,0.5069464908637874,0.6112196916263252,0.0105,0.0,302.0
43,occlude_XMV_04,16,20,0.8614185452461243,0.5062481519933555,0.6051312983879353,0.01175,0.0,302.0
43,occlude_XMV_04,17,20,0.8614185452461243,0.9519642441860465,0.9767528937600923,0.0075,1.0,30.85
43,occlude_XMV_04,18,20,0.8614185452461243,0.8802230689368771,0.9346122753217199,0.00925,1.0,62.55
43,occlude_XMV_04,19,20,0.8614185452461243,0.9516642026578073,0.9739103999880078,0.0085,1.0,29.1
43,occlude_XMV_04,20,20,0.8614185452461243,0.939346926910299,0.970131400680511,0.009,1.0,41.75
43,occlude_XMV_04,21,20,0.8614185452461243,0.49667412790697674,0.5970792040552462,0.012,0.0,302.0
43,occlude_XMV_04,22,20,0.8614185452461243,0.5579328696013289,0.6470154599107381,0.0115,0.0,302.0
43,occlude_XMV_04,23,20,0.8614185452461243,0.5363189368770764,0.6278795547467775,0.0105,0.0,302.0
43,occlude_XMV_04,24,20,0.8614185452461243,0.9680559177740864,0.9833380406957911,0.0075,1.0,15.05
43,occlude_XMV_04,25,20,0.8614185452461243,0.886093127076412,0.9329922708403362,0.00725,1.0,35.15
43,occlude_XMV_04,26,20,0.8614185452461243,0.5566919019933555,0.6548804767001325,0.0105,0.15,275.7
43,occlude_XMV_04,27,20,0.8614185452461243,0.8166398255813954,0.8832970007109301,0.00775,1.0,23.2
43,occlude_XMV_04,28,20,0.8614185452461243,0.5489195390365449,0.6528285722265722,0.0105,0.0,302.0
43,occlude_XMV_05,1,20,0.8427844047546387,0.9950808139534884,0.9975299277698556,0.00925,1.0,4.45
43,occlude_XMV_05,2,20,0.8427844047546387,0.9900240863787375,0.994886186725774,0.01025,1.0,11.25
43,occlude_XMV_05,3,20,0.8427844047546387,0.5398057516611295,0.6326942756312097,0.0085,0.0,302.0
43,occlude_XMV_05,4,20,0.8427844047546387,0.9696671096345515,0.9790255541560425,0.01075,1.0,2.0
43,occlude_XMV_05,5,20,0.8427844047546387,0.5019449958471761,0.6074807235892674,0.00975,0.1,272.0
43,occlude_XMV_05,6,20,0.8427844047546387,0.9980522840531562,0.9990837838781019,0.00825,1.0,1.0
43,occlude_XMV_05,7,20,0.8427844047546387,0.9966982558139534,0.9983952066733324,0.01025,1.0,2.0
43,occlude_XMV_05,8,20,0.8427844047546387,0.9694003737541528,0.9849620659542444,0.009,1.0,23.1
43,occlude_XMV_05,9,20,0.8427844047546387,0.5422330772425249,0.6365822628693385,0.0105,0.0,302.0
43,occlude_XMV_05,10,20,0.8427844047546387,0.9234089700996678,0.9595615085107573,0.00975,1.0,41.95
43,occlude_XMV_05,11,20,0.8427844047546387,0.9784831395348838,0.9886194394318419,0.01025,1.0,8.7
43,occlude_XMV_05,12,20,0.8427844047546387,0.7977713455149502,0.8763396958285637,0.01125,1.0,25.65
43,occlude_XMV_05,13,20,0.8427844047546387,0.9481636627906976,0.9747970200310933,0.0105,1.0,33.95
43,occlude_XMV_05,14,20,0.8427844047546387,0.9954343438538206,0.9977442133008472,0.011,1.0,3.8
43,occlude_XMV_05,15,20,0.8427844047546387,0.5094419019933555,0.6125112155946453,0.011,0.0,302.0
43,occlude_XMV_05,16,20,0.8427844047546387,0.5098782392026578,0.6091423355553508,0.013,0.0,302.0
43,occlude_XMV_05,17,20,0.8427844047546387,0.9521882059800665,0.9768604092665302,0.007,1.0,30.85
43,occlude_XMV_05,18,20,0.8427844047546387,0.8838511835548173,0.936774988480858,0.01,1.0,61.95
43,occlude_XMV_05,19,20,0.8427844047546387,0.9529775747508306,0.9747289964340247,0.01,1.0,28.35
43,occlude_XMV_05,20,20,0.8427844047546387,0.9394416320598007,0.9702197119147663,0.01025,1.0,41.05
43,occlude_XMV_05,21,20,0.8427844047546387,0.4988573712624585,0.5982249233290063,0.01125,0.0,302.0
43,occlude_XMV_05,22,20,0.8427844047546387,0.5631645971760797,0.6532031586320565,0.013,0.0,302.0
43,occlude_XMV_05,23,20,0.8427844047546387,0.5380577034883721,0.6295229401707889,0.01025,0.0,302.0
43,occlude_XMV_05,24,20,0.8427844047546387,0.9684987956810631,0.9835692211131627,0.00925,1.0,14.85
43,occlude_XMV_05,25,20,0.8427844047546387,0.890172342192691,0.9358692355876758,0.0075,1.0,34.65
43,occlude_XMV_05,26,20,0.8427844047546387,0.9266181893687707,0.9607534572898485,0.0105,1.0,28.05
43,occlude_XMV_05,27,20,0.8427844047546387,0.8234334925249169,0.8885581160518617,0.0075,1.0,22.45
43,occlude_XMV_05,28,20,0.8427844047546387,0.5576340531561462,0.6613604521533062,0.00925,0.0,302.0
43,occlude_XMV_06,1,20,0.875391960144043,0.995047549833887,0.9975015426420751,0.00925,1.0,4.65
43,occlude_XMV_06,2,20,0.875391960144043,0.9899245016611296,0.994842755363783,0.0095,1.0,11.75
43,occlude_XMV_06,3,20,0.875391960144043,0.538794372923588,0.6334159797303127,0.00775,0.0,302.0
43,occlude_XMV_06,4,20,0.875391960144043,0.9659172549833887,0.9757551835224156,0.01225,1.0,2.0
43,occlude_XMV_06,5,20,0.875391960144043,0.5058702242524917,0.6099482745438098,0.0105,0.05,287.0
43,occlude_XMV_06,6,20,0.875391960144043,0.9980539867109635,0.999086631004647,0.00825,1.0,1.0
43,occlude_XMV_06,7,20,0.875391960144043,0.9966058762458472,0.9983608647876014,0.0095,1.0,2.0
43,occlude_XMV_06,8,20,0.875391960144043,0.9693762873754153,0.9849159380926906,0.0075,1.0,23.25
43,occlude_XMV_06,9,20,0.875391960144043,0.5444223006644519,0.6385681077841668,0.01075,0.0,302.0
43,occlude_XMV_06,10,20,0.875391960144043,0.91991823089701,0.9576186780781984,0.0095,1.0,40.95
43,occlude_XMV_06,11,20,0.875391960144043,0.9788326827242525,0.9888109001427048,0.009,1.0,8.85
43,occlude_XMV_06,12,20,0.875391960144043,0.798916196013289,0.8766334694274134,0.01025,1.0,22.85
43,occlude_XMV_06,13,20,0.875391960144043,0.9483407392026578,0.9748547923286343,0.00925,1.0,34.0
43,occlude_XMV_06,14,20,0.875391960144043,0.9953478820598006,0.9977011727290128,0.00975,1.0,3.8
43,occlude_XMV_06,15,20,0.875391960144043,0.5094792981727575,0.6136570686723218,0.00925,0.0,302.0
43,occlude_XMV_06,16,20,0.875391960144043,0.5072077865448505,0.6071802277332436,0.01175,0.0,302.0
43,occlude_XMV_06,17,20,0.875391960144043,0.9508365240863788,0.9762783842866938,0.007,1.0,30.95
43,occlude_XMV_06,18,20,0.875391960144043,0.8820572051495017,0.9358038037581972,0.009,1.0,62.55
43,occlude_XMV_06,19,20,0.875391960144043,0.9516342607973421,0.9739539191034833,0.01,1.0,30.45
43,occlude_XMV_06,20,20,0.875391960144043,0.9390954734219269,0.9700458175915161,0.009,1.0,41.05
43,occlude_XMV_06,21,20,0.875391960144043,0.4969613164451827,0.5966275953719309,0.0115,0.0,302.0
43,occlude_XMV_06,22,20,0.875391960144043,0.570381872923588,0.6583821372053814,0.01075,0.0,302.0
43,occlude_XMV_06,23,20,0.875391960144043,0.5359396179401993,0.627309827027317,0.00875,0.0,302.0
43,occlude_XMV_06,24,20,0.875391960144043,0.9714565199335549,0.9852924520508274,0.00925,1.0,15.2
43,occlude_XMV_06,25,20,0.875391960144043,0.8878954734219269,0.9338130311326845,0.0095,1.0,32.95
43,occlude_XMV_06,26,20,0.875391960144043,0.926718646179402,0.9609851939749797,0.007,1.0,28.2
43,occlude_XMV_06,27,20,0.875391960144043,0.8227638704318937,0.887932117462791,0.00725,1.0,21.95
43,occlude_XMV_06,28,20,0.875391960144043,0.5583186254152824,0.6610853982545157,0.01,0.0,302.0
43,occlude_XMV_07,1,20,0.8447759747505188,0.9950218023255814,0.9974984685462837,0.0105,1.0,4.45
43,occlude_XMV_07,2,20,0.8447759747505188,0.9898992109634551,0.9948186074401119,0.011,1.0,11.9
43,occlude_XMV_07,3,20,0.8447759747505188,0.5403760589700997,0.6329763381899705,0.009,0.0,302.0
43,occlude_XMV_07,4,20,0.8447759747505188,0.9709048172757475,0.979866871418828,0.0105,1.0,2.0
43,occlude_XMV_07,5,20,0.8447759747505188,0.5018226951827243,0.6075008846144202,0.01,0.1,272.0
43,occlude_XMV_07,6,20,0.8447759747505188,0.9980926910299003,0.9990999136701251,0.008,1.0,1.0
43,occlude_XMV_07,7,20,0.8447759747505188,0.9967088455149502,0.9984017219692197,0.0115,1.0,2.0
43,occlude_XMV_07,8,20,0.8447759747505188,0.9692558554817275,0.9848614843299867,0.0105,1.0,23.1
43,occlude_XMV_07,9,20,0.8447759747505188,0.5430689991694352,0.6370098470639282,0.01075,0.0,302.0
43,occlude_XMV_07,10,20,0.8447759747505188,0.9216563953488373,0.9584143649427158,0.0095,1.0,42.15
43,occlude_XMV_07,11,20,0.8447759747505188,0.9785193521594684,0.9886323992497936,0.0105,1.0,8.7
43,occlude_XMV_07,12,20,0.8447759747505188,0.7973616901993356,0.8761533508804511,0.01325,1.0,24.4
43,occlude_XMV_07,13,20,0.8447759747505188,0.9481291528239203,0.9747606151246466,0.0105,1.0,34.0
43,occlude_XMV_07,14,20,0.8447759747505188,0.995427242524917,0.9977392923943944,0.0115,1.0,3.8
43,occlude_XMV_07,15,20,0.8447759747505188,0.509115261627907,0.6131240069495167,0.01,0.0,302.0
43,occlude_XMV_07,16,20,0.8447759747505188,0.5092628737541528,0.6086966030270096,0.01225,0.0,302.0
43,occlude_XMV_07,17,20,0.8447759747505188,0.9524311877076412,0.9769313040640987,0.007,1.0,30.95
43,occlude_XMV_07,18,20,0.8447759747505188,0.8855301079734219,0.9378984956961527,0.01075,1.0,61.95
43,occlude_XMV_07,19,20,0.8447759747505188,0.8843226328903655,0.9343806661401804,0.01025,1.0,40.55
43,occlude_XMV_07,20,20,0.8447759747505188,0.93885,0.9698338932882324,0.01025,1.0,41.05
43,occlude_XMV_07,21,20,0.8447759747505188,0.49884296096345515,0.5987011665644382,0.011,0.0,302.0
43,occlude_XMV_07,22,20,0.8447759747505188,0.5623793812292359,0.6524742546019231,0.0125,0.0,302.0
43,occlude_XMV_07,23,20,0.8447759747505188,0.5380598837209303,0.6291936516053994,0.011,0.0,302.0
43,occlude_XMV_07,24,20,0.8447759747505188,0.9680851328903655,0.9833402324102261,0.009,1.0,14.9
43,occlude_XMV_07,25,20,0.8447759747505188,0.8904610257475083,0.9360114019033298,0.0085,1.0,34.85
43,occlude_XMV_07,26,20,0.8447759747505188,0.9263199750830565,0.9605121786876685,0.012,1.0,28.15
43,occlude_XMV_07,27,20,0.8447759747505188,0.8231034053156147,0.8883785229175045,0.00775,1.0,22.4
43,occlude_XMV_07,28,20,0.8447759747505188,0.5569881852159468,0.6608896074409344,0.0095,0.0,302.0
43,occlude_XMV_08,1,20,0.8432268500328064,0.9950664036544851,0.9975199767925884,0.009,1.0,4.5
43,occlude_XMV_08,2,20,0.8432268500328064,0.9899709717607973,0.99485832867694,0.0105,1.0,11.4
43,occlude_XMV_08,3,20,0.8432268500328064,0.5397794642857143,0.6329013600624008,0.008,0.0,302.0
43,occlude_XMV_08,4,20,0.8432268500328064,0.9697269310631229,0.979108629887971,0.01125,1.0,2.0
43,occlude_XMV_08,5,20,0.8432268500328064,0.5018263289036545,0.6072950365972952,0.0105,0.15,257.0
43,occlude_XMV_08,6,20,0.8432268500328064,0.998074792358804,0.9990925074681177,0.0085,1.0,1.0
43,occlude_XMV_08,7,20,0.8432268500328064,0.9967277823920265,0.9984072561544082,0.011,1.0,2.0
43,occlude_XMV_08,8,20,0.8432268500328064,0.9692179401993356,0.9848319021264,0.0095,1.0,23.5
43,occlude_XMV_08,9,20,0.8432268500328064,0.5419925664451827,0.6363340667896985,0.01075,0.0,302.0
43,occlude_XMV_08,10,20,0.8432268500328064,0.9233046926910299,0.959568150557402,0.00925,1.0,41.85
43,occlude_XMV_08,11,20,0.8432268500328064,0.9786009136212624,0.9886669811903165,0.00975,1.0,8.8
43,occlude_XMV_08,12,20,0.8432268500328064,0.7974777823920266,0.8760357246280298,0.01175,1.0,25.75
43,occlude_XMV_08,13,20,0.8432268500328064,0.9482492109634552,0.9748288947701674,0.01075,1.0,34.05
43,occlude_XMV_08,14,20,0.8432268500328064,0.9954942898671096,0.997769324200215,0.01075,1.0,3.9
43,occlude_XMV_08,15,20,0.8432268500328064,0.5093926079734219,0.6127556969227504,0.01025,0.0,302.0
43,occlude_XMV_08,16,20,0.8432268500328064,0.5096009136212625,0.6090774724281219,0.012,0.0,302.0
43,occlude_XMV_08,17,20,0.8432268500328064,0.9521076411960133,0.9768089235168198,0.00775,1.0,30.85
43,occlude_XMV_08,18,20,0.8432268500328064,0.8840287167774087,0.9368375216077258,0.01025,1.0,61.75
43,occlude_XMV_08,19,20,0.8432268500328064,0.88230051910299,0.9321553315617592,0.00925,1.0,36.8
43,occlude_XMV_08,20,20,0.8432268500328064,0.9395539036544851,0.9703052390022542,0.01025,1.0,41.15
43,occlude_XMV_08,21,20,0.8432268500328064,0.4989080149501661,0.5984065527254065,0.01075,0.0,302.0
43,occlude_XMV_08,22,20,0.8432268500328064,0.5633038621262458,0.6536096339729783,0.012,0.0,302.0
43,occlude_XMV_08,23,20,0.8432268500328064,0.5380776785714285,0.6294884819085476,0.01125,0.0,302.0
43,occlude_XMV_08,24,20,0.8432268500328064,0.9685086378737542,0.9835857430764899,0.00875,1.0,14.95
43,occlude_XMV_08,25,20,0.8432268500328064,0.8906241694352159,0.9361172480671878,0.00775,1.0,34.9
43,occlude_XMV_08,26,20,0.8432268500328064,0.9270827450166113,0.9609921683553627,0.0095,1.0,27.45
43,occlude_XMV_08,27,20,0.8432268500328064,0.8230334302325581,0.8883154829088422,0.0085,1.0,22.5
43,occlude_XMV_08,28,20,0.8432268500328064,0.5574780107973422,0.6615991850492684,0.008,0.0,302.0
43,occlude_XMV_09,1,20,0.8427844047546387,0.9950808139534884,0.9975299277698556,0.00925,1.0,4.45
43,occlude_XMV_09,2,20,0.8427844047546387,0.9900240863787375,0.994886186725774,0.01025,1.0,11.25
43,occlude_XMV_09,3,20,0.8427844047546387,0.5398057516611295,0.6326942756312097,0.0085,0.0,302.0
43,occlude_XMV_09,4,20,0.8427844047546387,0.9696671096345515,0.9790255541560425,0.01075,1.0,2.0
43,occlude_XMV_09,5,20,0.8427844047546387,0.5019449958471761,0.6074807235892674,0.00975,0.1,272.0
43,occlude_XMV_09,6,20,0.8427844047546387,0.9980522840531562,0.9990837838781019,0.00825,1.0,1.0
43,occlude_XMV_09,7,20,0.8427844047546387,0.9966982558139534,0.9983952066733324,0.01025,1.0,2.0
43,occlude_XMV_09,8,20,0.8427844047546387,0.9694003737541528,0.9849620659542444,0.009,1.0,23.1
43,occlude_XMV_09,9,20,0.8427844047546387,0.5422330772425249,0.6365822628693385,0.0105,0.0,302.0
43,occlude_XMV_09,10,20,0.8427844047546387,0.9234089700996678,0.9595615085107573,0.00975,1.0,41.95
43,occlude_XMV_09,11,20,0.8427844047546387,0.9784831395348838,0.9886194394318419,0.01025,1.0,8.7
43,occlude_XMV_09,12,20,0.8427844047546387,0.7977713455149502,0.8763396958285637,0.01125,1.0,25.65
43,occlude_XMV_09,13,20,0.8427844047546387,0.9481636627906976,0.9747970200310933,0.0105,1.0,33.95
43,occlude_XMV_09,14,20,0.8427844047546387,0.9954343438538206,0.9977442133008472,0.011,1.0,3.8
43,occlude_XMV_09,15,20,0.8427844047546387,0.5094419019933555,0.6125112155946453,0.011,0.0,302.0
43,occlude_XMV_09,16,20,0.8427844047546387,0.5098782392026578,0.6091423355553508,0.013,0.0,302.0
43,occlude_XMV_09,17,20,0.8427844047546387,0.9521882059800665,0.9768604092665302,0.007,1.0,30.85
43,occlude_XMV_09,18,20,0.8427844047546387,0.8838511835548173,0.936774988480858,0.01,1.0,61.95
43,occlude_XMV_09,19,20,0.8427844047546387,0.9529775747508306,0.9747289964340247,0.01,1.0,28.35
43,occlude_XMV_09,20,20,0.8427844047546387,0.9394416320598007,0.9702197119147663,0.01025,1.0,41.05
43,occlude_XMV_09,21,20,0.8427844047546387,0.4988573712624585,0.5982249233290063,0.01125,0.0,302.0
43,occlude_XMV_09,22,20,0.8427844047546387,0.5631645971760797,0.6532031586320565,0.013,0.0,302.0
43,occlude_XMV_09,23,20,0.8427844047546387,0.5380577034883721,0.6295229401707889,0.01025,0.0,302.0
43,occlude_XMV_09,24,20,0.8427844047546387,0.9684987956810631,0.9835692211131627,0.00925,1.0,14.85
43,occlude_XMV_09,25,20,0.8427844047546387,0.890172342192691,0.9358692355876758,0.0075,1.0,34.65
43,occlude_XMV_09,26,20,0.8427844047546387,0.9266181893687707,0.9607534572898485,0.0105,1.0,28.05
43,occlude_XMV_09,27,20,0.8427844047546387,0.8234334925249169,0.8885581160518617,0.0075,1.0,22.45
43,occlude_XMV_09,28,20,0.8427844047546387,0.5576340531561462,0.6613604521533062,0.00925,0.0,302.0
43,occlude_XMV_10,1,20,0.8431336283683777,0.9950763289036545,0.9975248936321606,0.009,1.0,4.45
43,occlude_XMV_10,2,20,0.8431336283683777,0.9900131644518272,0.994882039844814,0.01075,1.0,11.25
43,occlude_XMV_10,3,20,0.8431336283683777,0.5387984011627907,0.6319524087348309,0.00825,0.0,302.0
43,occlude_XMV_10,4,20,0.8431336283683777,0.5179062707641195,0.6275611485980829,0.0105,1.0,2.0
43,occlude_XMV_10,5,20,0.8431336283683777,0.5023580357142857,0.607639930690437,0.01025,0.15,257.0
43,occlude_XMV_10,6,20,0.8431336283683777,0.9980708471760797,0.9990914271486927,0.0085,1.0,1.0
43,occlude_XMV_10,7,20,0.8431336283683777,0.9966941029900332,0.9983939655008708,0.01025,1.0,2.0
43,occlude_XMV_10,8,20,0.8431336283683777,0.9694335548172758,0.9849833526760083,0.00925,1.0,23.15
43,occlude_XMV_10,9,20,0.8431336283683777,0.5411306686046512,0.6356350056350881,0.01075,0.0,302.0
43,occlude_XMV_10,10,20,0.8431336283683777,0.9234646802325581,0.9595978495547747,0.01025,1.0,42.05
43,occlude_XMV_10,11,20,0.8431336283683777,0.9539090323920266,0.9749037877225765,0.01,1.0,8.95
43,occlude_XMV_10,12,20,0.8431336283683777,0.7976996054817276,0.8763605934799986,0.01125,1.0,25.7
43,occlude_XMV_10,13,20,0.8431336283683777,0.9482205149501661,0.9748063151002684,0.01075,1.0,34.1
43,occlude_XMV_10,14,20,0.8431336283683777,0.9953517441860465,0.9976892294448049,0.0105,1.0,4.0
43,occlude_XMV_10,15,20,0.8431336283683777,0.5095780315614618,0.6131928398486761,0.01025,0.0,302.0
43,occlude_XMV_10,16,20,0.8431336283683777,0.5100093853820598,0.6094602241629359,0.01225,0.0,302.0
43,occlude_XMV_10,17,20,0.8431336283683777,0.9525049418604651,0.9770508021442339,0.007,1.0,30.95
43,occlude_XMV_10,18,20,0.8431336283683777,0.8849718646179402,0.9374694578262149,0.0095,1.0,61.95
43,occlude_XMV_10,19,20,0.8431336283683777,0.952922757475083,0.97471229751005,0.0105,1.0,28.35
43,occlude_XMV_10,20,20,0.8431336283683777,0.9393272009966778,0.9701329028260636,0.01,1.0,41.25
43,occlude_XMV_10,21,20,0.8431336283683777,0.49874140365448505,0.5985837354440539,0.01025,0.0,302.0
43,occlude_XMV_10,22,20,0.8431336283683777,0.5622110257475083,0.6522742320338235,0.0125,0.0,302.0
43,occlude_XMV_10,23,20,0.8431336283683777,0.5381881436877076,0.6292534537616198,0.01075,0.0,302.0
43,occlude_XMV_10,24,20,0.8431336283683777,0.9684205357142858,0.9835365525494181,0.01,1.0,14.85
43,occlude_XMV_10,25,20,0.8431336283683777,0.8896616486710963,0.9354769207793656,0.00775,1.0,34.65
43,occlude_XMV_10,26,20,0.8431336283683777,0.9266554817275747,0.9607221978241737,0.01,1.0,27.65
43,occlude_XMV_10,27,20,0.8431336283683777,0.79493125,0.8704206412186086,0.0075,1.0,23.5
43,occlude_XMV_10,28,20,0.8431336283683777,0.5578644102990034,0.6613960781991383,0.00875,0.0,302.0
43,occlude_XMV_11,1,20,0.8423369526863098,0.9951123754152824,0.9975443734092115,0.00875,1.0,4.45
43,occlude_XMV_11,2,20,0.8423369526863098,0.9899845099667774,0.9948709418438615,0.01025,1.0,11.3
43,occlude_XMV_11,3,20,0.8423369526863098,0.5392238579734219,0.6322553108038604,0.00875,0.0,302.0
43,occlude_XMV_11,4,20,0.8423369526863098,0.9697136212624585,0.9789991108832157,0.0115,1.0,2.0
43,occlude_XMV_11,5,20,0.8423369526863098,0.5009536337209303,0.6067503513648294,0.01025,0.1,272.0
43,occlude_XMV_11,6,20,0.8423369526863098,0.9980289451827242,0.9990767145492004,0.008,1.0,1.0
43,occlude_XMV_11,7,20,0.8423369526863098,0.9967127491694352,0.9984013791569053,0.01025,1.0,2.0
43,occlude_XMV_11,8,20,0.8423369526863098,0.9693125,0.9849241598309526,0.009,1.0,23.05
43,occlude_XMV_11,9,20,0.8423369526863098,0.5420605481727575,0.6360927669682855,0.01,0.0,302.0
43,occlude_XMV_11,10,20,0.8423369526863098,0.9231733388704318,0.959430290866745,0.011,1.0,41.95
43,occlude_XMV_11,11,20,0.8423369526863098,0.9786277200996678,0.9886992586408503,0.01,1.0,8.7
43,occlude_XMV_11,12,20,0.8423369526863098,0.7970723629568106,0.8760033003767452,0.012,1.0,25.75
43,occlude_XMV_11,13,20,0.8423369526863098,0.9482761212624585,0.9748195151617227,0.0105,1.0,34.0
43,occlude_XMV_11,14,20,0.8423369526863098,0.9954214285714286,0.9977395240954048,0.01075,1.0,3.7
43,occlude_XMV_11,15,20,0.8423369526863098,0.5098706395348838,0.6129971865098283,0.0105,0.0,302.0
43,occlude_XMV_11,16,20,0.8423369526863098,0.5092243147840532,0.6092742774915823,0.01275,0.0,302.0
43,occlude_XMV_11,17,20,0.8423369526863098,0.9521315199335548,0.976830637680619,0.00725,1.0,30.95
43,occlude_XMV_11,18,20,0.8423369526863098,0.8835571013289036,0.9365595711213276,0.00975,1.0,61.75
43,occlude_XMV_11,19,20,0.8423369526863098,0.9528996677740864,0.9747060861755625,0.01025,1.0,27.65
43,occlude_XMV_11,20,20,0.8423369526863098,0.9394848837209302,0.9702240544780264,0.01075,1.0,41.05
43,occlude_XMV_11,21,20,0.8423369526863098,0.4986168397009967,0.5982503081224001,0.01175,0.0,302.0
43,occlude_XMV_11,22,20,0.8423369526863098,0.562784738372093,0.6532882357090598,0.0125,0.0,302.0
43,occlude_XMV_11,23,20,0.8423369526863098,0.5377086794019934,0.629295135213334,0.0105,0.0,302.0
43,occlude_XMV_11,24,20,0.8423369526863098,0.9685463455149501,0.9835869956302205,0.01075,1.0,14.8
43,occlude_XMV_11,25,20,0.8423369526863098,0.8900497093023256,0.9358087990062256,0.0085,1.0,33.1
43,occlude_XMV_11,26,20,0.8423369526863098,0.9268068936877076,0.9608255660408683,0.0105,1.0,28.0
43,occlude_XMV_11,27,20,0.8423369526863098,0.8240128737541528,0.889135820550133,0.00725,1.0,22.45
43,occlude_XMV_11,28,20,0.8423369526863098,0.5571084717607974,0.661117737114417,0.00875,0.0,302.0
44,original,1,20,0.8202675580978394,0.9950612126245847,0.9975126542535548,0.0075,1.0,4.5
44,original,2,20,0.8202675580978394,0.9896926495016611,0.9946830031096265,0.009,1.0,12.1
44,original,3,20,0.8202675580978394,0.539765573089701,0.6349504105580798,0.0095,0.0,302.0
44,original,4,20,0.8202675580978394,0.8120067275747508,0.8625663082225996,0.01025,1.0,2.0
44,original,5,20,0.8202675580978394,0.499765676910299,0.6056371283594,0.01075,0.0,302.0
44,original,6,20,0.8202675580978394,0.9979767026578074,0.9990512640711312,0.00825,1.0,1.0
44,original,7,20,0.8202675580978394,0.9967065199335549,0.9983942231860609,0.00975,1.0,2.0
44,original,8,20,0.8202675580978394,0.9682699127906976,0.9843356691374707,0.0085,1.0,23.8
44,original,9,20,0.8202675580978394,0.5397638704318937,0.6362097055470354,0.0125,0.0,302.0
44,original,10,20,0.8202675580978394,0.9190289036544851,0.9571340460164427,0.01025,1.0,40.75
44,original,11,20,0.8202675580978394,0.9627909676079734,0.9795720779310342,0.01025,1.0,9.15
44,original,12,20,0.8202675580978394,0.7819095930232558,0.8657635720676901,0.012,1.0,25.55
44,original,13,20,0.8202675580978394,0.9481240448504984,0.9747409813611346,0.01025,1.0,34.0
44,original,14,20,0.8202675580978394,0.9930873338870432,0.9962665338962798,0.011,1.0,4.15
44,original,15,20,0.8202675580978394,0.5110953903654485,0.6156545376361905,0.01,0.0,302.0
44,original,16,20,0.8202675580978394,0.509300415282392,0.6089490785981092,0.01075,0.0,302.0
44,original,17,20,0.8202675580978394,0.9505538621262458,0.975856518360482,0.01,1.0,31.5
44,original,18,20,0.8202675580978394,0.8793125207641196,0.9340303251879237,0.0095,1.0,62.1
44,original,19,20,0.8202675580978394,0.9362530315614618,0.9650090410196644,0.00925,1.0,31.0
44,original,20,20,0.8202675580978394,0.9391847176079734,0.9700495406791422,0.0105,1.0,41.75
44,original,21,20,0.8202675580978394,0.5009509551495016,0.599847108322677,0.01125,0.0,302.0
44,original,22,20,0.8202675580978394,0.5570834717607973,0.6493169602564582,0.012,0.0,302.0
44,original,23,20,0.8202675580978394,0.5400834094684386,0.6335854732693644,0.01,0.0,302.0
44,original,24,20,0.8202675580978394,0.9684058139534883,0.9836018104875255,0.0105,1.0,14.85
44,original,25,20,0.8202675580978394,0.9153089285714285,0.9527174247148088,0.0095,1.0,25.4
44,original,26,20,0.8202675580978394,0.918164742524917,0.9557177158784935,0.00925,1.0,28.9
44,original,27,20,0.8202675580978394,0.7909616071428571,0.8668904245464866,0.0085,1.0,25.35
44,original,28,20,0.8202675580978394,0.5551027408637874,0.6588470646375568,0.0085,0.0,302.0
44,permute_time,1,20,0.9294009804725647,0.9944287790697675,0.9972291003572684,0.00925,1.0,5.3
44,permute_time,2,20,0.9294009804725647,0.9884313953488372,0.9941492416310813,0.008,1.0,13.65
44,permute_time,3,20,0.9294009804725647,0.5219425456810631,0.6197700095395678,0.0075,0.0,302.0
44,permute_time,4,20,0.9294009804725647,0.7753134551495017,0.8295939080325071,0.01275,0.95,17.0
44,permute_time,5,20,0.9294009804725647,0.5104691237541529,0.6156111125888835,0.00825,0.0,302.0
44,permute_time,6,20,0.9294009804725647,0.9980811877076412,0.9990953429799075,0.007,1.0,1.0
44,permute_time,7,20,0.9294009804725647,0.9966299003322259,0.9983708991834462,0.009,1.0,2.0
44,permute_time,8,20,0.9294009804725647,0.9699614410299003,0.9851116218622067,0.007,1.0,24.45
44,permute_time,9,20,0.9294009804725647,0.5382448712624585,0.6359073783865538,0.009,0.0,302.0
44,permute_time,10,20,0.9294009804725647,0.9090393687707641,0.9511996272872016,0.0105,1.0,41.4
44,permute_time,11,20,0.9294009804725647,0.9675111088039867,0.9822075974158807,0.01025,1.0,10.85
44,permute_time,12,20,0.9294009804725647,0.7781161129568106,0.8603198811757892,0.0105,1.0,33.2
44,permute_time,13,20,0.9294009804725647,0.9464219684385382,0.973965367437409,0.00875,1.0,34.75
44,permute_time,14,20,0.9294009804725647,0.9910493355481728,0.9949478265946676,0.00775,1.0,4.4
44,permute_time,15,20,0.9294009804725647,0.5141797965116279,0.6156641663608812,0.01175,0.0,302.0
44,permute_time,16,20,0.9294009804725647,0.5064535091362127,0.6037016255505959,0.01,0.0,302.0
44,permute_time,17,20,0.9294009804725647,0.9494697259136212,0.9756002210569977,0.01025,1.0,31.7
44,permute_time,18,20,0.9294009804725647,0.8719155523255814,0.9294445734882225,0.00675,1.0,64.8
44,permute_time,19,20,0.9294009804725647,0.9169672342192691,0.9545462884579168,0.00725,1.0,42.45
44,permute_time,20,20,0.9294009804725647,0.937717607973422,0.9694322256515249,0.00825,1.0,41.35
44,permute_time,21,20,0.9294009804725647,0.5048674210963455,0.6026128143329237,0.0085,0.0,302.0
44,permute_time,22,20,0.9294009804725647,0.5601195182724252,0.6521098198132804,0.012,0.0,302.0
44,permute_time,23,20,0.9294009804725647,0.5270672757475083,0.6253095283113107,0.00925,0.0,302.0
44,permute_time,24,20,0.9294009804725647,0.9684913621262459,0.9835822723487593,0.01025,1.0,19.95
44,permute_time,25,20,0.9294009804725647,0.9156401370431894,0.9526602579287496,0.009,1.0,31.3
44,permute_time,26,20,0.9294009804725647,0.9009511835548173,0.946066577531613,0.009,1.0,43.7
44,permute_time,27,20,0.9294009804725647,0.7798489825581395,0.8577475886513573,0.0085,1.0,33.5
44,permute_time,28,20,0.9294009804725647,0.5465963662790697,0.6451943971271796,0.0115,0.0,302.0
44,keep_last_1,1,20,0.8654043078422546,0.9948422342192691,0.9974034866194206,0.00925,1.0,4.9
44,keep_last_1,2,20,0.8654043078422546,0.9892815199335548,0.9945336166775728,0.00875,1.0,12.6
44,keep_last_1,3,20,0.8654043078422546,0.5327359011627907,0.6286616179842621,0.00775,0.0,302.0
44,keep_last_1,4,20,0.8654043078422546,0.6332162375415282,0.6984952494705898,0.01175,1.0,2.0
44,keep_last_1,5,20,0.8654043078422546,0.5045380813953488,0.609863709633036,0.009,0.0,302.0
44,keep_last_1,6,20,0.8654043078422546,0.9980356312292359,0.9990735118437596,0.009,1.0,1.0
44,keep_last_1,7,20,0.8654043078422546,0.996665365448505,0.9983813597591017,0.01075,1.0,2.0
44,keep_last_1,8,20,0.8654043078422546,0.9689297549833887,0.9846732653604481,0.009,1.0,24.15
44,keep_last_1,9,20,0.8654043078422546,0.5425296719269103,0.6375535854318085,0.01175,0.0,302.0
44,keep_last_1,10,20,0.8654043078422546,0.9120507267441861,0.9530475998380044,0.0095,1.0,41.05
44,keep_last_1,11,20,0.8654043078422546,0.9573265780730897,0.9765412245478978,0.0085,1.0,9.5
44,keep_last_1,12,20,0.8654043078422546,0.7813291320598007,0.8642905228847095,0.01225,1.0,28.7
44,keep_last_1,13,20,0.8654043078422546,0.9475359011627907,0.974477713748856,0.00825,1.0,34.2
44,keep_last_1,14,20,0.8654043078422546,0.9915313122923588,0.9952832140382564,0.00825,1.0,4.4
44,keep_last_1,15,20,0.8654043078422546,0.5070393272425249,0.6111934557204827,0.00975,0.0,302.0
44,keep_last_1,16,20,0.8654043078422546,0.5078264742524917,0.6067232017147548,0.01075,0.0,302.0
44,keep_last_1,17,20,0.8654043078422546,0.9506180855481727,0.9760168404798382,0.00875,1.0,31.4
44,keep_last_1,18,20,0.8654043078422546,0.87277969269103,0.9302521195856573,0.008,1.0,63.8
44,keep_last_1,19,20,0.8654043078422546,0.8571070390365448,0.909277525345969,0.01075,1.0,50.45
44,keep_last_1,20,20,0.8654043078422546,0.9377514119601329,0.9692720142722135,0.00925,1.0,41.25
44,keep_last_1,21,20,0.8654043078422546,0.5018864202657808,0.6008693175354871,0.01075,0.0,302.0
44,keep_last_1,22,20,0.8654043078422546,0.559309323089701,0.6496721059857712,0.0125,0.0,302.0
44,keep_last_1,23,20,0.8654043078422546,0.5269922965116279,0.620721657276111,0.01225,0.0,302.0
44,keep_last_1,24,20,0.8654043078422546,0.9610718853820598,0.978996828871873,0.0115,1.0,16.85
44,keep_last_1,25,20,0.8654043078422546,0.8170691029900332,0.8821166119658223,0.007,1.0,64.7
44,keep_last_1,26,20,0.8654043078422546,0.7388058554817276,0.8150583544490421,0.00875,0.95,121.7
44,keep_last_1,27,20,0.8654043078422546,0.7763185215946844,0.855254335436112,0.00975,1.0,39.0
44,keep_last_1,28,20,0.8654043078422546,0.5499031353820598,0.6515905411826379,0.01125,0.0,302.0
44,keep_last_5,1,20,0.844737708568573,0.9949017441860465,0.9974414320475712,0.00975,1.0,4.6
44,keep_last_5,2,20,0.844737708568573,0.9892857558139535,0.9944947154034427,0.00925,1.0,13.5
44,keep_last_5,3,20,0.844737708568573,0.5360418189368771,0.6320454753911139,0.00825,0.0,302.0
44,keep_last_5,4,20,0.844737708568573,0.6999528446843853,0.7575181666231815,0.01075,1.0,2.0
44,keep_last_5,5,20,0.844737708568573,0.49986669435215947,0.6055801654393759,0.013,0.05,287.0
44,keep_last_5,6,20,0.844737708568573,0.9980225083056479,0.9990685239432339,0.01,1.0,1.0
44,keep_last_5,7,20,0.844737708568573,0.9967375830564784,0.9984079475556287,0.011,1.0,2.0
44,keep_last_5,8,20,0.844737708568573,0.9682421096345515,0.9843614878384976,0.0075,1.0,24.5
44,keep_last_5,9,20,0.844737708568573,0.5373753737541528,0.6314596610737578,0.01175,0.0,302.0
44,keep_last_5,10,20,0.844737708568573,0.9144297342192691,0.9544119095707574,0.01225,1.0,40.55
44,keep_last_5,11,20,0.844737708568573,0.9598235465116279,0.9778966732845774,0.00875,1.0,10.15
44,keep_last_5,12,20,0.844737708568573,0.775241507475083,0.8604881952841902,0.01225,1.0,30.45
44,keep_last_5,13,20,0.844737708568573,0.9471544019933554,0.9743528205204167,0.00975,1.0,34.0
44,keep_last_5,14,20,0.844737708568573,0.9922678986710963,0.9957425023363917,0.01,1.0,4.25
44,keep_last_5,15,20,0.844737708568573,0.505666196013289,0.6101228263511141,0.011,0.0,302.0
44,keep_last_5,16,20,0.844737708568573,0.5094521387043189,0.6089410968096041,0.0095,0.0,302.0
44,keep_last_5,17,20,0.844737708568573,0.9505349875415282,0.9758684900773555,0.0095,1.0,31.5
44,keep_last_5,18,20,0.844737708568573,0.8753092607973422,0.931629440663758,0.009,1.0,63.4
44,keep_last_5,19,20,0.844737708568573,0.8975287375415283,0.9400888341477375,0.0105,1.0,36.35
44,keep_last_5,20,20,0.844737708568573,0.9383014327242525,0.9694670358606369,0.0095,1.0,41.75
44,keep_last_5,21,20,0.844737708568573,0.5049137666112957,0.6044297729662631,0.01075,0.0,302.0
44,keep_last_5,22,20,0.844737708568573,0.5554052740863787,0.6456781578172317,0.01225,0.0,302.0
44,keep_last_5,23,20,0.844737708568573,0.5322609219269103,0.6248995556281164,0.011,0.0,302.0
44,keep_last_5,24,20,0.844737708568573,0.9640174418604651,0.9810096896473292,0.011,1.0,15.1
44,keep_last_5,25,20,0.844737708568573,0.8604242732558139,0.9172386662111296,0.00725,1.0,30.15
44,keep_last_5,26,20,0.844737708568573,0.8509067898671097,0.9121418542625269,0.0095,1.0,40.85
44,keep_last_5,27,20,0.844737708568573,0.7793136627906977,0.8577179281722193,0.00825,1.0,35.95
44,keep_last_5,28,20,0.844737708568573,0.548737292358804,0.6516715827593637,0.00975,0.0,302.0
44,keep_last_10,1,20,0.832787275314331,0.994941818936877,0.9974588175469759,0.00925,1.0,4.65
44,keep_last_10,2,20,0.832787275314331,0.9894985465116279,0.9945825440708728,0.009,1.0,13.1
44,keep_last_10,3,20,0.832787275314331,0.5371627491694352,0.6331498523754996,0.00825,0.0,302.0
44,keep_last_10,4,20,0.832787275314331,0.7240210755813954,0.7820173973065472,0.01,1.0,2.0
44,keep_last_10,5,20,0.832787275314331,0.4995315199335548,0.6049520001351735,0.0115,0.05,287.0
44,keep_last_10,6,20,0.832787275314331,0.9980116694352159,0.9990639333082598,0.00925,1.0,1.0
44,keep_last_10,7,20,0.832787275314331,0.9967284053156146,0.9984025006869542,0.0115,1.0,2.0
44,keep_last_10,8,20,0.832787275314331,0.9680960132890365,0.9842683468197738,0.0085,1.0,24.0
44,keep_last_10,9,20,0.832787275314331,0.537321511627907,0.6322359392636003,0.01275,0.0,302.0
44,keep_last_10,10,20,0.832787275314331,0.9167,0.9557564779055223,0.01225,1.0,40.1
44,keep_last_10,11,20,0.832787275314331,0.9614375,0.9787855618590787,0.0095,1.0,10.05
44,keep_last_10,12,20,0.832787275314331,0.777159219269103,0.8619735895254704,0.01075,1.0,28.6
44,keep_last_10,13,20,0.832787275314331,0.9474267857142857,0.9744767205219056,0.00925,1.0,34.0
44,keep_last_10,14,20,0.832787275314331,0.9927510174418605,0.9960628289184172,0.01125,1.0,4.25
44,keep_last_10,15,20,0.832787275314331,0.5077300664451827,0.6120940935103424,0.009,0.0,302.0
44,keep_last_10,16,20,0.832787275314331,0.5103721968438538,0.6099002758829537,0.01175,0.0,302.0
44,keep_last_10,17,20,0.832787275314331,0.9506348214285715,0.9759071415448743,0.01,1.0,31.5
44,keep_last_10,18,20,0.832787275314331,0.8774847383720931,0.9328731015571907,0.00875,1.0,62.8
44,keep_last_10,19,20,0.832787275314331,0.913092504152824,0.9508209710360237,0.009,1.0,33.6
44,keep_last_10,20,20,0.832787275314331,0.938362292358804,0.9694606210324122,0.0095,1.0,41.45
44,keep_last_10,21,20,0.832787275314331,0.5034819559800664,0.6024816980351613,0.0115,0.0,302.0
44,keep_last_10,22,20,0.832787275314331,0.555177346345515,0.6457067226774766,0.01175,0.0,302.0
44,keep_last_10,23,20,0.832787275314331,0.535346926910299,0.6280725912446493,0.011,0.0,302.0
44,keep_last_10,24,20,0.832787275314331,0.9647260797342193,0.9815546376160652,0.00975,1.0,15.0
44,keep_last_10,25,20,0.832787275314331,0.8829806893687707,0.9325781971214939,0.008,1.0,26.15
44,keep_last_10,26,20,0.832787275314331,0.8850926495016611,0.9358773508736178,0.0095,1.0,31.65
44,keep_last_10,27,20,0.832787275314331,0.785749169435216,0.8626308276051797,0.00875,1.0,25.9
44,keep_last_10,28,20,0.832787275314331,0.5511297134551495,0.6544116546023584,0.01075,0.0,302.0
44,occlude_XMV_01,1,20,0.8711094260215759,0.9947749169435216,0.9973722143276882,0.00675,1.0,5.25
44,occlude_XMV_01,2,20,0.8711094260215759,0.9889385797342193,0.9943525888821014,0.00975,1.0,13.9
44,occlude_XMV_01,3,20,0.8711094260215759,0.5318682931893688,0.6247538426004092,0.011,0.0,302.0
44,occlude_XMV_01,4,20,0.8711094260215759,0.7839762666112957,0.8400777260078033,0.00825,1.0,2.0
44,occlude_XMV_01,5,20,0.8711094260215759,0.4990514950166113,0.6038411172614169,0.0075,0.05,287.0
44,occlude_XMV_01,6,20,0.8711094260215759,0.998043646179402,0.9990798759206234,0.008,1.0,1.0
44,occlude_XMV_01,7,20,0.8711094260215759,0.9967462209302326,0.9984319301117125,0.007,1.0,2.0
44,occlude_XMV_01,8,20,0.8711094260215759,0.9680713870431894,0.9841680591285146,0.0085,1.0,24.55
44,occlude_XMV_01,9,20,0.8711094260215759,0.530681042358804,0.6288167206035188,0.01025,0.0,302.0
44,occlude_XMV_01,10,20,0.8711094260215759,0.9115146179401994,0.9524997348873904,0.01675,1.0,42.4
44,occlude_XMV_01,11,20,0.8711094260215759,0.9585561877076412,0.977054807911634,0.00925,1.0,9.4
44,occlude_XMV_01,12,20,0.8711094260215759,0.7594310008305648,0.8493041409760163,0.011,1.0,27.2
44,occlude_XMV_01,13,20,0.8711094260215759,0.9464457225913622,0.9739639122973451,0.00825,1.0,34.6
44,occlude_XMV_01,14,20,0.8711094260215759,0.9918769933554817,0.995501074408078,0.0095,1.0,4.4
44,occlude_XMV_01,15,20,0.8711094260215759,0.507417815614618,0.6107527469381577,0.00975,0.0,302.0
44,occlude_XMV_01,16,20,0.8711094260215759,0.5061926495016611,0.605051886301822,0.01275,0.0,302.0
44,occlude_XMV_01,17,20,0.8711094260215759,0.9497856312292359,0.9752275357866027,0.01125,1.0,31.7
44,occlude_XMV_01,18,20,0.8711094260215759,0.8720738372093023,0.9295546188146254,0.012,1.0,63.2
44,occlude_XMV_01,19,20,0.8711094260215759,0.9264704318936877,0.9584549825074102,0.013,1.0,33.05
44,occlude_XMV_01,20,20,0.8711094260215759,0.939338953488372,0.9700710951714708,0.00975,1.0,42.15
44,occlude_XMV_01,21,20,0.8711094260215759,0.5129883513289036,0.6147390865788512,0.00675,0.0,302.0
44,occlude_XMV_01,22,20,0.8711094260215759,0.5484791735880399,0.6470993631839065,0.009,0.0,302.0
44,occlude_XMV_01,23,20,0.8711094260215759,0.5297169227574751,0.6240845344980999,0.01075,0.0,302.0
44,occlude_XMV_01,24,20,0.8711094260215759,0.8913510797342192,0.9379232666361259,0.0115,1.0,23.9
44,occlude_XMV_01,25,20,0.8711094260215759,0.9062686254152824,0.9469775253137444,0.00575,1.0,30.6
44,occlude_XMV_01,26,20,0.8711094260215759,0.9117197466777409,0.9516314091326071,0.00875,1.0,29.5
44,occlude_XMV_01,27,20,0.8711094260215759,0.7750527200996677,0.8545574957892729,0.00975,1.0,31.95
44,occlude_XMV_01,28,20,0.8711094260215759,0.5443398255813954,0.6450839620000256,0.011,0.0,302.0
44,occlude_XMV_02,1,20,0.8844402432441711,0.9946328903654486,0.9973087468686879,0.0115,1.0,5.25
44,occlude_XMV_02,2,20,0.8844402432441711,0.9889630398671097,0.9943208293843133,0.009,1.0,14.15
44,occlude_XMV_02,3,20,0.8844402432441711,0.5341508928571429,0.6293576474233482,0.0105,0.0,302.0
44,occlude_XMV_02,4,20,0.8844402432441711,0.7943571013289037,0.8463607281671386,0.01125,1.0,2.0
44,occlude_XMV_02,5,20,0.8844402432441711,0.4977748546511628,0.603590866847389,0.00975,0.0,302.0
44,occlude_XMV_02,6,20,0.8844402432441711,0.9980559800664451,0.9990874480671724,0.0095,1.0,1.0
44,occlude_XMV_02,7,20,0.8844402432441711,0.9967134136212624,0.998397383907306,0.01025,1.0,2.0
44,occlude_XMV_02,8,20,0.8844402432441711,0.9676987541528239,0.9840144435009678,0.008,1.0,24.95
44,occlude_XMV_02,9,20,0.8844402432441711,0.5318303156146179,0.6222191008930906,0.01125,0.0,302.0
44,occlude_XMV_02,10,20,0.8844402432441711,0.9085022632890365,0.9505922350242813,0.018,1.0,41.95
44,occlude_XMV_02,11,20,0.8844402432441711,0.9579264950166113,0.9766251529314324,0.0095,1.0,10.1
44,occlude_XMV_02,12,20,0.8844402432441711,0.7568050249169436,0.8468643671504084,0.01175,1.0,30.45
44,occlude_XMV_02,13,20,0.8844402432441711,0.9467032392026578,0.9741723552307656,0.00625,1.0,34.3
44,occlude_XMV_02,14,20,0.8844402432441711,0.9912267857142857,0.9950604431442854,0.0085,1.0,4.3
44,occlude_XMV_02,15,20,0.8844402432441711,0.5014601744186047,0.6058272011180693,0.0115,0.0,302.0
44,occlude_XMV_02,16,20,0.8844402432441711,0.5059010382059801,0.6075124991017443,0.01175,0.0,302.0
44,occlude_XMV_02,17,20,0.8844402432441711,0.9489931063122924,0.9748683925540811,0.012,1.0,31.6
44,occlude_XMV_02,18,20,0.8844402432441711,0.8685459509966778,0.9272403013259675,0.00925,1.0,64.95
44,occlude_XMV_02,19,20,0.8844402432441711,0.9229074750830565,0.956294248511207,0.011,1.0,32.8
44,occlude_XMV_02,20,20,0.8844402432441711,0.9384586794019933,0.9695539532656102,0.00675,1.0,42.45
44,occlude_XMV_02,21,20,0.8844402432441711,0.5139029277408638,0.6144767032716436,0.0085,0.0,302.0
44,occlude_XMV_02,22,20,0.8844402432441711,0.5521887043189369,0.6419800338807944,0.0115,0.0,302.0
44,occlude_XMV_02,23,20,0.8844402432441711,0.5233145971760798,0.6144191787762022,0.01475,0.0,302.0
44,occlude_XMV_02,24,20,0.8844402432441711,0.9640661544850498,0.9811553127351774,0.011,1.0,15.45
44,occlude_XMV_02,25,20,0.8844402432441711,0.6579072674418605,0.7578249821299216,0.0065,0.55,202.0
44,occlude_XMV_02,26,20,0.8844402432441711,0.9091508928571429,0.9501377684964052,0.0085,1.0,29.7
44,occlude_XMV_02,27,20,0.8844402432441711,0.7733324127906976,0.8511237869123924,0.01025,1.0,38.1
44,occlude_XMV_02,28,20,0.8844402432441711,0.5422792981727574,0.6444594883129791,0.0125,0.05,300.9
44,occlude_XMV_03,1,20,0.8476043343544006,0.9950198089700997,0.9974942443816069,0.00975,1.0,4.8
44,occlude_XMV_03,2,20,0.8476043343544006,0.9894414867109634,0.9945542614870677,0.00875,1.0,12.55
44,occlude_XMV_03,3,20,0.8476043343544006,0.5373873754152824,0.6322268463738928,0.0085,0.0,302.0
44,occlude_XMV_03,4,20,0.8476043343544006,0.8017760589700996,0.8535442307671108,0.0115,1.0,2.0
44,occlude_XMV_03,5,20,0.8476043343544006,0.4990066860465116,0.6048044491602489,0.01,0.0,302.0
44,occlude_XMV_03,6,20,0.8476043343544006,0.9980494601328904,0.9990742908429653,0.008,1.0,1.0
44,occlude_XMV_03,7,20,0.8476043343544006,0.996655315614618,0.998371644469283,0.01075,1.0,2.0
44,occlude_XMV_03,8,20,0.8476043343544006,0.968771303986711,0.9846326421990786,0.0105,1.0,23.8
44,occlude_XMV_03,9,20,0.8476043343544006,0.540790676910299,0.6367550154082576,0.01225,0.0,302.0
44,occlude_XMV_03,10,20,0.8476043343544006,0.916406353820598,0.955488966369934,0.011,1.0,41.15
44,occlude_XMV_03,11,20,0.8476043343544006,0.9611740033222591,0.9786754385664309,0.0105,1.0,9.15
44,occlude_XMV_03,12,20,0.8476043343544006,0.7764940822259137,0.8618235099029552,0.0135,1.0,26.8
44,occlude_XMV_03,13,20,0.8476043343544006,0.9484738372093023,0.9748340685811748,0.009,1.0,34.2
44,occlude_XMV_03,14,20,0.8476043343544006,0.9926849252491694,0.996019847902711,0.009,1.0,4.25
44,occlude_XMV_03,15,20,0.8476043343544006,0.5060278239202658,0.6093987081546112,0.0145,0.0,302.0
44,occlude_XMV_03,16,20,0.8476043343544006,0.512104630398671,0.6099837984301119,0.0105,0.0,302.0
44,occlude_XMV_03,17,20,0.8476043343544006,0.9506615863787375,0.9757925385940949,0.00925,1.0,31.5
44,occlude_XMV_03,18,20,0.8476043343544006,0.8775653446843854,0.9329268668106088,0.009,1.0,62.65
44,occlude_XMV_03,19,20,0.8476043343544006,0.935150207641196,0.9641597664508612,0.00825,1.0,32.25
44,occlude_XMV_03,20,20,0.8476043343544006,0.9389600913621262,0.9699124632707843,0.0125,1.0,41.35
44,occlude_XMV_03,21,20,0.8476043343544006,0.49591169019933556,0.5954110300453603,0.01275,0.0,302.0
44,occlude_XMV_03,22,20,0.8476043343544006,0.5558701411960133,0.6488228619620587,0.01125,0.0,302.0
44,occlude_XMV_03,23,20,0.8476043343544006,0.5159700789036545,0.6137561537001371,0.0095,0.0,302.0
44,occlude_XMV_03,24,20,0.8476043343544006,0.9669827242524917,0.9828410771139114,0.01125,1.0,14.95
44,occlude_XMV_03,25,20,0.8476043343544006,0.9118100083056478,0.9503454583505041,0.00625,1.0,27.85
44,occlude_XMV_03,26,20,0.8476043343544006,0.9156556478405316,0.9542659057691436,0.01025,1.0,29.6
44,occlude_XMV_03,27,20,0.8476043343544006,0.7820756644518272,0.860564430577111,0.008,1.0,26.1
44,occlude_XMV_03,28,20,0.8476043343544006,0.5512866071428572,0.6539572637332142,0.00975,0.0,302.0
44,occlude_XMV_04,1,20,0.84037184715271,0.9948668189368771,0.9974232944810847,0.00825,1.0,5.15
44,occlude_XMV_04,2,20,0.84037184715271,0.9891448504983389,0.9944395820749753,0.01,1.0,12.5
44,occlude_XMV_04,3,20,0.84037184715271,0.5360922965116279,0.6310015565258952,0.0095,0.0,302.0
44,occlude_XMV_04,4,20,0.84037184715271,0.8007505606312293,0.8538135029060249,0.0085,1.0,2.0
44,occlude_XMV_04,5,20,0.84037184715271,0.49907572674418604,0.6055523412179308,0.00975,0.0,302.0
44,occlude_XMV_04,6,20,0.84037184715271,0.997974169435216,0.9990515342625652,0.0075,1.0,1.0
44,occlude_XMV_04,7,20,0.84037184715271,0.5647863787375416,0.6894120084133976,0.01225,1.0,2.0
44,occlude_XMV_04,8,20,0.84037184715271,0.9678204318936877,0.98412267685163,0.0095,1.0,24.55
44,occlude_XMV_04,9,20,0.84037184715271,0.5369861295681063,0.6338360726894479,0.0115,0.0,302.0
44,occlude_XMV_04,10,20,0.84037184715271,0.916851142026578,0.9558736089256883,0.01025,1.0,40.85
44,occlude_XMV_04,11,20,0.84037184715271,0.960499377076412,0.978314836935276,0.0095,1.0,9.2
44,occlude_XMV_04,12,20,0.84037184715271,0.772694476744186,0.8587679825263964,0.0105,1.0,27.9
44,occlude_XMV_04,13,20,0.84037184715271,0.9479139119601329,0.9746214408923061,0.00975,1.0,34.2
44,occlude_XMV_04,14,20,0.84037184715271,0.9926592607973422,0.995976701696311,0.01,1.0,4.35
44,occlude_XMV_04,15,20,0.84037184715271,0.5082015988372093,0.6131296020971395,0.01075,0.0,302.0
44,occlude_XMV_04,16,20,0.84037184715271,0.5059159468438538,0.6049771365789395,0.0125,0.0,302.0
44,occlude_XMV_04,17,20,0.84037184715271,0.9501176495016611,0.9756280263732565,0.00875,1.0,31.6
44,occlude_XMV_04,18,20,0.84037184715271,0.8747500415282392,0.931256006531019,0.008,1.0,62.8
44,occlude_XMV_04,19,20,0.84037184715271,0.9336026162790698,0.96334753354333,0.0095,1.0,32.1
44,occlude_XMV_04,20,20,0.84037184715271,0.9388868355481728,0.969860492217732,0.009,1.0,42.05
44,occlude_XMV_04,21,20,0.84037184715271,0.49855097591362124,0.5983313642591527,0.013,0.0,302.0
44,occlude_XMV_04,22,20,0.84037184715271,0.5514147840531561,0.6418105688039564,0.01175,0.0,302.0
44,occlude_XMV_04,23,20,0.84037184715271,0.5373986295681064,0.6301665669414683,0.0115,0.0,302.0
44,occlude_XMV_04,24,20,0.84037184715271,0.9671497508305648,0.9829702982682759,0.00825,1.0,14.95
44,occlude_XMV_04,25,20,0.84037184715271,0.9108677533222591,0.9500020517330723,0.00725,1.0,27.0
44,occlude_XMV_04,26,20,0.84037184715271,0.5462153446843854,0.6467510876700877,0.009,0.05,292.4
44,occlude_XMV_04,27,20,0.84037184715271,0.7818350498338871,0.8597634943656493,0.009,1.0,26.35
44,occlude_XMV_04,28,20,0.84037184715271,0.5474183554817276,0.6505212562966606,0.0105,0.0,302.0
44,occlude_XMV_05,1,20,0.8202675580978394,0.9950612126245847,0.9975126542535548,0.0075,1.0,4.5
44,occlude_XMV_05,2,20,0.8202675580978394,0.9896926495016611,0.9946830031096265,0.009,1.0,12.1
44,occlude_XMV_05,3,20,0.8202675580978394,0.539765573089701,0.6349504105580798,0.0095,0.0,302.0
44,occlude_XMV_05,4,20,0.8202675580978394,0.8120067275747508,0.8625663082225996,0.01025,1.0,2.0
44,occlude_XMV_05,5,20,0.8202675580978394,0.499765676910299,0.6056371283594,0.01075,0.0,302.0
44,occlude_XMV_05,6,20,0.8202675580978394,0.9979767026578074,0.9990512640711312,0.00825,1.0,1.0
44,occlude_XMV_05,7,20,0.8202675580978394,0.9967065199335549,0.9983942231860609,0.00975,1.0,2.0
44,occlude_XMV_05,8,20,0.8202675580978394,0.9682699127906976,0.9843356691374707,0.0085,1.0,23.8
44,occlude_XMV_05,9,20,0.8202675580978394,0.5397638704318937,0.6362097055470354,0.0125,0.0,302.0
44,occlude_XMV_05,10,20,0.8202675580978394,0.9190289036544851,0.9571340460164427,0.01025,1.0,40.75
44,occlude_XMV_05,11,20,0.8202675580978394,0.9627909676079734,0.9795720779310342,0.01025,1.0,9.15
44,occlude_XMV_05,12,20,0.8202675580978394,0.7819095930232558,0.8657635720676901,0.012,1.0,25.55
44,occlude_XMV_05,13,20,0.8202675580978394,0.9481240448504984,0.9747409813611346,0.01025,1.0,34.0
44,occlude_XMV_05,14,20,0.8202675580978394,0.9930873338870432,0.9962665338962798,0.011,1.0,4.15
44,occlude_XMV_05,15,20,0.8202675580978394,0.5110953903654485,0.6156545376361905,0.01,0.0,302.0
44,occlude_XMV_05,16,20,0.8202675580978394,0.509300415282392,0.6089490785981092,0.01075,0.0,302.0
44,occlude_XMV_05,17,20,0.8202675580978394,0.9505538621262458,0.975856518360482,0.01,1.0,31.5
44,occlude_XMV_05,18,20,0.8202675580978394,0.8793125207641196,0.9340303251879237,0.0095,1.0,62.1
44,occlude_XMV_05,19,20,0.8202675580978394,0.9362530315614618,0.9650090410196644,0.00925,1.0,31.0
44,occlude_XMV_05,20,20,0.8202675580978394,0.9391847176079734,0.9700495406791422,0.0105,1.0,41.75
44,occlude_XMV_05,21,20,0.8202675580978394,0.5009509551495016,0.599847108322677,0.01125,0.0,302.0
44,occlude_XMV_05,22,20,0.8202675580978394,0.5570834717607973,0.6493169602564582,0.012,0.0,302.0
44,occlude_XMV_05,23,20,0.8202675580978394,0.5400834094684386,0.6335854732693644,0.01,0.0,302.0
44,occlude_XMV_05,24,20,0.8202675580978394,0.9684058139534883,0.9836018104875255,0.0105,1.0,14.85
44,occlude_XMV_05,25,20,0.8202675580978394,0.9153089285714285,0.9527174247148088,0.0095,1.0,25.4
44,occlude_XMV_05,26,20,0.8202675580978394,0.918164742524917,0.9557177158784935,0.00925,1.0,28.9
44,occlude_XMV_05,27,20,0.8202675580978394,0.7909616071428571,0.8668904245464866,0.0085,1.0,25.35
44,occlude_XMV_05,28,20,0.8202675580978394,0.5551027408637874,0.6588470646375568,0.0085,0.0,302.0
44,occlude_XMV_06,1,20,0.852406919002533,0.9950080149501661,0.997476613116816,0.00975,1.0,4.65
44,occlude_XMV_06,2,20,0.852406919002533,0.9898809800664452,0.9948057316504711,0.00825,1.0,11.95
44,occlude_XMV_06,3,20,0.852406919002533,0.5376621262458472,0.634717133544898,0.00725,0.0,302.0
44,occlude_XMV_06,4,20,0.852406919002533,0.8006738372093023,0.8529007645664448,0.0115,1.0,2.0
44,occlude_XMV_06,5,20,0.852406919002533,0.5043508513289037,0.6088101454915462,0.01075,0.0,302.0
44,occlude_XMV_06,6,20,0.852406919002533,0.9979707641196013,0.9990510129023239,0.008,1.0,1.0
44,occlude_XMV_06,7,20,0.852406919002533,0.9966306893687708,0.9983688276533379,0.00825,1.0,2.0
44,occlude_XMV_06,8,20,0.852406919002533,0.9686954318936877,0.9845142504032555,0.00875,1.0,23.7
44,occlude_XMV_06,9,20,0.852406919002533,0.542537188538206,0.6395887244338404,0.01225,0.0,302.0
44,occlude_XMV_06,10,20,0.852406919002533,0.9153642234219269,0.9551022950381769,0.01125,1.0,40.85
44,occlude_XMV_06,11,20,0.852406919002533,0.9655526370431894,0.9811199184790514,0.01075,1.0,9.9
44,occlude_XMV_06,12,20,0.852406919002533,0.7865063745847176,0.8682015587735342,0.01175,1.0,28.6
44,occlude_XMV_06,13,20,0.852406919002533,0.9483772632890366,0.974854988720346,0.00825,1.0,34.1
44,occlude_XMV_06,14,20,0.852406919002533,0.9925687292358804,0.9959485204334879,0.00975,1.0,4.25
44,occlude_XMV_06,15,20,0.852406919002533,0.5111911129568106,0.615595394084292,0.0095,0.0,302.0
44,occlude_XMV_06,16,20,0.852406919002533,0.5078169850498339,0.6074660347503749,0.01025,0.0,302.0
44,occlude_XMV_06,17,20,0.852406919002533,0.9502862749169435,0.9758941081617459,0.008,1.0,31.4
44,occlude_XMV_06,18,20,0.852406919002533,0.8777289244186046,0.9332462458295985,0.00975,1.0,63.35
44,occlude_XMV_06,19,20,0.852406919002533,0.9347476744186046,0.9641016749294488,0.009,1.0,31.95
44,occlude_XMV_06,20,20,0.852406919002533,0.9387034676079734,0.9697835270164866,0.00875,1.0,41.35
44,occlude_XMV_06,21,20,0.852406919002533,0.4971453488372093,0.5964644169649016,0.0115,0.0,302.0
44,occlude_XMV_06,22,20,0.852406919002533,0.565153073089701,0.6555057581983722,0.0115,0.0,302.0
44,occlude_XMV_06,23,20,0.852406919002533,0.5389120431893688,0.6318462413503265,0.00925,0.0,302.0
44,occlude_XMV_06,24,20,0.852406919002533,0.9729143687707641,0.986147489254828,0.00975,1.0,15.2
44,occlude_XMV_06,25,20,0.852406919002533,0.9081430440199335,0.9481087299957147,0.009,1.0,26.5
44,occlude_XMV_06,26,20,0.852406919002533,0.9176356312292359,0.9551876344266963,0.00925,1.0,30.25
44,occlude_XMV_06,27,20,0.852406919002533,0.793184738372093,0.867755553340248,0.0095,1.0,25.75
44,occlude_XMV_06,28,20,0.852406919002533,0.5568044850498339,0.6590395401430861,0.00875,0.0,302.0
44,occlude_XMV_07,1,20,0.8222683668136597,0.9950562292358804,0.9975083919796339,0.008,1.0,4.6
44,occlude_XMV_07,2,20,0.8222683668136597,0.9895624169435216,0.9946140629073525,0.0095,1.0,12.45
44,occlude_XMV_07,3,20,0.8222683668136597,0.5397803156146179,0.6344978648945513,0.0105,0.0,302.0
44,occlude_XMV_07,4,20,0.8222683668136597,0.8120085132890366,0.8626386554480413,0.00925,1.0,2.0
44,occlude_XMV_07,5,20,0.8222683668136597,0.5003656561461794,0.606118772066632,0.01175,0.0,302.0
44,occlude_XMV_07,6,20,0.8222683668136597,0.9980119186046512,0.9990622276353824,0.009,1.0,1.0
44,occlude_XMV_07,7,20,0.8222683668136597,0.9967480481727575,0.9984148980039447,0.01025,1.0,2.0
44,occlude_XMV_07,8,20,0.8222683668136597,0.9682444559800665,0.9843120480234816,0.008,1.0,23.9
44,occlude_XMV_07,9,20,0.8222683668136597,0.5406856104651163,0.6369405582131485,0.01325,0.0,302.0
44,occlude_XMV_07,10,20,0.8222683668136597,0.9177543604651163,0.9563358835037902,0.01,1.0,40.75
44,occlude_XMV_07,11,20,0.8222683668136597,0.9636031561461794,0.9799974547796149,0.0105,1.0,9.15
44,occlude_XMV_07,12,20,0.8222683668136597,0.7831296926910299,0.8667314115746294,0.011,1.0,25.15
44,occlude_XMV_07,13,20,0.8222683668136597,0.9480152823920266,0.9746841822961815,0.01025,1.0,34.0
44,occlude_XMV_07,14,20,0.8222683668136597,0.993059011627907,0.9962454997354206,0.01125,1.0,4.15
44,occlude_XMV_07,15,20,0.8222683668136597,0.5106621262458472,0.6152912030865255,0.00925,0.0,302.0
44,occlude_XMV_07,16,20,0.8222683668136597,0.5092096968438539,0.6083340909632777,0.011,0.0,302.0
44,occlude_XMV_07,17,20,0.8222683668136597,0.9508772840531562,0.97601420915279,0.01025,1.0,31.6
44,occlude_XMV_07,18,20,0.8222683668136597,0.8791669850498339,0.9339357889256699,0.00925,1.0,62.2
44,occlude_XMV_07,19,20,0.8222683668136597,0.8393330149501661,0.9058947849327829,0.01025,1.0,44.6
44,occlude_XMV_07,20,20,0.8222683668136597,0.9388233388704319,0.9697786840654693,0.011,1.0,40.95
44,occlude_XMV_07,21,20,0.8222683668136597,0.5011996470099668,0.6004108632759146,0.0105,0.0,302.0
44,occlude_XMV_07,22,20,0.8222683668136597,0.5566258928571428,0.6486935708140942,0.01275,0.0,302.0
44,occlude_XMV_07,23,20,0.8222683668136597,0.5399248754152824,0.633327294317932,0.0095,0.0,302.0
44,occlude_XMV_07,24,20,0.8222683668136597,0.96776719269103,0.9832492375811924,0.01,1.0,14.85
44,occlude_XMV_07,25,20,0.8222683668136597,0.9138461794019933,0.9517402173126782,0.00875,1.0,26.2
44,occlude_XMV_07,26,20,0.8222683668136597,0.9176401993355482,0.955370288304628,0.0095,1.0,28.9
44,occlude_XMV_07,27,20,0.8222683668136597,0.7909154277408638,0.866838357941066,0.009,1.0,25.4
44,occlude_XMV_07,28,20,0.8222683668136597,0.555447134551495,0.6594083537376626,0.009,0.0,302.0
44,occlude_XMV_08,1,20,0.8200364708900452,0.9950610049833887,0.9975115395818486,0.00775,1.0,4.4
44,occlude_XMV_08,2,20,0.8200364708900452,0.9896941860465116,0.9946831427373808,0.00875,1.0,12.2
44,occlude_XMV_08,3,20,0.8200364708900452,0.5398924626245847,0.6352107983290156,0.00975,0.0,302.0
44,occlude_XMV_08,4,20,0.8200364708900452,0.8125581395348838,0.8630154386014695,0.0105,1.0,2.0
44,occlude_XMV_08,5,20,0.8200364708900452,0.5001915905315615,0.6059278848052478,0.0105,0.0,302.0
44,occlude_XMV_08,6,20,0.8200364708900452,0.9979761212624585,0.9990508726562117,0.00875,1.0,1.0
44,occlude_XMV_08,7,20,0.8200364708900452,0.9966958471760797,0.9983903191044796,0.0095,1.0,2.0
44,occlude_XMV_08,8,20,0.8200364708900452,0.9682371054817276,0.984315569376564,0.00825,1.0,23.8
44,occlude_XMV_08,9,20,0.8200364708900452,0.5398298172757475,0.6362920610345435,0.013,0.0,302.0
44,occlude_XMV_08,10,20,0.8200364708900452,0.9188301495016611,0.9569522801909313,0.01025,1.0,40.75
44,occlude_XMV_08,11,20,0.8200364708900452,0.9627916735880399,0.9795608871037161,0.0105,1.0,9.15
44,occlude_XMV_08,12,20,0.8200364708900452,0.7819057931893688,0.8657015129543446,0.01275,1.0,25.65
44,occlude_XMV_08,13,20,0.8200364708900452,0.9481208056478405,0.9747378109086189,0.01075,1.0,34.0
44,occlude_XMV_08,14,20,0.8200364708900452,0.9930825581395348,0.9962632972099731,0.011,1.0,4.15
44,occlude_XMV_08,15,20,0.8200364708900452,0.511209219269103,0.6156943453809145,0.01025,0.0,302.0
44,occlude_XMV_08,16,20,0.8200364708900452,0.509431457641196,0.6091689629453139,0.01075,0.0,302.0
44,occlude_XMV_08,17,20,0.8200364708900452,0.9505559800664451,0.9758574273377959,0.01025,1.0,31.5
44,occlude_XMV_08,18,20,0.8200364708900452,0.8790911129568106,0.9339071718252742,0.009,1.0,62.7
44,occlude_XMV_08,19,20,0.8200364708900452,0.870378280730897,0.9251137114935544,0.009,1.0,35.5
44,occlude_XMV_08,20,20,0.8200364708900452,0.9391409053156147,0.9700067025867973,0.01,1.0,41.55
44,occlude_XMV_08,21,20,0.8200364708900452,0.5011468023255814,0.6002657038614936,0.0115,0.0,302.0
44,occlude_XMV_08,22,20,0.8200364708900452,0.5569983596345515,0.6493045950637762,0.0125,0.0,302.0
44,occlude_XMV_08,23,20,0.8200364708900452,0.5402930647840531,0.6335482096482629,0.01,0.0,302.0
44,occlude_XMV_08,24,20,0.8200364708900452,0.9685837832225913,0.9836991675330784,0.01025,1.0,14.85
44,occlude_XMV_08,25,20,0.8200364708900452,0.9149487956810631,0.9524799737675441,0.0095,1.0,26.4
44,occlude_XMV_08,26,20,0.8200364708900452,0.9182744808970099,0.9557302360329902,0.0095,1.0,29.0
44,occlude_XMV_08,27,20,0.8200364708900452,0.7905974460132891,0.8666615976998925,0.00825,1.0,25.3
44,occlude_XMV_08,28,20,0.8200364708900452,0.5548446428571429,0.6584892200722405,0.00875,0.0,302.0
44,occlude_XMV_09,1,20,0.8202675580978394,0.9950612126245847,0.9975126542535548,0.0075,1.0,4.5
44,occlude_XMV_09,2,20,0.8202675580978394,0.9896926495016611,0.9946830031096265,0.009,1.0,12.1
44,occlude_XMV_09,3,20,0.8202675580978394,0.539765573089701,0.6349504105580798,0.0095,0.0,302.0
44,occlude_XMV_09,4,20,0.8202675580978394,0.8120067275747508,0.8625663082225996,0.01025,1.0,2.0
44,occlude_XMV_09,5,20,0.8202675580978394,0.499765676910299,0.6056371283594,0.01075,0.0,302.0
44,occlude_XMV_09,6,20,0.8202675580978394,0.9979767026578074,0.9990512640711312,0.00825,1.0,1.0
44,occlude_XMV_09,7,20,0.8202675580978394,0.9967065199335549,0.9983942231860609,0.00975,1.0,2.0
44,occlude_XMV_09,8,20,0.8202675580978394,0.9682699127906976,0.9843356691374707,0.0085,1.0,23.8
44,occlude_XMV_09,9,20,0.8202675580978394,0.5397638704318937,0.6362097055470354,0.0125,0.0,302.0
44,occlude_XMV_09,10,20,0.8202675580978394,0.9190289036544851,0.9571340460164427,0.01025,1.0,40.75
44,occlude_XMV_09,11,20,0.8202675580978394,0.9627909676079734,0.9795720779310342,0.01025,1.0,9.15
44,occlude_XMV_09,12,20,0.8202675580978394,0.7819095930232558,0.8657635720676901,0.012,1.0,25.55
44,occlude_XMV_09,13,20,0.8202675580978394,0.9481240448504984,0.9747409813611346,0.01025,1.0,34.0
44,occlude_XMV_09,14,20,0.8202675580978394,0.9930873338870432,0.9962665338962798,0.011,1.0,4.15
44,occlude_XMV_09,15,20,0.8202675580978394,0.5110953903654485,0.6156545376361905,0.01,0.0,302.0
44,occlude_XMV_09,16,20,0.8202675580978394,0.509300415282392,0.6089490785981092,0.01075,0.0,302.0
44,occlude_XMV_09,17,20,0.8202675580978394,0.9505538621262458,0.975856518360482,0.01,1.0,31.5
44,occlude_XMV_09,18,20,0.8202675580978394,0.8793125207641196,0.9340303251879237,0.0095,1.0,62.1
44,occlude_XMV_09,19,20,0.8202675580978394,0.9362530315614618,0.9650090410196644,0.00925,1.0,31.0
44,occlude_XMV_09,20,20,0.8202675580978394,0.9391847176079734,0.9700495406791422,0.0105,1.0,41.75
44,occlude_XMV_09,21,20,0.8202675580978394,0.5009509551495016,0.599847108322677,0.01125,0.0,302.0
44,occlude_XMV_09,22,20,0.8202675580978394,0.5570834717607973,0.6493169602564582,0.012,0.0,302.0
44,occlude_XMV_09,23,20,0.8202675580978394,0.5400834094684386,0.6335854732693644,0.01,0.0,302.0
44,occlude_XMV_09,24,20,0.8202675580978394,0.9684058139534883,0.9836018104875255,0.0105,1.0,14.85
44,occlude_XMV_09,25,20,0.8202675580978394,0.9153089285714285,0.9527174247148088,0.0095,1.0,25.4
44,occlude_XMV_09,26,20,0.8202675580978394,0.918164742524917,0.9557177158784935,0.00925,1.0,28.9
44,occlude_XMV_09,27,20,0.8202675580978394,0.7909616071428571,0.8668904245464866,0.0085,1.0,25.35
44,occlude_XMV_09,28,20,0.8202675580978394,0.5551027408637874,0.6588470646375568,0.0085,0.0,302.0
44,occlude_XMV_10,1,20,0.8200241923332214,0.9950511627906977,0.9975076035102243,0.0075,1.0,4.6
44,occlude_XMV_10,2,20,0.8200241923332214,0.9897068936877076,0.9946889843128127,0.009,1.0,12.15
44,occlude_XMV_10,3,20,0.8200241923332214,0.5390740033222592,0.6339193980309231,0.0095,0.0,302.0
44,occlude_XMV_10,4,20,0.8200241923332214,0.5165099252491694,0.6261720516241261,0.0105,1.0,2.0
44,occlude_XMV_10,5,20,0.8200241923332214,0.49973984634551494,0.6057248507681,0.01075,0.0,302.0
44,occlude_XMV_10,6,20,0.8200241923332214,0.9979767026578074,0.9990513498811938,0.00825,1.0,1.0
44,occlude_XMV_10,7,20,0.8200241923332214,0.996725415282392,0.9984047714578372,0.00925,1.0,2.0
44,occlude_XMV_10,8,20,0.8200241923332214,0.9681894102990033,0.9842931769671055,0.00875,1.0,23.8
44,occlude_XMV_10,9,20,0.8200241923332214,0.5395203696013289,0.635784747226098,0.0125,0.0,302.0
44,occlude_XMV_10,10,20,0.8200241923332214,0.9191069352159469,0.9571621618694037,0.0105,1.0,40.75
44,occlude_XMV_10,11,20,0.8200241923332214,0.9421555855481728,0.9681661839722036,0.01025,1.0,9.8
44,occlude_XMV_10,12,20,0.8200241923332214,0.7818583471760797,0.8657038982966859,0.012,1.0,25.65
44,occlude_XMV_10,13,20,0.8200241923332214,0.9480789451827243,0.9747234783331377,0.011,1.0,34.0
44,occlude_XMV_10,14,20,0.8200241923332214,0.991521303986711,0.9952877209325517,0.01075,1.0,4.15
44,occlude_XMV_10,15,20,0.8200241923332214,0.5111713247508306,0.6158801532063858,0.00925,0.0,302.0
44,occlude_XMV_10,16,20,0.8200241923332214,0.5094857350498339,0.6089509476192835,0.0105,0.0,302.0
44,occlude_XMV_10,17,20,0.8200241923332214,0.9508505398671097,0.9760450562350834,0.01,1.0,31.5
44,occlude_XMV_10,18,20,0.8200241923332214,0.879700207641196,0.9342773294554035,0.009,1.0,62.4
44,occlude_XMV_10,19,20,0.8200241923332214,0.9363782392026578,0.9650587983478373,0.00925,1.0,30.8
44,occlude_XMV_10,20,20,0.8200241923332214,0.9390289036544851,0.9699651207843834,0.0105,1.0,41.55
44,occlude_XMV_10,21,20,0.8200241923332214,0.5010124169435216,0.6002167413088324,0.01125,0.0,302.0
44,occlude_XMV_10,22,20,0.8200241923332214,0.5567604443521594,0.6486654618587965,0.01175,0.0,302.0
44,occlude_XMV_10,23,20,0.8200241923332214,0.5400826411960132,0.633429979587119,0.00975,0.0,302.0
44,occlude_XMV_10,24,20,0.8200241923332214,0.9684078488372093,0.9835979854336389,0.01025,1.0,14.85
44,occlude_XMV_10,25,20,0.8200241923332214,0.9147919019933555,0.952402682061135,0.0095,1.0,25.3
44,occlude_XMV_10,26,20,0.8200241923332214,0.9182230689368771,0.9557551326977198,0.00925,1.0,28.9
44,occlude_XMV_10,27,20,0.8200241923332214,0.7713289659468439,0.8534107250538502,0.00825,1.0,26.2
44,occlude_XMV_10,28,20,0.8200241923332214,0.5551436669435216,0.6589529291799251,0.00875,0.0,302.0
44,occlude_XMV_11,1,20,0.8206543326377869,0.9950683554817276,0.9975146985736865,0.008,1.0,4.4
44,occlude_XMV_11,2,20,0.8206543326377869,0.989684011627907,0.9946773464279605,0.00925,1.0,12.0
44,occlude_XMV_11,3,20,0.8206543326377869,0.5394750830564784,0.6345966944179064,0.01,0.0,302.0
44,occlude_XMV_11,4,20,0.8206543326377869,0.8119163413621262,0.8626409109705944,0.01025,1.0,2.0
44,occlude_XMV_11,5,20,0.8206543326377869,0.5000336794019934,0.6059057685271175,0.01125,0.0,302.0
44,occlude_XMV_11,6,20,0.8206543326377869,0.997969061461794,0.9990487088051181,0.0085,1.0,1.0
44,occlude_XMV_11,7,20,0.8206543326377869,0.9967318106312293,0.998403761497505,0.0095,1.0,2.0
44,occlude_XMV_11,8,20,0.8206543326377869,0.9682191445182724,0.9843064108621089,0.00825,1.0,23.8
44,occlude_XMV_11,9,20,0.8206543326377869,0.539965884551495,0.6364181660191284,0.01275,0.0,302.0
44,occlude_XMV_11,10,20,0.8206543326377869,0.9189615033222591,0.9570774323778872,0.01075,1.0,40.75
44,occlude_XMV_11,11,20,0.8206543326377869,0.9630052948504984,0.9796833920706987,0.01025,1.0,9.15
44,occlude_XMV_11,12,20,0.8206543326377869,0.7819396387043189,0.865794949376449,0.01125,1.0,25.65
44,occlude_XMV_11,13,20,0.8206543326377869,0.9481254568106312,0.9747431999730303,0.00975,1.0,34.0
44,occlude_XMV_11,14,20,0.8206543326377869,0.9931096760797342,0.9962772744847967,0.0105,1.0,4.15
44,occlude_XMV_11,15,20,0.8206543326377869,0.5108652408637874,0.6156027342248946,0.0095,0.0,302.0
44,occlude_XMV_11,16,20,0.8206543326377869,0.5092104443521595,0.6087669336655575,0.0105,0.0,302.0
44,occlude_XMV_11,17,20,0.8206543326377869,0.9506556893687708,0.9759090160405539,0.00975,1.0,31.5
44,occlude_XMV_11,18,20,0.8206543326377869,0.8792642026578074,0.9340284491274874,0.00925,1.0,62.2
44,occlude_XMV_11,19,20,0.8206543326377869,0.9364365863787375,0.9651391171388763,0.009,1.0,31.0
44,occlude_XMV_11,20,20,0.8206543326377869,0.939194892026578,0.9700428950160258,0.01,1.0,41.75
44,occlude_XMV_11,21,20,0.8206543326377869,0.500957080564784,0.6000842180340752,0.011,0.0,302.0
44,occlude_XMV_11,22,20,0.8206543326377869,0.5569207848837209,0.6492793775763297,0.01225,0.0,302.0
44,occlude_XMV_11,23,20,0.8206543326377869,0.5398651993355482,0.633503689080987,0.01,0.0,302.0
44,occlude_XMV_11,24,20,0.8206543326377869,0.9685409053156147,0.9836581494894273,0.0105,1.0,14.85
44,occlude_XMV_11,25,20,0.8206543326377869,0.9148441029900333,0.9524377841761885,0.00925,1.0,26.25
44,occlude_XMV_11,26,20,0.8206543326377869,0.918037603820598,0.9556427056993888,0.0095,1.0,29.0
44,occlude_XMV_11,27,20,0.8206543326377869,0.790810153654485,0.8667338528583162,0.00875,1.0,25.35
44,occlude_XMV_11,28,20,0.8206543326377869,0.5546597799003322,0.6582914327161179,0.00775,0.0,302.0
45,original,1,20,0.845441460609436,0.9950419019933555,0.9975098706650242,0.01,1.0,4.4
45,original,2,20,0.845441460609436,0.9907769933554817,0.9952258879124547,0.0085,1.0,10.8
45,original,3,20,0.845441460609436,0.5424895141196013,0.6339631624814935,0.009,0.0,302.0
45,original,4,20,0.845441460609436,0.9637483803986711,0.9745045150216746,0.00975,1.0,2.0
45,original,5,20,0.845441460609436,0.5006136627906976,0.6057167526060577,0.0115,0.0,302.0
45,original,6,20,0.845441460609436,0.9979553986710964,0.999044369920558,0.0085,1.0,1.0
45,original,7,20,0.845441460609436,0.996640988372093,0.9983767622994084,0.01,1.0,2.0
45,original,8,20,0.845441460609436,0.9689607558139535,0.9847339205967169,0.007,1.0,22.75
45,original,9,20,0.845441460609436,0.5445666112956811,0.6388465407417568,0.0105,0.0,302.0
45,original,10,20,0.845441460609436,0.9214589285714285,0.9588495555287869,0.00975,1.0,42.25
45,original,11,20,0.845441460609436,0.9809042566445183,0.9899903658334476,0.0095,1.0,8.65
45,original,12,20,0.845441460609436,0.7946545473421927,0.874689881477104,0.0095,1.0,22.65
45,original,13,20,0.845441460609436,0.947693646179402,0.9746002391504575,0.01,1.0,33.7
45,original,14,20,0.845441460609436,0.9953485880398671,0.9977122101382772,0.008,1.0,3.85
45,original,15,20,0.845441460609436,0.5155019518272426,0.6196057284088096,0.01125,0.0,302.0
45,original,16,20,0.845441460609436,0.5088451204318937,0.6084821360944539,0.012,0.0,302.0
45,original,17,20,0.845441460609436,0.9527898255813954,0.9772403923173034,0.0085,1.0,30.7
45,original,18,20,0.845441460609436,0.8811969476744186,0.9352974625394701,0.01,1.0,60.05
45,original,19,20,0.845441460609436,0.9540115448504983,0.9758153153366167,0.009,1.0,26.7
45,original,20,20,0.845441460609436,0.939454422757475,0.970128231984342,0.01075,1.0,41.0
45,original,21,20,0.845441460609436,0.5023449335548172,0.6007096500891514,0.00975,0.0,302.0
45,original,22,20,0.845441460609436,0.5614498754152824,0.6531687464531204,0.01225,0.0,302.0
45,original,23,20,0.845441460609436,0.5356838247508305,0.6285449295853928,0.01,0.0,302.0
45,original,24,20,0.845441460609436,0.9734254568106312,0.9863832641623769,0.01,1.0,15.05
45,original,25,20,0.845441460609436,0.9044997093023256,0.9459864745165794,0.00825,1.0,29.05
45,original,26,20,0.845441460609436,0.9205679401993355,0.9573229999653974,0.01,1.0,28.6
45,original,27,20,0.845441460609436,0.8330642441860465,0.8949459781273176,0.009,1.0,17.95
45,original,28,20,0.845441460609436,0.5591237333887044,0.662409698620765,0.0095,0.0,302.0
45,permute_time,1,20,0.9486004710197449,0.9945145764119602,0.9972650709350055,0.0085,1.0,4.95
45,permute_time,2,20,0.9486004710197449,0.9892764950166113,0.9945741276818826,0.0075,1.0,11.75
45,permute_time,3,20,0.9486004710197449,0.5287335132890365,0.6235121876366786,0.00775,0.0,302.0
45,permute_time,4,20,0.9486004710197449,0.9343010797342193,0.9521714000284736,0.01075,1.0,2.0
45,permute_time,5,20,0.9486004710197449,0.5131049418604651,0.6191671540069711,0.00825,0.0,302.0
45,permute_time,6,20,0.9486004710197449,0.9980575166112957,0.9990903296152839,0.0065,1.0,1.0
45,permute_time,7,20,0.9486004710197449,0.9965646179401993,0.998359716104745,0.009,1.0,2.0
45,permute_time,8,20,0.9486004710197449,0.9699601744186046,0.985138124024482,0.0075,1.0,23.8
45,permute_time,9,20,0.9486004710197449,0.5431257890365448,0.6371648058012996,0.01075,0.0,302.0
45,permute_time,10,20,0.9486004710197449,0.9131311254152824,0.9540314948267428,0.01125,1.0,42.9
45,permute_time,11,20,0.9486004710197449,0.9812609634551495,0.9901125291043725,0.00875,1.0,9.3
45,permute_time,12,20,0.9486004710197449,0.7885503529900332,0.8682100374661688,0.0115,1.0,27.5
45,permute_time,13,20,0.9486004710197449,0.9463419850498339,0.973939186886514,0.00925,1.0,34.25
45,permute_time,14,20,0.9486004710197449,0.9952605481727574,0.9976356619643995,0.0085,1.0,4.3
45,permute_time,15,20,0.9486004710197449,0.5171754568106313,0.6162532219897486,0.011,0.0,302.0
45,permute_time,16,20,0.9486004710197449,0.5077857350498339,0.6049624895093242,0.011,0.0,302.0
45,permute_time,17,20,0.9486004710197449,0.9509256644518272,0.9764060940737646,0.00825,1.0,31.1
45,permute_time,18,20,0.9486004710197449,0.8757368978405315,0.9322461065591634,0.00625,1.0,61.9
45,permute_time,19,20,0.9486004710197449,0.9341462209302326,0.9651880796998004,0.00825,1.0,40.2
45,permute_time,20,20,0.9486004710197449,0.9372721137873754,0.9692352300143006,0.00625,1.0,41.0
45,permute_time,21,20,0.9486004710197449,0.5055266196013289,0.6028785114589679,0.00825,0.0,302.0
45,permute_time,22,20,0.9486004710197449,0.5662353612956811,0.656785445033453,0.01175,0.0,302.0
45,permute_time,23,20,0.9486004710197449,0.528381042358804,0.6256696283057206,0.00875,0.0,302.0
45,permute_time,24,20,0.9486004710197449,0.9706061669435216,0.9848859448789324,0.008,1.0,20.25
45,permute_time,25,20,0.9486004710197449,0.9040977782392027,0.9443409807052185,0.00925,1.0,35.55
45,permute_time,26,20,0.9486004710197449,0.9071130813953489,0.9501000885214237,0.00825,1.0,42.2
45,permute_time,27,20,0.9486004710197449,0.8260732558139535,0.8895152076711288,0.007,1.0,28.25
45,permute_time,28,20,0.9486004710197449,0.5488645141196014,0.6477385581942128,0.0115,0.05,298.4
45,keep_last_1,1,20,0.8869332075119019,0.9948212416943522,0.9974055822959246,0.0085,1.0,4.6
45,keep_last_1,2,20,0.8869332075119019,0.9902610465116279,0.994995836802779,0.00925,1.0,11.35
45,keep_last_1,3,20,0.8869332075119019,0.5346761212624584,0.6281254647640174,0.00825,0.0,302.0
45,keep_last_1,4,20,0.8869332075119019,0.8307335963455149,0.8551214480263143,0.0115,1.0,2.0
45,keep_last_1,5,20,0.8869332075119019,0.5037905107973422,0.6084471249603621,0.0115,0.05,287.0
45,keep_last_1,6,20,0.8869332075119019,0.9980160714285714,0.9990657886842383,0.00925,1.0,1.0
45,keep_last_1,7,20,0.8869332075119019,0.9966174418604651,0.9983647079180102,0.01025,1.0,2.0
45,keep_last_1,8,20,0.8869332075119019,0.9690431893687708,0.9847778413497336,0.01025,1.0,23.45
45,keep_last_1,9,20,0.8869332075119019,0.5467085548172758,0.6390918880549583,0.0115,0.0,302.0
45,keep_last_1,10,20,0.8869332075119019,0.9179303571428571,0.9567733410579301,0.01075,1.0,42.7
45,keep_last_1,11,20,0.8869332075119019,0.9730959509966778,0.9855210286965801,0.00875,1.0,8.6
45,keep_last_1,12,20,0.8869332075119019,0.7916434800664451,0.8716947292777429,0.0115,1.0,27.2
45,keep_last_1,13,20,0.8869332075119019,0.9475195182724252,0.974520673451935,0.009,1.0,33.9
45,keep_last_1,14,20,0.8869332075119019,0.9952542358803986,0.9976354341361747,0.0085,1.0,4.0
45,keep_last_1,15,20,0.8869332075119019,0.5091799626245848,0.6130347345431616,0.01175,0.0,302.0
45,keep_last_1,16,20,0.8869332075119019,0.5110638496677741,0.6091520284348773,0.012,0.0,302.0
45,keep_last_1,17,20,0.8869332075119019,0.9522512458471761,0.9769634122992242,0.007,1.0,30.85
45,keep_last_1,18,20,0.8869332075119019,0.8776997715946844,0.9332860096454725,0.0095,1.0,61.5
45,keep_last_1,19,20,0.8869332075119019,0.8943340531561462,0.9375426640895568,0.0075,1.0,38.15
45,keep_last_1,20,20,0.8869332075119019,0.9385031146179402,0.9697537530880466,0.00925,1.0,40.75
45,keep_last_1,21,20,0.8869332075119019,0.5007896387043189,0.5999584090762514,0.00975,0.0,302.0
45,keep_last_1,22,20,0.8869332075119019,0.5633649916943522,0.6534931959923606,0.013,0.0,302.0
45,keep_last_1,23,20,0.8869332075119019,0.5240025124584717,0.6171731139147534,0.01075,0.0,302.0
45,keep_last_1,24,20,0.8869332075119019,0.9615377491694352,0.9792129682520047,0.00975,1.0,17.55
45,keep_last_1,25,20,0.8869332075119019,0.8029724667774086,0.8695030697944146,0.00625,1.0,79.15
45,keep_last_1,26,20,0.8869332075119019,0.7497694144518272,0.8207434327394895,0.009,0.85,146.95
45,keep_last_1,27,20,0.8869332075119019,0.8166715531561461,0.8825912901177598,0.0085,1.0,23.45
45,keep_last_1,28,20,0.8869332075119019,0.5532786544850499,0.6541456991354189,0.0115,0.0,302.0
45,keep_last_5,1,20,0.8692194819450378,0.9948254983388705,0.9974141653382198,0.01125,1.0,4.45
45,keep_last_5,2,20,0.8692194819450378,0.990452865448505,0.9950639714840156,0.009,1.0,11.4
45,keep_last_5,3,20,0.8692194819450378,0.5386530938538207,0.6317049768991198,0.0085,0.0,302.0
45,keep_last_5,4,20,0.8692194819450378,0.9749094061461794,0.9828704749700701,0.01125,1.0,2.0
45,keep_last_5,5,20,0.8692194819450378,0.5010708264119601,0.6063165933840433,0.01275,0.05,287.0
45,keep_last_5,6,20,0.8692194819450378,0.9979873754152824,0.9990551935358181,0.0085,1.0,1.0
45,keep_last_5,7,20,0.8692194819450378,0.9966669019933555,0.9983824529561314,0.00925,1.0,2.0
45,keep_last_5,8,20,0.8692194819450378,0.9687121677740864,0.984608604456283,0.008,1.0,23.25
45,keep_last_5,9,20,0.8692194819450378,0.5418506644518273,0.6337413701928338,0.00975,0.0,302.0
45,keep_last_5,10,20,0.8692194819450378,0.9199314161129568,0.9579369283754214,0.01,1.0,42.4
45,keep_last_5,11,20,0.8692194819450378,0.9752510589700997,0.9868300083331444,0.008,1.0,8.7
45,keep_last_5,12,20,0.8692194819450378,0.787138849667774,0.8690857827067039,0.0115,1.0,29.4
45,keep_last_5,13,20,0.8692194819450378,0.9470431478405316,0.9743589820471941,0.01025,1.0,33.85
45,keep_last_5,14,20,0.8692194819450378,0.9952909053156146,0.9976703459468466,0.00925,1.0,3.95
45,keep_last_5,15,20,0.8692194819450378,0.508263434385382,0.6124592126723074,0.011,0.0,302.0
45,keep_last_5,16,20,0.8692194819450378,0.510093127076412,0.609777165425611,0.01025,0.0,302.0
45,keep_last_5,17,20,0.8692194819450378,0.9525983388704319,0.9771509812113403,0.00825,1.0,31.1
45,keep_last_5,18,20,0.8692194819450378,0.8796631436877076,0.9343166665973621,0.01075,1.0,60.9
45,keep_last_5,19,20,0.8692194819450378,0.927022549833887,0.9598248287096159,0.00875,1.0,31.0
45,keep_last_5,20,20,0.8692194819450378,0.9391584925249169,0.9700379664856126,0.00975,1.0,41.05
45,keep_last_5,21,20,0.8692194819450378,0.5027931478405315,0.6017056572571975,0.00975,0.0,302.0
45,keep_last_5,22,20,0.8692194819450378,0.5612333887043189,0.6514585788255889,0.012,0.0,302.0
45,keep_last_5,23,20,0.8692194819450378,0.5295364410299004,0.6212115329531732,0.011,0.0,302.0
45,keep_last_5,24,20,0.8692194819450378,0.9658868355481728,0.9820648669989218,0.01075,1.0,15.1
45,keep_last_5,25,20,0.8692194819450378,0.8491852159468438,0.9078550567429599,0.008,1.0,35.8
45,keep_last_5,26,20,0.8692194819450378,0.8577068936877077,0.9166279510953881,0.0105,1.0,37.65
45,keep_last_5,27,20,0.8692194819450378,0.8195152823920265,0.8848694865547371,0.008,1.0,23.2
45,keep_last_5,28,20,0.8692194819450378,0.5526870431893688,0.6564494658767548,0.00975,0.0,302.0
45,keep_last_10,1,20,0.8579121828079224,0.9948721760797342,0.9974277731822074,0.01025,1.0,4.55
45,keep_last_10,2,20,0.8579121828079224,0.9906416528239202,0.995145852079933,0.00925,1.0,11.1
45,keep_last_10,3,20,0.8579121828079224,0.5399139950166113,0.6329806594215633,0.009,0.0,302.0
45,keep_last_10,4,20,0.8579121828079224,0.9674048795681063,0.9772879010697032,0.01,1.0,2.0
45,keep_last_10,5,20,0.8579121828079224,0.5018503529900332,0.6059634090783309,0.0125,0.05,287.0
45,keep_last_10,6,20,0.8579121828079224,0.997996096345515,0.9990590337555257,0.00925,1.0,1.0
45,keep_last_10,7,20,0.8579121828079224,0.9966810215946844,0.998385989719232,0.011,1.0,2.0
45,keep_last_10,8,20,0.8579121828079224,0.9688130606312292,0.984685791458772,0.007,1.0,23.05
45,keep_last_10,9,20,0.8579121828079224,0.5406110257475083,0.6331997736070237,0.0105,0.0,302.0
45,keep_last_10,10,20,0.8579121828079224,0.9204886627906976,0.9583321792435306,0.0115,1.0,42.1
45,keep_last_10,11,20,0.8579121828079224,0.9784092400332226,0.9885887381960622,0.00775,1.0,8.7
45,keep_last_10,12,20,0.8579121828079224,0.7889740033222591,0.8704956159713253,0.01075,1.0,26.9
45,keep_last_10,13,20,0.8579121828079224,0.9471841362126245,0.9744013313292276,0.01075,1.0,33.75
45,keep_last_10,14,20,0.8579121828079224,0.995255107973422,0.9976628887395445,0.0095,1.0,3.95
45,keep_last_10,15,20,0.8579121828079224,0.5098445805647841,0.6141985934144335,0.00925,0.0,302.0
45,keep_last_10,16,20,0.8579121828079224,0.5096897217607973,0.6101609274683207,0.01175,0.0,302.0
45,keep_last_10,17,20,0.8579121828079224,0.9528188122923588,0.9772518492036593,0.00775,1.0,30.9
45,keep_last_10,18,20,0.8579121828079224,0.8794005813953488,0.9341175806506391,0.01025,1.0,60.45
45,keep_last_10,19,20,0.8579121828079224,0.9412282184385382,0.9684015201544893,0.00875,1.0,29.35
45,keep_last_10,20,20,0.8579121828079224,0.9395557101328904,0.9702011082263902,0.00925,1.0,41.1
45,keep_last_10,21,20,0.8579121828079224,0.5019672549833887,0.6008638351079091,0.01,0.0,302.0
45,keep_last_10,22,20,0.8579121828079224,0.5612931063122923,0.651582559061665,0.01225,0.0,302.0
45,keep_last_10,23,20,0.8579121828079224,0.5310512666112956,0.6235102460099733,0.01125,0.0,302.0
45,keep_last_10,24,20,0.8579121828079224,0.9680492524916944,0.9833911613198114,0.01175,1.0,15.05
45,keep_last_10,25,20,0.8579121828079224,0.8732046719269103,0.9256863148658483,0.0085,1.0,28.65
45,keep_last_10,26,20,0.8579121828079224,0.8918310008305648,0.9404120088809897,0.00875,1.0,29.6
45,keep_last_10,27,20,0.8579121828079224,0.823262603820598,0.8873092721798415,0.00825,1.0,21.4
45,keep_last_10,28,20,0.8579121828079224,0.5552487333887043,0.6585466833634194,0.00925,0.0,302.0
45,occlude_XMV_01,1,20,0.8858932852745056,0.9948960963455149,0.9974290474478852,0.00825,1.0,4.75
45,occlude_XMV_01,2,20,0.8858932852745056,0.9901561877076412,0.9949676087502805,0.0095,1.0,11.75
45,occlude_XMV_01,3,20,0.8858932852745056,0.5368767234219269,0.6283308652463454,0.01025,0.0,302.0
45,occlude_XMV_01,4,20,0.8858932852745056,0.9582602782392027,0.9701891861301056,0.00875,1.0,2.0
45,occlude_XMV_01,5,20,0.8858932852745056,0.5016894933554817,0.60597489403827,0.009,0.05,287.0
45,occlude_XMV_01,6,20,0.8858932852745056,0.9980501661129568,0.9990817218959007,0.0095,1.0,1.0
45,occlude_XMV_01,7,20,0.8858932852745056,0.9967180232558139,0.9984273421816214,0.00675,1.0,2.0
45,occlude_XMV_01,8,20,0.8858932852745056,0.9689993770764119,0.9846868558241484,0.00675,1.0,23.45
45,occlude_XMV_01,9,20,0.8858932852745056,0.535846303986711,0.6313275826151196,0.01075,0.0,302.0
45,occlude_XMV_01,10,20,0.8858932852745056,0.9157774086378737,0.9554669942241802,0.01525,1.0,40.95
45,occlude_XMV_01,11,20,0.8858932852745056,0.9792013704318937,0.9890167524269604,0.0085,1.0,8.8
45,occlude_XMV_01,12,20,0.8858932852745056,0.7763657392026578,0.8615083681730389,0.01,1.0,25.9
45,occlude_XMV_01,13,20,0.8858932852745056,0.9466203488372094,0.9740920697033837,0.0095,1.0,34.1
45,occlude_XMV_01,14,20,0.8858932852745056,0.9952406146179402,0.99764619810361,0.009,1.0,4.1
45,occlude_XMV_01,15,20,0.8858932852745056,0.5117797965116279,0.6156376327397939,0.00975,0.0,302.0
45,occlude_XMV_01,16,20,0.8858932852745056,0.5072722799003322,0.6064311717931513,0.0125,0.0,302.0
45,occlude_XMV_01,17,20,0.8858932852745056,0.9535555647840531,0.9775047312922568,0.0115,1.0,30.8
45,occlude_XMV_01,18,20,0.8858932852745056,0.8745819352159468,0.9313499728548056,0.01225,1.0,61.3
45,occlude_XMV_01,19,20,0.8858932852745056,0.9504607973421927,0.9735003749936773,0.0115,1.0,27.2
45,occlude_XMV_01,20,20,0.8858932852745056,0.9395163828903654,0.9701317708268367,0.00825,1.0,41.7
45,occlude_XMV_01,21,20,0.8858932852745056,0.5112200581395349,0.610840425987977,0.00725,0.0,302.0
45,occlude_XMV_01,22,20,0.8858932852745056,0.5544683347176079,0.6515999802962188,0.0095,0.0,302.0
45,occlude_XMV_01,23,20,0.8858932852745056,0.5299667358803987,0.6235766965768988,0.01125,0.05,287.4
45,occlude_XMV_01,24,20,0.8858932852745056,0.9057754983388704,0.9466179095953042,0.0095,1.0,22.0
45,occlude_XMV_01,25,20,0.8858932852745056,0.8968879568106313,0.9409723360553136,0.008,1.0,30.25
45,occlude_XMV_01,26,20,0.8858932852745056,0.914772446013289,0.9538292887228977,0.01,1.0,29.35
45,occlude_XMV_01,27,20,0.8858932852745056,0.8197100913621262,0.8846188790021834,0.00925,1.0,24.55
45,occlude_XMV_01,28,20,0.8858932852745056,0.5486067275747508,0.6504948147631471,0.01,0.0,302.0
45,occlude_XMV_02,1,20,0.902038037776947,0.9945959717607974,0.9972941606388156,0.01175,1.0,4.9
45,occlude_XMV_02,2,20,0.902038037776947,0.9900073089700997,0.9948480156704768,0.009,1.0,12.0
45,occlude_XMV_02,3,20,0.902038037776947,0.5381704734219269,0.6318078854271061,0.01025,0.0,302.0
45,occlude_XMV_02,4,20,0.902038037776947,0.9581216985049834,0.969617746393972,0.01025,1.0,2.0
45,occlude_XMV_02,5,20,0.902038037776947,0.49625870016611295,0.6008819146494321,0.01175,0.05,287.0
45,occlude_XMV_02,6,20,0.902038037776947,0.9980112956810632,0.9990680167642723,0.00925,1.0,1.0
45,occlude_XMV_02,7,20,0.902038037776947,0.9966391611295681,0.9983705706049972,0.01075,1.0,2.0
45,occlude_XMV_02,8,20,0.902038037776947,0.9678956395348837,0.9842402982060074,0.008,1.0,23.7
45,occlude_XMV_02,9,20,0.902038037776947,0.5373526162790697,0.6260641752984892,0.01175,0.0,302.0
45,occlude_XMV_02,10,20,0.902038037776947,0.9136476328903654,0.9538988341820845,0.02075,1.0,42.8
45,occlude_XMV_02,11,20,0.902038037776947,0.9790187292358804,0.9888564487310054,0.00925,1.0,8.9
45,occlude_XMV_02,12,20,0.902038037776947,0.7749250415282392,0.8596751362051422,0.0105,1.0,27.3
45,occlude_XMV_02,13,20,0.902038037776947,0.9463377491694352,0.9740642582230462,0.00825,1.0,33.9
45,occlude_XMV_02,14,20,0.902038037776947,0.9951482142857143,0.9975884164739668,0.01025,1.0,4.1
45,occlude_XMV_02,15,20,0.902038037776947,0.5054822882059801,0.6086923288554711,0.01225,0.0,302.0
45,occlude_XMV_02,16,20,0.902038037776947,0.5051102782392026,0.6072882719073924,0.01,0.0,302.0
45,occlude_XMV_02,17,20,0.902038037776947,0.9522894725913621,0.9768901823344766,0.014,1.0,31.0
45,occlude_XMV_02,18,20,0.902038037776947,0.8728524086378737,0.9300809249917832,0.01025,1.0,61.85
45,occlude_XMV_02,19,20,0.902038037776947,0.9479036337209302,0.9721897316009132,0.01025,1.0,28.05
45,occlude_XMV_02,20,20,0.902038037776947,0.9386161129568106,0.9696199807901288,0.00825,1.0,41.75
45,occlude_XMV_02,21,20,0.902038037776947,0.511697446013289,0.6138709616859865,0.007,0.0,302.0
45,occlude_XMV_02,22,20,0.902038037776947,0.5582797342192691,0.6484557719493393,0.0115,0.0,302.0
45,occlude_XMV_02,23,20,0.902038037776947,0.5237019310631229,0.6167905987230033,0.0165,0.05,287.45
45,occlude_XMV_02,24,20,0.902038037776947,0.9697164451827243,0.984341015489356,0.01275,1.0,15.25
45,occlude_XMV_02,25,20,0.902038037776947,0.6704640157807309,0.7666240628368712,0.00675,0.8,150.0
45,occlude_XMV_02,26,20,0.902038037776947,0.9116086378737541,0.9520822185293443,0.0085,1.0,29.75
45,occlude_XMV_02,27,20,0.902038037776947,0.8173248131229236,0.8805575030911119,0.012,1.0,27.2
45,occlude_XMV_02,28,20,0.902038037776947,0.5471044019933555,0.6477035737743096,0.014,0.05,300.9
45,occlude_XMV_03,1,20,0.8686203360557556,0.9949879983388704,0.9974808744030667,0.0085,1.0,4.45
45,occlude_XMV_03,2,20,0.8686203360557556,0.9904702657807309,0.9950682703295177,0.00875,1.0,11.15
45,occlude_XMV_03,3,20,0.8686203360557556,0.5383248754152824,0.6302054910100877,0.00825,0.0,302.0
45,occlude_XMV_03,4,20,0.8686203360557556,0.9582573297342193,0.9700234287342913,0.00875,1.0,2.0
45,occlude_XMV_03,5,20,0.8686203360557556,0.5009888496677741,0.606278992840841,0.0115,0.0,302.0
45,occlude_XMV_03,6,20,0.8686203360557556,0.9980631644518272,0.9990775310817805,0.00975,1.0,1.0
45,occlude_XMV_03,7,20,0.8686203360557556,0.9966343853820598,0.9983689966799251,0.01125,1.0,2.0
45,occlude_XMV_03,8,20,0.8686203360557556,0.9692873131229236,0.9849086947768754,0.00925,1.0,22.65
45,occlude_XMV_03,9,20,0.8686203360557556,0.5451655523255814,0.6388229191616818,0.012,0.0,302.0
45,occlude_XMV_03,10,20,0.8686203360557556,0.919430315614618,0.9576758117357066,0.0105,1.0,42.25
45,occlude_XMV_03,11,20,0.8686203360557556,0.9797118770764119,0.9893464829261737,0.0085,1.0,8.8
45,occlude_XMV_03,12,20,0.8686203360557556,0.7887221553156146,0.8706316521450985,0.01025,1.0,25.25
45,occlude_XMV_03,13,20,0.8686203360557556,0.9479127284053156,0.9746172337973924,0.01,1.0,33.7
45,occlude_XMV_03,14,20,0.8686203360557556,0.9953019102990033,0.9976862477216517,0.00975,1.0,3.95
45,occlude_XMV_03,15,20,0.8686203360557556,0.5113806893687708,0.6131399196406548,0.0145,0.0,302.0
45,occlude_XMV_03,16,20,0.8686203360557556,0.5118495016611295,0.6096408756625106,0.01025,0.0,302.0
45,occlude_XMV_03,17,20,0.8686203360557556,0.9532338662790698,0.9773574771546676,0.00925,1.0,31.0
45,occlude_XMV_03,18,20,0.8686203360557556,0.8790767026578074,0.9340423683778611,0.00975,1.0,60.0
45,occlude_XMV_03,19,20,0.8686203360557556,0.9529037583056479,0.9751073713466337,0.00875,1.0,27.5
45,occlude_XMV_03,20,20,0.8686203360557556,0.939080938538206,0.9699263400869131,0.0095,1.0,40.85
45,occlude_XMV_03,21,20,0.8686203360557556,0.4960771179401993,0.5952438355147752,0.012,0.0,302.0
45,occlude_XMV_03,22,20,0.8686203360557556,0.5610275747508305,0.6537816399794709,0.01075,0.0,302.0
45,occlude_XMV_03,23,20,0.8686203360557556,0.5141808970099668,0.6118593487400154,0.0095,0.0,302.0
45,occlude_XMV_03,24,20,0.8686203360557556,0.972231976744186,0.9857335015937352,0.01225,1.0,14.85
45,occlude_XMV_03,25,20,0.8686203360557556,0.9029079318936877,0.9448080120104926,0.006,1.0,29.15
45,occlude_XMV_03,26,20,0.8686203360557556,0.9189729858803987,0.9564349312285971,0.01025,1.0,29.3
45,occlude_XMV_03,27,20,0.8686203360557556,0.824838122923588,0.8889757346515218,0.009,1.0,18.45
45,occlude_XMV_03,28,20,0.8686203360557556,0.5562852159468439,0.6587841343421952,0.00925,0.0,302.0
45,occlude_XMV_04,1,20,0.863315999507904,0.9948998754152824,0.9974415899167386,0.00825,1.0,4.8
45,occlude_XMV_04,2,20,0.863315999507904,0.9903275332225914,0.9950212627939231,0.00975,1.0,11.25
45,occlude_XMV_04,3,20,0.863315999507904,0.5389043189368771,0.6306146167989132,0.009,0.0,302.0
45,occlude_XMV_04,4,20,0.863315999507904,0.960937915282392,0.9725714576709683,0.00775,1.0,2.0
45,occlude_XMV_04,5,20,0.863315999507904,0.4980101744186047,0.6037162407864562,0.01175,0.0,302.0
45,occlude_XMV_04,6,20,0.863315999507904,0.9979951827242525,0.999058875834523,0.0085,1.0,1.0
45,occlude_XMV_04,7,20,0.863315999507904,0.582038330564784,0.7033160491086065,0.0095,1.0,2.0
45,occlude_XMV_04,8,20,0.863315999507904,0.9684694975083057,0.9845063035609989,0.008,1.0,23.55
45,occlude_XMV_04,9,20,0.863315999507904,0.5416118355481727,0.6367187919454393,0.00925,0.0,302.0
45,occlude_XMV_04,10,20,0.863315999507904,0.919372238372093,0.957725412146434,0.011,1.0,42.6
45,occlude_XMV_04,11,20,0.863315999507904,0.979945992524917,0.9895356990602395,0.0085,1.0,8.75
45,occlude_XMV_04,12,20,0.863315999507904,0.7855668812292359,0.8680149853261397,0.0105,1.0,23.15
45,occlude_XMV_04,13,20,0.863315999507904,0.9476436669435216,0.9745526364040955,0.01075,1.0,33.85
45,occlude_XMV_04,14,20,0.863315999507904,0.9955019933554817,0.9977616559766818,0.008,1.0,3.85
45,occlude_XMV_04,15,20,0.863315999507904,0.5136530315614618,0.6169068512093859,0.0105,0.0,302.0
45,occlude_XMV_04,16,20,0.863315999507904,0.5051048588039867,0.605522038427922,0.012,0.0,302.0
45,occlude_XMV_04,17,20,0.863315999507904,0.9527591569767442,0.9772171787223733,0.00725,1.0,30.9
45,occlude_XMV_04,18,20,0.863315999507904,0.8769447674418605,0.9327875190858818,0.0085,1.0,61.0
45,occlude_XMV_04,19,20,0.863315999507904,0.9521459509966778,0.9747422969280795,0.00825,1.0,27.3
45,occlude_XMV_04,20,20,0.863315999507904,0.9395207433554817,0.9701468848457995,0.00875,1.0,41.0
45,occlude_XMV_04,21,20,0.863315999507904,0.4994531353820598,0.5982889717088363,0.011,0.0,302.0
45,occlude_XMV_04,22,20,0.863315999507904,0.5560013081395349,0.646111314595998,0.01275,0.0,302.0
45,occlude_XMV_04,23,20,0.863315999507904,0.5350392441860465,0.6282819244392199,0.011,0.0,302.0
45,occlude_XMV_04,24,20,0.863315999507904,0.9717652408637873,0.9855858746678741,0.008,1.0,15.1
45,occlude_XMV_04,25,20,0.863315999507904,0.8987616071428571,0.9422906402913779,0.008,1.0,28.7
45,occlude_XMV_04,26,20,0.863315999507904,0.5587333679401993,0.658423198040845,0.0115,0.15,275.7
45,occlude_XMV_04,27,20,0.863315999507904,0.8269031976744186,0.8898979698374277,0.01025,1.0,18.05
45,occlude_XMV_04,28,20,0.863315999507904,0.5498078280730897,0.6535219260805876,0.00975,0.0,302.0
45,occlude_XMV_05,1,20,0.845441460609436,0.9950419019933555,0.9975098706650242,0.01,1.0,4.4
45,occlude_XMV_05,2,20,0.845441460609436,0.9907769933554817,0.9952258879124547,0.0085,1.0,10.8
45,occlude_XMV_05,3,20,0.845441460609436,0.5424895141196013,0.6339631624814935,0.009,0.0,302.0
45,occlude_XMV_05,4,20,0.845441460609436,0.9637483803986711,0.9745045150216746,0.00975,1.0,2.0
45,occlude_XMV_05,5,20,0.845441460609436,0.5006136627906976,0.6057167526060577,0.0115,0.0,302.0
45,occlude_XMV_05,6,20,0.845441460609436,0.9979553986710964,0.999044369920558,0.0085,1.0,1.0
45,occlude_XMV_05,7,20,0.845441460609436,0.996640988372093,0.9983767622994084,0.01,1.0,2.0
45,occlude_XMV_05,8,20,0.845441460609436,0.9689607558139535,0.9847339205967169,0.007,1.0,22.75
45,occlude_XMV_05,9,20,0.845441460609436,0.5445666112956811,0.6388465407417568,0.0105,0.0,302.0
45,occlude_XMV_05,10,20,0.845441460609436,0.9214589285714285,0.9588495555287869,0.00975,1.0,42.25
45,occlude_XMV_05,11,20,0.845441460609436,0.9809042566445183,0.9899903658334476,0.0095,1.0,8.65
45,occlude_XMV_05,12,20,0.845441460609436,0.7946545473421927,0.874689881477104,0.0095,1.0,22.65
45,occlude_XMV_05,13,20,0.845441460609436,0.947693646179402,0.9746002391504575,0.01,1.0,33.7
45,occlude_XMV_05,14,20,0.845441460609436,0.9953485880398671,0.9977122101382772,0.008,1.0,3.85
45,occlude_XMV_05,15,20,0.845441460609436,0.5155019518272426,0.6196057284088096,0.01125,0.0,302.0
45,occlude_XMV_05,16,20,0.845441460609436,0.5088451204318937,0.6084821360944539,0.012,0.0,302.0
45,occlude_XMV_05,17,20,0.845441460609436,0.9527898255813954,0.9772403923173034,0.0085,1.0,30.7
45,occlude_XMV_05,18,20,0.845441460609436,0.8811969476744186,0.9352974625394701,0.01,1.0,60.05
45,occlude_XMV_05,19,20,0.845441460609436,0.9540115448504983,0.9758153153366167,0.009,1.0,26.7
45,occlude_XMV_05,20,20,0.845441460609436,0.939454422757475,0.970128231984342,0.01075,1.0,41.0
45,occlude_XMV_05,21,20,0.845441460609436,0.5023449335548172,0.6007096500891514,0.00975,0.0,302.0
45,occlude_XMV_05,22,20,0.845441460609436,0.5614498754152824,0.6531687464531204,0.01225,0.0,302.0
45,occlude_XMV_05,23,20,0.845441460609436,0.5356838247508305,0.6285449295853928,0.01,0.0,302.0
45,occlude_XMV_05,24,20,0.845441460609436,0.9734254568106312,0.9863832641623769,0.01,1.0,15.05
45,occlude_XMV_05,25,20,0.845441460609436,0.9044997093023256,0.9459864745165794,0.00825,1.0,29.05
45,occlude_XMV_05,26,20,0.845441460609436,0.9205679401993355,0.9573229999653974,0.01,1.0,28.6
45,occlude_XMV_05,27,20,0.845441460609436,0.8330642441860465,0.8949459781273176,0.009,1.0,17.95
45,occlude_XMV_05,28,20,0.845441460609436,0.5591237333887044,0.662409698620765,0.0095,0.0,302.0
45,occlude_XMV_06,1,20,0.8745670318603516,0.9949945598006644,0.9974708592995604,0.0105,1.0,4.5
45,occlude_XMV_06,2,20,0.8745670318603516,0.9907272840531561,0.9952081171204028,0.009,1.0,10.85
45,occlude_XMV_06,3,20,0.8745670318603516,0.5400424833887043,0.6334299155904008,0.00825,0.0,302.0
45,occlude_XMV_06,4,20,0.8745670318603516,0.9518064368770764,0.9648322469375223,0.011,1.0,2.0
45,occlude_XMV_06,5,20,0.8745670318603516,0.5053302533222591,0.60902313652182,0.0115,0.0,302.0
45,occlude_XMV_06,6,20,0.8745670318603516,0.9979815199335548,0.9990553558181088,0.00875,1.0,1.0
45,occlude_XMV_06,7,20,0.8745670318603516,0.9965754568106312,0.9983557855089137,0.01025,1.0,2.0
45,occlude_XMV_06,8,20,0.8745670318603516,0.9686039867109635,0.984538418063197,0.009,1.0,23.0
45,occlude_XMV_06,9,20,0.8745670318603516,0.5476652408637874,0.6411822906456298,0.011,0.0,302.0
45,occlude_XMV_06,10,20,0.8745670318603516,0.9186279485049834,0.9572887542231006,0.00875,1.0,42.6
45,occlude_XMV_06,11,20,0.8745670318603516,0.9809744393687707,0.9900748181934945,0.0105,1.0,8.75
45,occlude_XMV_06,12,20,0.8745670318603516,0.7996337624584717,0.8776298957592352,0.01,1.0,27.65
45,occlude_XMV_06,13,20,0.8745670318603516,0.9480612126245848,0.9747590143918088,0.01025,1.0,33.6
45,occlude_XMV_06,14,20,0.8745670318603516,0.9952871677740864,0.9976776563316139,0.00925,1.0,3.95
45,occlude_XMV_06,15,20,0.8745670318603516,0.5140338247508306,0.6178737429678178,0.01225,0.0,302.0
45,occlude_XMV_06,16,20,0.8745670318603516,0.5068917358803987,0.6074459272261682,0.01,0.0,302.0
45,occlude_XMV_06,17,20,0.8745670318603516,0.9518889950166113,0.9768223815161328,0.0085,1.0,30.95
45,occlude_XMV_06,18,20,0.8745670318603516,0.8792572051495017,0.9341092531031925,0.01025,1.0,61.0
45,occlude_XMV_06,19,20,0.8745670318603516,0.9531929817275747,0.9753271773727046,0.009,1.0,27.1
45,occlude_XMV_06,20,20,0.8745670318603516,0.9390191860465116,0.9699483678129397,0.0085,1.0,40.95
45,occlude_XMV_06,21,20,0.8745670318603516,0.49913500830564783,0.5982824339003779,0.01025,0.0,302.0
45,occlude_XMV_06,22,20,0.8745670318603516,0.567231457641196,0.6568474045377252,0.0105,0.0,302.0
45,occlude_XMV_06,23,20,0.8745670318603516,0.5338774294019933,0.6263356849903404,0.01175,0.0,302.0
45,occlude_XMV_06,24,20,0.8745670318603516,0.9746728405315614,0.9871224817055635,0.009,1.0,15.05
45,occlude_XMV_06,25,20,0.8745670318603516,0.9005192898671096,0.9430952831977893,0.011,1.0,28.7
45,occlude_XMV_06,26,20,0.8745670318603516,0.9206977574750831,0.9572604755153733,0.008,1.0,29.5
45,occlude_XMV_06,27,20,0.8745670318603516,0.8333322259136212,0.894596441250567,0.0085,1.0,21.4
45,occlude_XMV_06,28,20,0.8745670318603516,0.5602843438538206,0.6615639415841865,0.00975,0.0,302.0
45,occlude_XMV_07,1,20,0.8463615775108337,0.9950199543189369,0.9974979644557359,0.00875,1.0,4.4
45,occlude_XMV_07,2,20,0.8463615775108337,0.9906016611295682,0.9951412952333524,0.00925,1.0,10.8
45,occlude_XMV_07,3,20,0.8463615775108337,0.5430272009966778,0.6336733932851721,0.01,0.0,302.0
45,occlude_XMV_07,4,20,0.8463615775108337,0.9625151370431894,0.9735232298745193,0.0095,1.0,2.0
45,occlude_XMV_07,5,20,0.8463615775108337,0.5012196013289036,0.6059126417138406,0.01125,0.05,287.0
45,occlude_XMV_07,6,20,0.8463615775108337,0.9979639119601329,0.9990475784765129,0.00875,1.0,1.0
45,occlude_XMV_07,7,20,0.8463615775108337,0.9966827657807309,0.9983929470434301,0.0105,1.0,2.0
45,occlude_XMV_07,8,20,0.8463615775108337,0.9686716777408638,0.9845747943210715,0.00775,1.0,22.85
45,occlude_XMV_07,9,20,0.8463615775108337,0.5450654900332226,0.6384942824545784,0.012,0.0,302.0
45,occlude_XMV_07,10,20,0.8463615775108337,0.920539742524917,0.9583210256915243,0.011,1.0,41.55
45,occlude_XMV_07,11,20,0.8463615775108337,0.9810833471760797,0.9901251294162339,0.009,1.0,8.65
45,occlude_XMV_07,12,20,0.8463615775108337,0.7942871054817275,0.8746665123271288,0.01,1.0,23.9
45,occlude_XMV_07,13,20,0.8463615775108337,0.9476207641196013,0.9745456690049599,0.01125,1.0,33.5
45,occlude_XMV_07,14,20,0.8463615775108337,0.9953558554817276,0.9977178546587749,0.00925,1.0,3.85
45,occlude_XMV_07,15,20,0.8463615775108337,0.514649584717608,0.6190203515282843,0.01125,0.0,302.0
45,occlude_XMV_07,16,20,0.8463615775108337,0.5091922965116279,0.6086539741367605,0.01175,0.0,302.0
45,occlude_XMV_07,17,20,0.8463615775108337,0.9529779485049834,0.9773200757232304,0.0075,1.0,30.8
45,occlude_XMV_07,18,20,0.8463615775108337,0.8814893687707641,0.9353836450701579,0.0095,1.0,60.1
45,occlude_XMV_07,19,20,0.8463615775108337,0.8843312292358804,0.9356259834724405,0.0095,1.0,40.2
45,occlude_XMV_07,20,20,0.8463615775108337,0.9388634551495016,0.9696860220846628,0.0115,1.0,41.0
45,occlude_XMV_07,21,20,0.8463615775108337,0.5022876453488372,0.6005575828092256,0.01075,0.0,302.0
45,occlude_XMV_07,22,20,0.8463615775108337,0.561111773255814,0.6528043132224228,0.01225,0.0,302.0
45,occlude_XMV_07,23,20,0.8463615775108337,0.5356650747508306,0.6285458818222003,0.01025,0.0,302.0
45,occlude_XMV_07,24,20,0.8463615775108337,0.9733356312292358,0.9863551775483439,0.0115,1.0,15.0
45,occlude_XMV_07,25,20,0.8463615775108337,0.9035627491694352,0.9454165271841857,0.01,1.0,28.85
45,occlude_XMV_07,26,20,0.8463615775108337,0.9202513704318936,0.957167891407583,0.01075,1.0,28.1
45,occlude_XMV_07,27,20,0.8463615775108337,0.8331236295681063,0.8948696573793425,0.00975,1.0,19.65
45,occlude_XMV_07,28,20,0.8463615775108337,0.5592111710963455,0.6628391086018964,0.01075,0.0,302.0
45,occlude_XMV_08,1,20,0.8461249470710754,0.9950233388704319,0.997500943745583,0.00875,1.0,4.3
45,occlude_XMV_08,2,20,0.8461249470710754,0.9907358803986711,0.9952121652450087,0.0085,1.0,10.9
45,occlude_XMV_08,3,20,0.8461249470710754,0.5424257059800665,0.6343922557476255,0.00875,0.0,302.0
45,occlude_XMV_08,4,20,0.8461249470710754,0.9631104443521594,0.9740796536051275,0.01,1.0,2.0
45,occlude_XMV_08,5,20,0.8461249470710754,0.5009971553156146,0.6060209141745655,0.0105,0.0,302.0
45,occlude_XMV_08,6,20,0.8461249470710754,0.9979973006644518,0.9990598591670061,0.0085,1.0,1.0
45,occlude_XMV_08,7,20,0.8461249470710754,0.9966954318936877,0.9983933846727432,0.0105,1.0,2.0
45,occlude_XMV_08,8,20,0.8461249470710754,0.9687146179401993,0.984596626661785,0.0065,1.0,22.95
45,occlude_XMV_08,9,20,0.8461249470710754,0.5448481519933555,0.6392276396215039,0.0115,0.0,302.0
45,occlude_XMV_08,10,20,0.8461249470710754,0.9214552948504984,0.9588535378829965,0.0105,1.0,42.45
45,occlude_XMV_08,11,20,0.8461249470710754,0.980834842192691,0.9899415386702374,0.00925,1.0,8.65
45,occlude_XMV_08,12,20,0.8461249470710754,0.7948903239202658,0.8749399724177847,0.009,1.0,25.05
45,occlude_XMV_08,13,20,0.8461249470710754,0.9476393272425249,0.9745723319471065,0.0095,1.0,33.6
45,occlude_XMV_08,14,20,0.8461249470710754,0.9953766611295681,0.9977240237439756,0.00775,1.0,3.95
45,occlude_XMV_08,15,20,0.8461249470710754,0.515215884551495,0.6193197433661946,0.01075,0.0,302.0
45,occlude_XMV_08,16,20,0.8461249470710754,0.5089897425249169,0.6087615527924558,0.01125,0.0,302.0
45,occlude_XMV_08,17,20,0.8461249470710754,0.9527971137873754,0.9772345777735327,0.00825,1.0,30.75
45,occlude_XMV_08,18,20,0.8461249470710754,0.8805871677740864,0.9349193498732459,0.00975,1.0,60.5
45,occlude_XMV_08,19,20,0.8461249470710754,0.8810545681063123,0.9335793591356335,0.00875,1.0,33.05
45,occlude_XMV_08,20,20,0.8461249470710754,0.9393514327242525,0.9700831158053285,0.00975,1.0,41.1
45,occlude_XMV_08,21,20,0.8461249470710754,0.5017038205980067,0.6006103232531921,0.00925,0.0,302.0
45,occlude_XMV_08,22,20,0.8461249470710754,0.5621857350498339,0.6531227620957866,0.012,0.0,302.0
45,occlude_XMV_08,23,20,0.8461249470710754,0.5354654069767442,0.6284691960907891,0.00925,0.0,302.0
45,occlude_XMV_08,24,20,0.8461249470710754,0.9732462624584718,0.986292791413482,0.01,1.0,15.05
45,occlude_XMV_08,25,20,0.8461249470710754,0.9042103820598006,0.9457598605293683,0.008,1.0,29.2
45,occlude_XMV_08,26,20,0.8461249470710754,0.9207214285714286,0.957389742295383,0.01,1.0,28.6
45,occlude_XMV_08,27,20,0.8461249470710754,0.8330471760797342,0.8950366422812035,0.00825,1.0,18.35
45,occlude_XMV_08,28,20,0.8461249470710754,0.5588842815614617,0.6621323776810564,0.00825,0.0,302.0
45,occlude_XMV_09,1,20,0.845441460609436,0.9950419019933555,0.9975098706650242,0.01,1.0,4.4
45,occlude_XMV_09,2,20,0.845441460609436,0.9907769933554817,0.9952258879124547,0.0085,1.0,10.8
45,occlude_XMV_09,3,20,0.845441460609436,0.5424895141196013,0.6339631624814935,0.009,0.0,302.0
45,occlude_XMV_09,4,20,0.845441460609436,0.9637483803986711,0.9745045150216746,0.00975,1.0,2.0
45,occlude_XMV_09,5,20,0.845441460609436,0.5006136627906976,0.6057167526060577,0.0115,0.0,302.0
45,occlude_XMV_09,6,20,0.845441460609436,0.9979553986710964,0.999044369920558,0.0085,1.0,1.0
45,occlude_XMV_09,7,20,0.845441460609436,0.996640988372093,0.9983767622994084,0.01,1.0,2.0
45,occlude_XMV_09,8,20,0.845441460609436,0.9689607558139535,0.9847339205967169,0.007,1.0,22.75
45,occlude_XMV_09,9,20,0.845441460609436,0.5445666112956811,0.6388465407417568,0.0105,0.0,302.0
45,occlude_XMV_09,10,20,0.845441460609436,0.9214589285714285,0.9588495555287869,0.00975,1.0,42.25
45,occlude_XMV_09,11,20,0.845441460609436,0.9809042566445183,0.9899903658334476,0.0095,1.0,8.65
45,occlude_XMV_09,12,20,0.845441460609436,0.7946545473421927,0.874689881477104,0.0095,1.0,22.65
45,occlude_XMV_09,13,20,0.845441460609436,0.947693646179402,0.9746002391504575,0.01,1.0,33.7
45,occlude_XMV_09,14,20,0.845441460609436,0.9953485880398671,0.9977122101382772,0.008,1.0,3.85
45,occlude_XMV_09,15,20,0.845441460609436,0.5155019518272426,0.6196057284088096,0.01125,0.0,302.0
45,occlude_XMV_09,16,20,0.845441460609436,0.5088451204318937,0.6084821360944539,0.012,0.0,302.0
45,occlude_XMV_09,17,20,0.845441460609436,0.9527898255813954,0.9772403923173034,0.0085,1.0,30.7
45,occlude_XMV_09,18,20,0.845441460609436,0.8811969476744186,0.9352974625394701,0.01,1.0,60.05
45,occlude_XMV_09,19,20,0.845441460609436,0.9540115448504983,0.9758153153366167,0.009,1.0,26.7
45,occlude_XMV_09,20,20,0.845441460609436,0.939454422757475,0.970128231984342,0.01075,1.0,41.0
45,occlude_XMV_09,21,20,0.845441460609436,0.5023449335548172,0.6007096500891514,0.00975,0.0,302.0
45,occlude_XMV_09,22,20,0.845441460609436,0.5614498754152824,0.6531687464531204,0.01225,0.0,302.0
45,occlude_XMV_09,23,20,0.845441460609436,0.5356838247508305,0.6285449295853928,0.01,0.0,302.0
45,occlude_XMV_09,24,20,0.845441460609436,0.9734254568106312,0.9863832641623769,0.01,1.0,15.05
45,occlude_XMV_09,25,20,0.845441460609436,0.9044997093023256,0.9459864745165794,0.00825,1.0,29.05
45,occlude_XMV_09,26,20,0.845441460609436,0.9205679401993355,0.9573229999653974,0.01,1.0,28.6
45,occlude_XMV_09,27,20,0.845441460609436,0.8330642441860465,0.8949459781273176,0.009,1.0,17.95
45,occlude_XMV_09,28,20,0.845441460609436,0.5591237333887044,0.662409698620765,0.0095,0.0,302.0
45,occlude_XMV_10,1,20,0.8451933860778809,0.9950274501661129,0.9975004136282437,0.0085,1.0,4.3
45,occlude_XMV_10,2,20,0.8451933860778809,0.9907025124584717,0.995194199131071,0.009,1.0,10.8
45,occlude_XMV_10,3,20,0.8451933860778809,0.5425696220930233,0.6341498751529749,0.00825,0.0,302.0
45,occlude_XMV_10,4,20,0.8451933860778809,0.5175377491694352,0.6294145766733941,0.0095,1.0,2.0
45,occlude_XMV_10,5,20,0.8451933860778809,0.5007725083056478,0.6058263884591544,0.01225,0.05,287.0
45,occlude_XMV_10,6,20,0.8451933860778809,0.9979658637873754,0.9990481894379177,0.008,1.0,1.0
45,occlude_XMV_10,7,20,0.8451933860778809,0.9966242524916944,0.998366533677839,0.00975,1.0,2.0
45,occlude_XMV_10,8,20,0.8451933860778809,0.968837915282392,0.9846703069995968,0.0075,1.0,22.75
45,occlude_XMV_10,9,20,0.8451933860778809,0.5443807931893687,0.6382502233726306,0.01175,0.0,302.0
45,occlude_XMV_10,10,20,0.8451933860778809,0.9215863787375416,0.9589210492495225,0.01,1.0,42.35
45,occlude_XMV_10,11,20,0.8451933860778809,0.951415053986711,0.9735462563498912,0.0095,1.0,8.8
45,occlude_XMV_10,12,20,0.8451933860778809,0.7951564161129568,0.8749375639948024,0.0105,1.0,24.25
45,occlude_XMV_10,13,20,0.8451933860778809,0.9476751661129568,0.9745836262020684,0.01025,1.0,33.7
45,occlude_XMV_10,14,20,0.8451933860778809,0.9951457641196013,0.9975800194784906,0.0085,1.0,4.05
45,occlude_XMV_10,15,20,0.8451933860778809,0.5152403654485049,0.6195343259201574,0.0105,0.0,302.0
45,occlude_XMV_10,16,20,0.8451933860778809,0.5089558970099668,0.608806790545742,0.0115,0.0,302.0
45,occlude_XMV_10,17,20,0.8451933860778809,0.9529352990033223,0.9773049240975127,0.008,1.0,30.85
45,occlude_XMV_10,18,20,0.8451933860778809,0.8808617109634551,0.9351425269328557,0.00975,1.0,59.75
45,occlude_XMV_10,19,20,0.8451933860778809,0.9544533014950166,0.9760400375669752,0.00875,1.0,26.7
45,occlude_XMV_10,20,20,0.8451933860778809,0.9396687915282392,0.9702178057310765,0.011,1.0,41.0
45,occlude_XMV_10,21,20,0.8451933860778809,0.5021805647840532,0.6003393787106376,0.01,0.0,302.0
45,occlude_XMV_10,22,20,0.8451933860778809,0.5612013704318937,0.6532277227551737,0.012,0.0,302.0
45,occlude_XMV_10,23,20,0.8451933860778809,0.5354662167774087,0.6285937437243062,0.009,0.0,302.0
45,occlude_XMV_10,24,20,0.8451933860778809,0.9733267857142858,0.9863285176229426,0.01,1.0,15.05
45,occlude_XMV_10,25,20,0.8451933860778809,0.9044771594684385,0.945860998799013,0.0085,1.0,28.05
45,occlude_XMV_10,26,20,0.8451933860778809,0.920415261627907,0.9572324831233655,0.00975,1.0,28.6
45,occlude_XMV_10,27,20,0.8451933860778809,0.7958483181063123,0.8714599578155005,0.00925,1.0,22.65
45,occlude_XMV_10,28,20,0.8451933860778809,0.5590179609634551,0.6623712784879545,0.01075,0.0,302.0
45,occlude_XMV_11,1,20,0.8444687128067017,0.99502603820598,0.9974992177960339,0.00875,1.0,4.4
45,occlude_XMV_11,2,20,0.8444687128067017,0.9908267026578073,0.9952524527975805,0.0095,1.0,10.7
45,occlude_XMV_11,3,20,0.8444687128067017,0.5430942483388704,0.6339248073771765,0.00925,0.0,302.0
45,occlude_XMV_11,4,20,0.8444687128067017,0.9636514742524916,0.9744244060927114,0.01,1.0,2.0
45,occlude_XMV_11,5,20,0.8444687128067017,0.5001316860465116,0.6055335935159923,0.01175,0.05,287.0
45,occlude_XMV_11,6,20,0.8444687128067017,0.9979558970099668,0.9990439876924582,0.008,1.0,1.0
45,occlude_XMV_11,7,20,0.8444687128067017,0.9966455980066445,0.998375287381935,0.0105,1.0,2.0
45,occlude_XMV_11,8,20,0.8444687128067017,0.9688512043189369,0.9846910821555901,0.007,1.0,22.85
45,occlude_XMV_11,9,20,0.8444687128067017,0.5444921926910299,0.6380497241887169,0.0115,0.0,302.0
45,occlude_XMV_11,10,20,0.8444687128067017,0.9214524294019933,0.9588601751240099,0.0105,1.0,41.7
45,occlude_XMV_11,11,20,0.8444687128067017,0.9809558347176079,0.9900379860653037,0.0095,1.0,8.65
45,occlude_XMV_11,12,20,0.8444687128067017,0.7944193521594685,0.8746062907118285,0.00975,1.0,22.85
45,occlude_XMV_11,13,20,0.8444687128067017,0.9477451204318937,0.9746230547104534,0.00975,1.0,33.7
45,occlude_XMV_11,14,20,0.8444687128067017,0.9953606312292359,0.9977187113023975,0.00775,1.0,3.85
45,occlude_XMV_11,15,20,0.8444687128067017,0.5153203280730897,0.618873739613455,0.01075,0.0,302.0
45,occlude_XMV_11,16,20,0.8444687128067017,0.5087938330564784,0.6091771084371241,0.01125,0.0,302.0
45,occlude_XMV_11,17,20,0.8444687128067017,0.9528100290697674,0.9772149052326168,0.009,1.0,30.8
45,occlude_XMV_11,18,20,0.8444687128067017,0.8813775332225914,0.9355063303940224,0.01,1.0,59.65
45,occlude_XMV_11,19,20,0.8444687128067017,0.9539808970099668,0.9757988059910999,0.00925,1.0,26.9
45,occlude_XMV_11,20,20,0.8444687128067017,0.9393044019933555,0.9700631472503655,0.01125,1.0,41.0
45,occlude_XMV_11,21,20,0.8444687128067017,0.5007840323920266,0.5996555967636713,0.01,0.0,302.0
45,occlude_XMV_11,22,20,0.8444687128067017,0.5627407807308971,0.6540367720373738,0.0115,0.0,302.0
45,occlude_XMV_11,23,20,0.8444687128067017,0.5365638081395349,0.6288068392122766,0.01025,0.0,302.0
45,occlude_XMV_11,24,20,0.8444687128067017,0.9732563330564784,0.9862815777901043,0.0115,1.0,15.05
45,occlude_XMV_11,25,20,0.8444687128067017,0.9050295473421927,0.9462654851925502,0.00825,1.0,29.1
45,occlude_XMV_11,26,20,0.8444687128067017,0.9206539867109634,0.9573730171243844,0.009,1.0,28.6
45,occlude_XMV_11,27,20,0.8444687128067017,0.8332906561461794,0.8949631382366159,0.009,1.0,17.15
45,occlude_XMV_11,28,20,0.8444687128067017,0.5589800456810631,0.6625231676134925,0.00825,0.0,302.0
46,original,1,20,0.8465240597724915,0.9952463870431894,0.9976134653165623,0.00975,1.0,4.05
46,original,2,20,0.8465240597724915,0.9905171511627907,0.9951476925018229,0.0095,1.0,10.2
46,original,3,20,0.8465240597724915,0.5452817898671096,0.6354919040269659,0.00975,0.0,302.0
46,original,4,20,0.8465240597724915,0.9766724252491694,0.9837427305784875,0.0105,1.0,2.0
46,original,5,20,0.8465240597724915,0.5011724044850498,0.6062131167695718,0.01,0.0,302.0
46,original,6,20,0.8465240597724915,0.997984634551495,0.9990578482963844,0.00925,1.0,1.0
46,original,7,20,0.8465240597724915,0.996690365448505,0.9983899315191876,0.01175,1.0,2.0
46,original,8,20,0.8465240597724915,0.9695984634551496,0.9850933078899735,0.0095,1.0,22.85
46,original,9,20,0.8465240597724915,0.5435752491694352,0.6383396334346886,0.01275,0.0,302.0
46,original,10,20,0.8465240597724915,0.923210568936877,0.9596207570658851,0.01125,1.0,41.65
46,original,11,20,0.8465240597724915,0.9824344061461794,0.9908795838918287,0.00825,1.0,8.35
46,original,12,20,0.8465240597724915,0.8029352159468438,0.8800314933533525,0.01125,1.0,25.2
46,original,13,20,0.8465240597724915,0.9477892857142857,0.9746389297372915,0.01125,1.0,33.7
46,original,14,20,0.8465240597724915,0.9956656976744186,0.997849755012782,0.0095,1.0,3.75
46,original,15,20,0.8465240597724915,0.5122161337209302,0.6159625027773169,0.01175,0.0,302.0
46,original,16,20,0.8465240597724915,0.5141187084717608,0.6140962232550335,0.00975,0.0,302.0
46,original,17,20,0.8465240597724915,0.9526912375415283,0.9772149537686164,0.008,1.0,30.75
46,original,18,20,0.8465240597724915,0.8856800041528239,0.9379143755589737,0.01075,1.0,62.25
46,original,19,20,0.8465240597724915,0.9542154900332226,0.9755953682323235,0.00975,1.0,27.7
46,original,20,20,0.8465240597724915,0.9394400332225914,0.9702826747183746,0.009,1.0,40.7
46,original,21,20,0.8465240597724915,0.4984669850498339,0.5975427313288815,0.01025,0.0,302.0
46,original,22,20,0.8465240597724915,0.5675300664451828,0.656049473409075,0.01075,0.0,302.0
46,original,23,20,0.8465240597724915,0.5355757059800664,0.6278469803772752,0.0095,0.0,302.0
46,original,24,20,0.8465240597724915,0.9718053571428571,0.9854357087539475,0.011,1.0,14.95
46,original,25,20,0.8465240597724915,0.8932264742524917,0.9375149328330558,0.00775,1.0,31.2
46,original,26,20,0.8465240597724915,0.9239101951827242,0.959121884148731,0.01025,1.0,29.75
46,original,27,20,0.8465240597724915,0.8750355689368771,0.9227458907556545,0.01,1.0,16.1
46,original,28,20,0.8465240597724915,0.5562675249169435,0.6607830869573832,0.009,0.0,302.0
46,permute_time,1,20,0.9281718730926514,0.9948921303986711,0.997445458795817,0.00975,1.0,4.55
46,permute_time,2,20,0.9281718730926514,0.9891363372093023,0.9945258009912602,0.0085,1.0,12.4
46,permute_time,3,20,0.9281718730926514,0.5288147217607974,0.623298528607088,0.00825,0.0,302.0
46,permute_time,4,20,0.9281718730926514,0.9503886004983388,0.9642070071247634,0.01225,1.0,2.0
46,permute_time,5,20,0.9281718730926514,0.5083454734219269,0.6147552278271811,0.00825,0.0,302.0
46,permute_time,6,20,0.9281718730926514,0.9981054401993356,0.9991092570202142,0.008,1.0,1.0
46,permute_time,7,20,0.9281718730926514,0.9966279485049834,0.9983659650827277,0.009,1.0,2.0
46,permute_time,8,20,0.9281718730926514,0.9707958471760797,0.985549648994153,0.00775,1.0,23.55
46,permute_time,9,20,0.9281718730926514,0.545181457641196,0.6399079721161656,0.01,0.0,302.0
46,permute_time,10,20,0.9281718730926514,0.9179923172757475,0.9563217800417112,0.012,1.0,42.1
46,permute_time,11,20,0.9281718730926514,0.9820326827242525,0.9904931440135746,0.007,1.0,8.9
46,permute_time,12,20,0.9281718730926514,0.7980831187707641,0.8748031799352632,0.0095,1.0,29.8
46,permute_time,13,20,0.9281718730926514,0.946406665282392,0.9740025020396644,0.00975,1.0,34.35
46,permute_time,14,20,0.9281718730926514,0.9954329318936878,0.9977400488413186,0.007,1.0,3.85
46,permute_time,15,20,0.9281718730926514,0.516130523255814,0.6180867343821552,0.01025,0.0,302.0
46,permute_time,16,20,0.9281718730926514,0.5106961378737541,0.610238057842026,0.00775,0.0,302.0
46,permute_time,17,20,0.9281718730926514,0.9511887250830565,0.9765756381947641,0.0105,1.0,30.85
46,permute_time,18,20,0.9281718730926514,0.8787669435215947,0.9339216268908405,0.00725,1.0,63.55
46,permute_time,19,20,0.9281718730926514,0.9325631644518273,0.9642356900657948,0.008,1.0,38.9
46,permute_time,20,20,0.9281718730926514,0.9380247715946843,0.9697144203396846,0.009,1.0,40.95
46,permute_time,21,20,0.9281718730926514,0.5037523255813954,0.6014716891524654,0.01,0.0,302.0
46,permute_time,22,20,0.9281718730926514,0.5702703488372093,0.6592678500056672,0.01175,0.0,302.0
46,permute_time,23,20,0.9281718730926514,0.52948176910299,0.625129411336847,0.008,0.0,302.0
46,permute_time,24,20,0.9281718730926514,0.9693774294019933,0.9840089790463235,0.0105,1.0,19.65
46,permute_time,25,20,0.9281718730926514,0.8836986710963455,0.929410201538173,0.00875,1.0,44.35
46,permute_time,26,20,0.9281718730926514,0.9089631021594684,0.951190709852833,0.00775,1.0,42.85
46,permute_time,27,20,0.9281718730926514,0.8494951827242525,0.9050112725406324,0.00875,1.0,22.7
46,permute_time,28,20,0.9281718730926514,0.551591715116279,0.6506292920708867,0.0105,0.05,296.0
46,keep_last_1,1,20,0.8807269930839539,0.99509323089701,0.9975428364784096,0.01075,1.0,4.2
46,keep_last_1,2,20,0.8807269930839539,0.9899753737541528,0.9949186466942154,0.0095,1.0,11.1
46,keep_last_1,3,20,0.8807269930839539,0.5407707225913622,0.632711818193402,0.0075,0.0,302.0
46,keep_last_1,4,20,0.8807269930839539,0.8682412167774086,0.8846739407882611,0.0125,1.0,2.0
46,keep_last_1,5,20,0.8807269930839539,0.5015710132890365,0.6070908863314898,0.01125,0.05,287.0
46,keep_last_1,6,20,0.8807269930839539,0.9980208056478406,0.9990745915435644,0.00875,1.0,1.0
46,keep_last_1,7,20,0.8807269930839539,0.9964719684385382,0.9982687631522856,0.0115,1.0,2.0
46,keep_last_1,8,20,0.8807269930839539,0.9696826619601329,0.9851357715181752,0.01025,1.0,23.35
46,keep_last_1,9,20,0.8807269930839539,0.5475502491694352,0.6395843771890815,0.01175,0.0,302.0
46,keep_last_1,10,20,0.8807269930839539,0.9200249169435216,0.9577854166685684,0.011,1.0,42.0
46,keep_last_1,11,20,0.8807269930839539,0.9784646179401993,0.988538943389244,0.00875,1.0,8.65
46,keep_last_1,12,20,0.8807269930839539,0.7981224044850498,0.875931454362058,0.01175,1.0,25.65
46,keep_last_1,13,20,0.8807269930839539,0.9472119186046511,0.974403808694948,0.009,1.0,33.85
46,keep_last_1,14,20,0.8807269930839539,0.9955583887043189,0.997803770952345,0.01075,1.0,3.9
46,keep_last_1,15,20,0.8807269930839539,0.5069825166112957,0.6107947813921077,0.01225,0.0,302.0
46,keep_last_1,16,20,0.8807269930839539,0.5106618147840531,0.6087973000120316,0.0115,0.0,302.0
46,keep_last_1,17,20,0.8807269930839539,0.9526068936877077,0.9771067009073344,0.00925,1.0,30.65
46,keep_last_1,18,20,0.8807269930839539,0.8817733181063123,0.9355854718993465,0.01,1.0,63.45
46,keep_last_1,19,20,0.8807269930839539,0.9047209094684385,0.9440068194704893,0.0085,1.0,36.15
46,keep_last_1,20,20,0.8807269930839539,0.9386269933554817,0.9698803272517574,0.008,1.0,40.65
46,keep_last_1,21,20,0.8807269930839539,0.5013263496677741,0.599949008101244,0.011,0.0,302.0
46,keep_last_1,22,20,0.8807269930839539,0.5692347799003322,0.6562218907232097,0.013,0.0,302.0
46,keep_last_1,23,20,0.8807269930839539,0.5247346553156146,0.6168567919525754,0.01075,0.0,302.0
46,keep_last_1,24,20,0.8807269930839539,0.9642290490033223,0.9808838120799636,0.00975,1.0,17.2
46,keep_last_1,25,20,0.8807269930839539,0.8188142441860465,0.8816773474724341,0.007,1.0,60.55
46,keep_last_1,26,20,0.8807269930839539,0.7808445182724253,0.8520861313752579,0.00875,1.0,94.9
46,keep_last_1,27,20,0.8807269930839539,0.8463394102990033,0.9027293498517471,0.00975,1.0,19.1
46,keep_last_1,28,20,0.8807269930839539,0.5515198504983388,0.6534675035450753,0.0135,0.0,302.0
46,keep_last_5,1,20,0.8622564673423767,0.9952081810631229,0.9976017201414713,0.01175,1.0,4.25
46,keep_last_5,2,20,0.8622564673423767,0.9902529485049834,0.9950405263646553,0.009,1.0,10.6
46,keep_last_5,3,20,0.8622564673423767,0.542592130398671,0.633960167114335,0.00825,0.0,302.0
46,keep_last_5,4,20,0.8622564673423767,0.9451334717607973,0.9575890620089683,0.0125,1.0,2.0
46,keep_last_5,5,20,0.8622564673423767,0.4999277408637874,0.6060026442240665,0.0115,0.05,287.0
46,keep_last_5,6,20,0.8622564673423767,0.9980063122923588,0.9990650403078961,0.0075,1.0,1.0
46,keep_last_5,7,20,0.8622564673423767,0.996668438538206,0.9983813140349497,0.0115,1.0,2.0
46,keep_last_5,8,20,0.8622564673423767,0.9697463455149502,0.9851706967668667,0.0085,1.0,22.95
46,keep_last_5,9,20,0.8622564673423767,0.5437681893687708,0.6360465672590833,0.01225,0.0,302.0
46,keep_last_5,10,20,0.8622564673423767,0.9222000415282392,0.9590568618357124,0.01125,1.0,41.65
46,keep_last_5,11,20,0.8622564673423767,0.9804674418604651,0.9897179303487906,0.0075,1.0,8.55
46,keep_last_5,12,20,0.8622564673423767,0.7988291735880398,0.8766043098737403,0.01125,1.0,25.6
46,keep_last_5,13,20,0.8622564673423767,0.9472154069767442,0.9744279406037101,0.009,1.0,33.75
46,keep_last_5,14,20,0.8622564673423767,0.995599584717608,0.9978255276006709,0.009,1.0,3.8
46,keep_last_5,15,20,0.8622564673423767,0.5079573504983389,0.611818269121934,0.01075,0.0,302.0
46,keep_last_5,16,20,0.8622564673423767,0.5119389327242525,0.6112378118950655,0.01025,0.0,302.0
46,keep_last_5,17,20,0.8622564673423767,0.952780938538206,0.977236301787635,0.007,1.0,30.7
46,keep_last_5,18,20,0.8622564673423767,0.8845308554817276,0.9372342494613575,0.01,1.0,62.95
46,keep_last_5,19,20,0.8622564673423767,0.9288325166112957,0.9598634746952982,0.011,1.0,31.35
46,keep_last_5,20,20,0.8622564673423767,0.939065573089701,0.9700060504108895,0.00875,1.0,40.85
46,keep_last_5,21,20,0.8622564673423767,0.5018074750830565,0.6005037877518675,0.01125,0.0,302.0
46,keep_last_5,22,20,0.8622564673423767,0.5670855481727575,0.6539347155477948,0.01125,0.0,302.0
46,keep_last_5,23,20,0.8622564673423767,0.5301012873754153,0.6217112707879353,0.00925,0.0,302.0
46,keep_last_5,24,20,0.8622564673423767,0.9682772009966777,0.9833955394775249,0.00925,1.0,14.95
46,keep_last_5,25,20,0.8622564673423767,0.8485538413621262,0.9060973217406746,0.00625,1.0,35.25
46,keep_last_5,26,20,0.8622564673423767,0.8693804817275748,0.9249828049493252,0.01,1.0,36.6
46,keep_last_5,27,20,0.8622564673423767,0.8581654069767441,0.9111883845193254,0.009,1.0,17.0
46,keep_last_5,28,20,0.8622564673423767,0.551756457641196,0.6549765997716189,0.01125,0.0,302.0
46,keep_last_10,1,20,0.8541405200958252,0.9952082225913621,0.9975962241760502,0.01025,1.0,4.2
46,keep_last_10,2,20,0.8541405200958252,0.9903859634551495,0.9950909461058807,0.0085,1.0,10.5
46,keep_last_10,3,20,0.8541405200958252,0.5439130398671096,0.6348714683178035,0.00775,0.0,302.0
46,keep_last_10,4,20,0.8541405200958252,0.9577736295681063,0.9689835392298622,0.01175,1.0,2.0
46,keep_last_10,5,20,0.8541405200958252,0.5001671926910299,0.6054252889266208,0.01125,0.05,287.0
46,keep_last_10,6,20,0.8541405200958252,0.9979957641196013,0.9990607620753742,0.00825,1.0,1.0
46,keep_last_10,7,20,0.8541405200958252,0.9966404485049833,0.9983717612106208,0.0115,1.0,2.0
46,keep_last_10,8,20,0.8541405200958252,0.9696884136212625,0.985128048111342,0.009,1.0,22.95
46,keep_last_10,9,20,0.8541405200958252,0.543512811461794,0.6360367404137292,0.01425,0.0,302.0
46,keep_last_10,10,20,0.8541405200958252,0.9229474667774087,0.9595451120367497,0.0115,1.0,41.8
46,keep_last_10,11,20,0.8541405200958252,0.9814700166112956,0.9902741721041834,0.009,1.0,8.55
46,keep_last_10,12,20,0.8541405200958252,0.799774792358804,0.8773917453230242,0.00975,1.0,25.75
46,keep_last_10,13,20,0.8541405200958252,0.947412292358804,0.9745093673210676,0.0095,1.0,33.6
46,keep_last_10,14,20,0.8541405200958252,0.9956255398671097,0.9978313465958485,0.008,1.0,3.75
46,keep_last_10,15,20,0.8541405200958252,0.5102384136212624,0.6131622395577079,0.01125,0.0,302.0
46,keep_last_10,16,20,0.8541405200958252,0.513265676910299,0.6131100013580197,0.00925,0.0,302.0
46,keep_last_10,17,20,0.8541405200958252,0.9527576827242525,0.9772628004220196,0.00825,1.0,30.8
46,keep_last_10,18,20,0.8541405200958252,0.8860083056478405,0.9381074939926135,0.008,1.0,62.75
46,keep_last_10,19,20,0.8541405200958252,0.9408604858803987,0.9674591176906435,0.0095,1.0,29.15
46,keep_last_10,20,20,0.8541405200958252,0.9393642649501661,0.9702012107451933,0.00925,1.0,40.85
46,keep_last_10,21,20,0.8541405200958252,0.5001444559800664,0.5987855735110309,0.01125,0.0,302.0
46,keep_last_10,22,20,0.8541405200958252,0.5680208264119602,0.655009310413357,0.0115,0.0,302.0
46,keep_last_10,23,20,0.8541405200958252,0.5324884136212624,0.6247274092831001,0.009,0.0,302.0
46,keep_last_10,24,20,0.8541405200958252,0.9693605897009967,0.9840751016778213,0.00925,1.0,14.9
46,keep_last_10,25,20,0.8541405200958252,0.8670273255813954,0.9194123823350804,0.00825,1.0,31.4
46,keep_last_10,26,20,0.8541405200958252,0.8932404485049834,0.9409299723380351,0.0115,1.0,32.95
46,keep_last_10,27,20,0.8541405200958252,0.8637975705980067,0.9148808680744932,0.0095,1.0,16.5
46,keep_last_10,28,20,0.8541405200958252,0.5538346760797342,0.6575354391092508,0.01075,0.0,302.0
46,occlude_XMV_01,1,20,0.8819507956504822,0.9951479235880398,0.997553600479686,0.0095,1.0,4.55
46,occlude_XMV_01,2,20,0.8819507956504822,0.9898766403654485,0.994878268525123,0.009,1.0,11.2
46,occlude_XMV_01,3,20,0.8819507956504822,0.5367339493355482,0.6266468397853158,0.0115,0.0,302.0
46,occlude_XMV_01,4,20,0.8819507956504822,0.9729307724252492,0.980592056718882,0.00775,1.0,2.0
46,occlude_XMV_01,5,20,0.8819507956504822,0.49963365863787373,0.6047813404036197,0.00825,0.05,287.0
46,occlude_XMV_01,6,20,0.8819507956504822,0.9980224252491694,0.999070631137376,0.0075,1.0,1.0
46,occlude_XMV_01,7,20,0.8819507956504822,0.9967238372093024,0.9984163416364917,0.008,1.0,2.0
46,occlude_XMV_01,8,20,0.8819507956504822,0.9698716362126246,0.9851595231610782,0.009,1.0,23.4
46,occlude_XMV_01,9,20,0.8819507956504822,0.5364079318936877,0.6329186095454599,0.011,0.0,302.0
46,occlude_XMV_01,10,20,0.8819507956504822,0.9176480066445183,0.9561688509265316,0.016,1.0,41.9
46,occlude_XMV_01,11,20,0.8819507956504822,0.9814349252491694,0.9902769695120653,0.007,1.0,8.6
46,occlude_XMV_01,12,20,0.8819507956504822,0.7861070598006644,0.8677975188556363,0.00925,1.0,28.1
46,occlude_XMV_01,13,20,0.8819507956504822,0.9468988787375415,0.9741737752330755,0.0095,1.0,34.15
46,occlude_XMV_01,14,20,0.8819507956504822,0.9956392857142857,0.9978348523599035,0.00825,1.0,3.85
46,occlude_XMV_01,15,20,0.8819507956504822,0.5113335963455149,0.6140635298181276,0.00975,0.0,302.0
46,occlude_XMV_01,16,20,0.8819507956504822,0.5094409883720931,0.609263214790705,0.01125,0.0,302.0
46,occlude_XMV_01,17,20,0.8819507956504822,0.9533010174418605,0.9773914655340571,0.01225,1.0,30.4
46,occlude_XMV_01,18,20,0.8819507956504822,0.8795041320598007,0.9343322132647002,0.0105,1.0,62.85
46,occlude_XMV_01,19,20,0.8819507956504822,0.9512338662790698,0.9736813689370362,0.01175,1.0,28.75
46,occlude_XMV_01,20,20,0.8819507956504822,0.9402738372093024,0.9706310295800765,0.01025,1.0,41.45
46,occlude_XMV_01,21,20,0.8819507956504822,0.5065829111295681,0.6056836524514418,0.008,0.0,302.0
46,occlude_XMV_01,22,20,0.8819507956504822,0.5593826411960133,0.6532977129698754,0.0095,0.0,302.0
46,occlude_XMV_01,23,20,0.8819507956504822,0.528363434385382,0.6218534720758502,0.01025,0.0,302.0
46,occlude_XMV_01,24,20,0.8819507956504822,0.9170484842192691,0.9533014091630493,0.00975,1.0,22.7
46,occlude_XMV_01,25,20,0.8819507956504822,0.8858966985049834,0.9326324963364807,0.007,1.0,35.6
46,occlude_XMV_01,26,20,0.8819507956504822,0.9208736295681064,0.9572440870175393,0.01,1.0,30.55
46,occlude_XMV_01,27,20,0.8819507956504822,0.8617927325581395,0.9137490427138382,0.00925,1.0,18.9
46,occlude_XMV_01,28,20,0.8819507956504822,0.548768127076412,0.6494146015730916,0.012,0.0,302.0
46,occlude_XMV_02,1,20,0.8906073570251465,0.9949953488372093,0.9974969456761683,0.0115,1.0,4.3
46,occlude_XMV_02,2,20,0.8906073570251465,0.9900520764119601,0.9949244057990687,0.009,1.0,11.05
46,occlude_XMV_02,3,20,0.8906073570251465,0.5426922549833887,0.6347360896263815,0.00925,0.0,302.0
46,occlude_XMV_02,4,20,0.8906073570251465,0.9688985672757475,0.9774679801700991,0.0115,1.0,2.0
46,occlude_XMV_02,5,20,0.8906073570251465,0.49868363787375414,0.6043143102531283,0.00975,0.0,302.0
46,occlude_XMV_02,6,20,0.8906073570251465,0.9980373754152824,0.9990805502334064,0.008,1.0,1.0
46,occlude_XMV_02,7,20,0.8906073570251465,0.9966613579734219,0.9983766912371889,0.01125,1.0,2.0
46,occlude_XMV_02,8,20,0.8906073570251465,0.9692510174418605,0.9849331146964593,0.00825,1.0,23.5
46,occlude_XMV_02,9,20,0.8906073570251465,0.5393286337209302,0.6284098570158796,0.013,0.0,302.0
46,occlude_XMV_02,10,20,0.8906073570251465,0.9182194975083057,0.9564353222389953,0.014,1.0,41.35
46,occlude_XMV_02,11,20,0.8906073570251465,0.9815311046511628,0.990324921797731,0.007,1.0,8.7
46,occlude_XMV_02,12,20,0.8906073570251465,0.786012707641196,0.8675190338279682,0.0095,1.0,26.0
46,occlude_XMV_02,13,20,0.8906073570251465,0.9468042358803986,0.9742687311862726,0.00925,1.0,33.95
46,occlude_XMV_02,14,20,0.8906073570251465,0.9955800664451827,0.9978149044543109,0.00825,1.0,3.9
46,occlude_XMV_02,15,20,0.8906073570251465,0.5029230481727575,0.6070035824587974,0.011,0.0,302.0
46,occlude_XMV_02,16,20,0.8906073570251465,0.5087341569767442,0.6107439150789522,0.01025,0.0,302.0
46,occlude_XMV_02,17,20,0.8906073570251465,0.9528591569767442,0.9771759282677117,0.00975,1.0,30.7
46,occlude_XMV_02,18,20,0.8906073570251465,0.8785930232558139,0.9336833843404759,0.009,1.0,63.7
46,occlude_XMV_02,19,20,0.8906073570251465,0.9482675456810631,0.9720514898037651,0.00925,1.0,28.05
46,occlude_XMV_02,20,20,0.8906073570251465,0.9393046926910299,0.9701463900610201,0.0075,1.0,41.45
46,occlude_XMV_02,21,20,0.8906073570251465,0.5099626245847176,0.6097171580685062,0.00825,0.0,302.0
46,occlude_XMV_02,22,20,0.8906073570251465,0.5646286752491695,0.6512718821695443,0.0115,0.0,302.0
46,occlude_XMV_02,23,20,0.8906073570251465,0.5219184177740864,0.613565969671699,0.013,0.0,302.0
46,occlude_XMV_02,24,20,0.8906073570251465,0.9684463247508306,0.9836180898282877,0.01125,1.0,15.25
46,occlude_XMV_02,25,20,0.8906073570251465,0.6749278239202657,0.7708033690908699,0.0065,0.75,152.6
46,occlude_XMV_02,26,20,0.8906073570251465,0.9174339285714286,0.9553097898481437,0.009,1.0,29.8
46,occlude_XMV_02,27,20,0.8906073570251465,0.86477551910299,0.9146841785990789,0.009,1.0,19.55
46,occlude_XMV_02,28,20,0.8906073570251465,0.5459734219269103,0.6497574052575353,0.01125,0.0,302.0
46,occlude_XMV_03,1,20,0.8660207390785217,0.9952401993355482,0.9976134942482158,0.0095,1.0,4.3
46,occlude_XMV_03,2,20,0.8660207390785217,0.9902755398671096,0.9950228421877576,0.0095,1.0,10.5
46,occlude_XMV_03,3,20,0.8660207390785217,0.542322134551495,0.6326965848626148,0.0105,0.0,302.0
46,occlude_XMV_03,4,20,0.8660207390785217,0.9734830149501661,0.9811178249834064,0.01025,1.0,2.0
46,occlude_XMV_03,5,20,0.8660207390785217,0.5001284260797342,0.6056916397298152,0.00975,0.0,302.0
46,occlude_XMV_03,6,20,0.8660207390785217,0.9981050249169435,0.9990966236241218,0.00925,1.0,1.0
46,occlude_XMV_03,7,20,0.8660207390785217,0.9966410714285714,0.9983696757467931,0.012,1.0,2.0
46,occlude_XMV_03,8,20,0.8660207390785217,0.9697529900332226,0.9851649220188956,0.0115,1.0,22.95
46,occlude_XMV_03,9,20,0.8660207390785217,0.5452038621262458,0.6388324076141566,0.0115,0.0,302.0
46,occlude_XMV_03,10,20,0.8660207390785217,0.9210357765780731,0.958311788445848,0.01125,1.0,41.9
46,occlude_XMV_03,11,20,0.8660207390785217,0.9817551910299004,0.9905224020407564,0.0085,1.0,8.35
46,occlude_XMV_03,12,20,0.8660207390785217,0.7980410506644519,0.8764378423736222,0.01075,1.0,26.25
46,occlude_XMV_03,13,20,0.8660207390785217,0.9480828073089701,0.9747092734245264,0.0095,1.0,33.7
46,occlude_XMV_03,14,20,0.8660207390785217,0.9955219684385382,0.9977897945080787,0.00925,1.0,3.8
46,occlude_XMV_03,15,20,0.8660207390785217,0.5069729858803986,0.6096615526511822,0.01375,0.0,302.0
46,occlude_XMV_03,16,20,0.8660207390785217,0.5163905938538206,0.6141448384563089,0.01,0.0,302.0
46,occlude_XMV_03,17,20,0.8660207390785217,0.9530875207641196,0.9773167306336508,0.0075,1.0,30.75
46,occlude_XMV_03,18,20,0.8660207390785217,0.8843272632890365,0.9371040753644357,0.009,1.0,62.75
46,occlude_XMV_03,19,20,0.8660207390785217,0.9533531561461794,0.9750140664741805,0.00925,1.0,28.05
46,occlude_XMV_03,20,20,0.8660207390785217,0.939175207641196,0.9701418838414391,0.00975,1.0,40.7
46,occlude_XMV_03,21,20,0.8660207390785217,0.49403949335548175,0.5943738003288598,0.013,0.0,302.0
46,occlude_XMV_03,22,20,0.8660207390785217,0.5670511835548173,0.6568284674085368,0.011,0.0,302.0
46,occlude_XMV_03,23,20,0.8660207390785217,0.5181247300664452,0.6142888742789373,0.00875,0.0,302.0
46,occlude_XMV_03,24,20,0.8660207390785217,0.9706420888704319,0.9847946181405618,0.01125,1.0,14.65
46,occlude_XMV_03,25,20,0.8660207390785217,0.8899669019933555,0.9352676474188549,0.00725,1.0,33.1
46,occlude_XMV_03,26,20,0.8660207390785217,0.9225871470099668,0.9583342198919208,0.01175,1.0,29.75
46,occlude_XMV_03,27,20,0.8660207390785217,0.8685966569767442,0.9186865086483449,0.01025,1.0,14.6
46,occlude_XMV_03,28,20,0.8660207390785217,0.5532789036544851,0.6568522275034903,0.00975,0.0,302.0
46,occlude_XMV_04,1,20,0.8635958433151245,0.9950845930232558,0.9975360488895405,0.0105,1.0,4.3
46,occlude_XMV_04,2,20,0.8635958433151245,0.9900443521594684,0.9949480367983431,0.00925,1.0,10.75
46,occlude_XMV_04,3,20,0.8635958433151245,0.5418691029900332,0.6330729888271636,0.009,0.0,302.0
46,occlude_XMV_04,4,20,0.8635958433151245,0.9738303779069768,0.981772958654823,0.00975,1.0,2.0
46,occlude_XMV_04,5,20,0.8635958433151245,0.49884273255813955,0.6050367055948632,0.0095,0.0,302.0
46,occlude_XMV_04,6,20,0.8635958433151245,0.998015988372093,0.9990680103074281,0.0085,1.0,1.0
46,occlude_XMV_04,7,20,0.8635958433151245,0.5990339700996677,0.7201529548083084,0.01275,1.0,2.0
46,occlude_XMV_04,8,20,0.8635958433151245,0.9689829318936877,0.9848083844676602,0.00975,1.0,23.4
46,occlude_XMV_04,9,20,0.8635958433151245,0.5417450996677741,0.6368879547663371,0.01025,0.0,302.0
46,occlude_XMV_04,10,20,0.8635958433151245,0.9218303156146179,0.9589018910771901,0.00925,1.0,41.95
46,occlude_XMV_04,11,20,0.8635958433151245,0.981625726744186,0.9904569768381327,0.00825,1.0,8.4
46,occlude_XMV_04,12,20,0.8635958433151245,0.7961231727574751,0.8749475797113846,0.0095,1.0,25.2
46,occlude_XMV_04,13,20,0.8635958433151245,0.9474100913621263,0.9744584110445015,0.01025,1.0,33.85
46,occlude_XMV_04,14,20,0.8635958433151245,0.9958016611295681,0.9979078473737588,0.00875,1.0,3.9
46,occlude_XMV_04,15,20,0.8635958433151245,0.5098965531561461,0.6142606861485802,0.01175,0.0,302.0
46,occlude_XMV_04,16,20,0.8635958433151245,0.5096889327242525,0.6091124065873283,0.0105,0.0,302.0
46,occlude_XMV_04,17,20,0.8635958433151245,0.9527491071428571,0.9772391551114612,0.00875,1.0,30.75
46,occlude_XMV_04,18,20,0.8635958433151245,0.8828597176079734,0.9361975681451262,0.008,1.0,63.05
46,occlude_XMV_04,19,20,0.8635958433151245,0.9520769102990033,0.9743225351620544,0.00825,1.0,27.95
46,occlude_XMV_04,20,20,0.8635958433151245,0.9395107558139535,0.9702743254450293,0.0065,1.0,41.3
46,occlude_XMV_04,21,20,0.8635958433151245,0.49588106312292357,0.5958978597177021,0.0115,0.0,302.0
46,occlude_XMV_04,22,20,0.8635958433151245,0.5627959717607973,0.6487714909375493,0.01325,0.0,302.0
46,occlude_XMV_04,23,20,0.8635958433151245,0.5338293604651163,0.6261825211027615,0.0095,0.0,302.0
46,occlude_XMV_04,24,20,0.8635958433151245,0.9706088870431894,0.9848132642861933,0.00925,1.0,15.25
46,occlude_XMV_04,25,20,0.8635958433151245,0.8878267649501661,0.9340771720000282,0.0055,1.0,32.15
46,occlude_XMV_04,26,20,0.8635958433151245,0.5596524916943522,0.6577041771143843,0.0095,0.1,284.0
46,occlude_XMV_04,27,20,0.8635958433151245,0.8707012458471761,0.9192514927656036,0.011,1.0,15.65
46,occlude_XMV_04,28,20,0.8635958433151245,0.5512455149501662,0.6547323634118537,0.0105,0.0,302.0
46,occlude_XMV_05,1,20,0.8465240597724915,0.9952463870431894,0.9976134653165623,0.00975,1.0,4.05
46,occlude_XMV_05,2,20,0.8465240597724915,0.9905171511627907,0.9951476925018229,0.0095,1.0,10.2
46,occlude_XMV_05,3,20,0.8465240597724915,0.5452817898671096,0.6354919040269659,0.00975,0.0,302.0
46,occlude_XMV_05,4,20,0.8465240597724915,0.9766724252491694,0.9837427305784875,0.0105,1.0,2.0
46,occlude_XMV_05,5,20,0.8465240597724915,0.5011724044850498,0.6062131167695718,0.01,0.0,302.0
46,occlude_XMV_05,6,20,0.8465240597724915,0.997984634551495,0.9990578482963844,0.00925,1.0,1.0
46,occlude_XMV_05,7,20,0.8465240597724915,0.996690365448505,0.9983899315191876,0.01175,1.0,2.0
46,occlude_XMV_05,8,20,0.8465240597724915,0.9695984634551496,0.9850933078899735,0.0095,1.0,22.85
46,occlude_XMV_05,9,20,0.8465240597724915,0.5435752491694352,0.6383396334346886,0.01275,0.0,302.0
46,occlude_XMV_05,10,20,0.8465240597724915,0.923210568936877,0.9596207570658851,0.01125,1.0,41.65
46,occlude_XMV_05,11,20,0.8465240597724915,0.9824344061461794,0.9908795838918287,0.00825,1.0,8.35
46,occlude_XMV_05,12,20,0.8465240597724915,0.8029352159468438,0.8800314933533525,0.01125,1.0,25.2
46,occlude_XMV_05,13,20,0.8465240597724915,0.9477892857142857,0.9746389297372915,0.01125,1.0,33.7
46,occlude_XMV_05,14,20,0.8465240597724915,0.9956656976744186,0.997849755012782,0.0095,1.0,3.75
46,occlude_XMV_05,15,20,0.8465240597724915,0.5122161337209302,0.6159625027773169,0.01175,0.0,302.0
46,occlude_XMV_05,16,20,0.8465240597724915,0.5141187084717608,0.6140962232550335,0.00975,0.0,302.0
46,occlude_XMV_05,17,20,0.8465240597724915,0.9526912375415283,0.9772149537686164,0.008,1.0,30.75
46,occlude_XMV_05,18,20,0.8465240597724915,0.8856800041528239,0.9379143755589737,0.01075,1.0,62.25
46,occlude_XMV_05,19,20,0.8465240597724915,0.9542154900332226,0.9755953682323235,0.00975,1.0,27.7
46,occlude_XMV_05,20,20,0.8465240597724915,0.9394400332225914,0.9702826747183746,0.009,1.0,40.7
46,occlude_XMV_05,21,20,0.8465240597724915,0.4984669850498339,0.5975427313288815,0.01025,0.0,302.0
46,occlude_XMV_05,22,20,0.8465240597724915,0.5675300664451828,0.656049473409075,0.01075,0.0,302.0
46,occlude_XMV_05,23,20,0.8465240597724915,0.5355757059800664,0.6278469803772752,0.0095,0.0,302.0
46,occlude_XMV_05,24,20,0.8465240597724915,0.9718053571428571,0.9854357087539475,0.011,1.0,14.95
46,occlude_XMV_05,25,20,0.8465240597724915,0.8932264742524917,0.9375149328330558,0.00775,1.0,31.2
46,occlude_XMV_05,26,20,0.8465240597724915,0.9239101951827242,0.959121884148731,0.01025,1.0,29.75
46,occlude_XMV_05,27,20,0.8465240597724915,0.8750355689368771,0.9227458907556545,0.01,1.0,16.1
46,occlude_XMV_05,28,20,0.8465240597724915,0.5562675249169435,0.6607830869573832,0.009,0.0,302.0
46,occlude_XMV_06,1,20,0.8669602274894714,0.9951983388704319,0.9975821597777699,0.01125,1.0,4.15
46,occlude_XMV_06,2,20,0.8669602274894714,0.9903419019933555,0.9950600141768763,0.0085,1.0,10.75
46,occlude_XMV_06,3,20,0.8669602274894714,0.545191403654485,0.6363184564047178,0.00875,0.0,302.0
46,occlude_XMV_06,4,20,0.8669602274894714,0.97236198089701,0.9801273619964648,0.013,1.0,2.0
46,occlude_XMV_06,5,20,0.8669602274894714,0.504383284883721,0.6085596269222027,0.01075,0.0,302.0
46,occlude_XMV_06,6,20,0.8669602274894714,0.9979816860465116,0.9990581598178015,0.0095,1.0,1.0
46,occlude_XMV_06,7,20,0.8669602274894714,0.9966590531561462,0.9983750951069498,0.012,1.0,2.0
46,occlude_XMV_06,8,20,0.8669602274894714,0.9694423588039867,0.9849888793674771,0.00975,1.0,23.25
46,occlude_XMV_06,9,20,0.8669602274894714,0.5463863372093023,0.6405069940125258,0.01325,0.0,302.0
46,occlude_XMV_06,10,20,0.8669602274894714,0.9206595722591362,0.9582602681327818,0.011,1.0,42.0
46,occlude_XMV_06,11,20,0.8669602274894714,0.982202657807309,0.9907376305387782,0.01,1.0,8.55
46,occlude_XMV_06,12,20,0.8669602274894714,0.8036906976744186,0.8799453446560647,0.01025,1.0,25.4
46,occlude_XMV_06,13,20,0.8669602274894714,0.9478096760797342,0.9746476216026203,0.01,1.0,33.8
46,occlude_XMV_06,14,20,0.8669602274894714,0.9956901162790698,0.9978722013107358,0.009,1.0,3.85
46,occlude_XMV_06,15,20,0.8669602274894714,0.5131864410299003,0.6172663133219122,0.01175,0.0,302.0
46,occlude_XMV_06,16,20,0.8669602274894714,0.5114961378737541,0.6120555087709137,0.01125,0.0,302.0
46,occlude_XMV_06,17,20,0.8669602274894714,0.9518766196013289,0.9768223132693997,0.00775,1.0,30.75
46,occlude_XMV_06,18,20,0.8669602274894714,0.8840823089700997,0.937112794970125,0.00825,1.0,62.75
46,occlude_XMV_06,19,20,0.8669602274894714,0.9532352574750831,0.9750074987515618,0.009,1.0,28.25
46,occlude_XMV_06,20,20,0.8669602274894714,0.9392436877076412,0.9701575917553851,0.00825,1.0,40.45
46,occlude_XMV_06,21,20,0.8669602274894714,0.4970008928571429,0.5963005079018596,0.0125,0.0,302.0
46,occlude_XMV_06,22,20,0.8669602274894714,0.5737377284053156,0.6607669757154879,0.01175,0.0,302.0
46,occlude_XMV_06,23,20,0.8669602274894714,0.5352063745847176,0.627366585832026,0.01025,0.0,302.0
46,occlude_XMV_06,24,20,0.8669602274894714,0.973008596345515,0.986153005396215,0.0105,1.0,14.95
46,occlude_XMV_06,25,20,0.8669602274894714,0.8900298588039867,0.9349243854597549,0.0085,1.0,33.7
46,occlude_XMV_06,26,20,0.8669602274894714,0.9239708056478405,0.9590930167617366,0.00975,1.0,30.05
46,occlude_XMV_06,27,20,0.8669602274894714,0.8736838662790698,0.9217334835356429,0.01025,1.0,16.05
46,occlude_XMV_06,28,20,0.8669602274894714,0.5570376453488373,0.6608113945780344,0.0085,0.0,302.0
46,occlude_XMV_07,1,20,0.8494488000869751,0.9953094684385382,0.9976465346996141,0.00975,1.0,4.25
46,occlude_XMV_07,2,20,0.8494488000869751,0.990344684385382,0.9950610427059987,0.00975,1.0,10.4
46,occlude_XMV_07,3,20,0.8494488000869751,0.5451458887043189,0.6347152907148846,0.00975,0.0,302.0
46,occlude_XMV_07,4,20,0.8494488000869751,0.9761572259136213,0.9833055628486096,0.0105,1.0,2.0
46,occlude_XMV_07,5,20,0.8494488000869751,0.5013618355481727,0.60683135957157,0.01,0.0,302.0
46,occlude_XMV_07,6,20,0.8494488000869751,0.9979807724252492,0.9990554313365232,0.00875,1.0,1.0
46,occlude_XMV_07,7,20,0.8494488000869751,0.996721096345515,0.9984057070934594,0.011,1.0,2.0
46,occlude_XMV_07,8,20,0.8494488000869751,0.9696203488372093,0.9850700242579988,0.00975,1.0,23.15
46,occlude_XMV_07,9,20,0.8494488000869751,0.54351771179402,0.6376786147631969,0.013,0.0,302.0
46,occlude_XMV_07,10,20,0.8494488000869751,0.9232210340531561,0.9596179738710919,0.0115,1.0,41.75
46,occlude_XMV_07,11,20,0.8494488000869751,0.9826360880398671,0.9909514760032277,0.00875,1.0,8.55
46,occlude_XMV_07,12,20,0.8494488000869751,0.8044736918604651,0.8810987155417319,0.00925,1.0,24.75
46,occlude_XMV_07,13,20,0.8494488000869751,0.947685568936877,0.974605897777869,0.01075,1.0,33.7
46,occlude_XMV_07,14,20,0.8494488000869751,0.9956664867109635,0.9978521190728307,0.009,1.0,3.85
46,occlude_XMV_07,15,20,0.8494488000869751,0.5123640780730897,0.6164404551555336,0.01125,0.0,302.0
46,occlude_XMV_07,16,20,0.8494488000869751,0.5132069559800665,0.6131609844742906,0.01,0.0,302.0
46,occlude_XMV_07,17,20,0.8494488000869751,0.9530645348837209,0.9773684632927645,0.00825,1.0,30.8
46,occlude_XMV_07,18,20,0.8494488000869751,0.8857431063122924,0.9378993200101976,0.01,1.0,62.05
46,occlude_XMV_07,19,20,0.8494488000869751,0.8918926910299003,0.9388245925935478,0.00975,1.0,38.7
46,occlude_XMV_07,20,20,0.8494488000869751,0.9391530107973421,0.9700675505736908,0.00825,1.0,40.7
46,occlude_XMV_07,21,20,0.8494488000869751,0.49894613787375414,0.5982236111908467,0.0105,0.0,302.0
46,occlude_XMV_07,22,20,0.8494488000869751,0.5672035091362126,0.6547768059852049,0.01075,0.0,302.0
46,occlude_XMV_07,23,20,0.8494488000869751,0.5354687707641196,0.6276465605073409,0.00975,0.0,302.0
46,occlude_XMV_07,24,20,0.8494488000869751,0.9712271594684385,0.9850983939431316,0.01,1.0,14.9
46,occlude_XMV_07,25,20,0.8494488000869751,0.8906330980066445,0.9357318209232226,0.00825,1.0,31.25
46,occlude_XMV_07,26,20,0.8494488000869751,0.9234742524916943,0.9588964375236905,0.0105,1.0,29.75
46,occlude_XMV_07,27,20,0.8494488000869751,0.8755199335548173,0.9232038008951943,0.01075,1.0,16.15
46,occlude_XMV_07,28,20,0.8494488000869751,0.5572458471760797,0.6619061132519343,0.00825,0.0,302.0
46,occlude_XMV_08,1,20,0.8468925356864929,0.9953204734219269,0.9976493575761257,0.01025,1.0,4.2
46,occlude_XMV_08,2,20,0.8468925356864929,0.9904522425249169,0.9951073934743456,0.0095,1.0,10.4
46,occlude_XMV_08,3,20,0.8468925356864929,0.5457309177740863,0.6354701209988997,0.00975,0.0,302.0
46,occlude_XMV_08,4,20,0.8468925356864929,0.9766215531561462,0.9836271576533061,0.01075,1.0,2.0
46,occlude_XMV_08,5,20,0.8468925356864929,0.5008404069767441,0.6063199272646699,0.0105,0.0,302.0
46,occlude_XMV_08,6,20,0.8468925356864929,0.9979999584717608,0.9990606543847462,0.00875,1.0,1.0
46,occlude_XMV_08,7,20,0.8468925356864929,0.996692815614618,0.9983911165282854,0.012,1.0,2.0
46,occlude_XMV_08,8,20,0.8468925356864929,0.9695703073089701,0.9850695129323551,0.00925,1.0,23.2
46,occlude_XMV_08,9,20,0.8468925356864929,0.5434238164451827,0.6378506178762516,0.01275,0.0,302.0
46,occlude_XMV_08,10,20,0.8468925356864929,0.9229403862126245,0.9594251599719147,0.012,1.0,41.75
46,occlude_XMV_08,11,20,0.8468925356864929,0.9824453488372094,0.9908817533802688,0.00825,1.0,8.35
46,occlude_XMV_08,12,20,0.8468925356864929,0.8032613372093024,0.880312813685523,0.01025,1.0,26.1
46,occlude_XMV_08,13,20,0.8468925356864929,0.9477349875415282,0.9746117877100946,0.0105,1.0,33.6
46,occlude_XMV_08,14,20,0.8468925356864929,0.9956512873754153,0.9978439424469214,0.009,1.0,3.75
46,occlude_XMV_08,15,20,0.8468925356864929,0.5120431893687708,0.6161095287267141,0.0115,0.0,302.0
46,occlude_XMV_08,16,20,0.8468925356864929,0.5142035299003322,0.6135634175191883,0.0095,0.0,302.0
46,occlude_XMV_08,17,20,0.8468925356864929,0.9527639950166112,0.9772406433194718,0.00825,1.0,30.8
46,occlude_XMV_08,18,20,0.8468925356864929,0.8857312292358804,0.9379695703230873,0.0095,1.0,62.25
46,occlude_XMV_08,19,20,0.8468925356864929,0.8741414659468438,0.9274083038199087,0.0105,1.0,35.0
46,occlude_XMV_08,20,20,0.8468925356864929,0.9394108388704319,0.970253060479483,0.0095,1.0,40.7
46,occlude_XMV_08,21,20,0.8468925356864929,0.49841827242524916,0.5977250148020833,0.01125,0.0,302.0
46,occlude_XMV_08,22,20,0.8468925356864929,0.5669828280730898,0.6548447430271795,0.0105,0.0,302.0
46,occlude_XMV_08,23,20,0.8468925356864929,0.5356177948504983,0.6275131475907633,0.00975,0.0,302.0
46,occlude_XMV_08,24,20,0.8468925356864929,0.9716489617940199,0.9853809448684404,0.0105,1.0,14.9
46,occlude_XMV_08,25,20,0.8468925356864929,0.8926277823920266,0.9372068444712736,0.00775,1.0,31.35
46,occlude_XMV_08,26,20,0.8468925356864929,0.9240952242524917,0.9592347630836523,0.0105,1.0,29.75
46,occlude_XMV_08,27,20,0.8468925356864929,0.8743732142857142,0.9223709507197132,0.0095,1.0,16.05
46,occlude_XMV_08,28,20,0.8468925356864929,0.5571461171096346,0.6609959484002264,0.009,0.0,302.0
46,occlude_XMV_09,1,20,0.8465240597724915,0.9952463870431894,0.9976134653165623,0.00975,1.0,4.05
46,occlude_XMV_09,2,20,0.8465240597724915,0.9905171511627907,0.9951476925018229,0.0095,1.0,10.2
46,occlude_XMV_09,3,20,0.8465240597724915,0.5452817898671096,0.6354919040269659,0.00975,0.0,302.0
46,occlude_XMV_09,4,20,0.8465240597724915,0.9766724252491694,0.9837427305784875,0.0105,1.0,2.0
46,occlude_XMV_09,5,20,0.8465240597724915,0.5011724044850498,0.6062131167695718,0.01,0.0,302.0
46,occlude_XMV_09,6,20,0.8465240597724915,0.997984634551495,0.9990578482963844,0.00925,1.0,1.0
46,occlude_XMV_09,7,20,0.8465240597724915,0.996690365448505,0.9983899315191876,0.01175,1.0,2.0
46,occlude_XMV_09,8,20,0.8465240597724915,0.9695984634551496,0.9850933078899735,0.0095,1.0,22.85
46,occlude_XMV_09,9,20,0.8465240597724915,0.5435752491694352,0.6383396334346886,0.01275,0.0,302.0
46,occlude_XMV_09,10,20,0.8465240597724915,0.923210568936877,0.9596207570658851,0.01125,1.0,41.65
46,occlude_XMV_09,11,20,0.8465240597724915,0.9824344061461794,0.9908795838918287,0.00825,1.0,8.35
46,occlude_XMV_09,12,20,0.8465240597724915,0.8029352159468438,0.8800314933533525,0.01125,1.0,25.2
46,occlude_XMV_09,13,20,0.8465240597724915,0.9477892857142857,0.9746389297372915,0.01125,1.0,33.7
46,occlude_XMV_09,14,20,0.8465240597724915,0.9956656976744186,0.997849755012782,0.0095,1.0,3.75
46,occlude_XMV_09,15,20,0.8465240597724915,0.5122161337209302,0.6159625027773169,0.01175,0.0,302.0
46,occlude_XMV_09,16,20,0.8465240597724915,0.5141187084717608,0.6140962232550335,0.00975,0.0,302.0
46,occlude_XMV_09,17,20,0.8465240597724915,0.9526912375415283,0.9772149537686164,0.008,1.0,30.75
46,occlude_XMV_09,18,20,0.8465240597724915,0.8856800041528239,0.9379143755589737,0.01075,1.0,62.25
46,occlude_XMV_09,19,20,0.8465240597724915,0.9542154900332226,0.9755953682323235,0.00975,1.0,27.7
46,occlude_XMV_09,20,20,0.8465240597724915,0.9394400332225914,0.9702826747183746,0.009,1.0,40.7
46,occlude_XMV_09,21,20,0.8465240597724915,0.4984669850498339,0.5975427313288815,0.01025,0.0,302.0
46,occlude_XMV_09,22,20,0.8465240597724915,0.5675300664451828,0.656049473409075,0.01075,0.0,302.0
46,occlude_XMV_09,23,20,0.8465240597724915,0.5355757059800664,0.6278469803772752,0.0095,0.0,302.0
46,occlude_XMV_09,24,20,0.8465240597724915,0.9718053571428571,0.9854357087539475,0.011,1.0,14.95
46,occlude_XMV_09,25,20,0.8465240597724915,0.8932264742524917,0.9375149328330558,0.00775,1.0,31.2
46,occlude_XMV_09,26,20,0.8465240597724915,0.9239101951827242,0.959121884148731,0.01025,1.0,29.75
46,occlude_XMV_09,27,20,0.8465240597724915,0.8750355689368771,0.9227458907556545,0.01,1.0,16.1
46,occlude_XMV_09,28,20,0.8465240597724915,0.5562675249169435,0.6607830869573832,0.009,0.0,302.0
46,occlude_XMV_10,1,20,0.8473127484321594,0.9952775747508306,0.9976251331378807,0.00925,1.0,4.05
46,occlude_XMV_10,2,20,0.8473127484321594,0.9904700166112956,0.9951234563884994,0.00925,1.0,10.3
46,occlude_XMV_10,3,20,0.8473127484321594,0.544550311461794,0.6340818494153779,0.01,0.0,302.0
46,occlude_XMV_10,4,20,0.8473127484321594,0.5176243355481728,0.6279061812790604,0.0115,1.0,2.0
46,occlude_XMV_10,5,20,0.8473127484321594,0.5014746054817276,0.6067464633054809,0.01025,0.0,302.0
46,occlude_XMV_10,6,20,0.8473127484321594,0.9980324750830565,0.999077320233115,0.009,1.0,1.0
46,occlude_XMV_10,7,20,0.8473127484321594,0.9966767857142858,0.9983865639740093,0.01075,1.0,2.0
46,occlude_XMV_10,8,20,0.8473127484321594,0.9696681478405316,0.9851117185335835,0.01,1.0,23.05
46,occlude_XMV_10,9,20,0.8473127484321594,0.542890573089701,0.6364283460001124,0.0135,0.0,302.0
46,occlude_XMV_10,10,20,0.8473127484321594,0.9230889119601329,0.9595400001447442,0.01175,1.0,41.85
46,occlude_XMV_10,11,20,0.8473127484321594,0.9588281146179402,0.9776420966450138,0.008,1.0,8.7
46,occlude_XMV_10,12,20,0.8473127484321594,0.8023773878737541,0.8795184513990633,0.011,1.0,26.4
46,occlude_XMV_10,13,20,0.8473127484321594,0.9476355897009967,0.9745608407370572,0.0115,1.0,33.6
46,occlude_XMV_10,14,20,0.8473127484321594,0.9954897840531561,0.9977583891629602,0.009,1.0,4.05
46,occlude_XMV_10,15,20,0.8473127484321594,0.5125109842192691,0.6160419522082377,0.012,0.0,302.0
46,occlude_XMV_10,16,20,0.8473127484321594,0.5138615033222591,0.6138594995827672,0.01,0.0,302.0
46,occlude_XMV_10,17,20,0.8473127484321594,0.9527072466777409,0.9772218144556456,0.00875,1.0,30.75
46,occlude_XMV_10,18,20,0.8473127484321594,0.8866078073089702,0.9384939178007154,0.011,1.0,62.25
46,occlude_XMV_10,19,20,0.8473127484321594,0.9544932931893688,0.9757231667575167,0.00975,1.0,27.55
46,occlude_XMV_10,20,20,0.8473127484321594,0.9395370639534883,0.970327987458471,0.00975,1.0,40.8
46,occlude_XMV_10,21,20,0.8473127484321594,0.49816380813953487,0.5976545345837828,0.0095,0.0,302.0
46,occlude_XMV_10,22,20,0.8473127484321594,0.5661762873754153,0.6549531904470021,0.01025,0.0,302.0
46,occlude_XMV_10,23,20,0.8473127484321594,0.5358543397009967,0.6291371697930228,0.00875,0.0,302.0
46,occlude_XMV_10,24,20,0.8473127484321594,0.9716044019933555,0.9853180769219284,0.00975,1.0,14.8
46,occlude_XMV_10,25,20,0.8473127484321594,0.8928014742524917,0.9372731010353774,0.00725,1.0,31.25
46,occlude_XMV_10,26,20,0.8473127484321594,0.9236403239202657,0.9590446241197974,0.0105,1.0,29.7
46,occlude_XMV_10,27,20,0.8473127484321594,0.8127115448504983,0.8825714397571435,0.00975,1.0,22.75
46,occlude_XMV_10,28,20,0.8473127484321594,0.5567458056478405,0.6607421477621714,0.0075,0.0,302.0
46,occlude_XMV_11,1,20,0.8471360802650452,0.9953122093023256,0.9976464567556377,0.01025,1.0,4.05
46,occlude_XMV_11,2,20,0.8471360802650452,0.9905741694352159,0.995169301444574,0.009,1.0,10.2
46,occlude_XMV_11,3,20,0.8471360802650452,0.5457263289036545,0.6352806873471785,0.009,0.0,302.0
46,occlude_XMV_11,4,20,0.8471360802650452,0.9767625207641196,0.9837360239521277,0.0105,1.0,2.0
46,occlude_XMV_11,5,20,0.8471360802650452,0.5000568106312292,0.6060919523531263,0.01025,0.0,302.0
46,occlude_XMV_11,6,20,0.8471360802650452,0.9979846760797342,0.9990579162396853,0.0085,1.0,1.0
46,occlude_XMV_11,7,20,0.8471360802650452,0.9966820182724252,0.9983889006092632,0.01175,1.0,2.0
46,occlude_XMV_11,8,20,0.8471360802650452,0.9696572259136212,0.9851047750243372,0.01,1.0,23.15
46,occlude_XMV_11,9,20,0.8471360802650452,0.5436267026578073,0.6388205261247715,0.01275,0.0,302.0
46,occlude_XMV_11,10,20,0.8471360802650452,0.9228515988372094,0.9593865198986792,0.0115,1.0,41.35
46,occlude_XMV_11,11,20,0.8471360802650452,0.9824379983388705,0.9908810999038697,0.00825,1.0,8.35
46,occlude_XMV_11,12,20,0.8471360802650452,0.8025856312292359,0.8797875195731018,0.01025,1.0,25.2
46,occlude_XMV_11,13,20,0.8471360802650452,0.9476980481727575,0.9745977178052357,0.0115,1.0,33.6
46,occlude_XMV_11,14,20,0.8471360802650452,0.9956349252491694,0.9978393978459015,0.01025,1.0,3.75
46,occlude_XMV_11,15,20,0.8471360802650452,0.5128160091362126,0.6164089435901553,0.01225,0.0,302.0
46,occlude_XMV_11,16,20,0.8471360802650452,0.5139771594684386,0.6137270167565232,0.0095,0.0,302.0
46,occlude_XMV_11,17,20,0.8471360802650452,0.9528663205980067,0.977273872082405,0.00825,1.0,30.75
46,occlude_XMV_11,18,20,0.8471360802650452,0.8857083471760797,0.9378864964959895,0.00875,1.0,62.45
46,occlude_XMV_11,19,20,0.8471360802650452,0.9542842815614618,0.9756026646221486,0.00925,1.0,27.6
46,occlude_XMV_11,20,20,0.8471360802650452,0.939509011627907,0.970298291752578,0.00775,1.0,40.8
46,occlude_XMV_11,21,20,0.8471360802650452,0.49814727990033225,0.5971564089141308,0.01025,0.0,302.0
46,occlude_XMV_11,22,20,0.8471360802650452,0.5670275747508305,0.6549861612169605,0.01225,0.0,302.0
46,occlude_XMV_11,23,20,0.8471360802650452,0.5358810215946844,0.6279643829146049,0.01,0.0,302.0
46,occlude_XMV_11,24,20,0.8471360802650452,0.9718052948504984,0.9854406338540388,0.01,1.0,14.9
46,occlude_XMV_11,25,20,0.8471360802650452,0.8924856104651163,0.9371145175532761,0.0075,1.0,29.85
46,occlude_XMV_11,26,20,0.8471360802650452,0.9236615033222592,0.9590477332733635,0.00975,1.0,29.75
46,occlude_XMV_11,27,20,0.8471360802650452,0.8742668604651163,0.922412766313058,0.01,1.0,16.1
46,occlude_XMV_11,28,20,0.8471360802650452,0.5560897009966778,0.6602290240697187,0.01,0.0,302.0
